Workbook
Name nondeleteRangeTubeID: #REF!
Name deleteRangeDeleteCode: #REF!
Name nondeleteRange: #REF!

Sheet Stats
A1: BEND_RFR_deID_PUB | B1: RFR File
A2: NONE | B2: RTR File
A3: NONE | B3: RSR File | N3: 1-14 0622
B4: Overall | C4: Details | D4: Comments | M4: =COUNTIF(M5:M1020, FALSE) -> 0 | N4: VALUES
A5: =IFERROR(__xludf.DUMMYFUNCTION("IMPORTRANGE($A$1,""Runs Compare!C1"") "),772.0) -> 772 | B5: Number of Tubes Tested (initial only - no re-runs) | C5: initial run tubes only so excludes re-runs | M5: =IF(NOT(ISBLANK(N5)),A5=N5,IFERROR(0/0,"")) -> TRUE | N5: 772 | Q5: 772 | R5: Number of Tubes Tested | S5: initial run tubes only so excludes reruns
A6: =A5+A17 -> 792 | B6: Number of Tube Tests Run (includes re-runs) | C6: includes re-runs | M6: =IF(NOT(ISBLANK(N6)),A6=N6,IFERROR(0/0,"")) -> TRUE | N6: 792 | Q6: 792 | R6: Number of Tube Tests Run | S6: includes re-runs
A7: =IFERROR(__xludf.DUMMYFUNCTION("IMPORTRANGE($A$1,""Runs Compare!B1"") "),44.0) -> 44 | B7: Number of Initial Runs | M7: =IF(NOT(ISBLANK(N7)),A7=N7,IFERROR(0/0,"")) -> TRUE | N7: 44
A8: =IFERROR(__xludf.DUMMYFUNCTION("IMPORTRANGE($A$1,""Run Reconcile!AE1"") "),11.0) -> 11 | B8: Number of APS Only Tubes run | M8: =IF(NOT(ISBLANK(N8)),A8=N8,IFERROR(0/0,"")) -> TRUE | N8: 11 | Q8: 11 | R8: Number of APS Only Tubes run
A9: =IFERROR(__xludf.DUMMYFUNCTION("SUM(IMPORTRANGE($A$1,""RFR Data - preExcl!AC2:AC""))+A8 +A8"),822.0) -> 822 | B9: Number of Test Reactions (RFR plus APS only tubes run) | C9: includes technical replicates (the same tube sample in multiple reactions in the same run) | M9: =IF(NOT(ISBLANK(N9)),A9=N9,IFERROR(0/0,"")) -> TRUE | N9: 822 | Q9: 811 | R9: Number of Test Reactions | S9: includes technical replicates (the same tube sample in multiple reactions in the same run)
M10: =IF(NOT(ISBLANK(N10)),A10=N10,IFERROR(0/0,""))
A11: =COUNTA(postDEL!A2:A1020) -> 767 | B11: Number of Participant Results | C11: counts individual samples in pools and excludes re-runs | M11: =IF(NOT(ISBLANK(N11)),A11=N11,IFERROR(0/0,"")) -> TRUE | N11: 767 | Q11: 767 | R11: Number of Participant Results | S11: counts individual samples in pools and excludes re-runs
A12: =IFERROR(__xludf.DUMMYFUNCTION("COUNTA(IMPORTRANGE($A$1,""ARF Tubes!M2:M""))"),5.0) -> 5 | B12: Number of ARF Tubes | C12: tubes run and present in RFR but not in Appivo - created tube IDs that start with ARF | M12: =IF(NOT(ISBLANK(N12)),A12=N12,IFERROR(0/0,"")) -> TRUE | N12: 5 | Q12: 5 | R12: Number of ARF Tubes | S12: tubes run and present in RFR but not in Appivo - created tube IDs that start with ARF
A13: =A12+A11 -> 772 | B13: Sum of Participant Results plus ARF Tubes | C13: Will be equal to the number of tubes tested if no pooling. | M13: =IF(NOT(ISBLANK(N13)),A13=N13,IFERROR(0/0,"")) -> TRUE | N13: 772 | Q13: 772 | R13: Sum of Participant Results plus ARF Tubes | S13: Will be equal to the number of tubes tested if no pooling
A14: 1 | B14: Average Pool Level (excludes ARF) | M14: =IF(NOT(ISBLANK(N14)),A14=N14,IFERROR(0/0,"")) -> TRUE | N14: 1 | Q14: 1 | R14: Avgerage Pool Level (excludes ARF)
M15: =IF(NOT(ISBLANK(N15)),A15=N15,IFERROR(0/0,""))
B16: Re-runs | C16: section | M16: =IF(NOT(ISBLANK(N16)),A16=N16,IFERROR(0/0,"")) | R16: Re-runs
A17: =IFERROR(__xludf.DUMMYFUNCTION("SUM(IMPORTRANGE($A$1,""Run Reconcile!AB2:AB"")) "),20.0) -> 20 | B17: Number of Run Tubes (re-runs only) | C17: from RFR Audit Num Run Tubes | M17: =IF(NOT(ISBLANK(N17)),A17=N17,IFERROR(0/0,"")) -> TRUE | N17: 20 | Q17: 20 | R17: Number of Run Tubes (Re-runs only) | S17: from RFR Audit Num Run Tubes
A18: =IFERROR(__xludf.DUMMYFUNCTION("SUM(IMPORTRANGE($A$1,""Run Reconcile!AA2:AA"")) "),27.0) -> 27 | B18: Number of Reactions (re-runs only) | C18: from RFR Audit Num rxns (excl ctrls) | M18: =IF(NOT(ISBLANK(N18)),A18=N18,IFERROR(0/0,"")) -> TRUE | N18: 27 | Q18: 27 | R18: Number of Reactions (Re-runs only) | S18: from RFR Audit Num rxns (excl ctrls)
A19: =A17/A5 -> 0.025906736 | B19: Re-run % of Tubes | C19: re-run / initial | M19: =IF(NOT(ISBLANK(N19)),A19=N19,IFERROR(0/0,"")) -> TRUE | N19: 0.025906736
A20: =IFERROR(__xludf.DUMMYFUNCTION("IMPORTRANGE($A$1,""Run Reconcile!Z1"")"),10.0) -> 10 | B20: Number of Initial Runs with Re-runs | M20: =IF(NOT(ISBLANK(N20)),A20=N20,IFERROR(0/0,"")) -> TRUE | N20: 10
A21: =A20/A7 -> 0.22727273 | B21: % Initial Runs with Re-runs | M21: =IF(NOT(ISBLANK(N21)),A21=N21,IFERROR(0/0,"")) -> TRUE | N21: 0.22727273
M22: =IF(NOT(ISBLANK(N22)),A22=N22,IFERROR(0/0,""))
B23: Positives | C23: section | F23: Number of Tubes with FL Result | G23: Number of Test Person Cases | H23: Number with Ref or Corresp | I23: Agree with Ref or Corresp | J23: % Agree | K23: Disagree with Ref or Corresp | L23: % Disagree | M23: =IF(NOT(ISBLANK(N23)),A23=N23,IFERROR(0/0,"")) | R23: Positives
A24: =COUNTIF('Pos and Incl'!H$2:H1020,"Positive") -> 71 | B24: Number of Tubes with Final Result Positive | E24: Positive | F24: =A24 -> 71 | G24: =A26 -> 51 | H24: =G24-'Pos and Incl'!Z32 -> 51 | I24: =A45 -> 51 | J24: =IF(H24<>0,I24/H24,IFERROR(0/0,"")) -> 1 | K24: =H24-I24 -> 0 | L24: =IF(H24<>0,K24/H24,IFERROR(0/0,"")) -> 0 | M24: =IF(NOT(ISBLANK(N24)),A24=N24,IFERROR(0/0,"")) -> TRUE | N24: 71 | Q24: 71 | R24: Number of Tubes with Final Result Positive
A25: =A24/A$5 -> 0.091968912 | B25: % of Tubes Positives (Final Result) | M25: =IF(NOT(ISBLANK(N25)),A25=N25,IFERROR(0/0,"")) -> TRUE | N25: 0.091968912 | Q25: 0.091968912 | R25: % of Tubes Positives
A26: ='Pos and Incl'!Z81+'Pos and Incl'!Z83+'Pos and Incl'!Z88 -> 51 | B26: Number of Cases with Final Result Positive (Indiv or Pool) | C26: Subtract off Re-tests | I26: Ref/Cor Pos | J26: % Incl > Pos | K26: Ref/Cor Neg | L26: % Incl > Neg | M26: =IF(NOT(ISBLANK(N26)),A26=N26,IFERROR(0/0,"")) -> TRUE | N26: 51
A27: =COUNTIF('Pos and Incl'!Y$2:Y$75,TRUE) -> 0 | B27: Known Positive Cases | C27: Previous tested (including by FloodLAMP test) or reported positive | E27: Inconclusive | F27: =A33 -> 5 | G27: =F27 -> 5 | H27: =G27-A37 -> 3 | I27: =A46 -> 1 | J27: =IF(H27<>0,I27/H27,IFERROR(0/0,"")) -> 0.33333333 | K27: =A48 -> 1 | L27: =IF(H27<>0,K27/H27,IFERROR(0/0,"")) -> 0.33333333 | M27: =IF(NOT(ISBLANK(N27)),A27=N27,IFERROR(0/0,"")) -> TRUE | N27: 0
A28: =A26-A27 -> 51 | B28: Unknown Positive Cases | M28: =IF(NOT(ISBLANK(N28)),A28=N28,IFERROR(0/0,"")) -> TRUE | N28: 51
M29: =IF(NOT(ISBLANK(N29)),A29=N29,IFERROR(0/0,""))
B30: Inconclusives | C30: section | M30: =IF(NOT(ISBLANK(N30)),A30=N30,IFERROR(0/0,"")) | R30: Inconclusives
A31: =COUNTIF('Pos and Incl'!H$2:H1020,"Inconclusive") -> 2 | B31: Number of Tubes with Final Result Inconclusive | M31: =IF(NOT(ISBLANK(N31)),A31=N31,IFERROR(0/0,"")) -> TRUE | N31: 2 | Q31: 2 | R31: Number of Tubes with Final Result Inconclusive
A32: 3 | B32: Number of Tubes in RFR Audit Inconclusive not in Appivo Final Results | M32: =IF(NOT(ISBLANK(N32)),A32=N32,IFERROR(0/0,"")) -> TRUE | N32: 3 | Q32: 0.0025906736 | R32: % of Tubes Inconclusive
A33: =A32+A31 -> 5 | B33: Total Number of Inconclusive Tubes | M33: =IF(NOT(ISBLANK(N33)),A33=N33,IFERROR(0/0,"")) -> TRUE | N33: 5
A34: =A33/A$5 -> 0.0064766839 | B34: % of Tubes Inconclusive | M34: =IF(NOT(ISBLANK(N34)),A34=N34,IFERROR(0/0,"")) -> TRUE | N34: 0.0064766839
A35: 1 | B35: Number of Inconclusive Tubes resolved Positive by Referral Test or Correspondence | M35: =IF(NOT(ISBLANK(N35)),A35=N35,IFERROR(0/0,"")) -> TRUE | N35: 1
A36: =IF(A33<>0,A35/A33,IFERROR(0/0,"")) -> 0.2 | B36: % Inconclusives resolved Positive by Referral Tests | M36: =IF(NOT(ISBLANK(N36)),A36=N36,IFERROR(0/0,"")) -> TRUE | N36: 0.2
A37: 2 | B37: Number of Inconclusive Tubes with Referral Test or Correspondence Negative | M37: =IF(NOT(ISBLANK(N37)),A37=N37,IFERROR(0/0,"")) -> TRUE | N37: 2
A38: =A33-A35-A37 -> 2 | B38: Number of Inconclusive Tubes with no Referral Test result or Correspondence | M38: =IF(NOT(ISBLANK(N38)),A38=N38,IFERROR(0/0,"")) -> TRUE | N38: 2
A39: 7 | B39: Number of Tubes with Initial Inconclusives and Re-run Negative | C39: Count Result Correction Code=2.5 in preDel col AJ, or from RFR preExcl if not resulted as Incl in App | D39: 1/26, 1/28, 2/15, 2/25, 3/5 2, 3/7 | M39: =IF(NOT(ISBLANK(N39)),A39=N39,IFERROR(0/0,"")) -> TRUE | N39: 7
A40: =IFERROR(__xludf.DUMMYFUNCTION("SUM(IMPORTRANGE($A1,""RFR Data - preExcl!AE2:AE""))"),12.0) -> 12 | B40: Number of Inconclusive Test Run Calls | C40: includes re-runs - from RFR Audit only and excludes any APS only resulted inconclusives | M40: =IF(NOT(ISBLANK(N40)),A40=N40,IFERROR(0/0,"")) -> TRUE | N40: 12
A41: =A40/A6 -> 0.015151515 | B41: % Tube Tests Run Called Inconclusive | C41: includes re-runs | M41: =IF(NOT(ISBLANK(N41)),A41=N41,IFERROR(0/0,"")) -> TRUE | N41: 0.015151515
M42: =IF(NOT(ISBLANK(N42)),A42=N42,IFERROR(0/0,""))
B43: Referrals and Correspondence | C43: section | M43: =IF(NOT(ISBLANK(N43)),A43=N43,IFERROR(0/0,""))
A44: ='Pos and Incl'!Z80 -> 53 | B44: Number of FloodLAMP Cases with Referral Tests or Correspondence | C44: Indiv or Pool, Cases used instead of Person to account for people being contracting COVID multiple times, and instead of Results to exclude re-tests | M44: =IF(NOT(ISBLANK(N44)),A44=N44,IFERROR(0/0,"")) -> TRUE | N44: 53
A45: ='Pos and Incl'!Z81 -> 51 | B45: Number of Referral Confirmed FloodLAMP Positives | C45: Sometimes also termed Agree Positives - Include initial Inconclusive with Referral or Correspondence Positive | M45: =IF(NOT(ISBLANK(N45)),A45=N45,IFERROR(0/0,"")) -> TRUE | N45: 51
A46: ='Pos and Incl'!Z82 -> 1 | B46: FL Inconclusives with Referral / Correspondence Positive | M46: =IF(NOT(ISBLANK(N46)),A46=N46,IFERROR(0/0,"")) -> TRUE | N46: 1
A47: =IF(A44<>0,(A45+A46)/A44,IFERROR(0/0,"")) -> 0.98113208 | B47: % FloodLAMP Positive or Inconclusive with Referral / Correspondence Positive | M47: =IF(NOT(ISBLANK(N47)),A47=N47,IFERROR(0/0,"")) -> TRUE | N47: 0.98113208
A48: ='Pos and Incl'!Z84 -> 1 | B48: FL Inconclusives but Referral / Correspondence Negative | M48: =IF(NOT(ISBLANK(N48)),A48=N48,IFERROR(0/0,"")) -> TRUE | N48: 1
A49: ='Pos and Incl'!Z89 -> 3 | B49: FL Inconclusives with No Referral Tests or Correspondence | M49: =IF(NOT(ISBLANK(N49)),A49=N49,IFERROR(0/0,"")) -> TRUE | N49: 3
M50: =IF(NOT(ISBLANK(N50)),A50=N50,IFERROR(0/0,""))
A51: Only PCR Referral Testing | B51: Comparison to Antigen | C51: section | M51: =IF(NOT(ISBLANK(N51)),A51=N51,IFERROR(0/0,"")) -> TRUE | N51: Only PCR Referral Testing
B52: Number of FloodLAMP Test Person Cases with Referral Antigen Tests (including non-Same Day) | D52: Not Available - Only PCR Referral Testing | M52: =IF(NOT(ISBLANK(N52)),A52=N52,IFERROR(0/0,""))
B53: Number of FloodLAMP Test Person Cases with Same Day Referral Antigen Tests | D53: Not Available - Only PCR Referral Testing | M53: =IF(NOT(ISBLANK(N53)),A53=N53,IFERROR(0/0,""))
B54: Number of FloodLAMP Positive Test Person Cases with Same Day Antigen Negative | C54: Agree with Referral Test Positive (usually PCR or later Antigen) but Initial Antigen Negative | D54: Not Available - Only PCR Referral Testing | M54: =IF(NOT(ISBLANK(N54)),A54=N54,IFERROR(0/0,""))
A55: =IF(A53<>0,A54/A53,IFERROR(0/0,"")) | B55: % Confirmed FloodLAMP Positives with Same Day Antigen Negative | D55: Not Available - Only PCR Referral Testing | M55: =IF(NOT(ISBLANK(N55)),A55=N55,IFERROR(0/0,""))
B56: Number of FloodLAMP Positive Test Person Cases confirmed with Referral Tests but Antigen and Other Non-Antigen Test Negative | D56: Not Available - Only PCR Referral Testing | M56: =IF(NOT(ISBLANK(N56)),A56=N56,IFERROR(0/0,""))
A57: =IF(A53<>0,A56/A53,IFERROR(0/0,"")) | B57: % Confirmed FloodLAMP Positives that were Antigen and Other Non-Antigen Test Negative | D57: Not Available - Only PCR Referral Testing | M57: =IF(NOT(ISBLANK(N57)),A57=N57,IFERROR(0/0,""))
M58: =IF(NOT(ISBLANK(N58)),A58=N58,IFERROR(0/0,""))
B59: False Calls | C59: section | M59: =IF(NOT(ISBLANK(N59)),A59=N59,IFERROR(0/0,""))
A60: 0 | B60: False Positives Final Results | C60: From reviewing APS/Pos and Incl tab Unconfirmed FL Positives | M60: =IF(NOT(ISBLANK(N60)),A60=N60,IFERROR(0/0,"")) -> TRUE | N60: 0
A61: 0 | B61: False Negative Final Results (Suspected) | C61: From reviewing Referral Tests by Person and correspondence with Program Admin | M61: =IF(NOT(ISBLANK(N61)),A61=N61,IFERROR(0/0,"")) -> TRUE | N61: 0
M62: =IF(NOT(ISBLANK(N62)),A62=N62,IFERROR(0/0,""))
B63: People | C63: section | M63: =IF(NOT(ISBLANK(N63)),A63=N63,IFERROR(0/0,""))
A64: =COUNTA(Person!$E$2:$E1020) -> 187 | B64: Number of Unique Individuals Tested | C64: Includes UnknownPerson additions but not ARF tubes | M64: =IF(NOT(ISBLANK(N64)),A64=N64,IFERROR(0/0,"")) -> TRUE | N64: 187
A65: =COUNTA(Person!$AQ$2:$AQ1020) -> 103 | B65: Number of Unique Sponsors | C65: People who collect using the app | M65: =IF(NOT(ISBLANK(N65)),A65=N65,IFERROR(0/0,"")) -> TRUE | N65: 103
M66: =IF(NOT(ISBLANK(N66)),A66=N66,IFERROR(0/0,""))
B67: Positivity | C67: section | M67: =IF(NOT(ISBLANK(N67)),A67=N67,IFERROR(0/0,""))
A68: ='Pos and Incl'!P81 -> 50 | B68: Number of Unique Individual Tested FloodLAMP Positive | C68: includes Inconclusive FloodLAMP result confirmed Positive by follow-up or Referral | M68: =IF(NOT(ISBLANK(N68)),A68=N68,IFERROR(0/0,"")) -> TRUE | N68: 50
A69: =A68/A$64 -> 0.26737968 | B69: % of Population FloodLAMP Positive (excluding pools not deconv) | M69: =IF(NOT(ISBLANK(N69)),A69=N69,IFERROR(0/0,"")) -> TRUE | N69: 0.26737968
A70: =A68 -> 50 | B70: Number of Unique Individual Tested FloodLAMP Positive (including if in a positive pool) | M70: =IF(NOT(ISBLANK(N70)),A70=N70,IFERROR(0/0,"")) -> TRUE | N70: 50
A71: =A70/A$64 -> 0.26737968 | B71: % of Population FloodLAMP Positive (including everyone in a positive pool) | M71: =IF(NOT(ISBLANK(N71)),A71=N71,IFERROR(0/0,"")) -> TRUE | N71: 0.26737968
M72: =IF(NOT(ISBLANK(N72)),A72=N72,IFERROR(0/0,""))
B73: Dates | C73: section | M73: =IF(NOT(ISBLANK(N73)),A73=N73,IFERROR(0/0,""))
A74: =IFERROR(__xludf.DUMMYFUNCTION("MIN(IMPORTRANGE($A$1,""ALL Tube Results!$C2:C"") )"),44540.0) -> 44540 | B74: Start Run Date | M74: =IF(NOT(ISBLANK(N74)),A74=N74,IFERROR(0/0,"")) -> TRUE | N74: 44540
A75: =IFERROR(__xludf.DUMMYFUNCTION("MAX(IMPORTRANGE($A$1,""ALL Tube Results!$C2:C""))"),44692.0) -> 44692 | B75: End Run Date | M75: =IF(NOT(ISBLANK(N75)),A75=N75,IFERROR(0/0,"")) -> TRUE | N75: 44692
M76: =IF(NOT(ISBLANK(N76)),A76=N76,IFERROR(0/0,""))
B77: Info | C77: section | M77: =IF(NOT(ISBLANK(N77)),A77=N77,IFERROR(0/0,""))
A78: Bend Fire and Rescue | B78: Test Operator | C78: Who ran the actual testing (running LAMP reactions) | M78: =IF(NOT(ISBLANK(N78)),#REF!=N78,IFERROR(0/0,"")) -> #REF! | N78: EMS
A79: Office Space | B79: Test Processing Site | C79: Where the test processing (running LAMP reactions) was done | M79: =IF(NOT(ISBLANK(N79)),A78=N79,IFERROR(0/0,"")) -> TRUE | N79: Bend Fire and Rescue
A80: First Responders, Staff | B80: Population Tested | C80: Description of the participants | M80: =IF(NOT(ISBLANK(N80)),A79=N80,IFERROR(0/0,"")) -> TRUE | N80: Office Space
A81: Double Mini | B81: Configuration | C81: Equipment set used for test processing (relates to throughput and type of test tube used) | M81: =IF(NOT(ISBLANK(N81)),A80=N81,IFERROR(0/0,"")) -> TRUE | N81: First Responders, Staff
A82: Individual | B82: Collection Type | C82: Pooled, Individual, or Both | M82: =IF(NOT(ISBLANK(N82)),A81=N82,IFERROR(0/0,"")) -> TRUE | N82: Double Mini
A83: HCW | B83: Self or HCW Collected | C83: HCW is Health Care Worker | M83: =IF(NOT(ISBLANK(N83)),A82=N83,IFERROR(0/0,"")) -> TRUE | N83: Individual
A84: Yes | B84: App Used? | C84: Was the FloodLAMP Mobile App and Admin Portal utilized in the program | M84: =IF(NOT(ISBLANK(N84)),A83=N84,IFERROR(0/0,"")) -> TRUE | N84: HCW
A85: Remote (NSVD Volunteer) | B85: Bring-up Type | C85: How the initial setup and validation of the testing site was done | M85: =IF(NOT(ISBLANK(N85)),A84=N85,IFERROR(0/0,"")) -> TRUE | N85: Yes
A86: Bend | B86: Program Name | C86: Shorthand name used internally at FloodLAMP and in other documents for this program | M86: =IF(NOT(ISBLANK(N86)),A85=N86,IFERROR(0/0,"")) -> TRUE | N86: Remote (NSVD Volunteer)
A87: Fire Station | B87: Site | C87: Broader physical space where the testing was done and/or where participants congregated | M87: =IF(NOT(ISBLANK(N87)),A87=N87,IFERROR(0/0,"")) -> TRUE | N87: Fire Station
A88: Fire Dept / EMS | B88: Site Type | C88: Type of entity or organization receiving the testing program | M88: =IF(NOT(ISBLANK(N88)),A89=N88,IFERROR(0/0,"")) -> TRUE | N88: Bend, OR
A89: Bend, OR | B89: Location | C89: Geographical location of where the FloodLAMP testing program occurred

Sheet REF Weekly
A1: =IFERROR(__xludf.DUMMYFUNCTION("IMPORTRANGE(Stats!$A$1,""Weekly!A1:G"")"),"Week Start Date") -> Week Start Date | B1: =IFERROR(__xludf.DUMMYFUNCTION("""COMPUTED_VALUE"""),"Week End Date") -> Week End Date | C1: =IFERROR(__xludf.DUMMYFUNCTION("""COMPUTED_VALUE"""),"Weekly Participants 767") -> Weekly Participants 767 | D1: =IFERROR(__xludf.DUMMYFUNCTION("""COMPUTED_VALUE"""),"Weekly Tubes Run 772") -> Weekly Tubes Run 772 | E1: =IFERROR(__xludf.DUMMYFUNCTION("""COMPUTED_VALUE"""),"Weekly Positive Tubes 71") -> Weekly Positive Tubes 71 | F1: =IFERROR(__xludf.DUMMYFUNCTION("""COMPUTED_VALUE"""),"Weekly Inconclusive Tubes 2") -> Weekly Inconclusive Tubes 2 | G1: =IFERROR(__xludf.DUMMYFUNCTION("""COMPUTED_VALUE"""),"% Positive") -> % Positive
A2: =IFERROR(__xludf.DUMMYFUNCTION("""COMPUTED_VALUE"""),44536.0) -> 44536 | B2: =IFERROR(__xludf.DUMMYFUNCTION("""COMPUTED_VALUE"""),44542.0) -> 44542 | C2: =IFERROR(__xludf.DUMMYFUNCTION("""COMPUTED_VALUE"""),5.0) -> 5 | D2: =IFERROR(__xludf.DUMMYFUNCTION("""COMPUTED_VALUE"""),5.0) -> 5 | E2: =IFERROR(__xludf.DUMMYFUNCTION("""COMPUTED_VALUE"""),0.0) -> 0 | F2: =IFERROR(__xludf.DUMMYFUNCTION("""COMPUTED_VALUE"""),0.0) -> 0 | G2: =IFERROR(__xludf.DUMMYFUNCTION("""COMPUTED_VALUE"""),0.0) -> 0
A3: =IFERROR(__xludf.DUMMYFUNCTION("""COMPUTED_VALUE"""),44543.0) -> 44543 | B3: =IFERROR(__xludf.DUMMYFUNCTION("""COMPUTED_VALUE"""),44549.0) -> 44549 | C3: =IFERROR(__xludf.DUMMYFUNCTION("""COMPUTED_VALUE"""),13.0) -> 13 | D3: =IFERROR(__xludf.DUMMYFUNCTION("""COMPUTED_VALUE"""),13.0) -> 13 | E3: =IFERROR(__xludf.DUMMYFUNCTION("""COMPUTED_VALUE"""),1.0) -> 1 | F3: =IFERROR(__xludf.DUMMYFUNCTION("""COMPUTED_VALUE"""),0.0) -> 0 | G3: =IFERROR(__xludf.DUMMYFUNCTION("""COMPUTED_VALUE"""),0.07692307692307693) -> 0.076923077
A4: =IFERROR(__xludf.DUMMYFUNCTION("""COMPUTED_VALUE"""),44550.0) -> 44550 | B4: =IFERROR(__xludf.DUMMYFUNCTION("""COMPUTED_VALUE"""),44556.0) -> 44556 | C4: =IFERROR(__xludf.DUMMYFUNCTION("""COMPUTED_VALUE"""),12.0) -> 12 | D4: =IFERROR(__xludf.DUMMYFUNCTION("""COMPUTED_VALUE"""),12.0) -> 12 | E4: =IFERROR(__xludf.DUMMYFUNCTION("""COMPUTED_VALUE"""),0.0) -> 0 | F4: =IFERROR(__xludf.DUMMYFUNCTION("""COMPUTED_VALUE"""),0.0) -> 0 | G4: =IFERROR(__xludf.DUMMYFUNCTION("""COMPUTED_VALUE"""),0.0) -> 0
A5: =IFERROR(__xludf.DUMMYFUNCTION("""COMPUTED_VALUE"""),44557.0) -> 44557 | B5: =IFERROR(__xludf.DUMMYFUNCTION("""COMPUTED_VALUE"""),44563.0) -> 44563 | C5: =IFERROR(__xludf.DUMMYFUNCTION("""COMPUTED_VALUE"""),27.0) -> 27 | D5: =IFERROR(__xludf.DUMMYFUNCTION("""COMPUTED_VALUE"""),27.0) -> 27 | E5: =IFERROR(__xludf.DUMMYFUNCTION("""COMPUTED_VALUE"""),2.0) -> 2 | F5: =IFERROR(__xludf.DUMMYFUNCTION("""COMPUTED_VALUE"""),0.0) -> 0 | G5: =IFERROR(__xludf.DUMMYFUNCTION("""COMPUTED_VALUE"""),0.07407407407407407) -> 0.074074074
A6: =IFERROR(__xludf.DUMMYFUNCTION("""COMPUTED_VALUE"""),44564.0) -> 44564 | B6: =IFERROR(__xludf.DUMMYFUNCTION("""COMPUTED_VALUE"""),44570.0) -> 44570 | C6: =IFERROR(__xludf.DUMMYFUNCTION("""COMPUTED_VALUE"""),54.0) -> 54 | D6: =IFERROR(__xludf.DUMMYFUNCTION("""COMPUTED_VALUE"""),56.0) -> 56 | E6: =IFERROR(__xludf.DUMMYFUNCTION("""COMPUTED_VALUE"""),10.0) -> 10 | F6: =IFERROR(__xludf.DUMMYFUNCTION("""COMPUTED_VALUE"""),1.0) -> 1 | G6: =IFERROR(__xludf.DUMMYFUNCTION("""COMPUTED_VALUE"""),0.17857142857142858) -> 0.17857143
A7: =IFERROR(__xludf.DUMMYFUNCTION("""COMPUTED_VALUE"""),44571.0) -> 44571 | B7: =IFERROR(__xludf.DUMMYFUNCTION("""COMPUTED_VALUE"""),44577.0) -> 44577 | C7: =IFERROR(__xludf.DUMMYFUNCTION("""COMPUTED_VALUE"""),75.0) -> 75 | D7: =IFERROR(__xludf.DUMMYFUNCTION("""COMPUTED_VALUE"""),75.0) -> 75 | E7: =IFERROR(__xludf.DUMMYFUNCTION("""COMPUTED_VALUE"""),18.0) -> 18 | F7: =IFERROR(__xludf.DUMMYFUNCTION("""COMPUTED_VALUE"""),0.0) -> 0 | G7: =IFERROR(__xludf.DUMMYFUNCTION("""COMPUTED_VALUE"""),0.24) -> 0.24
A8: =IFERROR(__xludf.DUMMYFUNCTION("""COMPUTED_VALUE"""),44578.0) -> 44578 | B8: =IFERROR(__xludf.DUMMYFUNCTION("""COMPUTED_VALUE"""),44584.0) -> 44584 | C8: =IFERROR(__xludf.DUMMYFUNCTION("""COMPUTED_VALUE"""),63.0) -> 63 | D8: =IFERROR(__xludf.DUMMYFUNCTION("""COMPUTED_VALUE"""),63.0) -> 63 | E8: =IFERROR(__xludf.DUMMYFUNCTION("""COMPUTED_VALUE"""),23.0) -> 23 | F8: =IFERROR(__xludf.DUMMYFUNCTION("""COMPUTED_VALUE"""),0.0) -> 0 | G8: =IFERROR(__xludf.DUMMYFUNCTION("""COMPUTED_VALUE"""),0.36507936507936506) -> 0.36507937
A9: =IFERROR(__xludf.DUMMYFUNCTION("""COMPUTED_VALUE"""),44585.0) -> 44585 | B9: =IFERROR(__xludf.DUMMYFUNCTION("""COMPUTED_VALUE"""),44591.0) -> 44591 | C9: =IFERROR(__xludf.DUMMYFUNCTION("""COMPUTED_VALUE"""),36.0) -> 36 | D9: =IFERROR(__xludf.DUMMYFUNCTION("""COMPUTED_VALUE"""),36.0) -> 36 | E9: =IFERROR(__xludf.DUMMYFUNCTION("""COMPUTED_VALUE"""),4.0) -> 4 | F9: =IFERROR(__xludf.DUMMYFUNCTION("""COMPUTED_VALUE"""),0.0) -> 0 | G9: =IFERROR(__xludf.DUMMYFUNCTION("""COMPUTED_VALUE"""),0.1111111111111111) -> 0.11111111
A10: =IFERROR(__xludf.DUMMYFUNCTION("""COMPUTED_VALUE"""),44592.0) -> 44592 | B10: =IFERROR(__xludf.DUMMYFUNCTION("""COMPUTED_VALUE"""),44598.0) -> 44598 | C10: =IFERROR(__xludf.DUMMYFUNCTION("""COMPUTED_VALUE"""),24.0) -> 24 | D10: =IFERROR(__xludf.DUMMYFUNCTION("""COMPUTED_VALUE"""),24.0) -> 24 | E10: =IFERROR(__xludf.DUMMYFUNCTION("""COMPUTED_VALUE"""),1.0) -> 1 | F10: =IFERROR(__xludf.DUMMYFUNCTION("""COMPUTED_VALUE"""),0.0) -> 0 | G10: =IFERROR(__xludf.DUMMYFUNCTION("""COMPUTED_VALUE"""),0.041666666666666664) -> 0.041666667
A11: =IFERROR(__xludf.DUMMYFUNCTION("""COMPUTED_VALUE"""),44599.0) -> 44599 | B11: =IFERROR(__xludf.DUMMYFUNCTION("""COMPUTED_VALUE"""),44605.0) -> 44605 | C11: =IFERROR(__xludf.DUMMYFUNCTION("""COMPUTED_VALUE"""),38.0) -> 38 | D11: =IFERROR(__xludf.DUMMYFUNCTION("""COMPUTED_VALUE"""),38.0) -> 38 | E11: =IFERROR(__xludf.DUMMYFUNCTION("""COMPUTED_VALUE"""),6.0) -> 6 | F11: =IFERROR(__xludf.DUMMYFUNCTION("""COMPUTED_VALUE"""),0.0) -> 0 | G11: =IFERROR(__xludf.DUMMYFUNCTION("""COMPUTED_VALUE"""),0.15789473684210525) -> 0.15789474
A12: =IFERROR(__xludf.DUMMYFUNCTION("""COMPUTED_VALUE"""),44606.0) -> 44606 | B12: =IFERROR(__xludf.DUMMYFUNCTION("""COMPUTED_VALUE"""),44612.0) -> 44612 | C12: =IFERROR(__xludf.DUMMYFUNCTION("""COMPUTED_VALUE"""),97.0) -> 97 | D12: =IFERROR(__xludf.DUMMYFUNCTION("""COMPUTED_VALUE"""),97.0) -> 97 | E12: =IFERROR(__xludf.DUMMYFUNCTION("""COMPUTED_VALUE"""),0.0) -> 0 | F12: =IFERROR(__xludf.DUMMYFUNCTION("""COMPUTED_VALUE"""),1.0) -> 1 | G12: =IFERROR(__xludf.DUMMYFUNCTION("""COMPUTED_VALUE"""),0.0) -> 0
A13: =IFERROR(__xludf.DUMMYFUNCTION("""COMPUTED_VALUE"""),44613.0) -> 44613 | B13: =IFERROR(__xludf.DUMMYFUNCTION("""COMPUTED_VALUE"""),44619.0) -> 44619 | C13: =IFERROR(__xludf.DUMMYFUNCTION("""COMPUTED_VALUE"""),128.0) -> 128 | D13: =IFERROR(__xludf.DUMMYFUNCTION("""COMPUTED_VALUE"""),129.0) -> 129 | E13: =IFERROR(__xludf.DUMMYFUNCTION("""COMPUTED_VALUE"""),3.0) -> 3 | F13: =IFERROR(__xludf.DUMMYFUNCTION("""COMPUTED_VALUE"""),0.0) -> 0 | G13: =IFERROR(__xludf.DUMMYFUNCTION("""COMPUTED_VALUE"""),0.023255813953488372) -> 0.023255814
A14: =IFERROR(__xludf.DUMMYFUNCTION("""COMPUTED_VALUE"""),44620.0) -> 44620 | B14: =IFERROR(__xludf.DUMMYFUNCTION("""COMPUTED_VALUE"""),44626.0) -> 44626 | C14: =IFERROR(__xludf.DUMMYFUNCTION("""COMPUTED_VALUE"""),99.0) -> 99 | D14: =IFERROR(__xludf.DUMMYFUNCTION("""COMPUTED_VALUE"""),101.0) -> 101 | E14: =IFERROR(__xludf.DUMMYFUNCTION("""COMPUTED_VALUE"""),3.0) -> 3 | F14: =IFERROR(__xludf.DUMMYFUNCTION("""COMPUTED_VALUE"""),0.0) -> 0 | G14: =IFERROR(__xludf.DUMMYFUNCTION("""COMPUTED_VALUE"""),0.0297029702970297) -> 0.02970297
A15: =IFERROR(__xludf.DUMMYFUNCTION("""COMPUTED_VALUE"""),44627.0) -> 44627 | B15: =IFERROR(__xludf.DUMMYFUNCTION("""COMPUTED_VALUE"""),44633.0) -> 44633 | C15: =IFERROR(__xludf.DUMMYFUNCTION("""COMPUTED_VALUE"""),86.0) -> 86 | D15: =IFERROR(__xludf.DUMMYFUNCTION("""COMPUTED_VALUE"""),86.0) -> 86 | E15: =IFERROR(__xludf.DUMMYFUNCTION("""COMPUTED_VALUE"""),0.0) -> 0 | F15: =IFERROR(__xludf.DUMMYFUNCTION("""COMPUTED_VALUE"""),0.0) -> 0 | G15: =IFERROR(__xludf.DUMMYFUNCTION("""COMPUTED_VALUE"""),0.0) -> 0
A16: =IFERROR(__xludf.DUMMYFUNCTION("""COMPUTED_VALUE"""),44634.0) -> 44634 | B16: =IFERROR(__xludf.DUMMYFUNCTION("""COMPUTED_VALUE"""),44640.0) -> 44640 | C16: =IFERROR(__xludf.DUMMYFUNCTION("""COMPUTED_VALUE"""),0.0) -> 0 | D16: =IFERROR(__xludf.DUMMYFUNCTION("""COMPUTED_VALUE"""),0.0) -> 0 | E16: =IFERROR(__xludf.DUMMYFUNCTION("""COMPUTED_VALUE"""),0.0) -> 0 | F16: =IFERROR(__xludf.DUMMYFUNCTION("""COMPUTED_VALUE"""),0.0) -> 0
A17: =IFERROR(__xludf.DUMMYFUNCTION("""COMPUTED_VALUE"""),44641.0) -> 44641 | B17: =IFERROR(__xludf.DUMMYFUNCTION("""COMPUTED_VALUE"""),44647.0) -> 44647 | C17: =IFERROR(__xludf.DUMMYFUNCTION("""COMPUTED_VALUE"""),0.0) -> 0 | D17: =IFERROR(__xludf.DUMMYFUNCTION("""COMPUTED_VALUE"""),0.0) -> 0 | E17: =IFERROR(__xludf.DUMMYFUNCTION("""COMPUTED_VALUE"""),0.0) -> 0 | F17: =IFERROR(__xludf.DUMMYFUNCTION("""COMPUTED_VALUE"""),0.0) -> 0
A18: =IFERROR(__xludf.DUMMYFUNCTION("""COMPUTED_VALUE"""),44648.0) -> 44648 | B18: =IFERROR(__xludf.DUMMYFUNCTION("""COMPUTED_VALUE"""),44654.0) -> 44654 | C18: =IFERROR(__xludf.DUMMYFUNCTION("""COMPUTED_VALUE"""),0.0) -> 0 | D18: =IFERROR(__xludf.DUMMYFUNCTION("""COMPUTED_VALUE"""),0.0) -> 0 | E18: =IFERROR(__xludf.DUMMYFUNCTION("""COMPUTED_VALUE"""),0.0) -> 0 | F18: =IFERROR(__xludf.DUMMYFUNCTION("""COMPUTED_VALUE"""),0.0) -> 0
A19: =IFERROR(__xludf.DUMMYFUNCTION("""COMPUTED_VALUE"""),44655.0) -> 44655 | B19: =IFERROR(__xludf.DUMMYFUNCTION("""COMPUTED_VALUE"""),44661.0) -> 44661 | C19: =IFERROR(__xludf.DUMMYFUNCTION("""COMPUTED_VALUE"""),0.0) -> 0 | D19: =IFERROR(__xludf.DUMMYFUNCTION("""COMPUTED_VALUE"""),0.0) -> 0 | E19: =IFERROR(__xludf.DUMMYFUNCTION("""COMPUTED_VALUE"""),0.0) -> 0 | F19: =IFERROR(__xludf.DUMMYFUNCTION("""COMPUTED_VALUE"""),0.0) -> 0
A20: =IFERROR(__xludf.DUMMYFUNCTION("""COMPUTED_VALUE"""),44662.0) -> 44662 | B20: =IFERROR(__xludf.DUMMYFUNCTION("""COMPUTED_VALUE"""),44668.0) -> 44668 | C20: =IFERROR(__xludf.DUMMYFUNCTION("""COMPUTED_VALUE"""),1.0) -> 1 | D20: =IFERROR(__xludf.DUMMYFUNCTION("""COMPUTED_VALUE"""),1.0) -> 1 | E20: =IFERROR(__xludf.DUMMYFUNCTION("""COMPUTED_VALUE"""),0.0) -> 0 | F20: =IFERROR(__xludf.DUMMYFUNCTION("""COMPUTED_VALUE"""),0.0) -> 0 | G20: =IFERROR(__xludf.DUMMYFUNCTION("""COMPUTED_VALUE"""),0.0) -> 0
A21: =IFERROR(__xludf.DUMMYFUNCTION("""COMPUTED_VALUE"""),44669.0) -> 44669 | B21: =IFERROR(__xludf.DUMMYFUNCTION("""COMPUTED_VALUE"""),44675.0) -> 44675 | C21: =IFERROR(__xludf.DUMMYFUNCTION("""COMPUTED_VALUE"""),0.0) -> 0 | D21: =IFERROR(__xludf.DUMMYFUNCTION("""COMPUTED_VALUE"""),0.0) -> 0 | E21: =IFERROR(__xludf.DUMMYFUNCTION("""COMPUTED_VALUE"""),0.0) -> 0 | F21: =IFERROR(__xludf.DUMMYFUNCTION("""COMPUTED_VALUE"""),0.0) -> 0
A22: =IFERROR(__xludf.DUMMYFUNCTION("""COMPUTED_VALUE"""),44676.0) -> 44676 | B22: =IFERROR(__xludf.DUMMYFUNCTION("""COMPUTED_VALUE"""),44682.0) -> 44682 | C22: =IFERROR(__xludf.DUMMYFUNCTION("""COMPUTED_VALUE"""),0.0) -> 0 | D22: =IFERROR(__xludf.DUMMYFUNCTION("""COMPUTED_VALUE"""),0.0) -> 0 | E22: =IFERROR(__xludf.DUMMYFUNCTION("""COMPUTED_VALUE"""),0.0) -> 0 | F22: =IFERROR(__xludf.DUMMYFUNCTION("""COMPUTED_VALUE"""),0.0) -> 0
A23: =IFERROR(__xludf.DUMMYFUNCTION("""COMPUTED_VALUE"""),44683.0) -> 44683 | B23: =IFERROR(__xludf.DUMMYFUNCTION("""COMPUTED_VALUE"""),44689.0) -> 44689 | C23: =IFERROR(__xludf.DUMMYFUNCTION("""COMPUTED_VALUE"""),0.0) -> 0 | D23: =IFERROR(__xludf.DUMMYFUNCTION("""COMPUTED_VALUE"""),0.0) -> 0 | E23: =IFERROR(__xludf.DUMMYFUNCTION("""COMPUTED_VALUE"""),0.0) -> 0 | F23: =IFERROR(__xludf.DUMMYFUNCTION("""COMPUTED_VALUE"""),0.0) -> 0
A24: =IFERROR(__xludf.DUMMYFUNCTION("""COMPUTED_VALUE"""),44690.0) -> 44690 | B24: =IFERROR(__xludf.DUMMYFUNCTION("""COMPUTED_VALUE"""),44696.0) -> 44696 | C24: =IFERROR(__xludf.DUMMYFUNCTION("""COMPUTED_VALUE"""),9.0) -> 9 | D24: =IFERROR(__xludf.DUMMYFUNCTION("""COMPUTED_VALUE"""),9.0) -> 9 | E24: =IFERROR(__xludf.DUMMYFUNCTION("""COMPUTED_VALUE"""),0.0) -> 0 | F24: =IFERROR(__xludf.DUMMYFUNCTION("""COMPUTED_VALUE"""),0.0) -> 0 | G24: =IFERROR(__xludf.DUMMYFUNCTION("""COMPUTED_VALUE"""),0.0) -> 0

Sheet Pos and Incl
A1: {='APS Tubes'!A1:O1} -> TUBE ID | B1: COLLECTION DATE | C1: COLLECTION TIME | D1: SPONSOR PERSON ID | E1: SPONSOR FIRSTNAME | F1: SPONSOR LASTNAME | G1: APP RESULT | H1: FINAL RESULT | I1: RESULT DATE | J1: RESULT TIME | K1: Result Correct Code | L1: Correction Notes | M1: NOTE | N1: NUM SAMPLES (Pool Level) | O1: Match Row in APS Data PHI - postDEL | P1: Sample Person1 | Q1: Sample Person2 | R1: Sample Person3 | S1: Sample Person4 | T1: Referral Eval Notes | U1: =CONCATENATE(COUNTIF(U2:U1340,TRUE), " ACCOUNTED FOR IN RTR?") -> 0 ACCOUNTED FOR IN RTR? | V1: Re-test? | W1: Correspondence but no Referral Test | X1: Agreement with Referral or Correspondence? | Y1: Known Positive (not Re-test)? | Z1: =CONCATENATE(SUM(Z2:Z74), " Check") -> 0 Check | AA1: FloodLAMP Result Eval
A2: =IFERROR(__xludf.DUMMYFUNCTION("{FILTER('APS Tubes'!A2:O1340,EXACT('APS Tubes'!H2:H1340,""Positive"")); FILTER('APS Tubes'!A2:O1340,EXACT('APS Tubes'!H2:H1340,""Inconclusive""))} "),"MA1043") -> MA1043 | B2: =IFERROR(__xludf.DUMMYFUNCTION("""COMPUTED_VALUE"""),44547.0) -> 44547 | C2: =IFERROR(__xludf.DUMMYFUNCTION("""COMPUTED_VALUE"""),0.3417824074074074) -> 0.34178241 | D2: =IFERROR(__xludf.DUMMYFUNCTION("""COMPUTED_VALUE"""),"SpBEND548976") -> SpBEND548976 | G2: =IFERROR(__xludf.DUMMYFUNCTION("""COMPUTED_VALUE"""),"Positive") -> Positive | H2: =IFERROR(__xludf.DUMMYFUNCTION("""COMPUTED_VALUE"""),"Positive") -> Positive | I2: =IFERROR(__xludf.DUMMYFUNCTION("""COMPUTED_VALUE"""),44547.0) -> 44547 | J2: =IFERROR(__xludf.DUMMYFUNCTION("""COMPUTED_VALUE"""),0.5028472222222222) -> 0.50284722 | N2: =IFERROR(__xludf.DUMMYFUNCTION("""COMPUTED_VALUE"""),1.0) -> 1 | O2: =IFERROR(__xludf.DUMMYFUNCTION("""COMPUTED_VALUE"""),17.0) -> 17 | P2: {=INDEX(postDEL!$A$2:$AR1340,$O2,40)} -> BEND704851 | Q2: {=IF($N2>1, INDEX(postDEL!$A$2:$AR1340,$O2+1,40),IFERROR(0/0,""))} | R2: {=IF($N2>2, INDEX(postDEL!$A$2:$AR1340,$O2+2,40),IFERROR(0/0,""))} | S2: {=IF($N2>3, INDEX(postDEL!$A$2:$AR1340,$O2+3,40),IFERROR(0/0,""))} | U2: FALSE | V2: sep cases | W2: TRUE | X2: TRUE | Y2: =IFERROR(IF(V2,TRUE,IFERROR(0/0,"")),"")
A3: =IFERROR(__xludf.DUMMYFUNCTION("""COMPUTED_VALUE"""),"MA1081") -> MA1081 | B3: =IFERROR(__xludf.DUMMYFUNCTION("""COMPUTED_VALUE"""),44561.0) -> 44561 | C3: =IFERROR(__xludf.DUMMYFUNCTION("""COMPUTED_VALUE"""),0.3053240740740741) -> 0.30532407 | D3: =IFERROR(__xludf.DUMMYFUNCTION("""COMPUTED_VALUE"""),"SpBEND734943") -> SpBEND734943 | G3: =IFERROR(__xludf.DUMMYFUNCTION("""COMPUTED_VALUE"""),"Positive") -> Positive | H3: =IFERROR(__xludf.DUMMYFUNCTION("""COMPUTED_VALUE"""),"Positive") -> Positive | I3: =IFERROR(__xludf.DUMMYFUNCTION("""COMPUTED_VALUE"""),44561.0) -> 44561 | J3: =IFERROR(__xludf.DUMMYFUNCTION("""COMPUTED_VALUE"""),0.44559027777777777) -> 0.44559028 | N3: =IFERROR(__xludf.DUMMYFUNCTION("""COMPUTED_VALUE"""),1.0) -> 1 | O3: =IFERROR(__xludf.DUMMYFUNCTION("""COMPUTED_VALUE"""),50.0) -> 50 | P3: {=INDEX(postDEL!$A$2:$AR1340,$O3,40)} -> BEND710690 | Q3: {=IF($N3>1, INDEX(postDEL!$A$2:$AR1340,$O3+1,40),IFERROR(0/0,""))} | R3: {=IF($N3>2, INDEX(postDEL!$A$2:$AR1340,$O3+2,40),IFERROR(0/0,""))} | S3: {=IF($N3>3, INDEX(postDEL!$A$2:$AR1340,$O3+3,40),IFERROR(0/0,""))} | U3: FALSE | V3: =IF(COUNTIF($P$2:$P$74,P3)=1,"-",IF(COUNTIF($P$2:P3,P3)=1,"1st",TRUE)) -> - | W3: TRUE | X3: TRUE | Y3: =IFERROR(IF(V3,TRUE,IFERROR(0/0,"")),"")
A4: =IFERROR(__xludf.DUMMYFUNCTION("""COMPUTED_VALUE"""),"MA316") -> MA316 | B4: =IFERROR(__xludf.DUMMYFUNCTION("""COMPUTED_VALUE"""),44561.0) -> 44561 | C4: =IFERROR(__xludf.DUMMYFUNCTION("""COMPUTED_VALUE"""),0.40042824074074074) -> 0.40042824 | D4: =IFERROR(__xludf.DUMMYFUNCTION("""COMPUTED_VALUE"""),"SpBEND394154") -> SpBEND394154 | G4: =IFERROR(__xludf.DUMMYFUNCTION("""COMPUTED_VALUE"""),"Positive") -> Positive | H4: =IFERROR(__xludf.DUMMYFUNCTION("""COMPUTED_VALUE"""),"Positive") -> Positive | I4: =IFERROR(__xludf.DUMMYFUNCTION("""COMPUTED_VALUE"""),44561.0) -> 44561 | J4: =IFERROR(__xludf.DUMMYFUNCTION("""COMPUTED_VALUE"""),0.44559027777777777) -> 0.44559028 | N4: =IFERROR(__xludf.DUMMYFUNCTION("""COMPUTED_VALUE"""),1.0) -> 1 | O4: =IFERROR(__xludf.DUMMYFUNCTION("""COMPUTED_VALUE"""),57.0) -> 57 | P4: {=INDEX(postDEL!$A$2:$AR1340,$O4,40)} -> BEND796718 | Q4: {=IF($N4>1, INDEX(postDEL!$A$2:$AR1340,$O4+1,40),IFERROR(0/0,""))} | R4: {=IF($N4>2, INDEX(postDEL!$A$2:$AR1340,$O4+2,40),IFERROR(0/0,""))} | S4: {=IF($N4>3, INDEX(postDEL!$A$2:$AR1340,$O4+3,40),IFERROR(0/0,""))} | U4: FALSE | V4: =IF(COUNTIF($P$2:$P$74,P4)=1,"-",IF(COUNTIF($P$2:P4,P4)=1,"1st",TRUE)) -> 1st | W4: TRUE | X4: TRUE | Y4: =IFERROR(IF(V4,TRUE,IFERROR(0/0,"")),"")
A5: =IFERROR(__xludf.DUMMYFUNCTION("""COMPUTED_VALUE"""),"MA639") -> MA639 | B5: =IFERROR(__xludf.DUMMYFUNCTION("""COMPUTED_VALUE"""),44564.0) -> 44564 | C5: =IFERROR(__xludf.DUMMYFUNCTION("""COMPUTED_VALUE"""),0.3048032407407407) -> 0.30480324 | D5: =IFERROR(__xludf.DUMMYFUNCTION("""COMPUTED_VALUE"""),"SpBEND899578") -> SpBEND899578 | G5: =IFERROR(__xludf.DUMMYFUNCTION("""COMPUTED_VALUE"""),"Positive") -> Positive | H5: =IFERROR(__xludf.DUMMYFUNCTION("""COMPUTED_VALUE"""),"Positive") -> Positive | I5: =IFERROR(__xludf.DUMMYFUNCTION("""COMPUTED_VALUE"""),44564.0) -> 44564 | J5: =IFERROR(__xludf.DUMMYFUNCTION("""COMPUTED_VALUE"""),0.5280439814814815) -> 0.52804398 | N5: =IFERROR(__xludf.DUMMYFUNCTION("""COMPUTED_VALUE"""),1.0) -> 1 | O5: =IFERROR(__xludf.DUMMYFUNCTION("""COMPUTED_VALUE"""),59.0) -> 59 | P5: {=INDEX(postDEL!$A$2:$AR1340,$O5,40)} -> BEND949070 | Q5: {=IF($N5>1, INDEX(postDEL!$A$2:$AR1340,$O5+1,40),IFERROR(0/0,""))} | R5: {=IF($N5>2, INDEX(postDEL!$A$2:$AR1340,$O5+2,40),IFERROR(0/0,""))} | S5: {=IF($N5>3, INDEX(postDEL!$A$2:$AR1340,$O5+3,40),IFERROR(0/0,""))} | U5: FALSE | V5: =IF(COUNTIF($P$2:$P$74,P5)=1,"-",IF(COUNTIF($P$2:P5,P5)=1,"1st",TRUE)) -> 1st | W5: TRUE | X5: TRUE | Y5: =IFERROR(IF(V5,TRUE,IFERROR(0/0,"")),"")
A6: =IFERROR(__xludf.DUMMYFUNCTION("""COMPUTED_VALUE"""),"MA448") -> MA448 | B6: =IFERROR(__xludf.DUMMYFUNCTION("""COMPUTED_VALUE"""),44564.0) -> 44564 | C6: =IFERROR(__xludf.DUMMYFUNCTION("""COMPUTED_VALUE"""),0.33775462962962965) -> 0.33775463 | D6: =IFERROR(__xludf.DUMMYFUNCTION("""COMPUTED_VALUE"""),"SpBEND139600") -> SpBEND139600 | G6: =IFERROR(__xludf.DUMMYFUNCTION("""COMPUTED_VALUE"""),"Positive") -> Positive | H6: =IFERROR(__xludf.DUMMYFUNCTION("""COMPUTED_VALUE"""),"Positive") -> Positive | I6: =IFERROR(__xludf.DUMMYFUNCTION("""COMPUTED_VALUE"""),44564.0) -> 44564 | J6: =IFERROR(__xludf.DUMMYFUNCTION("""COMPUTED_VALUE"""),0.5280439814814815) -> 0.52804398 | N6: =IFERROR(__xludf.DUMMYFUNCTION("""COMPUTED_VALUE"""),1.0) -> 1 | O6: =IFERROR(__xludf.DUMMYFUNCTION("""COMPUTED_VALUE"""),63.0) -> 63 | P6: {=INDEX(postDEL!$A$2:$AR1340,$O6,40)} -> BEND133778 | Q6: {=IF($N6>1, INDEX(postDEL!$A$2:$AR1340,$O6+1,40),IFERROR(0/0,""))} | R6: {=IF($N6>2, INDEX(postDEL!$A$2:$AR1340,$O6+2,40),IFERROR(0/0,""))} | S6: {=IF($N6>3, INDEX(postDEL!$A$2:$AR1340,$O6+3,40),IFERROR(0/0,""))} | U6: FALSE | V6: =IF(COUNTIF($P$2:$P$74,P6)=1,"-",IF(COUNTIF($P$2:P6,P6)=1,"1st",TRUE)) -> - | W6: TRUE | X6: TRUE
A7: =IFERROR(__xludf.DUMMYFUNCTION("""COMPUTED_VALUE"""),"MA287") -> MA287 | B7: =IFERROR(__xludf.DUMMYFUNCTION("""COMPUTED_VALUE"""),44564.0) -> 44564 | C7: =IFERROR(__xludf.DUMMYFUNCTION("""COMPUTED_VALUE"""),0.35965277777777777) -> 0.35965278 | D7: =IFERROR(__xludf.DUMMYFUNCTION("""COMPUTED_VALUE"""),"SpBEND387532") -> SpBEND387532 | G7: =IFERROR(__xludf.DUMMYFUNCTION("""COMPUTED_VALUE"""),"Positive") -> Positive | H7: =IFERROR(__xludf.DUMMYFUNCTION("""COMPUTED_VALUE"""),"Positive") -> Positive | I7: =IFERROR(__xludf.DUMMYFUNCTION("""COMPUTED_VALUE"""),44564.0) -> 44564 | J7: =IFERROR(__xludf.DUMMYFUNCTION("""COMPUTED_VALUE"""),0.5280439814814815) -> 0.52804398 | N7: =IFERROR(__xludf.DUMMYFUNCTION("""COMPUTED_VALUE"""),1.0) -> 1 | O7: =IFERROR(__xludf.DUMMYFUNCTION("""COMPUTED_VALUE"""),66.0) -> 66 | P7: {=INDEX(postDEL!$A$2:$AR1340,$O7,40)} -> BEND796718 | Q7: {=IF($N7>1, INDEX(postDEL!$A$2:$AR1340,$O7+1,40),IFERROR(0/0,""))} | R7: {=IF($N7>2, INDEX(postDEL!$A$2:$AR1340,$O7+2,40),IFERROR(0/0,""))} | S7: {=IF($N7>3, INDEX(postDEL!$A$2:$AR1340,$O7+3,40),IFERROR(0/0,""))} | U7: FALSE | V7: =IF(COUNTIF($P$2:$P$74,P7)=1,"-",IF(COUNTIF($P$2:P7,P7)=1,"1st",TRUE)) -> TRUE | W7: TRUE | X7: TRUE
A8: =IFERROR(__xludf.DUMMYFUNCTION("""COMPUTED_VALUE"""),"MA473") -> MA473 | B8: =IFERROR(__xludf.DUMMYFUNCTION("""COMPUTED_VALUE"""),44564.0) -> 44564 | C8: =IFERROR(__xludf.DUMMYFUNCTION("""COMPUTED_VALUE"""),0.3654513888888889) -> 0.36545139 | D8: =IFERROR(__xludf.DUMMYFUNCTION("""COMPUTED_VALUE"""),"SpBEND394154") -> SpBEND394154 | G8: =IFERROR(__xludf.DUMMYFUNCTION("""COMPUTED_VALUE"""),"Positive") -> Positive | H8: =IFERROR(__xludf.DUMMYFUNCTION("""COMPUTED_VALUE"""),"Positive") -> Positive | I8: =IFERROR(__xludf.DUMMYFUNCTION("""COMPUTED_VALUE"""),44564.0) -> 44564 | J8: =IFERROR(__xludf.DUMMYFUNCTION("""COMPUTED_VALUE"""),0.5280439814814815) -> 0.52804398 | N8: =IFERROR(__xludf.DUMMYFUNCTION("""COMPUTED_VALUE"""),1.0) -> 1 | O8: =IFERROR(__xludf.DUMMYFUNCTION("""COMPUTED_VALUE"""),67.0) -> 67 | P8: {=INDEX(postDEL!$A$2:$AR1340,$O8,40)} -> BEND927956 | Q8: {=IF($N8>1, INDEX(postDEL!$A$2:$AR1340,$O8+1,40),IFERROR(0/0,""))} | R8: {=IF($N8>2, INDEX(postDEL!$A$2:$AR1340,$O8+2,40),IFERROR(0/0,""))} | S8: {=IF($N8>3, INDEX(postDEL!$A$2:$AR1340,$O8+3,40),IFERROR(0/0,""))} | U8: FALSE | V8: =IF(COUNTIF($P$2:$P$74,P8)=1,"-",IF(COUNTIF($P$2:P8,P8)=1,"1st",TRUE)) -> - | W8: TRUE | X8: TRUE
A9: =IFERROR(__xludf.DUMMYFUNCTION("""COMPUTED_VALUE"""),"MA263") -> MA263 | B9: =IFERROR(__xludf.DUMMYFUNCTION("""COMPUTED_VALUE"""),44566.0) -> 44566 | C9: =IFERROR(__xludf.DUMMYFUNCTION("""COMPUTED_VALUE"""),0.3297453703703704) -> 0.32974537 | D9: =IFERROR(__xludf.DUMMYFUNCTION("""COMPUTED_VALUE"""),"SpBEND944634") -> SpBEND944634 | G9: =IFERROR(__xludf.DUMMYFUNCTION("""COMPUTED_VALUE"""),"Positive") -> Positive | H9: =IFERROR(__xludf.DUMMYFUNCTION("""COMPUTED_VALUE"""),"Positive") -> Positive | I9: =IFERROR(__xludf.DUMMYFUNCTION("""COMPUTED_VALUE"""),44568.0) -> 44568 | J9: =IFERROR(__xludf.DUMMYFUNCTION("""COMPUTED_VALUE"""),0.508275462962963) -> 0.50827546 | N9: =IFERROR(__xludf.DUMMYFUNCTION("""COMPUTED_VALUE"""),1.0) -> 1 | O9: =IFERROR(__xludf.DUMMYFUNCTION("""COMPUTED_VALUE"""),78.0) -> 78 | P9: {=INDEX(postDEL!$A$2:$AR1340,$O9,40)} -> BEND626338 | Q9: {=IF($N9>1, INDEX(postDEL!$A$2:$AR1340,$O9+1,40),IFERROR(0/0,""))} | R9: {=IF($N9>2, INDEX(postDEL!$A$2:$AR1340,$O9+2,40),IFERROR(0/0,""))} | S9: {=IF($N9>3, INDEX(postDEL!$A$2:$AR1340,$O9+3,40),IFERROR(0/0,""))} | U9: FALSE | V9: =IF(COUNTIF($P$2:$P$74,P9)=1,"-",IF(COUNTIF($P$2:P9,P9)=1,"1st",TRUE)) -> - | W9: TRUE | X9: TRUE
A10: =IFERROR(__xludf.DUMMYFUNCTION("""COMPUTED_VALUE"""),"MA218") -> MA218 | B10: =IFERROR(__xludf.DUMMYFUNCTION("""COMPUTED_VALUE"""),44566.0) -> 44566 | C10: =IFERROR(__xludf.DUMMYFUNCTION("""COMPUTED_VALUE"""),0.3307638888888889) -> 0.33076389 | D10: =IFERROR(__xludf.DUMMYFUNCTION("""COMPUTED_VALUE"""),"SpBEND387532") -> SpBEND387532 | G10: =IFERROR(__xludf.DUMMYFUNCTION("""COMPUTED_VALUE"""),"Positive") -> Positive | H10: =IFERROR(__xludf.DUMMYFUNCTION("""COMPUTED_VALUE"""),"Positive") -> Positive | I10: =IFERROR(__xludf.DUMMYFUNCTION("""COMPUTED_VALUE"""),44568.0) -> 44568 | J10: =IFERROR(__xludf.DUMMYFUNCTION("""COMPUTED_VALUE"""),0.508275462962963) -> 0.50827546 | N10: =IFERROR(__xludf.DUMMYFUNCTION("""COMPUTED_VALUE"""),1.0) -> 1 | O10: =IFERROR(__xludf.DUMMYFUNCTION("""COMPUTED_VALUE"""),79.0) -> 79 | P10: {=INDEX(postDEL!$A$2:$AR1340,$O10,40)} -> BEND796718 | Q10: {=IF($N10>1, INDEX(postDEL!$A$2:$AR1340,$O10+1,40),IFERROR(0/0,""))} | R10: {=IF($N10>2, INDEX(postDEL!$A$2:$AR1340,$O10+2,40),IFERROR(0/0,""))} | S10: {=IF($N10>3, INDEX(postDEL!$A$2:$AR1340,$O10+3,40),IFERROR(0/0,""))} | U10: FALSE | V10: =IF(COUNTIF($P$2:$P$74,P10)=1,"-",IF(COUNTIF($P$2:P10,P10)=1,"1st",TRUE)) -> TRUE | W10: TRUE | X10: TRUE
A11: =IFERROR(__xludf.DUMMYFUNCTION("""COMPUTED_VALUE"""),"MA605") -> MA605 | B11: =IFERROR(__xludf.DUMMYFUNCTION("""COMPUTED_VALUE"""),44566.0) -> 44566 | C11: =IFERROR(__xludf.DUMMYFUNCTION("""COMPUTED_VALUE"""),0.4199421296296296) -> 0.41994213 | D11: =IFERROR(__xludf.DUMMYFUNCTION("""COMPUTED_VALUE"""),"SpBEND110967") -> SpBEND110967 | G11: =IFERROR(__xludf.DUMMYFUNCTION("""COMPUTED_VALUE"""),"Positive") -> Positive | H11: =IFERROR(__xludf.DUMMYFUNCTION("""COMPUTED_VALUE"""),"Positive") -> Positive | I11: =IFERROR(__xludf.DUMMYFUNCTION("""COMPUTED_VALUE"""),44568.0) -> 44568 | J11: =IFERROR(__xludf.DUMMYFUNCTION("""COMPUTED_VALUE"""),0.508275462962963) -> 0.50827546 | N11: =IFERROR(__xludf.DUMMYFUNCTION("""COMPUTED_VALUE"""),1.0) -> 1 | O11: =IFERROR(__xludf.DUMMYFUNCTION("""COMPUTED_VALUE"""),91.0) -> 91 | P11: {=INDEX(postDEL!$A$2:$AR1340,$O11,40)} -> BEND202183 | Q11: {=IF($N11>1, INDEX(postDEL!$A$2:$AR1340,$O11+1,40),IFERROR(0/0,""))} | R11: {=IF($N11>2, INDEX(postDEL!$A$2:$AR1340,$O11+2,40),IFERROR(0/0,""))} | S11: {=IF($N11>3, INDEX(postDEL!$A$2:$AR1340,$O11+3,40),IFERROR(0/0,""))} | U11: FALSE | V11: =IF(COUNTIF($P$2:$P$74,P11)=1,"-",IF(COUNTIF($P$2:P11,P11)=1,"1st",TRUE)) -> - | W11: TRUE | X11: TRUE
A12: =IFERROR(__xludf.DUMMYFUNCTION("""COMPUTED_VALUE"""),"MA1188") -> MA1188 | B12: =IFERROR(__xludf.DUMMYFUNCTION("""COMPUTED_VALUE"""),44568.0) -> 44568 | C12: =IFERROR(__xludf.DUMMYFUNCTION("""COMPUTED_VALUE"""),0.34097222222222223) -> 0.34097222 | D12: =IFERROR(__xludf.DUMMYFUNCTION("""COMPUTED_VALUE"""),"SpBEND387532") -> SpBEND387532 | G12: =IFERROR(__xludf.DUMMYFUNCTION("""COMPUTED_VALUE"""),"Positive") -> Positive | H12: =IFERROR(__xludf.DUMMYFUNCTION("""COMPUTED_VALUE"""),"Positive") -> Positive | I12: =IFERROR(__xludf.DUMMYFUNCTION("""COMPUTED_VALUE"""),44568.0) -> 44568 | J12: =IFERROR(__xludf.DUMMYFUNCTION("""COMPUTED_VALUE"""),0.5079050925925926) -> 0.50790509 | N12: =IFERROR(__xludf.DUMMYFUNCTION("""COMPUTED_VALUE"""),1.0) -> 1 | O12: =IFERROR(__xludf.DUMMYFUNCTION("""COMPUTED_VALUE"""),104.0) -> 104 | P12: {=INDEX(postDEL!$A$2:$AR1340,$O12,40)} -> BEND796718 | Q12: {=IF($N12>1, INDEX(postDEL!$A$2:$AR1340,$O12+1,40),IFERROR(0/0,""))} | R12: {=IF($N12>2, INDEX(postDEL!$A$2:$AR1340,$O12+2,40),IFERROR(0/0,""))} | S12: {=IF($N12>3, INDEX(postDEL!$A$2:$AR1340,$O12+3,40),IFERROR(0/0,""))} | U12: FALSE | V12: =IF(COUNTIF($P$2:$P$74,P12)=1,"-",IF(COUNTIF($P$2:P12,P12)=1,"1st",TRUE)) -> TRUE | W12: TRUE | X12: TRUE
A13: =IFERROR(__xludf.DUMMYFUNCTION("""COMPUTED_VALUE"""),"MA1078") -> MA1078 | B13: =IFERROR(__xludf.DUMMYFUNCTION("""COMPUTED_VALUE"""),44568.0) -> 44568 | C13: =IFERROR(__xludf.DUMMYFUNCTION("""COMPUTED_VALUE"""),0.34717592592592594) -> 0.34717593 | D13: =IFERROR(__xludf.DUMMYFUNCTION("""COMPUTED_VALUE"""),"SpBEND652059") -> SpBEND652059 | G13: =IFERROR(__xludf.DUMMYFUNCTION("""COMPUTED_VALUE"""),"Positive") -> Positive | H13: =IFERROR(__xludf.DUMMYFUNCTION("""COMPUTED_VALUE"""),"Positive") -> Positive | I13: =IFERROR(__xludf.DUMMYFUNCTION("""COMPUTED_VALUE"""),44568.0) -> 44568 | J13: =IFERROR(__xludf.DUMMYFUNCTION("""COMPUTED_VALUE"""),0.5079050925925926) -> 0.50790509 | N13: =IFERROR(__xludf.DUMMYFUNCTION("""COMPUTED_VALUE"""),1.0) -> 1 | O13: =IFERROR(__xludf.DUMMYFUNCTION("""COMPUTED_VALUE"""),108.0) -> 108 | P13: {=INDEX(postDEL!$A$2:$AR1340,$O13,40)} -> BEND520608 | Q13: {=IF($N13>1, INDEX(postDEL!$A$2:$AR1340,$O13+1,40),IFERROR(0/0,""))} | R13: {=IF($N13>2, INDEX(postDEL!$A$2:$AR1340,$O13+2,40),IFERROR(0/0,""))} | S13: {=IF($N13>3, INDEX(postDEL!$A$2:$AR1340,$O13+3,40),IFERROR(0/0,""))} | U13: FALSE | V13: =IF(COUNTIF($P$2:$P$74,P13)=1,"-",IF(COUNTIF($P$2:P13,P13)=1,"1st",TRUE)) -> - | W13: TRUE | X13: TRUE
A14: =IFERROR(__xludf.DUMMYFUNCTION("""COMPUTED_VALUE"""),"MAX74") -> MAX74 | B14: =IFERROR(__xludf.DUMMYFUNCTION("""COMPUTED_VALUE"""),44568.0) -> 44568 | C14: =IFERROR(__xludf.DUMMYFUNCTION("""COMPUTED_VALUE"""),0.3647800925925926) -> 0.36478009 | D14: =IFERROR(__xludf.DUMMYFUNCTION("""COMPUTED_VALUE"""),"SpBEND642175") -> SpBEND642175 | G14: =IFERROR(__xludf.DUMMYFUNCTION("""COMPUTED_VALUE"""),"Positive") -> Positive | H14: =IFERROR(__xludf.DUMMYFUNCTION("""COMPUTED_VALUE"""),"Positive") -> Positive | I14: =IFERROR(__xludf.DUMMYFUNCTION("""COMPUTED_VALUE"""),44568.0) -> 44568 | J14: =IFERROR(__xludf.DUMMYFUNCTION("""COMPUTED_VALUE"""),0.508275462962963) -> 0.50827546 | N14: =IFERROR(__xludf.DUMMYFUNCTION("""COMPUTED_VALUE"""),1.0) -> 1 | O14: =IFERROR(__xludf.DUMMYFUNCTION("""COMPUTED_VALUE"""),110.0) -> 110 | P14: {=INDEX(postDEL!$A$2:$AR1340,$O14,40)} -> BEND883134 | Q14: {=IF($N14>1, INDEX(postDEL!$A$2:$AR1340,$O14+1,40),IFERROR(0/0,""))} | R14: {=IF($N14>2, INDEX(postDEL!$A$2:$AR1340,$O14+2,40),IFERROR(0/0,""))} | S14: {=IF($N14>3, INDEX(postDEL!$A$2:$AR1340,$O14+3,40),IFERROR(0/0,""))} | U14: FALSE | V14: =IF(COUNTIF($P$2:$P$74,P14)=1,"-",IF(COUNTIF($P$2:P14,P14)=1,"1st",TRUE)) -> - | W14: TRUE | X14: TRUE
A15: =IFERROR(__xludf.DUMMYFUNCTION("""COMPUTED_VALUE"""),"MA1024") -> MA1024 | B15: =IFERROR(__xludf.DUMMYFUNCTION("""COMPUTED_VALUE"""),44571.0) -> 44571 | C15: =IFERROR(__xludf.DUMMYFUNCTION("""COMPUTED_VALUE"""),0.35119212962962965) -> 0.35119213 | D15: =IFERROR(__xludf.DUMMYFUNCTION("""COMPUTED_VALUE"""),"SpBEND652059") -> SpBEND652059 | G15: =IFERROR(__xludf.DUMMYFUNCTION("""COMPUTED_VALUE"""),"Positive") -> Positive | H15: =IFERROR(__xludf.DUMMYFUNCTION("""COMPUTED_VALUE"""),"Positive") -> Positive | I15: =IFERROR(__xludf.DUMMYFUNCTION("""COMPUTED_VALUE"""),44579.0) -> 44579 | J15: =IFERROR(__xludf.DUMMYFUNCTION("""COMPUTED_VALUE"""),0.5015740740740741) -> 0.50157407 | N15: =IFERROR(__xludf.DUMMYFUNCTION("""COMPUTED_VALUE"""),1.0) -> 1 | O15: =IFERROR(__xludf.DUMMYFUNCTION("""COMPUTED_VALUE"""),126.0) -> 126 | P15: {=INDEX(postDEL!$A$2:$AR1340,$O15,40)} -> BEND305148 | Q15: {=IF($N15>1, INDEX(postDEL!$A$2:$AR1340,$O15+1,40),IFERROR(0/0,""))} | R15: {=IF($N15>2, INDEX(postDEL!$A$2:$AR1340,$O15+2,40),IFERROR(0/0,""))} | S15: {=IF($N15>3, INDEX(postDEL!$A$2:$AR1340,$O15+3,40),IFERROR(0/0,""))} | U15: FALSE | V15: =IF(COUNTIF($P$2:$P$74,P15)=1,"-",IF(COUNTIF($P$2:P15,P15)=1,"1st",TRUE)) -> - | W15: TRUE | X15: TRUE
A16: =IFERROR(__xludf.DUMMYFUNCTION("""COMPUTED_VALUE"""),"MA463") -> MA463 | B16: =IFERROR(__xludf.DUMMYFUNCTION("""COMPUTED_VALUE"""),44571.0) -> 44571 | C16: =IFERROR(__xludf.DUMMYFUNCTION("""COMPUTED_VALUE"""),0.3882638888888889) -> 0.38826389 | D16: =IFERROR(__xludf.DUMMYFUNCTION("""COMPUTED_VALUE"""),"SpBEND394154") -> SpBEND394154 | G16: =IFERROR(__xludf.DUMMYFUNCTION("""COMPUTED_VALUE"""),"Positive") -> Positive | H16: =IFERROR(__xludf.DUMMYFUNCTION("""COMPUTED_VALUE"""),"Positive") -> Positive | I16: =IFERROR(__xludf.DUMMYFUNCTION("""COMPUTED_VALUE"""),44579.0) -> 44579 | J16: =IFERROR(__xludf.DUMMYFUNCTION("""COMPUTED_VALUE"""),0.5015740740740741) -> 0.50157407 | N16: =IFERROR(__xludf.DUMMYFUNCTION("""COMPUTED_VALUE"""),1.0) -> 1 | O16: =IFERROR(__xludf.DUMMYFUNCTION("""COMPUTED_VALUE"""),128.0) -> 128 | P16: {=INDEX(postDEL!$A$2:$AR1340,$O16,40)} -> BEND319589 | Q16: {=IF($N16>1, INDEX(postDEL!$A$2:$AR1340,$O16+1,40),IFERROR(0/0,""))} | R16: {=IF($N16>2, INDEX(postDEL!$A$2:$AR1340,$O16+2,40),IFERROR(0/0,""))} | S16: {=IF($N16>3, INDEX(postDEL!$A$2:$AR1340,$O16+3,40),IFERROR(0/0,""))} | U16: FALSE | V16: =IF(COUNTIF($P$2:$P$74,P16)=1,"-",IF(COUNTIF($P$2:P16,P16)=1,"1st",TRUE)) -> - | W16: TRUE | X16: TRUE
A17: =IFERROR(__xludf.DUMMYFUNCTION("""COMPUTED_VALUE"""),"MAX51") -> MAX51 | B17: =IFERROR(__xludf.DUMMYFUNCTION("""COMPUTED_VALUE"""),44571.0) -> 44571 | C17: =IFERROR(__xludf.DUMMYFUNCTION("""COMPUTED_VALUE"""),0.38880787037037035) -> 0.38880787 | D17: =IFERROR(__xludf.DUMMYFUNCTION("""COMPUTED_VALUE"""),"SpBEND394154") -> SpBEND394154 | G17: =IFERROR(__xludf.DUMMYFUNCTION("""COMPUTED_VALUE"""),"Positive") -> Positive | H17: =IFERROR(__xludf.DUMMYFUNCTION("""COMPUTED_VALUE"""),"Positive") -> Positive | I17: =IFERROR(__xludf.DUMMYFUNCTION("""COMPUTED_VALUE"""),44579.0) -> 44579 | J17: =IFERROR(__xludf.DUMMYFUNCTION("""COMPUTED_VALUE"""),0.5015740740740741) -> 0.50157407 | N17: =IFERROR(__xludf.DUMMYFUNCTION("""COMPUTED_VALUE"""),1.0) -> 1 | O17: =IFERROR(__xludf.DUMMYFUNCTION("""COMPUTED_VALUE"""),129.0) -> 129 | P17: {=INDEX(postDEL!$A$2:$AR1340,$O17,40)} -> BEND219153 | Q17: {=IF($N17>1, INDEX(postDEL!$A$2:$AR1340,$O17+1,40),IFERROR(0/0,""))} | R17: {=IF($N17>2, INDEX(postDEL!$A$2:$AR1340,$O17+2,40),IFERROR(0/0,""))} | S17: {=IF($N17>3, INDEX(postDEL!$A$2:$AR1340,$O17+3,40),IFERROR(0/0,""))} | U17: FALSE | V17: =IF(COUNTIF($P$2:$P$74,P17)=1,"-",IF(COUNTIF($P$2:P17,P17)=1,"1st",TRUE)) -> 1st | W17: TRUE | X17: TRUE
A18: =IFERROR(__xludf.DUMMYFUNCTION("""COMPUTED_VALUE"""),"MAX95") -> MAX95 | B18: =IFERROR(__xludf.DUMMYFUNCTION("""COMPUTED_VALUE"""),44571.0) -> 44571 | C18: =IFERROR(__xludf.DUMMYFUNCTION("""COMPUTED_VALUE"""),0.38936342592592593) -> 0.38936343 | D18: =IFERROR(__xludf.DUMMYFUNCTION("""COMPUTED_VALUE"""),"SpBEND394154") -> SpBEND394154 | G18: =IFERROR(__xludf.DUMMYFUNCTION("""COMPUTED_VALUE"""),"Positive") -> Positive | H18: =IFERROR(__xludf.DUMMYFUNCTION("""COMPUTED_VALUE"""),"Positive") -> Positive | I18: =IFERROR(__xludf.DUMMYFUNCTION("""COMPUTED_VALUE"""),44579.0) -> 44579 | J18: =IFERROR(__xludf.DUMMYFUNCTION("""COMPUTED_VALUE"""),0.5015740740740741) -> 0.50157407 | N18: =IFERROR(__xludf.DUMMYFUNCTION("""COMPUTED_VALUE"""),1.0) -> 1 | O18: =IFERROR(__xludf.DUMMYFUNCTION("""COMPUTED_VALUE"""),130.0) -> 130 | P18: {=INDEX(postDEL!$A$2:$AR1340,$O18,40)} -> BEND421116 | Q18: {=IF($N18>1, INDEX(postDEL!$A$2:$AR1340,$O18+1,40),IFERROR(0/0,""))} | R18: {=IF($N18>2, INDEX(postDEL!$A$2:$AR1340,$O18+2,40),IFERROR(0/0,""))} | S18: {=IF($N18>3, INDEX(postDEL!$A$2:$AR1340,$O18+3,40),IFERROR(0/0,""))} | U18: FALSE | V18: =IF(COUNTIF($P$2:$P$74,P18)=1,"-",IF(COUNTIF($P$2:P18,P18)=1,"1st",TRUE)) -> - | W18: TRUE | X18: TRUE
A19: =IFERROR(__xludf.DUMMYFUNCTION("""COMPUTED_VALUE"""),"MAX69") -> MAX69 | B19: =IFERROR(__xludf.DUMMYFUNCTION("""COMPUTED_VALUE"""),44571.0) -> 44571 | C19: =IFERROR(__xludf.DUMMYFUNCTION("""COMPUTED_VALUE"""),0.3899768518518518) -> 0.38997685 | D19: =IFERROR(__xludf.DUMMYFUNCTION("""COMPUTED_VALUE"""),"SpBEND394154") -> SpBEND394154 | G19: =IFERROR(__xludf.DUMMYFUNCTION("""COMPUTED_VALUE"""),"Positive") -> Positive | H19: =IFERROR(__xludf.DUMMYFUNCTION("""COMPUTED_VALUE"""),"Positive") -> Positive | I19: =IFERROR(__xludf.DUMMYFUNCTION("""COMPUTED_VALUE"""),44579.0) -> 44579 | J19: =IFERROR(__xludf.DUMMYFUNCTION("""COMPUTED_VALUE"""),0.5015740740740741) -> 0.50157407 | N19: =IFERROR(__xludf.DUMMYFUNCTION("""COMPUTED_VALUE"""),1.0) -> 1 | O19: =IFERROR(__xludf.DUMMYFUNCTION("""COMPUTED_VALUE"""),131.0) -> 131 | P19: {=INDEX(postDEL!$A$2:$AR1340,$O19,40)} -> BEND530620 | Q19: {=IF($N19>1, INDEX(postDEL!$A$2:$AR1340,$O19+1,40),IFERROR(0/0,""))} | R19: {=IF($N19>2, INDEX(postDEL!$A$2:$AR1340,$O19+2,40),IFERROR(0/0,""))} | S19: {=IF($N19>3, INDEX(postDEL!$A$2:$AR1340,$O19+3,40),IFERROR(0/0,""))} | U19: FALSE | V19: =IF(COUNTIF($P$2:$P$74,P19)=1,"-",IF(COUNTIF($P$2:P19,P19)=1,"1st",TRUE)) -> 1st | W19: TRUE | X19: TRUE
A20: =IFERROR(__xludf.DUMMYFUNCTION("""COMPUTED_VALUE"""),"MA341") -> MA341 | B20: =IFERROR(__xludf.DUMMYFUNCTION("""COMPUTED_VALUE"""),44571.0) -> 44571 | C20: =IFERROR(__xludf.DUMMYFUNCTION("""COMPUTED_VALUE"""),0.3928935185185185) -> 0.39289352 | D20: =IFERROR(__xludf.DUMMYFUNCTION("""COMPUTED_VALUE"""),"SpBEND394154") -> SpBEND394154 | G20: =IFERROR(__xludf.DUMMYFUNCTION("""COMPUTED_VALUE"""),"Positive") -> Positive | H20: =IFERROR(__xludf.DUMMYFUNCTION("""COMPUTED_VALUE"""),"Positive") -> Positive | I20: =IFERROR(__xludf.DUMMYFUNCTION("""COMPUTED_VALUE"""),44579.0) -> 44579 | J20: =IFERROR(__xludf.DUMMYFUNCTION("""COMPUTED_VALUE"""),0.5015740740740741) -> 0.50157407 | N20: =IFERROR(__xludf.DUMMYFUNCTION("""COMPUTED_VALUE"""),1.0) -> 1 | O20: =IFERROR(__xludf.DUMMYFUNCTION("""COMPUTED_VALUE"""),136.0) -> 136 | P20: {=INDEX(postDEL!$A$2:$AR1340,$O20,40)} -> BEND524074 | Q20: {=IF($N20>1, INDEX(postDEL!$A$2:$AR1340,$O20+1,40),IFERROR(0/0,""))} | R20: {=IF($N20>2, INDEX(postDEL!$A$2:$AR1340,$O20+2,40),IFERROR(0/0,""))} | S20: {=IF($N20>3, INDEX(postDEL!$A$2:$AR1340,$O20+3,40),IFERROR(0/0,""))} | U20: FALSE | V20: =IF(COUNTIF($P$2:$P$74,P20)=1,"-",IF(COUNTIF($P$2:P20,P20)=1,"1st",TRUE)) -> 1st | W20: TRUE | X20: TRUE
A21: =IFERROR(__xludf.DUMMYFUNCTION("""COMPUTED_VALUE"""),"MA435") -> MA435 | B21: =IFERROR(__xludf.DUMMYFUNCTION("""COMPUTED_VALUE"""),44571.0) -> 44571 | C21: =IFERROR(__xludf.DUMMYFUNCTION("""COMPUTED_VALUE"""),0.42716435185185186) -> 0.42716435 | D21: =IFERROR(__xludf.DUMMYFUNCTION("""COMPUTED_VALUE"""),"SpBEND394154") -> SpBEND394154 | G21: =IFERROR(__xludf.DUMMYFUNCTION("""COMPUTED_VALUE"""),"Positive") -> Positive | H21: =IFERROR(__xludf.DUMMYFUNCTION("""COMPUTED_VALUE"""),"Positive") -> Positive | I21: =IFERROR(__xludf.DUMMYFUNCTION("""COMPUTED_VALUE"""),44579.0) -> 44579 | J21: =IFERROR(__xludf.DUMMYFUNCTION("""COMPUTED_VALUE"""),0.5015740740740741) -> 0.50157407 | N21: =IFERROR(__xludf.DUMMYFUNCTION("""COMPUTED_VALUE"""),1.0) -> 1 | O21: =IFERROR(__xludf.DUMMYFUNCTION("""COMPUTED_VALUE"""),138.0) -> 138 | P21: {=INDEX(postDEL!$A$2:$AR1340,$O21,40)} -> BEND732984 | Q21: {=IF($N21>1, INDEX(postDEL!$A$2:$AR1340,$O21+1,40),IFERROR(0/0,""))} | R21: {=IF($N21>2, INDEX(postDEL!$A$2:$AR1340,$O21+2,40),IFERROR(0/0,""))} | S21: {=IF($N21>3, INDEX(postDEL!$A$2:$AR1340,$O21+3,40),IFERROR(0/0,""))} | U21: FALSE | V21: =IF(COUNTIF($P$2:$P$74,P21)=1,"-",IF(COUNTIF($P$2:P21,P21)=1,"1st",TRUE)) -> - | W21: TRUE | X21: TRUE
A22: =IFERROR(__xludf.DUMMYFUNCTION("""COMPUTED_VALUE"""),"MA1156") -> MA1156 | B22: =IFERROR(__xludf.DUMMYFUNCTION("""COMPUTED_VALUE"""),44573.0) -> 44573 | C22: =IFERROR(__xludf.DUMMYFUNCTION("""COMPUTED_VALUE"""),0.32337962962962963) -> 0.32337963 | D22: =IFERROR(__xludf.DUMMYFUNCTION("""COMPUTED_VALUE"""),"SpBEND198321") -> SpBEND198321 | G22: =IFERROR(__xludf.DUMMYFUNCTION("""COMPUTED_VALUE"""),"Positive") -> Positive | H22: =IFERROR(__xludf.DUMMYFUNCTION("""COMPUTED_VALUE"""),"Positive") -> Positive | I22: =IFERROR(__xludf.DUMMYFUNCTION("""COMPUTED_VALUE"""),44579.0) -> 44579 | J22: =IFERROR(__xludf.DUMMYFUNCTION("""COMPUTED_VALUE"""),0.5015856481481481) -> 0.50158565 | N22: =IFERROR(__xludf.DUMMYFUNCTION("""COMPUTED_VALUE"""),1.0) -> 1 | O22: =IFERROR(__xludf.DUMMYFUNCTION("""COMPUTED_VALUE"""),148.0) -> 148 | P22: {=INDEX(postDEL!$A$2:$AR1340,$O22,40)} -> BEND772881 | Q22: {=IF($N22>1, INDEX(postDEL!$A$2:$AR1340,$O22+1,40),IFERROR(0/0,""))} | R22: {=IF($N22>2, INDEX(postDEL!$A$2:$AR1340,$O22+2,40),IFERROR(0/0,""))} | S22: {=IF($N22>3, INDEX(postDEL!$A$2:$AR1340,$O22+3,40),IFERROR(0/0,""))} | U22: FALSE | V22: =IF(COUNTIF($P$2:$P$74,P22)=1,"-",IF(COUNTIF($P$2:P22,P22)=1,"1st",TRUE)) -> 1st | W22: TRUE | X22: TRUE
A23: =IFERROR(__xludf.DUMMYFUNCTION("""COMPUTED_VALUE"""),"MAX20") -> MAX20 | B23: =IFERROR(__xludf.DUMMYFUNCTION("""COMPUTED_VALUE"""),44573.0) -> 44573 | C23: =IFERROR(__xludf.DUMMYFUNCTION("""COMPUTED_VALUE"""),0.38359953703703703) -> 0.38359954 | D23: =IFERROR(__xludf.DUMMYFUNCTION("""COMPUTED_VALUE"""),"SpBEND394154") -> SpBEND394154 | G23: =IFERROR(__xludf.DUMMYFUNCTION("""COMPUTED_VALUE"""),"Positive") -> Positive | H23: =IFERROR(__xludf.DUMMYFUNCTION("""COMPUTED_VALUE"""),"Positive") -> Positive | I23: =IFERROR(__xludf.DUMMYFUNCTION("""COMPUTED_VALUE"""),44579.0) -> 44579 | J23: =IFERROR(__xludf.DUMMYFUNCTION("""COMPUTED_VALUE"""),0.5015856481481481) -> 0.50158565 | N23: =IFERROR(__xludf.DUMMYFUNCTION("""COMPUTED_VALUE"""),1.0) -> 1 | O23: =IFERROR(__xludf.DUMMYFUNCTION("""COMPUTED_VALUE"""),155.0) -> 155 | P23: {=INDEX(postDEL!$A$2:$AR1340,$O23,40)} -> BEND219153 | Q23: {=IF($N23>1, INDEX(postDEL!$A$2:$AR1340,$O23+1,40),IFERROR(0/0,""))} | R23: {=IF($N23>2, INDEX(postDEL!$A$2:$AR1340,$O23+2,40),IFERROR(0/0,""))} | S23: {=IF($N23>3, INDEX(postDEL!$A$2:$AR1340,$O23+3,40),IFERROR(0/0,""))} | U23: FALSE | V23: =IF(COUNTIF($P$2:$P$74,P23)=1,"-",IF(COUNTIF($P$2:P23,P23)=1,"1st",TRUE)) -> TRUE | W23: TRUE | X23: TRUE
A24: =IFERROR(__xludf.DUMMYFUNCTION("""COMPUTED_VALUE"""),"MAX72") -> MAX72 | B24: =IFERROR(__xludf.DUMMYFUNCTION("""COMPUTED_VALUE"""),44573.0) -> 44573 | C24: =IFERROR(__xludf.DUMMYFUNCTION("""COMPUTED_VALUE"""),0.3858564814814815) -> 0.38585648 | D24: =IFERROR(__xludf.DUMMYFUNCTION("""COMPUTED_VALUE"""),"SpBEND394154") -> SpBEND394154 | G24: =IFERROR(__xludf.DUMMYFUNCTION("""COMPUTED_VALUE"""),"Positive") -> Positive | H24: =IFERROR(__xludf.DUMMYFUNCTION("""COMPUTED_VALUE"""),"Positive") -> Positive | I24: =IFERROR(__xludf.DUMMYFUNCTION("""COMPUTED_VALUE"""),44579.0) -> 44579 | J24: =IFERROR(__xludf.DUMMYFUNCTION("""COMPUTED_VALUE"""),0.5015856481481481) -> 0.50158565 | N24: =IFERROR(__xludf.DUMMYFUNCTION("""COMPUTED_VALUE"""),1.0) -> 1 | O24: =IFERROR(__xludf.DUMMYFUNCTION("""COMPUTED_VALUE"""),157.0) -> 157 | P24: {=INDEX(postDEL!$A$2:$AR1340,$O24,40)} -> BEND389048 | Q24: {=IF($N24>1, INDEX(postDEL!$A$2:$AR1340,$O24+1,40),IFERROR(0/0,""))} | R24: {=IF($N24>2, INDEX(postDEL!$A$2:$AR1340,$O24+2,40),IFERROR(0/0,""))} | S24: {=IF($N24>3, INDEX(postDEL!$A$2:$AR1340,$O24+3,40),IFERROR(0/0,""))} | U24: FALSE | V24: =IF(COUNTIF($P$2:$P$74,P24)=1,"-",IF(COUNTIF($P$2:P24,P24)=1,"1st",TRUE)) -> - | W24: TRUE | X24: TRUE
A25: =IFERROR(__xludf.DUMMYFUNCTION("""COMPUTED_VALUE"""),"MAX36") -> MAX36 | B25: =IFERROR(__xludf.DUMMYFUNCTION("""COMPUTED_VALUE"""),44573.0) -> 44573 | C25: =IFERROR(__xludf.DUMMYFUNCTION("""COMPUTED_VALUE"""),0.3869444444444444) -> 0.38694444 | D25: =IFERROR(__xludf.DUMMYFUNCTION("""COMPUTED_VALUE"""),"SpBEND394154") -> SpBEND394154 | G25: =IFERROR(__xludf.DUMMYFUNCTION("""COMPUTED_VALUE"""),"Positive") -> Positive | H25: =IFERROR(__xludf.DUMMYFUNCTION("""COMPUTED_VALUE"""),"Positive") -> Positive | I25: =IFERROR(__xludf.DUMMYFUNCTION("""COMPUTED_VALUE"""),44579.0) -> 44579 | J25: =IFERROR(__xludf.DUMMYFUNCTION("""COMPUTED_VALUE"""),0.5015856481481481) -> 0.50158565 | N25: =IFERROR(__xludf.DUMMYFUNCTION("""COMPUTED_VALUE"""),1.0) -> 1 | O25: =IFERROR(__xludf.DUMMYFUNCTION("""COMPUTED_VALUE"""),159.0) -> 159 | P25: {=INDEX(postDEL!$A$2:$AR1340,$O25,40)} -> BEND524074 | Q25: {=IF($N25>1, INDEX(postDEL!$A$2:$AR1340,$O25+1,40),IFERROR(0/0,""))} | R25: {=IF($N25>2, INDEX(postDEL!$A$2:$AR1340,$O25+2,40),IFERROR(0/0,""))} | S25: {=IF($N25>3, INDEX(postDEL!$A$2:$AR1340,$O25+3,40),IFERROR(0/0,""))} | U25: FALSE | V25: =IF(COUNTIF($P$2:$P$74,P25)=1,"-",IF(COUNTIF($P$2:P25,P25)=1,"1st",TRUE)) -> TRUE | W25: TRUE | X25: TRUE
A26: =IFERROR(__xludf.DUMMYFUNCTION("""COMPUTED_VALUE"""),"MA1062") -> MA1062 | B26: =IFERROR(__xludf.DUMMYFUNCTION("""COMPUTED_VALUE"""),44574.0) -> 44574 | C26: =IFERROR(__xludf.DUMMYFUNCTION("""COMPUTED_VALUE"""),0.5845023148148148) -> 0.58450231 | D26: =IFERROR(__xludf.DUMMYFUNCTION("""COMPUTED_VALUE"""),"SpBEND328905") -> SpBEND328905 | G26: =IFERROR(__xludf.DUMMYFUNCTION("""COMPUTED_VALUE"""),"Positive") -> Positive | H26: =IFERROR(__xludf.DUMMYFUNCTION("""COMPUTED_VALUE"""),"Positive") -> Positive | I26: =IFERROR(__xludf.DUMMYFUNCTION("""COMPUTED_VALUE"""),44579.0) -> 44579 | J26: =IFERROR(__xludf.DUMMYFUNCTION("""COMPUTED_VALUE"""),0.5015856481481481) -> 0.50158565 | N26: =IFERROR(__xludf.DUMMYFUNCTION("""COMPUTED_VALUE"""),1.0) -> 1 | O26: =IFERROR(__xludf.DUMMYFUNCTION("""COMPUTED_VALUE"""),165.0) -> 165 | P26: {=INDEX(postDEL!$A$2:$AR1340,$O26,40)} -> BEND972161 | Q26: {=IF($N26>1, INDEX(postDEL!$A$2:$AR1340,$O26+1,40),IFERROR(0/0,""))} | R26: {=IF($N26>2, INDEX(postDEL!$A$2:$AR1340,$O26+2,40),IFERROR(0/0,""))} | S26: {=IF($N26>3, INDEX(postDEL!$A$2:$AR1340,$O26+3,40),IFERROR(0/0,""))} | U26: FALSE | V26: sep cases | W26: TRUE | X26: TRUE
A27: =IFERROR(__xludf.DUMMYFUNCTION("""COMPUTED_VALUE"""),"MA1092") -> MA1092 | B27: =IFERROR(__xludf.DUMMYFUNCTION("""COMPUTED_VALUE"""),44574.0) -> 44574 | C27: =IFERROR(__xludf.DUMMYFUNCTION("""COMPUTED_VALUE"""),0.6161342592592592) -> 0.61613426 | D27: =IFERROR(__xludf.DUMMYFUNCTION("""COMPUTED_VALUE"""),"SpBEND328905") -> SpBEND328905 | G27: =IFERROR(__xludf.DUMMYFUNCTION("""COMPUTED_VALUE"""),"Positive") -> Positive | H27: =IFERROR(__xludf.DUMMYFUNCTION("""COMPUTED_VALUE"""),"Positive") -> Positive | I27: =IFERROR(__xludf.DUMMYFUNCTION("""COMPUTED_VALUE"""),44579.0) -> 44579 | J27: =IFERROR(__xludf.DUMMYFUNCTION("""COMPUTED_VALUE"""),0.5015856481481481) -> 0.50158565 | N27: =IFERROR(__xludf.DUMMYFUNCTION("""COMPUTED_VALUE"""),1.0) -> 1 | O27: =IFERROR(__xludf.DUMMYFUNCTION("""COMPUTED_VALUE"""),166.0) -> 166 | P27: {=INDEX(postDEL!$A$2:$AR1340,$O27,40)} -> BEND373460 | Q27: {=IF($N27>1, INDEX(postDEL!$A$2:$AR1340,$O27+1,40),IFERROR(0/0,""))} | R27: {=IF($N27>2, INDEX(postDEL!$A$2:$AR1340,$O27+2,40),IFERROR(0/0,""))} | S27: {=IF($N27>3, INDEX(postDEL!$A$2:$AR1340,$O27+3,40),IFERROR(0/0,""))} | U27: FALSE | V27: =IF(COUNTIF($P$2:$P$74,P27)=1,"-",IF(COUNTIF($P$2:P27,P27)=1,"1st",TRUE)) -> - | W27: TRUE | X27: TRUE
A28: =IFERROR(__xludf.DUMMYFUNCTION("""COMPUTED_VALUE"""),"MA1243") -> MA1243 | B28: =IFERROR(__xludf.DUMMYFUNCTION("""COMPUTED_VALUE"""),44575.0) -> 44575 | C28: =IFERROR(__xludf.DUMMYFUNCTION("""COMPUTED_VALUE"""),0.3230439814814815) -> 0.32304398 | D28: =IFERROR(__xludf.DUMMYFUNCTION("""COMPUTED_VALUE"""),"SpBEND767550") -> SpBEND767550 | G28: =IFERROR(__xludf.DUMMYFUNCTION("""COMPUTED_VALUE"""),"Positive") -> Positive | H28: =IFERROR(__xludf.DUMMYFUNCTION("""COMPUTED_VALUE"""),"Positive") -> Positive | I28: =IFERROR(__xludf.DUMMYFUNCTION("""COMPUTED_VALUE"""),44579.0) -> 44579 | J28: =IFERROR(__xludf.DUMMYFUNCTION("""COMPUTED_VALUE"""),0.5015856481481481) -> 0.50158565 | N28: =IFERROR(__xludf.DUMMYFUNCTION("""COMPUTED_VALUE"""),1.0) -> 1 | O28: =IFERROR(__xludf.DUMMYFUNCTION("""COMPUTED_VALUE"""),175.0) -> 175 | P28: {=INDEX(postDEL!$A$2:$AR1340,$O28,40)} -> BEND245933 | Q28: {=IF($N28>1, INDEX(postDEL!$A$2:$AR1340,$O28+1,40),IFERROR(0/0,""))} | R28: {=IF($N28>2, INDEX(postDEL!$A$2:$AR1340,$O28+2,40),IFERROR(0/0,""))} | S28: {=IF($N28>3, INDEX(postDEL!$A$2:$AR1340,$O28+3,40),IFERROR(0/0,""))} | U28: FALSE | V28: =IF(COUNTIF($P$2:$P$74,P28)=1,"-",IF(COUNTIF($P$2:P28,P28)=1,"1st",TRUE)) -> 1st | W28: TRUE | X28: TRUE
A29: =IFERROR(__xludf.DUMMYFUNCTION("""COMPUTED_VALUE"""),"MA1186") -> MA1186 | B29: =IFERROR(__xludf.DUMMYFUNCTION("""COMPUTED_VALUE"""),44575.0) -> 44575 | C29: =IFERROR(__xludf.DUMMYFUNCTION("""COMPUTED_VALUE"""),0.3400578703703704) -> 0.34005787 | D29: =IFERROR(__xludf.DUMMYFUNCTION("""COMPUTED_VALUE"""),"SpBEND302553") -> SpBEND302553 | G29: =IFERROR(__xludf.DUMMYFUNCTION("""COMPUTED_VALUE"""),"Positive") -> Positive | H29: =IFERROR(__xludf.DUMMYFUNCTION("""COMPUTED_VALUE"""),"Positive") -> Positive | I29: =IFERROR(__xludf.DUMMYFUNCTION("""COMPUTED_VALUE"""),44579.0) -> 44579 | J29: =IFERROR(__xludf.DUMMYFUNCTION("""COMPUTED_VALUE"""),0.5015856481481481) -> 0.50158565 | N29: =IFERROR(__xludf.DUMMYFUNCTION("""COMPUTED_VALUE"""),1.0) -> 1 | O29: =IFERROR(__xludf.DUMMYFUNCTION("""COMPUTED_VALUE"""),177.0) -> 177 | P29: {=INDEX(postDEL!$A$2:$AR1340,$O29,40)} -> BEND455768 | Q29: {=IF($N29>1, INDEX(postDEL!$A$2:$AR1340,$O29+1,40),IFERROR(0/0,""))} | R29: {=IF($N29>2, INDEX(postDEL!$A$2:$AR1340,$O29+2,40),IFERROR(0/0,""))} | S29: {=IF($N29>3, INDEX(postDEL!$A$2:$AR1340,$O29+3,40),IFERROR(0/0,""))} | U29: FALSE | V29: =IF(COUNTIF($P$2:$P$74,P29)=1,"-",IF(COUNTIF($P$2:P29,P29)=1,"1st",TRUE)) -> 1st | W29: TRUE | X29: TRUE
A30: =IFERROR(__xludf.DUMMYFUNCTION("""COMPUTED_VALUE"""),"MAX110") -> MAX110 | B30: =IFERROR(__xludf.DUMMYFUNCTION("""COMPUTED_VALUE"""),44575.0) -> 44575 | C30: =IFERROR(__xludf.DUMMYFUNCTION("""COMPUTED_VALUE"""),0.3859722222222222) -> 0.38597222 | D30: =IFERROR(__xludf.DUMMYFUNCTION("""COMPUTED_VALUE"""),"SpBEND394154") -> SpBEND394154 | G30: =IFERROR(__xludf.DUMMYFUNCTION("""COMPUTED_VALUE"""),"Positive") -> Positive | H30: =IFERROR(__xludf.DUMMYFUNCTION("""COMPUTED_VALUE"""),"Positive") -> Positive | I30: =IFERROR(__xludf.DUMMYFUNCTION("""COMPUTED_VALUE"""),44579.0) -> 44579 | J30: =IFERROR(__xludf.DUMMYFUNCTION("""COMPUTED_VALUE"""),0.5015856481481481) -> 0.50158565 | N30: =IFERROR(__xludf.DUMMYFUNCTION("""COMPUTED_VALUE"""),1.0) -> 1 | O30: =IFERROR(__xludf.DUMMYFUNCTION("""COMPUTED_VALUE"""),182.0) -> 182 | P30: {=INDEX(postDEL!$A$2:$AR1340,$O30,40)} -> BEND530620 | Q30: {=IF($N30>1, INDEX(postDEL!$A$2:$AR1340,$O30+1,40),IFERROR(0/0,""))} | R30: {=IF($N30>2, INDEX(postDEL!$A$2:$AR1340,$O30+2,40),IFERROR(0/0,""))} | S30: {=IF($N30>3, INDEX(postDEL!$A$2:$AR1340,$O30+3,40),IFERROR(0/0,""))} | U30: FALSE | V30: =IF(COUNTIF($P$2:$P$74,P30)=1,"-",IF(COUNTIF($P$2:P30,P30)=1,"1st",TRUE)) -> TRUE | W30: TRUE | X30: TRUE
A31: =IFERROR(__xludf.DUMMYFUNCTION("""COMPUTED_VALUE"""),"MA1058") -> MA1058 | B31: =IFERROR(__xludf.DUMMYFUNCTION("""COMPUTED_VALUE"""),44575.0) -> 44575 | C31: =IFERROR(__xludf.DUMMYFUNCTION("""COMPUTED_VALUE"""),0.38623842592592594) -> 0.38623843 | D31: =IFERROR(__xludf.DUMMYFUNCTION("""COMPUTED_VALUE"""),"SpBEND394154") -> SpBEND394154 | G31: =IFERROR(__xludf.DUMMYFUNCTION("""COMPUTED_VALUE"""),"Positive") -> Positive | H31: =IFERROR(__xludf.DUMMYFUNCTION("""COMPUTED_VALUE"""),"Positive") -> Positive | I31: =IFERROR(__xludf.DUMMYFUNCTION("""COMPUTED_VALUE"""),44579.0) -> 44579 | J31: =IFERROR(__xludf.DUMMYFUNCTION("""COMPUTED_VALUE"""),0.5015856481481481) -> 0.50158565 | L31: =IFERROR(__xludf.DUMMYFUNCTION("""COMPUTED_VALUE"""),"RT Jan26 nothing else seems off so conclude it's 2 swabs from the same person. OLD NOTE: review - same person, positive twice on same day") -> RT Jan26 nothing else seems off so conclude it's 2 swabs from the same person. OLD NOTE: review - same person, positive twice on same day | N31: =IFERROR(__xludf.DUMMYFUNCTION("""COMPUTED_VALUE"""),1.0) -> 1 | O31: =IFERROR(__xludf.DUMMYFUNCTION("""COMPUTED_VALUE"""),183.0) -> 183 | P31: {=INDEX(postDEL!$A$2:$AR1340,$O31,40)} -> BEND219153 | Q31: {=IF($N31>1, INDEX(postDEL!$A$2:$AR1340,$O31+1,40),IFERROR(0/0,""))} | R31: {=IF($N31>2, INDEX(postDEL!$A$2:$AR1340,$O31+2,40),IFERROR(0/0,""))} | S31: {=IF($N31>3, INDEX(postDEL!$A$2:$AR1340,$O31+3,40),IFERROR(0/0,""))} | U31: FALSE | V31: =IF(COUNTIF($P$2:$P$74,P31)=1,"-",IF(COUNTIF($P$2:P31,P31)=1,"1st",TRUE)) -> TRUE | W31: TRUE | X31: TRUE
A32: =IFERROR(__xludf.DUMMYFUNCTION("""COMPUTED_VALUE"""),"MAX84") -> MAX84 | B32: =IFERROR(__xludf.DUMMYFUNCTION("""COMPUTED_VALUE"""),44575.0) -> 44575 | C32: =IFERROR(__xludf.DUMMYFUNCTION("""COMPUTED_VALUE"""),0.3866550925925926) -> 0.38665509 | D32: =IFERROR(__xludf.DUMMYFUNCTION("""COMPUTED_VALUE"""),"SpBEND394154") -> SpBEND394154 | G32: =IFERROR(__xludf.DUMMYFUNCTION("""COMPUTED_VALUE"""),"Positive") -> Positive | H32: =IFERROR(__xludf.DUMMYFUNCTION("""COMPUTED_VALUE"""),"Positive") -> Positive | I32: =IFERROR(__xludf.DUMMYFUNCTION("""COMPUTED_VALUE"""),44579.0) -> 44579 | J32: =IFERROR(__xludf.DUMMYFUNCTION("""COMPUTED_VALUE"""),0.5015856481481481) -> 0.50158565 | L32: =IFERROR(__xludf.DUMMYFUNCTION("""COMPUTED_VALUE"""),"RT Jan26 nothing else seems off so conclude it's 2 swabs from the same person. OLD NOTE: review - same person, positive twice on same day") -> RT Jan26 nothing else seems off so conclude it's 2 swabs from the same person. OLD NOTE: review - same person, positive twice on same day | N32: =IFERROR(__xludf.DUMMYFUNCTION("""COMPUTED_VALUE"""),1.0) -> 1 | O32: =IFERROR(__xludf.DUMMYFUNCTION("""COMPUTED_VALUE"""),184.0) -> 184 | P32: {=INDEX(postDEL!$A$2:$AR1340,$O32,40)} -> BEND219153 | Q32: {=IF($N32>1, INDEX(postDEL!$A$2:$AR1340,$O32+1,40),IFERROR(0/0,""))} | R32: {=IF($N32>2, INDEX(postDEL!$A$2:$AR1340,$O32+2,40),IFERROR(0/0,""))} | S32: {=IF($N32>3, INDEX(postDEL!$A$2:$AR1340,$O32+3,40),IFERROR(0/0,""))} | U32: FALSE | V32: =IF(COUNTIF($P$2:$P$74,P32)=1,"-",IF(COUNTIF($P$2:P32,P32)=1,"1st",TRUE)) -> TRUE | W32: TRUE | X32: TRUE
A33: =IFERROR(__xludf.DUMMYFUNCTION("""COMPUTED_VALUE"""),"MA655") -> MA655 | B33: =IFERROR(__xludf.DUMMYFUNCTION("""COMPUTED_VALUE"""),44579.0) -> 44579 | C33: =IFERROR(__xludf.DUMMYFUNCTION("""COMPUTED_VALUE"""),0.32251157407407405) -> 0.32251157 | D33: =IFERROR(__xludf.DUMMYFUNCTION("""COMPUTED_VALUE"""),"SpBEND184203") -> SpBEND184203 | G33: =IFERROR(__xludf.DUMMYFUNCTION("""COMPUTED_VALUE"""),"Positive") -> Positive | H33: =IFERROR(__xludf.DUMMYFUNCTION("""COMPUTED_VALUE"""),"Positive") -> Positive | I33: =IFERROR(__xludf.DUMMYFUNCTION("""COMPUTED_VALUE"""),44579.0) -> 44579 | J33: =IFERROR(__xludf.DUMMYFUNCTION("""COMPUTED_VALUE"""),0.5015972222222222) -> 0.50159722 | N33: =IFERROR(__xludf.DUMMYFUNCTION("""COMPUTED_VALUE"""),1.0) -> 1 | O33: =IFERROR(__xludf.DUMMYFUNCTION("""COMPUTED_VALUE"""),193.0) -> 193 | P33: {=INDEX(postDEL!$A$2:$AR1340,$O33,40)} -> BEND821009 | Q33: {=IF($N33>1, INDEX(postDEL!$A$2:$AR1340,$O33+1,40),IFERROR(0/0,""))} | R33: {=IF($N33>2, INDEX(postDEL!$A$2:$AR1340,$O33+2,40),IFERROR(0/0,""))} | S33: {=IF($N33>3, INDEX(postDEL!$A$2:$AR1340,$O33+3,40),IFERROR(0/0,""))} | U33: FALSE | V33: =IF(COUNTIF($P$2:$P$74,P33)=1,"-",IF(COUNTIF($P$2:P33,P33)=1,"1st",TRUE)) -> - | W33: TRUE | X33: TRUE
A34: =IFERROR(__xludf.DUMMYFUNCTION("""COMPUTED_VALUE"""),"MAX68") -> MAX68 | B34: =IFERROR(__xludf.DUMMYFUNCTION("""COMPUTED_VALUE"""),44579.0) -> 44579 | C34: =IFERROR(__xludf.DUMMYFUNCTION("""COMPUTED_VALUE"""),0.33091435185185186) -> 0.33091435 | D34: =IFERROR(__xludf.DUMMYFUNCTION("""COMPUTED_VALUE"""),"SpBEND845568") -> SpBEND845568 | G34: =IFERROR(__xludf.DUMMYFUNCTION("""COMPUTED_VALUE"""),"Positive") -> Positive | H34: =IFERROR(__xludf.DUMMYFUNCTION("""COMPUTED_VALUE"""),"Positive") -> Positive | I34: =IFERROR(__xludf.DUMMYFUNCTION("""COMPUTED_VALUE"""),44579.0) -> 44579 | J34: =IFERROR(__xludf.DUMMYFUNCTION("""COMPUTED_VALUE"""),0.5015972222222222) -> 0.50159722 | N34: =IFERROR(__xludf.DUMMYFUNCTION("""COMPUTED_VALUE"""),1.0) -> 1 | O34: =IFERROR(__xludf.DUMMYFUNCTION("""COMPUTED_VALUE"""),198.0) -> 198 | P34: {=INDEX(postDEL!$A$2:$AR1340,$O34,40)} -> BEND601151 | Q34: {=IF($N34>1, INDEX(postDEL!$A$2:$AR1340,$O34+1,40),IFERROR(0/0,""))} | R34: {=IF($N34>2, INDEX(postDEL!$A$2:$AR1340,$O34+2,40),IFERROR(0/0,""))} | S34: {=IF($N34>3, INDEX(postDEL!$A$2:$AR1340,$O34+3,40),IFERROR(0/0,""))} | U34: FALSE | V34: =IF(COUNTIF($P$2:$P$74,P34)=1,"-",IF(COUNTIF($P$2:P34,P34)=1,"1st",TRUE)) -> 1st | W34: TRUE | X34: TRUE
A35: =IFERROR(__xludf.DUMMYFUNCTION("""COMPUTED_VALUE"""),"MAX44") -> MAX44 | B35: =IFERROR(__xludf.DUMMYFUNCTION("""COMPUTED_VALUE"""),44579.0) -> 44579 | C35: =IFERROR(__xludf.DUMMYFUNCTION("""COMPUTED_VALUE"""),0.40466435185185184) -> 0.40466435 | D35: =IFERROR(__xludf.DUMMYFUNCTION("""COMPUTED_VALUE"""),"SpBEND198321") -> SpBEND198321 | G35: =IFERROR(__xludf.DUMMYFUNCTION("""COMPUTED_VALUE"""),"Positive") -> Positive | H35: =IFERROR(__xludf.DUMMYFUNCTION("""COMPUTED_VALUE"""),"Positive") -> Positive | I35: =IFERROR(__xludf.DUMMYFUNCTION("""COMPUTED_VALUE"""),44579.0) -> 44579 | J35: =IFERROR(__xludf.DUMMYFUNCTION("""COMPUTED_VALUE"""),0.5015972222222222) -> 0.50159722 | N35: =IFERROR(__xludf.DUMMYFUNCTION("""COMPUTED_VALUE"""),1.0) -> 1 | O35: =IFERROR(__xludf.DUMMYFUNCTION("""COMPUTED_VALUE"""),213.0) -> 213 | P35: {=INDEX(postDEL!$A$2:$AR1340,$O35,40)} -> BEND772881 | Q35: {=IF($N35>1, INDEX(postDEL!$A$2:$AR1340,$O35+1,40),IFERROR(0/0,""))} | R35: {=IF($N35>2, INDEX(postDEL!$A$2:$AR1340,$O35+2,40),IFERROR(0/0,""))} | S35: {=IF($N35>3, INDEX(postDEL!$A$2:$AR1340,$O35+3,40),IFERROR(0/0,""))} | U35: FALSE | V35: =IF(COUNTIF($P$2:$P$74,P35)=1,"-",IF(COUNTIF($P$2:P35,P35)=1,"1st",TRUE)) -> TRUE | W35: TRUE | X35: TRUE
A36: =IFERROR(__xludf.DUMMYFUNCTION("""COMPUTED_VALUE"""),"MA422") -> MA422 | B36: =IFERROR(__xludf.DUMMYFUNCTION("""COMPUTED_VALUE"""),44579.0) -> 44579 | C36: =IFERROR(__xludf.DUMMYFUNCTION("""COMPUTED_VALUE"""),0.41333333333333333) -> 0.41333333 | D36: =IFERROR(__xludf.DUMMYFUNCTION("""COMPUTED_VALUE"""),"SpBEND394154") -> SpBEND394154 | G36: =IFERROR(__xludf.DUMMYFUNCTION("""COMPUTED_VALUE"""),"Positive") -> Positive | H36: =IFERROR(__xludf.DUMMYFUNCTION("""COMPUTED_VALUE"""),"Positive") -> Positive | I36: =IFERROR(__xludf.DUMMYFUNCTION("""COMPUTED_VALUE"""),44579.0) -> 44579 | J36: =IFERROR(__xludf.DUMMYFUNCTION("""COMPUTED_VALUE"""),0.5015972222222222) -> 0.50159722 | N36: =IFERROR(__xludf.DUMMYFUNCTION("""COMPUTED_VALUE"""),1.0) -> 1 | O36: =IFERROR(__xludf.DUMMYFUNCTION("""COMPUTED_VALUE"""),215.0) -> 215 | P36: {=INDEX(postDEL!$A$2:$AR1340,$O36,40)} -> BEND689884 | Q36: {=IF($N36>1, INDEX(postDEL!$A$2:$AR1340,$O36+1,40),IFERROR(0/0,""))} | R36: {=IF($N36>2, INDEX(postDEL!$A$2:$AR1340,$O36+2,40),IFERROR(0/0,""))} | S36: {=IF($N36>3, INDEX(postDEL!$A$2:$AR1340,$O36+3,40),IFERROR(0/0,""))} | U36: FALSE | V36: =IF(COUNTIF($P$2:$P$74,P36)=1,"-",IF(COUNTIF($P$2:P36,P36)=1,"1st",TRUE)) -> - | W36: TRUE | X36: TRUE
A37: =IFERROR(__xludf.DUMMYFUNCTION("""COMPUTED_VALUE"""),"MA1146") -> MA1146 | B37: =IFERROR(__xludf.DUMMYFUNCTION("""COMPUTED_VALUE"""),44579.0) -> 44579 | C37: =IFERROR(__xludf.DUMMYFUNCTION("""COMPUTED_VALUE"""),0.41368055555555555) -> 0.41368056 | D37: =IFERROR(__xludf.DUMMYFUNCTION("""COMPUTED_VALUE"""),"SpBEND394154") -> SpBEND394154 | G37: =IFERROR(__xludf.DUMMYFUNCTION("""COMPUTED_VALUE"""),"Positive") -> Positive | H37: =IFERROR(__xludf.DUMMYFUNCTION("""COMPUTED_VALUE"""),"Positive") -> Positive | I37: =IFERROR(__xludf.DUMMYFUNCTION("""COMPUTED_VALUE"""),44579.0) -> 44579 | J37: =IFERROR(__xludf.DUMMYFUNCTION("""COMPUTED_VALUE"""),0.5015972222222222) -> 0.50159722 | N37: =IFERROR(__xludf.DUMMYFUNCTION("""COMPUTED_VALUE"""),1.0) -> 1 | O37: =IFERROR(__xludf.DUMMYFUNCTION("""COMPUTED_VALUE"""),216.0) -> 216 | P37: {=INDEX(postDEL!$A$2:$AR1340,$O37,40)} -> BEND278730 | Q37: {=IF($N37>1, INDEX(postDEL!$A$2:$AR1340,$O37+1,40),IFERROR(0/0,""))} | R37: {=IF($N37>2, INDEX(postDEL!$A$2:$AR1340,$O37+2,40),IFERROR(0/0,""))} | S37: {=IF($N37>3, INDEX(postDEL!$A$2:$AR1340,$O37+3,40),IFERROR(0/0,""))} | U37: FALSE | V37: =IF(COUNTIF($P$2:$P$74,P37)=1,"-",IF(COUNTIF($P$2:P37,P37)=1,"1st",TRUE)) -> - | W37: TRUE | X37: TRUE
A38: =IFERROR(__xludf.DUMMYFUNCTION("""COMPUTED_VALUE"""),"MA1162") -> MA1162 | B38: =IFERROR(__xludf.DUMMYFUNCTION("""COMPUTED_VALUE"""),44579.0) -> 44579 | C38: =IFERROR(__xludf.DUMMYFUNCTION("""COMPUTED_VALUE"""),0.4140740740740741) -> 0.41407407 | D38: =IFERROR(__xludf.DUMMYFUNCTION("""COMPUTED_VALUE"""),"SpBEND394154") -> SpBEND394154 | G38: =IFERROR(__xludf.DUMMYFUNCTION("""COMPUTED_VALUE"""),"Positive") -> Positive | H38: =IFERROR(__xludf.DUMMYFUNCTION("""COMPUTED_VALUE"""),"Positive") -> Positive | I38: =IFERROR(__xludf.DUMMYFUNCTION("""COMPUTED_VALUE"""),44579.0) -> 44579 | J38: =IFERROR(__xludf.DUMMYFUNCTION("""COMPUTED_VALUE"""),0.5015972222222222) -> 0.50159722 | N38: =IFERROR(__xludf.DUMMYFUNCTION("""COMPUTED_VALUE"""),1.0) -> 1 | O38: =IFERROR(__xludf.DUMMYFUNCTION("""COMPUTED_VALUE"""),217.0) -> 217 | P38: {=INDEX(postDEL!$A$2:$AR1340,$O38,40)} -> BEND182231 | Q38: {=IF($N38>1, INDEX(postDEL!$A$2:$AR1340,$O38+1,40),IFERROR(0/0,""))} | R38: {=IF($N38>2, INDEX(postDEL!$A$2:$AR1340,$O38+2,40),IFERROR(0/0,""))} | S38: {=IF($N38>3, INDEX(postDEL!$A$2:$AR1340,$O38+3,40),IFERROR(0/0,""))} | U38: FALSE | V38: =IF(COUNTIF($P$2:$P$74,P38)=1,"-",IF(COUNTIF($P$2:P38,P38)=1,"1st",TRUE)) -> - | W38: TRUE | X38: TRUE
A39: =IFERROR(__xludf.DUMMYFUNCTION("""COMPUTED_VALUE"""),"MA547") -> MA547 | B39: =IFERROR(__xludf.DUMMYFUNCTION("""COMPUTED_VALUE"""),44579.0) -> 44579 | C39: =IFERROR(__xludf.DUMMYFUNCTION("""COMPUTED_VALUE"""),0.41445601851851854) -> 0.41445602 | D39: =IFERROR(__xludf.DUMMYFUNCTION("""COMPUTED_VALUE"""),"SpBEND394154") -> SpBEND394154 | G39: =IFERROR(__xludf.DUMMYFUNCTION("""COMPUTED_VALUE"""),"Positive") -> Positive | H39: =IFERROR(__xludf.DUMMYFUNCTION("""COMPUTED_VALUE"""),"Positive") -> Positive | I39: =IFERROR(__xludf.DUMMYFUNCTION("""COMPUTED_VALUE"""),44579.0) -> 44579 | J39: =IFERROR(__xludf.DUMMYFUNCTION("""COMPUTED_VALUE"""),0.5015972222222222) -> 0.50159722 | N39: =IFERROR(__xludf.DUMMYFUNCTION("""COMPUTED_VALUE"""),1.0) -> 1 | O39: =IFERROR(__xludf.DUMMYFUNCTION("""COMPUTED_VALUE"""),218.0) -> 218 | P39: {=INDEX(postDEL!$A$2:$AR1340,$O39,40)} -> BEND397882 | Q39: {=IF($N39>1, INDEX(postDEL!$A$2:$AR1340,$O39+1,40),IFERROR(0/0,""))} | R39: {=IF($N39>2, INDEX(postDEL!$A$2:$AR1340,$O39+2,40),IFERROR(0/0,""))} | S39: {=IF($N39>3, INDEX(postDEL!$A$2:$AR1340,$O39+3,40),IFERROR(0/0,""))} | U39: FALSE | V39: =IF(COUNTIF($P$2:$P$74,P39)=1,"-",IF(COUNTIF($P$2:P39,P39)=1,"1st",TRUE)) -> - | W39: TRUE | X39: TRUE
A40: =IFERROR(__xludf.DUMMYFUNCTION("""COMPUTED_VALUE"""),"MA1037") -> MA1037 | B40: =IFERROR(__xludf.DUMMYFUNCTION("""COMPUTED_VALUE"""),44579.0) -> 44579 | C40: =IFERROR(__xludf.DUMMYFUNCTION("""COMPUTED_VALUE"""),0.4153472222222222) -> 0.41534722 | D40: =IFERROR(__xludf.DUMMYFUNCTION("""COMPUTED_VALUE"""),"SpBEND394154") -> SpBEND394154 | G40: =IFERROR(__xludf.DUMMYFUNCTION("""COMPUTED_VALUE"""),"Positive") -> Positive | H40: =IFERROR(__xludf.DUMMYFUNCTION("""COMPUTED_VALUE"""),"Positive") -> Positive | I40: =IFERROR(__xludf.DUMMYFUNCTION("""COMPUTED_VALUE"""),44579.0) -> 44579 | J40: =IFERROR(__xludf.DUMMYFUNCTION("""COMPUTED_VALUE"""),0.5015972222222222) -> 0.50159722 | N40: =IFERROR(__xludf.DUMMYFUNCTION("""COMPUTED_VALUE"""),1.0) -> 1 | O40: =IFERROR(__xludf.DUMMYFUNCTION("""COMPUTED_VALUE"""),219.0) -> 219 | P40: {=INDEX(postDEL!$A$2:$AR1340,$O40,40)} -> BEND839924 | Q40: {=IF($N40>1, INDEX(postDEL!$A$2:$AR1340,$O40+1,40),IFERROR(0/0,""))} | R40: {=IF($N40>2, INDEX(postDEL!$A$2:$AR1340,$O40+2,40),IFERROR(0/0,""))} | S40: {=IF($N40>3, INDEX(postDEL!$A$2:$AR1340,$O40+3,40),IFERROR(0/0,""))} | U40: FALSE | V40: =IF(COUNTIF($P$2:$P$74,P40)=1,"-",IF(COUNTIF($P$2:P40,P40)=1,"1st",TRUE)) -> - | W40: TRUE | X40: TRUE
A41: =IFERROR(__xludf.DUMMYFUNCTION("""COMPUTED_VALUE"""),"MA446") -> MA446 | B41: =IFERROR(__xludf.DUMMYFUNCTION("""COMPUTED_VALUE"""),44579.0) -> 44579 | C41: =IFERROR(__xludf.DUMMYFUNCTION("""COMPUTED_VALUE"""),0.4159259259259259) -> 0.41592593 | D41: =IFERROR(__xludf.DUMMYFUNCTION("""COMPUTED_VALUE"""),"SpBEND394154") -> SpBEND394154 | G41: =IFERROR(__xludf.DUMMYFUNCTION("""COMPUTED_VALUE"""),"Positive") -> Positive | H41: =IFERROR(__xludf.DUMMYFUNCTION("""COMPUTED_VALUE"""),"Positive") -> Positive | I41: =IFERROR(__xludf.DUMMYFUNCTION("""COMPUTED_VALUE"""),44579.0) -> 44579 | J41: =IFERROR(__xludf.DUMMYFUNCTION("""COMPUTED_VALUE"""),0.5015972222222222) -> 0.50159722 | N41: =IFERROR(__xludf.DUMMYFUNCTION("""COMPUTED_VALUE"""),1.0) -> 1 | O41: =IFERROR(__xludf.DUMMYFUNCTION("""COMPUTED_VALUE"""),220.0) -> 220 | P41: {=INDEX(postDEL!$A$2:$AR1340,$O41,40)} -> BEND949070 | Q41: {=IF($N41>1, INDEX(postDEL!$A$2:$AR1340,$O41+1,40),IFERROR(0/0,""))} | R41: {=IF($N41>2, INDEX(postDEL!$A$2:$AR1340,$O41+2,40),IFERROR(0/0,""))} | S41: {=IF($N41>3, INDEX(postDEL!$A$2:$AR1340,$O41+3,40),IFERROR(0/0,""))} | U41: FALSE | V41: =IF(COUNTIF($P$2:$P$74,P41)=1,"-",IF(COUNTIF($P$2:P41,P41)=1,"1st",TRUE)) -> TRUE | W41: TRUE | X41: TRUE
A42: =IFERROR(__xludf.DUMMYFUNCTION("""COMPUTED_VALUE"""),"MA1115") -> MA1115 | B42: =IFERROR(__xludf.DUMMYFUNCTION("""COMPUTED_VALUE"""),44580.0) -> 44580 | C42: =IFERROR(__xludf.DUMMYFUNCTION("""COMPUTED_VALUE"""),0.3460648148148148) -> 0.34606481 | D42: =IFERROR(__xludf.DUMMYFUNCTION("""COMPUTED_VALUE"""),"SpBEND708976") -> SpBEND708976 | G42: =IFERROR(__xludf.DUMMYFUNCTION("""COMPUTED_VALUE"""),"Positive") -> Positive | H42: =IFERROR(__xludf.DUMMYFUNCTION("""COMPUTED_VALUE"""),"Positive") -> Positive | I42: =IFERROR(__xludf.DUMMYFUNCTION("""COMPUTED_VALUE"""),44580.0) -> 44580 | J42: =IFERROR(__xludf.DUMMYFUNCTION("""COMPUTED_VALUE"""),0.5073611111111112) -> 0.50736111 | N42: =IFERROR(__xludf.DUMMYFUNCTION("""COMPUTED_VALUE"""),1.0) -> 1 | O42: =IFERROR(__xludf.DUMMYFUNCTION("""COMPUTED_VALUE"""),224.0) -> 224 | P42: {=INDEX(postDEL!$A$2:$AR1340,$O42,40)} -> BEND525784 | Q42: {=IF($N42>1, INDEX(postDEL!$A$2:$AR1340,$O42+1,40),IFERROR(0/0,""))} | R42: {=IF($N42>2, INDEX(postDEL!$A$2:$AR1340,$O42+2,40),IFERROR(0/0,""))} | S42: {=IF($N42>3, INDEX(postDEL!$A$2:$AR1340,$O42+3,40),IFERROR(0/0,""))} | U42: FALSE | V42: =IF(COUNTIF($P$2:$P$74,P42)=1,"-",IF(COUNTIF($P$2:P42,P42)=1,"1st",TRUE)) -> 1st | W42: TRUE | X42: TRUE
A43: =IFERROR(__xludf.DUMMYFUNCTION("""COMPUTED_VALUE"""),"MA383") -> MA383 | B43: =IFERROR(__xludf.DUMMYFUNCTION("""COMPUTED_VALUE"""),44580.0) -> 44580 | C43: =IFERROR(__xludf.DUMMYFUNCTION("""COMPUTED_VALUE"""),0.41456018518518517) -> 0.41456019 | D43: =IFERROR(__xludf.DUMMYFUNCTION("""COMPUTED_VALUE"""),"SpBEND394154") -> SpBEND394154 | G43: =IFERROR(__xludf.DUMMYFUNCTION("""COMPUTED_VALUE"""),"Positive") -> Positive | H43: =IFERROR(__xludf.DUMMYFUNCTION("""COMPUTED_VALUE"""),"Positive") -> Positive | I43: =IFERROR(__xludf.DUMMYFUNCTION("""COMPUTED_VALUE"""),44580.0) -> 44580 | J43: =IFERROR(__xludf.DUMMYFUNCTION("""COMPUTED_VALUE"""),0.5073611111111112) -> 0.50736111 | N43: =IFERROR(__xludf.DUMMYFUNCTION("""COMPUTED_VALUE"""),1.0) -> 1 | O43: =IFERROR(__xludf.DUMMYFUNCTION("""COMPUTED_VALUE"""),227.0) -> 227 | P43: {=INDEX(postDEL!$A$2:$AR1340,$O43,40)} -> BEND304589 | Q43: {=IF($N43>1, INDEX(postDEL!$A$2:$AR1340,$O43+1,40),IFERROR(0/0,""))} | R43: {=IF($N43>2, INDEX(postDEL!$A$2:$AR1340,$O43+2,40),IFERROR(0/0,""))} | S43: {=IF($N43>3, INDEX(postDEL!$A$2:$AR1340,$O43+3,40),IFERROR(0/0,""))} | U43: FALSE | V43: =IF(COUNTIF($P$2:$P$74,P43)=1,"-",IF(COUNTIF($P$2:P43,P43)=1,"1st",TRUE)) -> 1st | W43: TRUE | X43: TRUE
A44: =IFERROR(__xludf.DUMMYFUNCTION("""COMPUTED_VALUE"""),"MA372") -> MA372 | B44: =IFERROR(__xludf.DUMMYFUNCTION("""COMPUTED_VALUE"""),44580.0) -> 44580 | C44: =IFERROR(__xludf.DUMMYFUNCTION("""COMPUTED_VALUE"""),0.415) -> 0.415 | D44: =IFERROR(__xludf.DUMMYFUNCTION("""COMPUTED_VALUE"""),"SpBEND394154") -> SpBEND394154 | G44: =IFERROR(__xludf.DUMMYFUNCTION("""COMPUTED_VALUE"""),"Positive") -> Positive | H44: =IFERROR(__xludf.DUMMYFUNCTION("""COMPUTED_VALUE"""),"Positive") -> Positive | I44: =IFERROR(__xludf.DUMMYFUNCTION("""COMPUTED_VALUE"""),44580.0) -> 44580 | J44: =IFERROR(__xludf.DUMMYFUNCTION("""COMPUTED_VALUE"""),0.5073726851851852) -> 0.50737269 | N44: =IFERROR(__xludf.DUMMYFUNCTION("""COMPUTED_VALUE"""),1.0) -> 1 | O44: =IFERROR(__xludf.DUMMYFUNCTION("""COMPUTED_VALUE"""),228.0) -> 228 | P44: {=INDEX(postDEL!$A$2:$AR1340,$O44,40)} -> BEND151408 | Q44: {=IF($N44>1, INDEX(postDEL!$A$2:$AR1340,$O44+1,40),IFERROR(0/0,""))} | R44: {=IF($N44>2, INDEX(postDEL!$A$2:$AR1340,$O44+2,40),IFERROR(0/0,""))} | S44: {=IF($N44>3, INDEX(postDEL!$A$2:$AR1340,$O44+3,40),IFERROR(0/0,""))} | U44: FALSE | V44: =IF(COUNTIF($P$2:$P$74,P44)=1,"-",IF(COUNTIF($P$2:P44,P44)=1,"1st",TRUE)) -> - | W44: TRUE | X44: TRUE
A45: =IFERROR(__xludf.DUMMYFUNCTION("""COMPUTED_VALUE"""),"MA303") -> MA303 | B45: =IFERROR(__xludf.DUMMYFUNCTION("""COMPUTED_VALUE"""),44580.0) -> 44580 | C45: =IFERROR(__xludf.DUMMYFUNCTION("""COMPUTED_VALUE"""),0.4154398148148148) -> 0.41543981 | D45: =IFERROR(__xludf.DUMMYFUNCTION("""COMPUTED_VALUE"""),"SpBEND394154") -> SpBEND394154 | G45: =IFERROR(__xludf.DUMMYFUNCTION("""COMPUTED_VALUE"""),"Positive") -> Positive | H45: =IFERROR(__xludf.DUMMYFUNCTION("""COMPUTED_VALUE"""),"Positive") -> Positive | I45: =IFERROR(__xludf.DUMMYFUNCTION("""COMPUTED_VALUE"""),44580.0) -> 44580 | J45: =IFERROR(__xludf.DUMMYFUNCTION("""COMPUTED_VALUE"""),0.5073726851851852) -> 0.50737269 | N45: =IFERROR(__xludf.DUMMYFUNCTION("""COMPUTED_VALUE"""),1.0) -> 1 | O45: =IFERROR(__xludf.DUMMYFUNCTION("""COMPUTED_VALUE"""),229.0) -> 229 | P45: {=INDEX(postDEL!$A$2:$AR1340,$O45,40)} -> BEND238338 | Q45: {=IF($N45>1, INDEX(postDEL!$A$2:$AR1340,$O45+1,40),IFERROR(0/0,""))} | R45: {=IF($N45>2, INDEX(postDEL!$A$2:$AR1340,$O45+2,40),IFERROR(0/0,""))} | S45: {=IF($N45>3, INDEX(postDEL!$A$2:$AR1340,$O45+3,40),IFERROR(0/0,""))} | U45: FALSE | V45: =IF(COUNTIF($P$2:$P$74,P45)=1,"-",IF(COUNTIF($P$2:P45,P45)=1,"1st",TRUE)) -> - | W45: TRUE | X45: TRUE
A46: =IFERROR(__xludf.DUMMYFUNCTION("""COMPUTED_VALUE"""),"MAX76") -> MAX76 | B46: =IFERROR(__xludf.DUMMYFUNCTION("""COMPUTED_VALUE"""),44580.0) -> 44580 | C46: =IFERROR(__xludf.DUMMYFUNCTION("""COMPUTED_VALUE"""),0.43203703703703705) -> 0.43203704 | D46: =IFERROR(__xludf.DUMMYFUNCTION("""COMPUTED_VALUE"""),"SpBEND394154") -> SpBEND394154 | G46: =IFERROR(__xludf.DUMMYFUNCTION("""COMPUTED_VALUE"""),"Positive") -> Positive | H46: =IFERROR(__xludf.DUMMYFUNCTION("""COMPUTED_VALUE"""),"Positive") -> Positive | I46: =IFERROR(__xludf.DUMMYFUNCTION("""COMPUTED_VALUE"""),44580.0) -> 44580 | J46: =IFERROR(__xludf.DUMMYFUNCTION("""COMPUTED_VALUE"""),0.5073726851851852) -> 0.50737269 | N46: =IFERROR(__xludf.DUMMYFUNCTION("""COMPUTED_VALUE"""),1.0) -> 1 | O46: =IFERROR(__xludf.DUMMYFUNCTION("""COMPUTED_VALUE"""),231.0) -> 231 | P46: {=INDEX(postDEL!$A$2:$AR1340,$O46,40)} -> BEND517250 | Q46: {=IF($N46>1, INDEX(postDEL!$A$2:$AR1340,$O46+1,40),IFERROR(0/0,""))} | R46: {=IF($N46>2, INDEX(postDEL!$A$2:$AR1340,$O46+2,40),IFERROR(0/0,""))} | S46: {=IF($N46>3, INDEX(postDEL!$A$2:$AR1340,$O46+3,40),IFERROR(0/0,""))} | U46: FALSE | V46: =IF(COUNTIF($P$2:$P$74,P46)=1,"-",IF(COUNTIF($P$2:P46,P46)=1,"1st",TRUE)) -> - | W46: TRUE | X46: TRUE
A47: =IFERROR(__xludf.DUMMYFUNCTION("""COMPUTED_VALUE"""),"MA1252") -> MA1252 | B47: =IFERROR(__xludf.DUMMYFUNCTION("""COMPUTED_VALUE"""),44580.0) -> 44580 | C47: =IFERROR(__xludf.DUMMYFUNCTION("""COMPUTED_VALUE"""),0.4405208333333333) -> 0.44052083 | D47: =IFERROR(__xludf.DUMMYFUNCTION("""COMPUTED_VALUE"""),"SpBEND394154") -> SpBEND394154 | G47: =IFERROR(__xludf.DUMMYFUNCTION("""COMPUTED_VALUE"""),"Positive") -> Positive | H47: =IFERROR(__xludf.DUMMYFUNCTION("""COMPUTED_VALUE"""),"Positive") -> Positive | I47: =IFERROR(__xludf.DUMMYFUNCTION("""COMPUTED_VALUE"""),44580.0) -> 44580 | J47: =IFERROR(__xludf.DUMMYFUNCTION("""COMPUTED_VALUE"""),0.5073726851851852) -> 0.50737269 | N47: =IFERROR(__xludf.DUMMYFUNCTION("""COMPUTED_VALUE"""),1.0) -> 1 | O47: =IFERROR(__xludf.DUMMYFUNCTION("""COMPUTED_VALUE"""),232.0) -> 232 | P47: {=INDEX(postDEL!$A$2:$AR1340,$O47,40)} -> BEND190541 | Q47: {=IF($N47>1, INDEX(postDEL!$A$2:$AR1340,$O47+1,40),IFERROR(0/0,""))} | R47: {=IF($N47>2, INDEX(postDEL!$A$2:$AR1340,$O47+2,40),IFERROR(0/0,""))} | S47: {=IF($N47>3, INDEX(postDEL!$A$2:$AR1340,$O47+3,40),IFERROR(0/0,""))} | U47: FALSE | V47: =IF(COUNTIF($P$2:$P$74,P47)=1,"-",IF(COUNTIF($P$2:P47,P47)=1,"1st",TRUE)) -> 1st | W47: TRUE | X47: TRUE
A48: =IFERROR(__xludf.DUMMYFUNCTION("""COMPUTED_VALUE"""),"MA278") -> MA278 | B48: =IFERROR(__xludf.DUMMYFUNCTION("""COMPUTED_VALUE"""),44581.0) -> 44581 | C48: =IFERROR(__xludf.DUMMYFUNCTION("""COMPUTED_VALUE"""),0.31288194444444445) -> 0.31288194 | D48: =IFERROR(__xludf.DUMMYFUNCTION("""COMPUTED_VALUE"""),"SpBEND302553") -> SpBEND302553 | G48: =IFERROR(__xludf.DUMMYFUNCTION("""COMPUTED_VALUE"""),"Positive") -> Positive | H48: =IFERROR(__xludf.DUMMYFUNCTION("""COMPUTED_VALUE"""),"Positive") -> Positive | I48: =IFERROR(__xludf.DUMMYFUNCTION("""COMPUTED_VALUE"""),44582.0) -> 44582 | J48: =IFERROR(__xludf.DUMMYFUNCTION("""COMPUTED_VALUE"""),0.4883912037037037) -> 0.4883912 | N48: =IFERROR(__xludf.DUMMYFUNCTION("""COMPUTED_VALUE"""),1.0) -> 1 | O48: =IFERROR(__xludf.DUMMYFUNCTION("""COMPUTED_VALUE"""),235.0) -> 235 | P48: {=INDEX(postDEL!$A$2:$AR1340,$O48,40)} -> BEND455768 | Q48: {=IF($N48>1, INDEX(postDEL!$A$2:$AR1340,$O48+1,40),IFERROR(0/0,""))} | R48: {=IF($N48>2, INDEX(postDEL!$A$2:$AR1340,$O48+2,40),IFERROR(0/0,""))} | S48: {=IF($N48>3, INDEX(postDEL!$A$2:$AR1340,$O48+3,40),IFERROR(0/0,""))} | U48: FALSE | V48: =IF(COUNTIF($P$2:$P$74,P48)=1,"-",IF(COUNTIF($P$2:P48,P48)=1,"1st",TRUE)) -> TRUE | W48: TRUE | X48: TRUE
A49: =IFERROR(__xludf.DUMMYFUNCTION("""COMPUTED_VALUE"""),"MAX80") -> MAX80 | B49: =IFERROR(__xludf.DUMMYFUNCTION("""COMPUTED_VALUE"""),44582.0) -> 44582 | C49: =IFERROR(__xludf.DUMMYFUNCTION("""COMPUTED_VALUE"""),0.28474537037037034) -> 0.28474537 | D49: =IFERROR(__xludf.DUMMYFUNCTION("""COMPUTED_VALUE"""),"SpBEND845568") -> SpBEND845568 | G49: =IFERROR(__xludf.DUMMYFUNCTION("""COMPUTED_VALUE"""),"Positive") -> Positive | H49: =IFERROR(__xludf.DUMMYFUNCTION("""COMPUTED_VALUE"""),"Positive") -> Positive | I49: =IFERROR(__xludf.DUMMYFUNCTION("""COMPUTED_VALUE"""),44582.0) -> 44582 | J49: =IFERROR(__xludf.DUMMYFUNCTION("""COMPUTED_VALUE"""),0.4884027777777778) -> 0.48840278 | N49: =IFERROR(__xludf.DUMMYFUNCTION("""COMPUTED_VALUE"""),1.0) -> 1 | O49: =IFERROR(__xludf.DUMMYFUNCTION("""COMPUTED_VALUE"""),237.0) -> 237 | P49: {=INDEX(postDEL!$A$2:$AR1340,$O49,40)} -> BEND601151 | Q49: {=IF($N49>1, INDEX(postDEL!$A$2:$AR1340,$O49+1,40),IFERROR(0/0,""))} | R49: {=IF($N49>2, INDEX(postDEL!$A$2:$AR1340,$O49+2,40),IFERROR(0/0,""))} | S49: {=IF($N49>3, INDEX(postDEL!$A$2:$AR1340,$O49+3,40),IFERROR(0/0,""))} | U49: FALSE | V49: =IF(COUNTIF($P$2:$P$74,P49)=1,"-",IF(COUNTIF($P$2:P49,P49)=1,"1st",TRUE)) -> TRUE | W49: TRUE | X49: TRUE
A50: =IFERROR(__xludf.DUMMYFUNCTION("""COMPUTED_VALUE"""),"MAX89") -> MAX89 | B50: =IFERROR(__xludf.DUMMYFUNCTION("""COMPUTED_VALUE"""),44582.0) -> 44582 | C50: =IFERROR(__xludf.DUMMYFUNCTION("""COMPUTED_VALUE"""),0.28693287037037035) -> 0.28693287 | D50: =IFERROR(__xludf.DUMMYFUNCTION("""COMPUTED_VALUE"""),"SpBEND845568") -> SpBEND845568 | G50: =IFERROR(__xludf.DUMMYFUNCTION("""COMPUTED_VALUE"""),"Positive") -> Positive | H50: =IFERROR(__xludf.DUMMYFUNCTION("""COMPUTED_VALUE"""),"Positive") -> Positive | I50: =IFERROR(__xludf.DUMMYFUNCTION("""COMPUTED_VALUE"""),44582.0) -> 44582 | J50: =IFERROR(__xludf.DUMMYFUNCTION("""COMPUTED_VALUE"""),0.4884027777777778) -> 0.48840278 | N50: =IFERROR(__xludf.DUMMYFUNCTION("""COMPUTED_VALUE"""),1.0) -> 1 | O50: =IFERROR(__xludf.DUMMYFUNCTION("""COMPUTED_VALUE"""),238.0) -> 238 | P50: {=INDEX(postDEL!$A$2:$AR1340,$O50,40)} -> BEND682107 | Q50: {=IF($N50>1, INDEX(postDEL!$A$2:$AR1340,$O50+1,40),IFERROR(0/0,""))} | R50: {=IF($N50>2, INDEX(postDEL!$A$2:$AR1340,$O50+2,40),IFERROR(0/0,""))} | S50: {=IF($N50>3, INDEX(postDEL!$A$2:$AR1340,$O50+3,40),IFERROR(0/0,""))} | U50: FALSE | V50: =IF(COUNTIF($P$2:$P$74,P50)=1,"-",IF(COUNTIF($P$2:P50,P50)=1,"1st",TRUE)) -> 1st | W50: TRUE | X50: TRUE
A51: =IFERROR(__xludf.DUMMYFUNCTION("""COMPUTED_VALUE"""),"MA1047") -> MA1047 | B51: =IFERROR(__xludf.DUMMYFUNCTION("""COMPUTED_VALUE"""),44582.0) -> 44582 | C51: =IFERROR(__xludf.DUMMYFUNCTION("""COMPUTED_VALUE"""),0.3526388888888889) -> 0.35263889 | D51: =IFERROR(__xludf.DUMMYFUNCTION("""COMPUTED_VALUE"""),"SpBEND708976") -> SpBEND708976 | G51: =IFERROR(__xludf.DUMMYFUNCTION("""COMPUTED_VALUE"""),"Positive") -> Positive | H51: =IFERROR(__xludf.DUMMYFUNCTION("""COMPUTED_VALUE"""),"Positive") -> Positive | I51: =IFERROR(__xludf.DUMMYFUNCTION("""COMPUTED_VALUE"""),44582.0) -> 44582 | J51: =IFERROR(__xludf.DUMMYFUNCTION("""COMPUTED_VALUE"""),0.4884027777777778) -> 0.48840278 | N51: =IFERROR(__xludf.DUMMYFUNCTION("""COMPUTED_VALUE"""),1.0) -> 1 | O51: =IFERROR(__xludf.DUMMYFUNCTION("""COMPUTED_VALUE"""),245.0) -> 245 | P51: {=INDEX(postDEL!$A$2:$AR1340,$O51,40)} -> BEND525784 | Q51: {=IF($N51>1, INDEX(postDEL!$A$2:$AR1340,$O51+1,40),IFERROR(0/0,""))} | R51: {=IF($N51>2, INDEX(postDEL!$A$2:$AR1340,$O51+2,40),IFERROR(0/0,""))} | S51: {=IF($N51>3, INDEX(postDEL!$A$2:$AR1340,$O51+3,40),IFERROR(0/0,""))} | U51: FALSE | V51: =IF(COUNTIF($P$2:$P$74,P51)=1,"-",IF(COUNTIF($P$2:P51,P51)=1,"1st",TRUE)) -> TRUE | W51: TRUE | X51: TRUE
A52: =IFERROR(__xludf.DUMMYFUNCTION("""COMPUTED_VALUE"""),"MA305") -> MA305 | B52: =IFERROR(__xludf.DUMMYFUNCTION("""COMPUTED_VALUE"""),44582.0) -> 44582 | C52: =IFERROR(__xludf.DUMMYFUNCTION("""COMPUTED_VALUE"""),0.39038194444444446) -> 0.39038194 | D52: =IFERROR(__xludf.DUMMYFUNCTION("""COMPUTED_VALUE"""),"SpBEND394154") -> SpBEND394154 | G52: =IFERROR(__xludf.DUMMYFUNCTION("""COMPUTED_VALUE"""),"Positive") -> Positive | H52: =IFERROR(__xludf.DUMMYFUNCTION("""COMPUTED_VALUE"""),"Positive") -> Positive | I52: =IFERROR(__xludf.DUMMYFUNCTION("""COMPUTED_VALUE"""),44582.0) -> 44582 | J52: =IFERROR(__xludf.DUMMYFUNCTION("""COMPUTED_VALUE"""),0.4884027777777778) -> 0.48840278 | N52: =IFERROR(__xludf.DUMMYFUNCTION("""COMPUTED_VALUE"""),1.0) -> 1 | O52: =IFERROR(__xludf.DUMMYFUNCTION("""COMPUTED_VALUE"""),246.0) -> 246 | P52: {=INDEX(postDEL!$A$2:$AR1340,$O52,40)} -> BEND281899 | Q52: {=IF($N52>1, INDEX(postDEL!$A$2:$AR1340,$O52+1,40),IFERROR(0/0,""))} | R52: {=IF($N52>2, INDEX(postDEL!$A$2:$AR1340,$O52+2,40),IFERROR(0/0,""))} | S52: {=IF($N52>3, INDEX(postDEL!$A$2:$AR1340,$O52+3,40),IFERROR(0/0,""))} | U52: FALSE | V52: =IF(COUNTIF($P$2:$P$74,P52)=1,"-",IF(COUNTIF($P$2:P52,P52)=1,"1st",TRUE)) -> - | W52: TRUE | X52: TRUE
A53: =IFERROR(__xludf.DUMMYFUNCTION("""COMPUTED_VALUE"""),"MA337") -> MA337 | B53: =IFERROR(__xludf.DUMMYFUNCTION("""COMPUTED_VALUE"""),44582.0) -> 44582 | C53: =IFERROR(__xludf.DUMMYFUNCTION("""COMPUTED_VALUE"""),0.39101851851851854) -> 0.39101852 | D53: =IFERROR(__xludf.DUMMYFUNCTION("""COMPUTED_VALUE"""),"SpBEND394154") -> SpBEND394154 | G53: =IFERROR(__xludf.DUMMYFUNCTION("""COMPUTED_VALUE"""),"Positive") -> Positive | H53: =IFERROR(__xludf.DUMMYFUNCTION("""COMPUTED_VALUE"""),"Positive") -> Positive | I53: =IFERROR(__xludf.DUMMYFUNCTION("""COMPUTED_VALUE"""),44582.0) -> 44582 | J53: =IFERROR(__xludf.DUMMYFUNCTION("""COMPUTED_VALUE"""),0.4884027777777778) -> 0.48840278 | N53: =IFERROR(__xludf.DUMMYFUNCTION("""COMPUTED_VALUE"""),1.0) -> 1 | O53: =IFERROR(__xludf.DUMMYFUNCTION("""COMPUTED_VALUE"""),247.0) -> 247 | P53: {=INDEX(postDEL!$A$2:$AR1340,$O53,40)} -> BEND688166 | Q53: {=IF($N53>1, INDEX(postDEL!$A$2:$AR1340,$O53+1,40),IFERROR(0/0,""))} | R53: {=IF($N53>2, INDEX(postDEL!$A$2:$AR1340,$O53+2,40),IFERROR(0/0,""))} | S53: {=IF($N53>3, INDEX(postDEL!$A$2:$AR1340,$O53+3,40),IFERROR(0/0,""))} | U53: FALSE | V53: =IF(COUNTIF($P$2:$P$74,P53)=1,"-",IF(COUNTIF($P$2:P53,P53)=1,"1st",TRUE)) -> - | W53: TRUE | X53: TRUE
A54: =IFERROR(__xludf.DUMMYFUNCTION("""COMPUTED_VALUE"""),"MA337A") -> MA337A | B54: =IFERROR(__xludf.DUMMYFUNCTION("""COMPUTED_VALUE"""),44582.0) -> 44582 | C54: =IFERROR(__xludf.DUMMYFUNCTION("""COMPUTED_VALUE"""),0.39101851851851854) -> 0.39101852 | D54: =IFERROR(__xludf.DUMMYFUNCTION("""COMPUTED_VALUE"""),"SpBEND394154") -> SpBEND394154 | G54: =IFERROR(__xludf.DUMMYFUNCTION("""COMPUTED_VALUE"""),"Positive") -> Positive | H54: =IFERROR(__xludf.DUMMYFUNCTION("""COMPUTED_VALUE"""),"Positive") -> Positive | I54: =IFERROR(__xludf.DUMMYFUNCTION("""COMPUTED_VALUE"""),44582.0) -> 44582 | J54: =IFERROR(__xludf.DUMMYFUNCTION("""COMPUTED_VALUE"""),0.4884027777777778) -> 0.48840278 | L54: =IFERROR(__xludf.DUMMYFUNCTION("""COMPUTED_VALUE"""),"Duplicate Tube ID has been split into a separate tube but this may be a pure duplication - it is a positive Tube, so we need to give this close scrutiny. Typically if the Participants in a duplicate Tube ID don't appear in any other tube that day, the Tu"&"be is assumed to be a different Tube and assigned an ""x"" (correction code 1.3). But this typically does not happen with a Positive Tube.") -> Duplicate Tube ID has been split into a separate tube but this may be a pure duplication - it is a positive Tube, so we need to give this close scrutiny. Typically if the Participants in a duplicate Tube ID don't appear in any other tube that day, the Tube is assumed to be a different Tube and assigned an "x" (correction code 1.3). But this typically does not happen with a Positive Tube. | N54: =IFERROR(__xludf.DUMMYFUNCTION("""COMPUTED_VALUE"""),1.0) -> 1 | O54: =IFERROR(__xludf.DUMMYFUNCTION("""COMPUTED_VALUE"""),248.0) -> 248 | P54: {=INDEX(postDEL!$A$2:$AR1340,$O54,40)} -> BEND304589 | Q54: {=IF($N54>1, INDEX(postDEL!$A$2:$AR1340,$O54+1,40),IFERROR(0/0,""))} | R54: {=IF($N54>2, INDEX(postDEL!$A$2:$AR1340,$O54+2,40),IFERROR(0/0,""))} | S54: {=IF($N54>3, INDEX(postDEL!$A$2:$AR1340,$O54+3,40),IFERROR(0/0,""))} | U54: FALSE | V54: =IF(COUNTIF($P$2:$P$74,P54)=1,"-",IF(COUNTIF($P$2:P54,P54)=1,"1st",TRUE)) -> TRUE | W54: TRUE | X54: TRUE
A55: =IFERROR(__xludf.DUMMYFUNCTION("""COMPUTED_VALUE"""),"MAX141") -> MAX141 | B55: =IFERROR(__xludf.DUMMYFUNCTION("""COMPUTED_VALUE"""),44582.0) -> 44582 | C55: =IFERROR(__xludf.DUMMYFUNCTION("""COMPUTED_VALUE"""),0.3978009259259259) -> 0.39780093 | D55: =IFERROR(__xludf.DUMMYFUNCTION("""COMPUTED_VALUE"""),"SpBEND980783") -> SpBEND980783 | G55: =IFERROR(__xludf.DUMMYFUNCTION("""COMPUTED_VALUE"""),"Positive") -> Positive | H55: =IFERROR(__xludf.DUMMYFUNCTION("""COMPUTED_VALUE"""),"Positive") -> Positive | I55: =IFERROR(__xludf.DUMMYFUNCTION("""COMPUTED_VALUE"""),44582.0) -> 44582 | J55: =IFERROR(__xludf.DUMMYFUNCTION("""COMPUTED_VALUE"""),0.4884027777777778) -> 0.48840278 | N55: =IFERROR(__xludf.DUMMYFUNCTION("""COMPUTED_VALUE"""),1.0) -> 1 | O55: =IFERROR(__xludf.DUMMYFUNCTION("""COMPUTED_VALUE"""),249.0) -> 249 | P55: {=INDEX(postDEL!$A$2:$AR1340,$O55,40)} -> BEND162474 | Q55: {=IF($N55>1, INDEX(postDEL!$A$2:$AR1340,$O55+1,40),IFERROR(0/0,""))} | R55: {=IF($N55>2, INDEX(postDEL!$A$2:$AR1340,$O55+2,40),IFERROR(0/0,""))} | S55: {=IF($N55>3, INDEX(postDEL!$A$2:$AR1340,$O55+3,40),IFERROR(0/0,""))} | U55: FALSE | V55: =IF(COUNTIF($P$2:$P$74,P55)=1,"-",IF(COUNTIF($P$2:P55,P55)=1,"1st",TRUE)) -> - | W55: TRUE | X55: TRUE
A56: =IFERROR(__xludf.DUMMYFUNCTION("""COMPUTED_VALUE"""),"MA1068") -> MA1068 | B56: =IFERROR(__xludf.DUMMYFUNCTION("""COMPUTED_VALUE"""),44585.0) -> 44585 | C56: =IFERROR(__xludf.DUMMYFUNCTION("""COMPUTED_VALUE"""),0.3030555555555556) -> 0.30305556 | D56: =IFERROR(__xludf.DUMMYFUNCTION("""COMPUTED_VALUE"""),"SpBEND652059") -> SpBEND652059 | G56: =IFERROR(__xludf.DUMMYFUNCTION("""COMPUTED_VALUE"""),"Positive") -> Positive | H56: =IFERROR(__xludf.DUMMYFUNCTION("""COMPUTED_VALUE"""),"Positive") -> Positive | I56: =IFERROR(__xludf.DUMMYFUNCTION("""COMPUTED_VALUE"""),44587.0) -> 44587 | J56: =IFERROR(__xludf.DUMMYFUNCTION("""COMPUTED_VALUE"""),0.5008796296296296) -> 0.50087963 | N56: =IFERROR(__xludf.DUMMYFUNCTION("""COMPUTED_VALUE"""),1.0) -> 1 | O56: =IFERROR(__xludf.DUMMYFUNCTION("""COMPUTED_VALUE"""),252.0) -> 252 | P56: {=INDEX(postDEL!$A$2:$AR1340,$O56,40)} -> BEND567653 | Q56: {=IF($N56>1, INDEX(postDEL!$A$2:$AR1340,$O56+1,40),IFERROR(0/0,""))} | R56: {=IF($N56>2, INDEX(postDEL!$A$2:$AR1340,$O56+2,40),IFERROR(0/0,""))} | S56: {=IF($N56>3, INDEX(postDEL!$A$2:$AR1340,$O56+3,40),IFERROR(0/0,""))} | U56: FALSE | V56: =IF(COUNTIF($P$2:$P$74,P56)=1,"-",IF(COUNTIF($P$2:P56,P56)=1,"1st",TRUE)) -> - | W56: TRUE | X56: TRUE
A57: =IFERROR(__xludf.DUMMYFUNCTION("""COMPUTED_VALUE"""),"MA545") -> MA545 | B57: =IFERROR(__xludf.DUMMYFUNCTION("""COMPUTED_VALUE"""),44585.0) -> 44585 | C57: =IFERROR(__xludf.DUMMYFUNCTION("""COMPUTED_VALUE"""),0.3420949074074074) -> 0.34209491 | D57: =IFERROR(__xludf.DUMMYFUNCTION("""COMPUTED_VALUE"""),"SpBEND767550") -> SpBEND767550 | G57: =IFERROR(__xludf.DUMMYFUNCTION("""COMPUTED_VALUE"""),"Positive") -> Positive | H57: =IFERROR(__xludf.DUMMYFUNCTION("""COMPUTED_VALUE"""),"Positive") -> Positive | I57: =IFERROR(__xludf.DUMMYFUNCTION("""COMPUTED_VALUE"""),44587.0) -> 44587 | J57: =IFERROR(__xludf.DUMMYFUNCTION("""COMPUTED_VALUE"""),0.5008796296296296) -> 0.50087963 | N57: =IFERROR(__xludf.DUMMYFUNCTION("""COMPUTED_VALUE"""),1.0) -> 1 | O57: =IFERROR(__xludf.DUMMYFUNCTION("""COMPUTED_VALUE"""),260.0) -> 260 | P57: {=INDEX(postDEL!$A$2:$AR1340,$O57,40)} -> BEND245933 | Q57: {=IF($N57>1, INDEX(postDEL!$A$2:$AR1340,$O57+1,40),IFERROR(0/0,""))} | R57: {=IF($N57>2, INDEX(postDEL!$A$2:$AR1340,$O57+2,40),IFERROR(0/0,""))} | S57: {=IF($N57>3, INDEX(postDEL!$A$2:$AR1340,$O57+3,40),IFERROR(0/0,""))} | U57: FALSE | V57: =IF(COUNTIF($P$2:$P$74,P57)=1,"-",IF(COUNTIF($P$2:P57,P57)=1,"1st",TRUE)) -> TRUE | W57: TRUE | X57: TRUE
A58: =IFERROR(__xludf.DUMMYFUNCTION("""COMPUTED_VALUE"""),"MA1011") -> MA1011 | B58: =IFERROR(__xludf.DUMMYFUNCTION("""COMPUTED_VALUE"""),44585.0) -> 44585 | C58: =IFERROR(__xludf.DUMMYFUNCTION("""COMPUTED_VALUE"""),0.38686342592592593) -> 0.38686343 | D58: =IFERROR(__xludf.DUMMYFUNCTION("""COMPUTED_VALUE"""),"SpBEND394154") -> SpBEND394154 | G58: =IFERROR(__xludf.DUMMYFUNCTION("""COMPUTED_VALUE"""),"Positive") -> Positive | H58: =IFERROR(__xludf.DUMMYFUNCTION("""COMPUTED_VALUE"""),"Positive") -> Positive | I58: =IFERROR(__xludf.DUMMYFUNCTION("""COMPUTED_VALUE"""),44587.0) -> 44587 | J58: =IFERROR(__xludf.DUMMYFUNCTION("""COMPUTED_VALUE"""),0.5008796296296296) -> 0.50087963 | N58: =IFERROR(__xludf.DUMMYFUNCTION("""COMPUTED_VALUE"""),1.0) -> 1 | O58: =IFERROR(__xludf.DUMMYFUNCTION("""COMPUTED_VALUE"""),262.0) -> 262 | P58: {=INDEX(postDEL!$A$2:$AR1340,$O58,40)} -> BEND190541 | Q58: {=IF($N58>1, INDEX(postDEL!$A$2:$AR1340,$O58+1,40),IFERROR(0/0,""))} | R58: {=IF($N58>2, INDEX(postDEL!$A$2:$AR1340,$O58+2,40),IFERROR(0/0,""))} | S58: {=IF($N58>3, INDEX(postDEL!$A$2:$AR1340,$O58+3,40),IFERROR(0/0,""))} | U58: FALSE | V58: =IF(COUNTIF($P$2:$P$74,P58)=1,"-",IF(COUNTIF($P$2:P58,P58)=1,"1st",TRUE)) -> TRUE | W58: TRUE | X58: TRUE
A59: =IFERROR(__xludf.DUMMYFUNCTION("""COMPUTED_VALUE"""),"MA598") -> MA598 | B59: =IFERROR(__xludf.DUMMYFUNCTION("""COMPUTED_VALUE"""),44585.0) -> 44585 | C59: =IFERROR(__xludf.DUMMYFUNCTION("""COMPUTED_VALUE"""),0.38797453703703705) -> 0.38797454 | D59: =IFERROR(__xludf.DUMMYFUNCTION("""COMPUTED_VALUE"""),"SpBEND394154") -> SpBEND394154 | G59: =IFERROR(__xludf.DUMMYFUNCTION("""COMPUTED_VALUE"""),"Positive") -> Positive | H59: =IFERROR(__xludf.DUMMYFUNCTION("""COMPUTED_VALUE"""),"Positive") -> Positive | I59: =IFERROR(__xludf.DUMMYFUNCTION("""COMPUTED_VALUE"""),44587.0) -> 44587 | J59: =IFERROR(__xludf.DUMMYFUNCTION("""COMPUTED_VALUE"""),0.5008796296296296) -> 0.50087963 | N59: =IFERROR(__xludf.DUMMYFUNCTION("""COMPUTED_VALUE"""),1.0) -> 1 | O59: =IFERROR(__xludf.DUMMYFUNCTION("""COMPUTED_VALUE"""),263.0) -> 263 | P59: {=INDEX(postDEL!$A$2:$AR1340,$O59,40)} -> BEND714296 | Q59: {=IF($N59>1, INDEX(postDEL!$A$2:$AR1340,$O59+1,40),IFERROR(0/0,""))} | R59: {=IF($N59>2, INDEX(postDEL!$A$2:$AR1340,$O59+2,40),IFERROR(0/0,""))} | S59: {=IF($N59>3, INDEX(postDEL!$A$2:$AR1340,$O59+3,40),IFERROR(0/0,""))} | U59: FALSE | V59: =IF(COUNTIF($P$2:$P$74,P59)=1,"-",IF(COUNTIF($P$2:P59,P59)=1,"1st",TRUE)) -> - | W59: TRUE | X59: TRUE
A60: =IFERROR(__xludf.DUMMYFUNCTION("""COMPUTED_VALUE"""),"MA310") -> MA310 | B60: =IFERROR(__xludf.DUMMYFUNCTION("""COMPUTED_VALUE"""),44594.0) -> 44594 | C60: =IFERROR(__xludf.DUMMYFUNCTION("""COMPUTED_VALUE"""),0.3244675925925926) -> 0.32446759 | D60: =IFERROR(__xludf.DUMMYFUNCTION("""COMPUTED_VALUE"""),"SpBEND548976") -> SpBEND548976 | G60: =IFERROR(__xludf.DUMMYFUNCTION("""COMPUTED_VALUE"""),"Positive") -> Positive | H60: =IFERROR(__xludf.DUMMYFUNCTION("""COMPUTED_VALUE"""),"Positive") -> Positive | I60: =IFERROR(__xludf.DUMMYFUNCTION("""COMPUTED_VALUE"""),44594.0) -> 44594 | J60: =IFERROR(__xludf.DUMMYFUNCTION("""COMPUTED_VALUE"""),0.48358796296296297) -> 0.48358796 | N60: =IFERROR(__xludf.DUMMYFUNCTION("""COMPUTED_VALUE"""),1.0) -> 1 | O60: =IFERROR(__xludf.DUMMYFUNCTION("""COMPUTED_VALUE"""),296.0) -> 296 | P60: {=INDEX(postDEL!$A$2:$AR1340,$O60,40)} -> BEND704851 | Q60: {=IF($N60>1, INDEX(postDEL!$A$2:$AR1340,$O60+1,40),IFERROR(0/0,""))} | R60: {=IF($N60>2, INDEX(postDEL!$A$2:$AR1340,$O60+2,40),IFERROR(0/0,""))} | S60: {=IF($N60>3, INDEX(postDEL!$A$2:$AR1340,$O60+3,40),IFERROR(0/0,""))} | U60: FALSE | V60: sep cases | W60: TRUE | X60: TRUE
A61: =IFERROR(__xludf.DUMMYFUNCTION("""COMPUTED_VALUE"""),"MA253") -> MA253 | B61: =IFERROR(__xludf.DUMMYFUNCTION("""COMPUTED_VALUE"""),44599.0) -> 44599 | C61: =IFERROR(__xludf.DUMMYFUNCTION("""COMPUTED_VALUE"""),0.33288194444444447) -> 0.33288194 | D61: =IFERROR(__xludf.DUMMYFUNCTION("""COMPUTED_VALUE"""),"SpBEND757435") -> SpBEND757435 | G61: =IFERROR(__xludf.DUMMYFUNCTION("""COMPUTED_VALUE"""),"Positive") -> Positive | H61: =IFERROR(__xludf.DUMMYFUNCTION("""COMPUTED_VALUE"""),"Positive") -> Positive | I61: =IFERROR(__xludf.DUMMYFUNCTION("""COMPUTED_VALUE"""),44599.0) -> 44599 | J61: =IFERROR(__xludf.DUMMYFUNCTION("""COMPUTED_VALUE"""),0.4875347222222222) -> 0.48753472 | N61: =IFERROR(__xludf.DUMMYFUNCTION("""COMPUTED_VALUE"""),1.0) -> 1 | O61: =IFERROR(__xludf.DUMMYFUNCTION("""COMPUTED_VALUE"""),317.0) -> 317 | P61: {=INDEX(postDEL!$A$2:$AR1340,$O61,40)} -> BEND281843 | Q61: {=IF($N61>1, INDEX(postDEL!$A$2:$AR1340,$O61+1,40),IFERROR(0/0,""))} | R61: {=IF($N61>2, INDEX(postDEL!$A$2:$AR1340,$O61+2,40),IFERROR(0/0,""))} | S61: {=IF($N61>3, INDEX(postDEL!$A$2:$AR1340,$O61+3,40),IFERROR(0/0,""))} | U61: FALSE | V61: =IF(COUNTIF($P$2:$P$74,P61)=1,"-",IF(COUNTIF($P$2:P61,P61)=1,"1st",TRUE)) -> - | W61: TRUE | X61: TRUE
A62: =IFERROR(__xludf.DUMMYFUNCTION("""COMPUTED_VALUE"""),"FM431") -> FM431 | B62: =IFERROR(__xludf.DUMMYFUNCTION("""COMPUTED_VALUE"""),44601.0) -> 44601 | C62: =IFERROR(__xludf.DUMMYFUNCTION("""COMPUTED_VALUE"""),0.2634606481481481) -> 0.26346065 | D62: =IFERROR(__xludf.DUMMYFUNCTION("""COMPUTED_VALUE"""),"SpBEND845568") -> SpBEND845568 | G62: =IFERROR(__xludf.DUMMYFUNCTION("""COMPUTED_VALUE"""),"Positive") -> Positive | H62: =IFERROR(__xludf.DUMMYFUNCTION("""COMPUTED_VALUE"""),"Positive") -> Positive | I62: =IFERROR(__xludf.DUMMYFUNCTION("""COMPUTED_VALUE"""),44601.0) -> 44601 | J62: =IFERROR(__xludf.DUMMYFUNCTION("""COMPUTED_VALUE"""),0.48203703703703704) -> 0.48203704 | N62: =IFERROR(__xludf.DUMMYFUNCTION("""COMPUTED_VALUE"""),1.0) -> 1 | O62: =IFERROR(__xludf.DUMMYFUNCTION("""COMPUTED_VALUE"""),324.0) -> 324 | P62: {=INDEX(postDEL!$A$2:$AR1340,$O62,40)} -> BEND682107 | Q62: {=IF($N62>1, INDEX(postDEL!$A$2:$AR1340,$O62+1,40),IFERROR(0/0,""))} | R62: {=IF($N62>2, INDEX(postDEL!$A$2:$AR1340,$O62+2,40),IFERROR(0/0,""))} | S62: {=IF($N62>3, INDEX(postDEL!$A$2:$AR1340,$O62+3,40),IFERROR(0/0,""))} | U62: FALSE | V62: =IF(COUNTIF($P$2:$P$74,P62)=1,"-",IF(COUNTIF($P$2:P62,P62)=1,"1st",TRUE)) -> TRUE | W62: TRUE | X62: TRUE
A63: =IFERROR(__xludf.DUMMYFUNCTION("""COMPUTED_VALUE"""),"MA632") -> MA632 | B63: =IFERROR(__xludf.DUMMYFUNCTION("""COMPUTED_VALUE"""),44603.0) -> 44603 | C63: =IFERROR(__xludf.DUMMYFUNCTION("""COMPUTED_VALUE"""),0.3391550925925926) -> 0.33915509 | D63: =IFERROR(__xludf.DUMMYFUNCTION("""COMPUTED_VALUE"""),"SpBEND483335") -> SpBEND483335 | G63: =IFERROR(__xludf.DUMMYFUNCTION("""COMPUTED_VALUE"""),"Positive") -> Positive | H63: =IFERROR(__xludf.DUMMYFUNCTION("""COMPUTED_VALUE"""),"Positive") -> Positive | I63: =IFERROR(__xludf.DUMMYFUNCTION("""COMPUTED_VALUE"""),44603.0) -> 44603 | J63: =IFERROR(__xludf.DUMMYFUNCTION("""COMPUTED_VALUE"""),0.46979166666666666) -> 0.46979167 | N63: =IFERROR(__xludf.DUMMYFUNCTION("""COMPUTED_VALUE"""),1.0) -> 1 | O63: =IFERROR(__xludf.DUMMYFUNCTION("""COMPUTED_VALUE"""),342.0) -> 342 | P63: {=INDEX(postDEL!$A$2:$AR1340,$O63,40)} -> BEND785869 | Q63: {=IF($N63>1, INDEX(postDEL!$A$2:$AR1340,$O63+1,40),IFERROR(0/0,""))} | R63: {=IF($N63>2, INDEX(postDEL!$A$2:$AR1340,$O63+2,40),IFERROR(0/0,""))} | S63: {=IF($N63>3, INDEX(postDEL!$A$2:$AR1340,$O63+3,40),IFERROR(0/0,""))} | U63: FALSE | V63: =IF(COUNTIF($P$2:$P$74,P63)=1,"-",IF(COUNTIF($P$2:P63,P63)=1,"1st",TRUE)) -> 1st | W63: TRUE | X63: TRUE
A64: =IFERROR(__xludf.DUMMYFUNCTION("""COMPUTED_VALUE"""),"MA620") -> MA620 | B64: =IFERROR(__xludf.DUMMYFUNCTION("""COMPUTED_VALUE"""),44603.0) -> 44603 | C64: =IFERROR(__xludf.DUMMYFUNCTION("""COMPUTED_VALUE"""),0.33946759259259257) -> 0.33946759 | D64: =IFERROR(__xludf.DUMMYFUNCTION("""COMPUTED_VALUE"""),"SpBEND483335") -> SpBEND483335 | G64: =IFERROR(__xludf.DUMMYFUNCTION("""COMPUTED_VALUE"""),"Positive") -> Positive | H64: =IFERROR(__xludf.DUMMYFUNCTION("""COMPUTED_VALUE"""),"Positive") -> Positive | I64: =IFERROR(__xludf.DUMMYFUNCTION("""COMPUTED_VALUE"""),44603.0) -> 44603 | J64: =IFERROR(__xludf.DUMMYFUNCTION("""COMPUTED_VALUE"""),0.46979166666666666) -> 0.46979167 | N64: =IFERROR(__xludf.DUMMYFUNCTION("""COMPUTED_VALUE"""),1.0) -> 1 | O64: =IFERROR(__xludf.DUMMYFUNCTION("""COMPUTED_VALUE"""),343.0) -> 343 | P64: {=INDEX(postDEL!$A$2:$AR1340,$O64,40)} -> BEND785869 | Q64: {=IF($N64>1, INDEX(postDEL!$A$2:$AR1340,$O64+1,40),IFERROR(0/0,""))} | R64: {=IF($N64>2, INDEX(postDEL!$A$2:$AR1340,$O64+2,40),IFERROR(0/0,""))} | S64: {=IF($N64>3, INDEX(postDEL!$A$2:$AR1340,$O64+3,40),IFERROR(0/0,""))} | U64: FALSE | V64: =IF(COUNTIF($P$2:$P$74,P64)=1,"-",IF(COUNTIF($P$2:P64,P64)=1,"1st",TRUE)) -> TRUE | W64: TRUE | X64: TRUE
A65: =IFERROR(__xludf.DUMMYFUNCTION("""COMPUTED_VALUE"""),"MA1079") -> MA1079 | B65: =IFERROR(__xludf.DUMMYFUNCTION("""COMPUTED_VALUE"""),44604.0) -> 44604 | C65: =IFERROR(__xludf.DUMMYFUNCTION("""COMPUTED_VALUE"""),0.3235763888888889) -> 0.32357639 | D65: =IFERROR(__xludf.DUMMYFUNCTION("""COMPUTED_VALUE"""),"SpBEND483335") -> SpBEND483335 | G65: =IFERROR(__xludf.DUMMYFUNCTION("""COMPUTED_VALUE"""),"Positive") -> Positive | H65: =IFERROR(__xludf.DUMMYFUNCTION("""COMPUTED_VALUE"""),"Positive") -> Positive | I65: =IFERROR(__xludf.DUMMYFUNCTION("""COMPUTED_VALUE"""),44604.0) -> 44604 | J65: =IFERROR(__xludf.DUMMYFUNCTION("""COMPUTED_VALUE"""),0.3936689814814815) -> 0.39366898 | N65: =IFERROR(__xludf.DUMMYFUNCTION("""COMPUTED_VALUE"""),1.0) -> 1 | O65: =IFERROR(__xludf.DUMMYFUNCTION("""COMPUTED_VALUE"""),346.0) -> 346 | P65: {=INDEX(postDEL!$A$2:$AR1340,$O65,40)} -> BEND785869 | Q65: {=IF($N65>1, INDEX(postDEL!$A$2:$AR1340,$O65+1,40),IFERROR(0/0,""))} | R65: {=IF($N65>2, INDEX(postDEL!$A$2:$AR1340,$O65+2,40),IFERROR(0/0,""))} | S65: {=IF($N65>3, INDEX(postDEL!$A$2:$AR1340,$O65+3,40),IFERROR(0/0,""))} | U65: FALSE | V65: =IF(COUNTIF($P$2:$P$74,P65)=1,"-",IF(COUNTIF($P$2:P65,P65)=1,"1st",TRUE)) -> TRUE | W65: TRUE | X65: TRUE
A66: =IFERROR(__xludf.DUMMYFUNCTION("""COMPUTED_VALUE"""),"MA1111") -> MA1111 | B66: =IFERROR(__xludf.DUMMYFUNCTION("""COMPUTED_VALUE"""),44604.0) -> 44604 | C66: =IFERROR(__xludf.DUMMYFUNCTION("""COMPUTED_VALUE"""),0.3247569444444444) -> 0.32475694 | D66: =IFERROR(__xludf.DUMMYFUNCTION("""COMPUTED_VALUE"""),"SpBEND483335") -> SpBEND483335 | G66: =IFERROR(__xludf.DUMMYFUNCTION("""COMPUTED_VALUE"""),"Positive") -> Positive | H66: =IFERROR(__xludf.DUMMYFUNCTION("""COMPUTED_VALUE"""),"Positive") -> Positive | I66: =IFERROR(__xludf.DUMMYFUNCTION("""COMPUTED_VALUE"""),44604.0) -> 44604 | J66: =IFERROR(__xludf.DUMMYFUNCTION("""COMPUTED_VALUE"""),0.3936689814814815) -> 0.39366898 | N66: =IFERROR(__xludf.DUMMYFUNCTION("""COMPUTED_VALUE"""),1.0) -> 1 | O66: =IFERROR(__xludf.DUMMYFUNCTION("""COMPUTED_VALUE"""),347.0) -> 347 | P66: {=INDEX(postDEL!$A$2:$AR1340,$O66,40)} -> BEND215511 | Q66: {=IF($N66>1, INDEX(postDEL!$A$2:$AR1340,$O66+1,40),IFERROR(0/0,""))} | R66: {=IF($N66>2, INDEX(postDEL!$A$2:$AR1340,$O66+2,40),IFERROR(0/0,""))} | S66: {=IF($N66>3, INDEX(postDEL!$A$2:$AR1340,$O66+3,40),IFERROR(0/0,""))} | U66: FALSE | V66: =IF(COUNTIF($P$2:$P$74,P66)=1,"-",IF(COUNTIF($P$2:P66,P66)=1,"1st",TRUE)) -> - | W66: TRUE | X66: TRUE
A67: =IFERROR(__xludf.DUMMYFUNCTION("""COMPUTED_VALUE"""),"MA1045") -> MA1045 | B67: =IFERROR(__xludf.DUMMYFUNCTION("""COMPUTED_VALUE"""),44614.0) -> 44614 | C67: =IFERROR(__xludf.DUMMYFUNCTION("""COMPUTED_VALUE"""),0.3566898148148148) -> 0.35668981 | D67: =IFERROR(__xludf.DUMMYFUNCTION("""COMPUTED_VALUE"""),"SpBEND183210") -> SpBEND183210 | G67: =IFERROR(__xludf.DUMMYFUNCTION("""COMPUTED_VALUE"""),"Positive") -> Positive | H67: =IFERROR(__xludf.DUMMYFUNCTION("""COMPUTED_VALUE"""),"Positive") -> Positive | I67: =IFERROR(__xludf.DUMMYFUNCTION("""COMPUTED_VALUE"""),44614.0) -> 44614 | J67: =IFERROR(__xludf.DUMMYFUNCTION("""COMPUTED_VALUE"""),0.6649768518518518) -> 0.66497685 | N67: =IFERROR(__xludf.DUMMYFUNCTION("""COMPUTED_VALUE"""),1.0) -> 1 | O67: =IFERROR(__xludf.DUMMYFUNCTION("""COMPUTED_VALUE"""),473.0) -> 473 | P67: {=INDEX(postDEL!$A$2:$AR1340,$O67,40)} -> BEND992347 | Q67: {=IF($N67>1, INDEX(postDEL!$A$2:$AR1340,$O67+1,40),IFERROR(0/0,""))} | R67: {=IF($N67>2, INDEX(postDEL!$A$2:$AR1340,$O67+2,40),IFERROR(0/0,""))} | S67: {=IF($N67>3, INDEX(postDEL!$A$2:$AR1340,$O67+3,40),IFERROR(0/0,""))} | U67: FALSE | V67: =IF(COUNTIF($P$2:$P$74,P67)=1,"-",IF(COUNTIF($P$2:P67,P67)=1,"1st",TRUE)) -> 1st | W67: TRUE | X67: TRUE
A68: =IFERROR(__xludf.DUMMYFUNCTION("""COMPUTED_VALUE"""),"MA1095") -> MA1095 | B68: =IFERROR(__xludf.DUMMYFUNCTION("""COMPUTED_VALUE"""),44619.0) -> 44619 | C68: =IFERROR(__xludf.DUMMYFUNCTION("""COMPUTED_VALUE"""),0.35444444444444445) -> 0.35444444 | D68: =IFERROR(__xludf.DUMMYFUNCTION("""COMPUTED_VALUE"""),"SpBEND183210") -> SpBEND183210 | G68: =IFERROR(__xludf.DUMMYFUNCTION("""COMPUTED_VALUE"""),"Positive") -> Positive | H68: =IFERROR(__xludf.DUMMYFUNCTION("""COMPUTED_VALUE"""),"Positive") -> Positive | I68: =IFERROR(__xludf.DUMMYFUNCTION("""COMPUTED_VALUE"""),44627.0) -> 44627 | J68: =IFERROR(__xludf.DUMMYFUNCTION("""COMPUTED_VALUE"""),0.4778935185185185) -> 0.47789352 | N68: =IFERROR(__xludf.DUMMYFUNCTION("""COMPUTED_VALUE"""),1.0) -> 1 | O68: =IFERROR(__xludf.DUMMYFUNCTION("""COMPUTED_VALUE"""),561.0) -> 561 | P68: {=INDEX(postDEL!$A$2:$AR1340,$O68,40)} -> BEND992347 | Q68: {=IF($N68>1, INDEX(postDEL!$A$2:$AR1340,$O68+1,40),IFERROR(0/0,""))} | R68: {=IF($N68>2, INDEX(postDEL!$A$2:$AR1340,$O68+2,40),IFERROR(0/0,""))} | S68: {=IF($N68>3, INDEX(postDEL!$A$2:$AR1340,$O68+3,40),IFERROR(0/0,""))} | U68: FALSE | V68: =IF(COUNTIF($P$2:$P$74,P68)=1,"-",IF(COUNTIF($P$2:P68,P68)=1,"1st",TRUE)) -> TRUE | W68: TRUE | X68: TRUE
A69: =IFERROR(__xludf.DUMMYFUNCTION("""COMPUTED_VALUE"""),"MAX40") -> MAX40 | B69: =IFERROR(__xludf.DUMMYFUNCTION("""COMPUTED_VALUE"""),44619.0) -> 44619 | C69: =IFERROR(__xludf.DUMMYFUNCTION("""COMPUTED_VALUE"""),0.47077546296296297) -> 0.47077546 | D69: =IFERROR(__xludf.DUMMYFUNCTION("""COMPUTED_VALUE"""),"SpBEND904348") -> SpBEND904348 | G69: =IFERROR(__xludf.DUMMYFUNCTION("""COMPUTED_VALUE"""),"Positive") -> Positive | H69: =IFERROR(__xludf.DUMMYFUNCTION("""COMPUTED_VALUE"""),"Positive") -> Positive | I69: =IFERROR(__xludf.DUMMYFUNCTION("""COMPUTED_VALUE"""),44627.0) -> 44627 | J69: =IFERROR(__xludf.DUMMYFUNCTION("""COMPUTED_VALUE"""),0.4778935185185185) -> 0.47789352 | N69: =IFERROR(__xludf.DUMMYFUNCTION("""COMPUTED_VALUE"""),1.0) -> 1 | O69: =IFERROR(__xludf.DUMMYFUNCTION("""COMPUTED_VALUE"""),566.0) -> 566 | P69: {=INDEX(postDEL!$A$2:$AR1340,$O69,40)} -> BEND101300 | Q69: {=IF($N69>1, INDEX(postDEL!$A$2:$AR1340,$O69+1,40),IFERROR(0/0,""))} | R69: {=IF($N69>2, INDEX(postDEL!$A$2:$AR1340,$O69+2,40),IFERROR(0/0,""))} | S69: {=IF($N69>3, INDEX(postDEL!$A$2:$AR1340,$O69+3,40),IFERROR(0/0,""))} | U69: FALSE | V69: =IF(COUNTIF($P$2:$P$74,P69)=1,"-",IF(COUNTIF($P$2:P69,P69)=1,"1st",TRUE)) -> - | W69: TRUE | X69: TRUE
A70: =IFERROR(__xludf.DUMMYFUNCTION("""COMPUTED_VALUE"""),"MA1305") -> MA1305 | B70: =IFERROR(__xludf.DUMMYFUNCTION("""COMPUTED_VALUE"""),44623.0) -> 44623 | C70: =IFERROR(__xludf.DUMMYFUNCTION("""COMPUTED_VALUE"""),0.3910416666666667) -> 0.39104167 | D70: =IFERROR(__xludf.DUMMYFUNCTION("""COMPUTED_VALUE"""),"SpBEND110967") -> SpBEND110967 | G70: =IFERROR(__xludf.DUMMYFUNCTION("""COMPUTED_VALUE"""),"Positive") -> Positive | H70: =IFERROR(__xludf.DUMMYFUNCTION("""COMPUTED_VALUE"""),"Positive") -> Positive | I70: =IFERROR(__xludf.DUMMYFUNCTION("""COMPUTED_VALUE"""),44623.0) -> 44623 | J70: =IFERROR(__xludf.DUMMYFUNCTION("""COMPUTED_VALUE"""),0.46038194444444447) -> 0.46038194 | N70: =IFERROR(__xludf.DUMMYFUNCTION("""COMPUTED_VALUE"""),1.0) -> 1 | O70: =IFERROR(__xludf.DUMMYFUNCTION("""COMPUTED_VALUE"""),633.0) -> 633 | P70: {=INDEX(postDEL!$A$2:$AR1340,$O70,40)} -> BEND318962 | Q70: {=IF($N70>1, INDEX(postDEL!$A$2:$AR1340,$O70+1,40),IFERROR(0/0,""))} | R70: {=IF($N70>2, INDEX(postDEL!$A$2:$AR1340,$O70+2,40),IFERROR(0/0,""))} | S70: {=IF($N70>3, INDEX(postDEL!$A$2:$AR1340,$O70+3,40),IFERROR(0/0,""))} | U70: FALSE | V70: =IF(COUNTIF($P$2:$P$74,P70)=1,"-",IF(COUNTIF($P$2:P70,P70)=1,"1st",TRUE)) -> - | W70: TRUE | X70: TRUE
A71: =IFERROR(__xludf.DUMMYFUNCTION("""COMPUTED_VALUE"""),"MA1202") -> MA1202 | B71: =IFERROR(__xludf.DUMMYFUNCTION("""COMPUTED_VALUE"""),44623.0) -> 44623 | C71: =IFERROR(__xludf.DUMMYFUNCTION("""COMPUTED_VALUE"""),0.3914930555555556) -> 0.39149306 | D71: =IFERROR(__xludf.DUMMYFUNCTION("""COMPUTED_VALUE"""),"SpBEND110967") -> SpBEND110967 | G71: =IFERROR(__xludf.DUMMYFUNCTION("""COMPUTED_VALUE"""),"Positive") -> Positive | H71: =IFERROR(__xludf.DUMMYFUNCTION("""COMPUTED_VALUE"""),"Positive") -> Positive | I71: =IFERROR(__xludf.DUMMYFUNCTION("""COMPUTED_VALUE"""),44623.0) -> 44623 | J71: =IFERROR(__xludf.DUMMYFUNCTION("""COMPUTED_VALUE"""),0.46038194444444447) -> 0.46038194 | N71: =IFERROR(__xludf.DUMMYFUNCTION("""COMPUTED_VALUE"""),1.0) -> 1 | O71: =IFERROR(__xludf.DUMMYFUNCTION("""COMPUTED_VALUE"""),635.0) -> 635 | P71: {=INDEX(postDEL!$A$2:$AR1340,$O71,40)} -> BEND112877 | Q71: {=IF($N71>1, INDEX(postDEL!$A$2:$AR1340,$O71+1,40),IFERROR(0/0,""))} | R71: {=IF($N71>2, INDEX(postDEL!$A$2:$AR1340,$O71+2,40),IFERROR(0/0,""))} | S71: {=IF($N71>3, INDEX(postDEL!$A$2:$AR1340,$O71+3,40),IFERROR(0/0,""))} | U71: FALSE | V71: =IF(COUNTIF($P$2:$P$74,P71)=1,"-",IF(COUNTIF($P$2:P71,P71)=1,"1st",TRUE)) -> - | W71: TRUE | X71: TRUE | Y71: =IFERROR(IF(V71,TRUE,IFERROR(0/0,"")),"")
A72: =IFERROR(__xludf.DUMMYFUNCTION("""COMPUTED_VALUE"""),"MA1294") -> MA1294 | B72: =IFERROR(__xludf.DUMMYFUNCTION("""COMPUTED_VALUE"""),44625.0) -> 44625 | C72: =IFERROR(__xludf.DUMMYFUNCTION("""COMPUTED_VALUE"""),0.35530092592592594) -> 0.35530093 | D72: =IFERROR(__xludf.DUMMYFUNCTION("""COMPUTED_VALUE"""),"SpBEND350015") -> SpBEND350015 | G72: =IFERROR(__xludf.DUMMYFUNCTION("""COMPUTED_VALUE"""),"Positive") -> Positive | H72: =IFERROR(__xludf.DUMMYFUNCTION("""COMPUTED_VALUE"""),"Positive") -> Positive | I72: =IFERROR(__xludf.DUMMYFUNCTION("""COMPUTED_VALUE"""),44627.0) -> 44627 | J72: =IFERROR(__xludf.DUMMYFUNCTION("""COMPUTED_VALUE"""),0.4779861111111111) -> 0.47798611 | N72: =IFERROR(__xludf.DUMMYFUNCTION("""COMPUTED_VALUE"""),1.0) -> 1 | O72: =IFERROR(__xludf.DUMMYFUNCTION("""COMPUTED_VALUE"""),666.0) -> 666 | P72: {=INDEX(postDEL!$A$2:$AR1340,$O72,40)} -> BEND670149 | Q72: {=IF($N72>1, INDEX(postDEL!$A$2:$AR1340,$O72+1,40),IFERROR(0/0,""))} | R72: {=IF($N72>2, INDEX(postDEL!$A$2:$AR1340,$O72+2,40),IFERROR(0/0,""))} | S72: {=IF($N72>3, INDEX(postDEL!$A$2:$AR1340,$O72+3,40),IFERROR(0/0,""))} | U72: FALSE | V72: =IF(COUNTIF($P$2:$P$74,P72)=1,"-",IF(COUNTIF($P$2:P72,P72)=1,"1st",TRUE)) -> - | W72: TRUE | X72: TRUE | Y72: =IFERROR(IF(V72,TRUE,IFERROR(0/0,"")),"")
A73: =IFERROR(__xludf.DUMMYFUNCTION("""COMPUTED_VALUE"""),"MA347") -> MA347 | B73: =IFERROR(__xludf.DUMMYFUNCTION("""COMPUTED_VALUE"""),44568.0) -> 44568 | C73: =IFERROR(__xludf.DUMMYFUNCTION("""COMPUTED_VALUE"""),0.34206018518518516) -> 0.34206019 | D73: =IFERROR(__xludf.DUMMYFUNCTION("""COMPUTED_VALUE"""),"SpBEND845509") -> SpBEND845509 | G73: =IFERROR(__xludf.DUMMYFUNCTION("""COMPUTED_VALUE"""),"Inconclusive") -> Inconclusive | H73: =IFERROR(__xludf.DUMMYFUNCTION("""COMPUTED_VALUE"""),"Inconclusive") -> Inconclusive | I73: =IFERROR(__xludf.DUMMYFUNCTION("""COMPUTED_VALUE"""),44568.0) -> 44568 | J73: =IFERROR(__xludf.DUMMYFUNCTION("""COMPUTED_VALUE"""),0.5079050925925926) -> 0.50790509 | N73: =IFERROR(__xludf.DUMMYFUNCTION("""COMPUTED_VALUE"""),1.0) -> 1 | O73: =IFERROR(__xludf.DUMMYFUNCTION("""COMPUTED_VALUE"""),105.0) -> 105 | P73: {=INDEX(postDEL!$A$2:$AR1340,$O73,40)} -> BEND935806 | Q73: {=IF($N73>1, INDEX(postDEL!$A$2:$AR1340,$O73+1,40),IFERROR(0/0,""))} | R73: {=IF($N73>2, INDEX(postDEL!$A$2:$AR1340,$O73+2,40),IFERROR(0/0,""))} | S73: {=IF($N73>3, INDEX(postDEL!$A$2:$AR1340,$O73+3,40),IFERROR(0/0,""))} | U73: FALSE | V73: =IF(COUNTIF($P$2:$P$74,P73)=1,"-",IF(COUNTIF($P$2:P73,P73)=1,"1st",TRUE)) -> - | W73: TRUE | X73: TRUE | Y73: =IFERROR(IF(V73,TRUE,IFERROR(0/0,"")),"")
A74: =IFERROR(__xludf.DUMMYFUNCTION("""COMPUTED_VALUE"""),"FM996") -> FM996 | B74: =IFERROR(__xludf.DUMMYFUNCTION("""COMPUTED_VALUE"""),44609.0) -> 44609 | C74: =IFERROR(__xludf.DUMMYFUNCTION("""COMPUTED_VALUE"""),0.3274884259259259) -> 0.32748843 | D74: =IFERROR(__xludf.DUMMYFUNCTION("""COMPUTED_VALUE"""),"SpBEND328905") -> SpBEND328905 | G74: =IFERROR(__xludf.DUMMYFUNCTION("""COMPUTED_VALUE"""),"Negative") -> Negative | H74: =IFERROR(__xludf.DUMMYFUNCTION("""COMPUTED_VALUE"""),"Inconclusive") -> Inconclusive | I74: =IFERROR(__xludf.DUMMYFUNCTION("""COMPUTED_VALUE"""),44611.0) -> 44611 | J74: =IFERROR(__xludf.DUMMYFUNCTION("""COMPUTED_VALUE"""),0.3895601851851852) -> 0.38956019 | K74: =IFERROR(__xludf.DUMMYFUNCTION("""COMPUTED_VALUE"""),4.1) -> 4.1 | L74: =IFERROR(__xludf.DUMMYFUNCTION("""COMPUTED_VALUE"""),"Negative to Inconclusive based on RFR Audit and LUM (RT Jan26)") -> Negative to Inconclusive based on RFR Audit and LUM (RT Jan26) | N74: =IFERROR(__xludf.DUMMYFUNCTION("""COMPUTED_VALUE"""),1.0) -> 1 | O74: =IFERROR(__xludf.DUMMYFUNCTION("""COMPUTED_VALUE"""),399.0) -> 399 | P74: {=INDEX(postDEL!$A$2:$AR1340,$O74,40)} -> BEND972161 | Q74: {=IF($N74>1, INDEX(postDEL!$A$2:$AR1340,$O74+1,40),IFERROR(0/0,""))} | R74: {=IF($N74>2, INDEX(postDEL!$A$2:$AR1340,$O74+2,40),IFERROR(0/0,""))} | S74: {=IF($N74>3, INDEX(postDEL!$A$2:$AR1340,$O74+3,40),IFERROR(0/0,""))} | U74: FALSE | V74: sep cases | W74: TRUE
Z76: =COUNTA(A2:A74) -> 73 | AA76: Number of Rows
Z77: =COUNTIF(U58:U74,TRUE) -> 0 | AA77: Number of FL Tests (Final Results / Run Tests) Accounted for in Referral Tests (RTR)
P78: =IFERROR(__xludf.DUMMYFUNCTION("COUNTUNIQUE(P2:P75)"),51.0) -> 51 | Q78: Unique Names Above | Z78: =Z76 -> 73 | AA78: Number of FL Tests (Final Results / Run Tests) with Correspondence Only (no Referral Test Data put into RTR)
O79: FM996 | P79: 1 | Q79: Subtract non-confirmed Inconclusives
P80: 0 | Q80: Subtract False Positives | Z80: =Z77+Z78-Z91 -> 53 | AA80: Number of FloodLAMP Test Person Cases with Referral Tests or Correspondence
P81: =P78-P79-P80 -> 50 | Q81: Unique Positives | Z81: =Z80-2 -> 51 | AA81: Agree Positives
Z82: 1 | AA82: FL Inconclusives with Referal / Correspondence Positive
Z83: 0 | AA83: Disagree FL Positives but Referral / Correspondence Negative (FL False Positive)
Z84: 1 | AA84: FL Inconclusives but Referral / Correspondence Negative
Z87: =Z76-Z77-Z78 -> 0 | AA87: Number of FL Tests (Final Results / Run Tests) with No Referral Tests or Correspondence
Z88: 0 | AA88: FL Positives with No Referral Tests or Correspondence
Z89: 3 | AA89: FL Inconclusives with No Referral Tests or Correspondence
Z91: =COUNTIF(V2:V74,TRUE) -> 20 | AA91: Number of Re-tests

Sheet preDEL
A1: TUBE ID | B1: COLLECTION DATE | C1: COLLECTION TIME | D1: SPONSOR FIRSTNAME | E1: SPONSOR LASTNAME | F1: PARTICIPANT FIRSTNAME | G1: PARTICIPANT LASTNAME | H1: PARTICIPANT EMAIL | I1: MINOR FIRSTNAME | J1: MINOR LASTNAME | K1: APP RESULT | L1: RESULT DATE | M1: RESULT TIME | N1: APP GROUP | O1: NOTE | P1: REPS IN RAW_APT? | Q1: STATUS | R1: Tube ID First Row? | S1: Num Tube IDs | T1: Add N Names | U1: NOTE FIRSTNAME | V1: NOTE LASTNAME | W1: Names Adjust | X1: =IF(ISNA(MATCH("ER - LAST ONLY",$X$2:$X826,0)),"Note Name?","ERROR!! Note Name?") -> Note Name? | Y1: FRAN | Z1: >4 Samples | AA1: Has Note? | AB1: Preserve Note | AC1: Initial Order | AD1: Added from APT? | AE1: Minutes Col to Result | AF1: =IF(COUNTIF($AF2:$AF826,TRUE)=0,"Tube IDs w Diff Times?",CONCATENATE("ERROR!! Tube IDs w Diff Times? ",COUNTIF($AF2:$AF826,TRUE))) -> Tube IDs w Diff Times? | AG1: Delete? | AH1: Delete Code | AI1: Basic Correct Code | AJ1: Result Correct Code | AK1: FINAL RESULT | AL1: Correction Notes | AM1: Sponsor ID | AN1: Participant ID | AO1: Sponsor FullName | AP1: Combined Participant Firstname | AQ1: Combined Participant Lastname | AR1: Combined Participant Fullname | AS1: FINAL GROUP | AT1: =(IF(COUNTIF($AT2:$AT826,FALSE)=0,"NAME COLS CHECK?",CONCATENATE("ERROR!! NAME COLS CHECK? ",COUNTIF($AT2:$AT826,FALSE)))) -> ERROR!! NAME COLS CHECK? 767 | AU1: PARTCIP NAME COLS | AV1: MINOR NAME COLS | AW1: NOTE NAME COLS | AX1: Note Name Extras - Rows Added Not Orig Tube ID Row | AY1: =SUM($AX2:$AX826) -> 0 | AZ1: END | BA1: =CONCATENATE("CURRENT BOOL TRUE = ",COUNTIF(BA$2:BA826,TRUE)) -> CURRENT BOOL TRUE = 49 | BC1: Rep Cols | BD1: =CONCATENATE("Rep Tube IDs Sorted = ",COUNTA(BK3:BK826)) -> Rep Tube IDs Sorted = 0 | BE1: 3 Num Rep Rows | BF1: 1 Tube Samecols Not Deleted | BG1: 3 Tube ID in Reps? | BH1: 2 SORTED Tube Timestamp | BI1: 2 TUBE ID ONLY | BJ1: 2 Replicate Tube ID? (First Row) | BK1: 2 Rep Tube IDs Not Sorted | BL1: END | BM1: =CONCATENATE("Blank or Whitespace ", COUNTIF(BM2:BM826, "MISSING")) -> Blank or Whitespace 767 | BN1: =CONCATENATE("Blank ", COUNTIF(BN2:BN826, TRUE)) -> Blank 0 | BO1: =CONCATENATE("Whitespace ", COUNTIF(BO2:BO826, TRUE)) -> Whitespace 767 | BQ1: RAW_APS NOTE VLOOKUP | BR1: =CONCATENATE("Num with Note Different from RAW ", COUNTIF(BR2:BR826, FALSE)) -> Num with Note Different from RAW 0 | BT1: pre-Sync Values FINAL RESULT | BU1: =COUNTIF(BU2:BU826,FALSE) -> 0
A2: Hero | B2: 44537 | C2: 0.54332176 | K2: Negative | L2: 44537 | M2: 0.54456019 | P2: =IFNA(IF(VLOOKUP($A2,'Add from APT'!$AA$2:$AC826,3,FALSE)>0,TRUE,FALSE),"ER - NOT IN APT") -> FALSE | Q2: =IF(ISLOGICAL(P2),IF(P2,"ER - REPS IN APT", IFNA(VLOOKUP($A2,RAW_APT!$A$3:$M826,7,FALSE),"ER - NOT IN APT")),P2) -> Result | R2: =IF(EXACT($A2,$A1),FALSE,TRUE) -> TRUE | S2: =COUNTIF($A$2:$A826,$A2) -> 1 | X2: =IF(ISBLANK($U2),IF(ISBLANK($V2),FALSE,"ER - LAST ONLY"),TRUE) -> FALSE | Y2: FALSE | Z2: =IF($S2>4,TRUE,IFERROR(0/0,"")) | AA2: =IF(ISBLANK($O2),FALSE,TRUE) -> FALSE | AB2: FALSE | AC2: 785 | AD2: FALSE | AE2: =IFERROR(IF(EXACT($L2,$B2),(TIMEVALUE($M2)-TIMEVALUE($C2))*24*60,IFERROR(0/0,"")),IFERROR(0/0,"")) -> 1.7833333 | AF2: =OR(AND(NOT($AG2),IFERROR(NOT($AG3),""),EXACT($A2,$A3),NOT(EXACT(CONCATENATE($B2,$C2),CONCATENATE($B3,$C3)))),AND(NOT($AG2),IFERROR(NOT($AG1),""),EXACT($A2,$A1),NOT(EXACT(CONCATENATE($B2,$C2),CONCATENATE($B1,$C1))))) -> FALSE | AG2: =IF($AH2>0,TRUE,FALSE) -> TRUE | AH2: 2 | AK2: =IFS(AND($AJ2>=2,$AJ2<3),"Negative",AND($AJ2>=3,$AJ2<4),"Positive",AND($AJ2>=4,$AJ2<5),"Inconclusive",$AJ2=5,"MANUAL FILL",$AG2,"DELETED",TRUE,$K2) -> DELETED | AM2: DELETED | AN2: DELETED | AO2: =IFERROR(__xludf.DUMMYFUNCTION("IF($AG2, ""DELETED"",TRIM(JOIN("" "",D2:E2)))"),"DELETED") -> DELETED | AP2: =IF($AG2, "DELETED", TRIM(CONCATENATE(F2,I2,U2))) -> DELETED | AQ2: =IF($AG2, "DELETED", TRIM(CONCATENATE(G2,J2,V2))) -> DELETED | AR2: =IFERROR(__xludf.DUMMYFUNCTION("IF($AG2, ""DELETED"", TRIM(JOIN("" "",AP2,AQ2)))"),"DELETED") -> DELETED | AT2: =IF(OR($AG2,SUM($AU2:$AW2)=1),TRUE,FALSE) -> TRUE | AU2: =IF($AG2,IFERROR(0/0,""),IF(ISBLANK($F2),IF(ISBLANK($G2),IFERROR(0/0,""),2),1)) | AV2: =IF($AG2,IFERROR(0/0,""),IF(ISBLANK($I2),IF(ISBLANK($J2),IFERROR(0/0,""),2),1)) | AW2: =IF($AG2,IFERROR(0/0,""),IF(ISBLANK($U2),IF(ISBLANK($V2),IFERROR(0/0,""),2),1)) | AX2: =IF(AND($X2,$A3=$A2),1,IFERROR(0/0,"")) | BA2: =IF(EXACT(K2,"Null"),TRUE,IFERROR(0/0,"")) | BD2: {=SORT(BK$2:BK826,1,TRUE)} | BE2: =IF(COUNTIF(BI$2:BI826,BD2)>0,COUNTIF(BI$2:BI826,BD2),IFERROR(0/0,"")) | BF2: =CONCATENATE($A2,"__",$B2,"_",$C2) -> Hero__44537_0.543321759259259 | BG2: =IF(ISBLANK(IFERROR(MATCH(LEFT(BF2, FIND("__",BF2)-1),BD$2:BD826,0),"")),IFERROR(0/0,""),TRUE) | BH2: {=SORT(UNIQUE(BF$2:BF826),1,TRUE)} -> FM1__44607_0.262928240740741 | BI2: =IFERROR(LEFT(BH2, FIND("__",BH2)-1),"") -> FM1 | BJ2: =IFERROR(AND(EXACT(BI3,BI2),NOT(EXACT(BI2,BI1))),"") -> FALSE | BK2: =IF(BJ2,BI2,IFERROR(0/0,"")) | BM2: =IF(OR(BN2,BO2),"MISSING",IFERROR(0/0,"")) | BN2: =ISBLANK($AR2) -> FALSE | BO2: =IF(TRIM($AR2)="",TRUE,FALSE) -> FALSE | BQ2: =VLOOKUP(A2,RAW_APS!A$3:O826,15,FALSE) | BR2: =IF(ISERROR(BQ2),"***TUBE ID NOT FOUND",EXACT(BQ2,O2)) -> TRUE | BT2: DELETED | BU2: =EXACT(BT2,$AK2) -> TRUE
A3: Hero1 | B3: 44537 | C3: 0.54359954 | K3: Negative | L3: 44537 | M3: 0.54456019 | N3: Primary | P3: =IFNA(IF(VLOOKUP($A3,'Add from APT'!$AA$2:$AC826,3,FALSE)>0,TRUE,FALSE),"ER - NOT IN APT") -> FALSE | Q3: =IF(ISLOGICAL(P3),IF(P3,"ER - REPS IN APT", IFNA(VLOOKUP($A3,RAW_APT!$A$3:$M826,7,FALSE),"ER - NOT IN APT")),P3) -> Result | R3: =IF(EXACT($A3,$A2),FALSE,TRUE) -> TRUE | S3: =COUNTIF($A$2:$A827,$A3) -> 1 | X3: =IF(ISBLANK($U3),IF(ISBLANK($V3),FALSE,"ER - LAST ONLY"),TRUE) -> FALSE | Y3: FALSE | Z3: =IF($S3>4,TRUE,IFERROR(0/0,"")) | AA3: =IF(ISBLANK($O3),FALSE,TRUE) -> FALSE | AB3: FALSE | AC3: 791 | AD3: TRUE | AE3: =IFERROR(IF(EXACT($L3,$B3),(TIMEVALUE($M3)-TIMEVALUE($C3))*24*60,IFERROR(0/0,"")),IFERROR(0/0,"")) -> 1.3833333 | AF3: =OR(AND(NOT($AG3),IFERROR(NOT($AG4),""),EXACT($A3,$A4),NOT(EXACT(CONCATENATE($B3,$C3),CONCATENATE($B4,$C4)))),AND(NOT($AG3),IFERROR(NOT($AG2),""),EXACT($A3,$A2),NOT(EXACT(CONCATENATE($B3,$C3),CONCATENATE($B2,$C2))))) -> FALSE | AG3: =IF($AH3>0,TRUE,FALSE) -> TRUE | AH3: 2 | AK3: =IFS(AND($AJ3>=2,$AJ3<3),"Negative",AND($AJ3>=3,$AJ3<4),"Positive",AND($AJ3>=4,$AJ3<5),"Inconclusive",$AJ3=5,"MANUAL FILL",$AG3,"DELETED",TRUE,$K3) -> DELETED | AM3: DELETED | AN3: DELETED | AO3: =IFERROR(__xludf.DUMMYFUNCTION("IF($AG3, ""DELETED"",TRIM(JOIN("" "",D3:E3)))"),"DELETED") -> DELETED | AP3: =IF($AG3, "DELETED", TRIM(CONCATENATE(F3,I3,U3))) -> DELETED | AQ3: =IF($AG3, "DELETED", TRIM(CONCATENATE(G3,J3,V3))) -> DELETED | AR3: =IFERROR(__xludf.DUMMYFUNCTION("IF($AG3, ""DELETED"", TRIM(JOIN("" "",AP3,AQ3)))"),"DELETED") -> DELETED | AT3: =IF(OR($AG3,SUM($AU3:$AW3)=1),TRUE,FALSE) -> TRUE | AU3: =IF($AG3,IFERROR(0/0,""),IF(ISBLANK($F3),IF(ISBLANK($G3),IFERROR(0/0,""),2),1)) | AV3: =IF($AG3,IFERROR(0/0,""),IF(ISBLANK($I3),IF(ISBLANK($J3),IFERROR(0/0,""),2),1)) | AW3: =IF($AG3,IFERROR(0/0,""),IF(ISBLANK($U3),IF(ISBLANK($V3),IFERROR(0/0,""),2),1)) | AX3: =IF(AND($X3,$A4=$A3),1,IFERROR(0/0,"")) | BA3: =IF(EXACT(K3,"Null"),TRUE,IFERROR(0/0,"")) | BE3: =IF(COUNTIF(BI$2:BI827,BD3)>0,COUNTIF(BI$2:BI827,BD3),IFERROR(0/0,"")) | BF3: =CONCATENATE($A3,"__",$B3,"_",$C3) -> Hero1__44537_0.543599537037037 | BG3: =IF(ISBLANK(IFERROR(MATCH(LEFT(BF3, FIND("__",BF3)-1),BD$2:BD827,0),"")),IFERROR(0/0,""),TRUE) | BH3: FM1003__44605_0.332789351851852 | BI3: =IFERROR(LEFT(BH3, FIND("__",BH3)-1),"") -> FM1003 | BJ3: =IFERROR(AND(EXACT(BI4,BI3),NOT(EXACT(BI3,BI2))),"") -> FALSE | BK3: =IF(BJ3,BI3,IFERROR(0/0,"")) | BM3: =IF(OR(BN3,BO3),"MISSING",IFERROR(0/0,"")) | BN3: =ISBLANK($AR3) -> FALSE | BO3: =IF(TRIM($AR3)="",TRUE,FALSE) -> FALSE | BQ3: =VLOOKUP(A3,RAW_APS!A$3:O826,15,FALSE) -> #N/A | BR3: =IF(ISERROR(BQ3),"***TUBE ID NOT FOUND",EXACT(BQ3,O3)) -> ***TUBE ID NOT FOUND | BT3: DELETED | BU3: =EXACT(BT3,$AK3) -> TRUE
A4: Hero2 | B4: 44537 | C4: 0.54384259 | K4: Negative | L4: 44537 | M4: 0.54456019 | P4: =IFNA(IF(VLOOKUP($A4,'Add from APT'!$AA$2:$AC826,3,FALSE)>0,TRUE,FALSE),"ER - NOT IN APT") -> FALSE | Q4: =IF(ISLOGICAL(P4),IF(P4,"ER - REPS IN APT", IFNA(VLOOKUP($A4,RAW_APT!$A$3:$M826,7,FALSE),"ER - NOT IN APT")),P4) -> Result | R4: =IF(EXACT($A4,$A3),FALSE,TRUE) -> TRUE | S4: =COUNTIF($A$2:$A828,$A4) -> 1 | X4: =IF(ISBLANK($U4),IF(ISBLANK($V4),FALSE,"ER - LAST ONLY"),TRUE) -> FALSE | Y4: FALSE | Z4: =IF($S4>4,TRUE,IFERROR(0/0,"")) | AA4: =IF(ISBLANK($O4),FALSE,TRUE) -> FALSE | AB4: FALSE | AC4: 784 | AD4: FALSE | AE4: =IFERROR(IF(EXACT($L4,$B4),(TIMEVALUE($M4)-TIMEVALUE($C4))*24*60,IFERROR(0/0,"")),IFERROR(0/0,"")) -> 1.0333333 | AF4: =OR(AND(NOT($AG4),IFERROR(NOT($AG5),""),EXACT($A4,$A5),NOT(EXACT(CONCATENATE($B4,$C4),CONCATENATE($B5,$C5)))),AND(NOT($AG4),IFERROR(NOT($AG3),""),EXACT($A4,$A3),NOT(EXACT(CONCATENATE($B4,$C4),CONCATENATE($B3,$C3))))) -> FALSE | AG4: =IF($AH4>0,TRUE,FALSE) -> TRUE | AH4: 2 | AK4: =IFS(AND($AJ4>=2,$AJ4<3),"Negative",AND($AJ4>=3,$AJ4<4),"Positive",AND($AJ4>=4,$AJ4<5),"Inconclusive",$AJ4=5,"MANUAL FILL",$AG4,"DELETED",TRUE,$K4) -> DELETED | AM4: DELETED | AN4: DELETED | AO4: =IFERROR(__xludf.DUMMYFUNCTION("IF($AG4, ""DELETED"",TRIM(JOIN("" "",D4:E4)))"),"DELETED") -> DELETED | AP4: =IF($AG4, "DELETED", TRIM(CONCATENATE(F4,I4,U4))) -> DELETED | AQ4: =IF($AG4, "DELETED", TRIM(CONCATENATE(G4,J4,V4))) -> DELETED | AR4: =IFERROR(__xludf.DUMMYFUNCTION("IF($AG4, ""DELETED"", TRIM(JOIN("" "",AP4,AQ4)))"),"DELETED") -> DELETED | AT4: =IF(OR($AG4,SUM($AU4:$AW4)=1),TRUE,FALSE) -> TRUE | AU4: =IF($AG4,IFERROR(0/0,""),IF(ISBLANK($F4),IF(ISBLANK($G4),IFERROR(0/0,""),2),1)) | AV4: =IF($AG4,IFERROR(0/0,""),IF(ISBLANK($I4),IF(ISBLANK($J4),IFERROR(0/0,""),2),1)) | AW4: =IF($AG4,IFERROR(0/0,""),IF(ISBLANK($U4),IF(ISBLANK($V4),IFERROR(0/0,""),2),1)) | AX4: =IF(AND($X4,$A5=$A4),1,IFERROR(0/0,"")) | BA4: =IF(EXACT(K4,"Null"),TRUE,IFERROR(0/0,"")) | BE4: =IF(COUNTIF(BI$2:BI828,BD4)>0,COUNTIF(BI$2:BI828,BD4),IFERROR(0/0,"")) | BF4: =CONCATENATE($A4,"__",$B4,"_",$C4) -> Hero2__44537_0.543842592592593 | BG4: =IF(ISBLANK(IFERROR(MATCH(LEFT(BF4, FIND("__",BF4)-1),BD$2:BD828,0),"")),IFERROR(0/0,""),TRUE) | BH4: FM1007__44627_0.324502314814815 | BI4: =IFERROR(LEFT(BH4, FIND("__",BH4)-1),"") -> FM1007 | BJ4: =IFERROR(AND(EXACT(BI5,BI4),NOT(EXACT(BI4,BI3))),"") -> FALSE | BK4: =IF(BJ4,BI4,IFERROR(0/0,"")) | BM4: =IF(OR(BN4,BO4),"MISSING",IFERROR(0/0,"")) | BN4: =ISBLANK($AR4) -> FALSE | BO4: =IF(TRIM($AR4)="",TRUE,FALSE) -> FALSE | BQ4: =VLOOKUP(A4,RAW_APS!A$3:O826,15,FALSE) | BR4: =IF(ISERROR(BQ4),"***TUBE ID NOT FOUND",EXACT(BQ4,O4)) -> TRUE | BT4: DELETED | BU4: =EXACT(BT4,$AK4) -> TRUE
A5: Test123 | B5: 44537 | C5: 0.59136574 | K5: Positive | L5: 44537 | M5: 0.59804398 | N5: Primary | P5: =IFNA(IF(VLOOKUP($A5,'Add from APT'!$AA$2:$AC826,3,FALSE)>0,TRUE,FALSE),"ER - NOT IN APT") -> FALSE | Q5: =IF(ISLOGICAL(P5),IF(P5,"ER - REPS IN APT", IFNA(VLOOKUP($A5,RAW_APT!$A$3:$M826,7,FALSE),"ER - NOT IN APT")),P5) -> Result | R5: =IF(EXACT($A5,$A4),FALSE,TRUE) -> TRUE | S5: =COUNTIF($A$2:$A829,$A5) -> 1 | X5: =IF(ISBLANK($U5),IF(ISBLANK($V5),FALSE,"ER - LAST ONLY"),TRUE) -> FALSE | Y5: FALSE | Z5: =IF($S5>4,TRUE,IFERROR(0/0,"")) | AA5: =IF(ISBLANK($O5),FALSE,TRUE) -> FALSE | AB5: FALSE | AC5: 821 | AD5: TRUE | AE5: =IFERROR(IF(EXACT($L5,$B5),(TIMEVALUE($M5)-TIMEVALUE($C5))*24*60,IFERROR(0/0,"")),IFERROR(0/0,"")) -> 9.6166667 | AF5: =OR(AND(NOT($AG5),IFERROR(NOT($AG6),""),EXACT($A5,$A6),NOT(EXACT(CONCATENATE($B5,$C5),CONCATENATE($B6,$C6)))),AND(NOT($AG5),IFERROR(NOT($AG4),""),EXACT($A5,$A4),NOT(EXACT(CONCATENATE($B5,$C5),CONCATENATE($B4,$C4))))) -> FALSE | AG5: =IF($AH5>0,TRUE,FALSE) -> TRUE | AH5: 2 | AK5: =IFS(AND($AJ5>=2,$AJ5<3),"Negative",AND($AJ5>=3,$AJ5<4),"Positive",AND($AJ5>=4,$AJ5<5),"Inconclusive",$AJ5=5,"MANUAL FILL",$AG5,"DELETED",TRUE,$K5) -> DELETED | AM5: DELETED | AN5: DELETED | AO5: =IFERROR(__xludf.DUMMYFUNCTION("IF($AG5, ""DELETED"",TRIM(JOIN("" "",D5:E5)))"),"DELETED") -> DELETED | AP5: =IF($AG5, "DELETED", TRIM(CONCATENATE(F5,I5,U5))) -> DELETED | AQ5: =IF($AG5, "DELETED", TRIM(CONCATENATE(G5,J5,V5))) -> DELETED | AR5: =IFERROR(__xludf.DUMMYFUNCTION("IF($AG5, ""DELETED"", TRIM(JOIN("" "",AP5,AQ5)))"),"DELETED") -> DELETED | AT5: =IF(OR($AG5,SUM($AU5:$AW5)=1),TRUE,FALSE) -> TRUE | AU5: =IF($AG5,IFERROR(0/0,""),IF(ISBLANK($F5),IF(ISBLANK($G5),IFERROR(0/0,""),2),1)) | AV5: =IF($AG5,IFERROR(0/0,""),IF(ISBLANK($I5),IF(ISBLANK($J5),IFERROR(0/0,""),2),1)) | AW5: =IF($AG5,IFERROR(0/0,""),IF(ISBLANK($U5),IF(ISBLANK($V5),IFERROR(0/0,""),2),1)) | AX5: =IF(AND($X5,$A6=$A5),1,IFERROR(0/0,"")) | BA5: =IF(EXACT(K5,"Null"),TRUE,IFERROR(0/0,"")) | BE5: =IF(COUNTIF(BI$2:BI829,BD5)>0,COUNTIF(BI$2:BI829,BD5),IFERROR(0/0,"")) | BF5: =CONCATENATE($A5,"__",$B5,"_",$C5) -> Test123__44537_0.591365740740741 | BG5: =IF(ISBLANK(IFERROR(MATCH(LEFT(BF5, FIND("__",BF5)-1),BD$2:BD829,0),"")),IFERROR(0/0,""),TRUE) | BH5: FM1008__44615_0.321712962962963 | BI5: =IFERROR(LEFT(BH5, FIND("__",BH5)-1),"") -> FM1008 | BJ5: =IFERROR(AND(EXACT(BI6,BI5),NOT(EXACT(BI5,BI4))),"") -> FALSE | BK5: =IF(BJ5,BI5,IFERROR(0/0,"")) | BM5: =IF(OR(BN5,BO5),"MISSING",IFERROR(0/0,"")) | BN5: =ISBLANK($AR5) -> FALSE | BO5: =IF(TRIM($AR5)="",TRUE,FALSE) -> FALSE | BQ5: =VLOOKUP(A5,RAW_APS!A$3:O826,15,FALSE) -> #N/A | BR5: =IF(ISERROR(BQ5),"***TUBE ID NOT FOUND",EXACT(BQ5,O5)) -> ***TUBE ID NOT FOUND | BT5: DELETED | BU5: =EXACT(BT5,$AK5) -> TRUE
A6: Test12 | B6: 44537 | C6: 0.59153935 | K6: Null | P6: =IFNA(IF(VLOOKUP($A6,'Add from APT'!$AA$2:$AC826,3,FALSE)>0,TRUE,FALSE),"ER - NOT IN APT") -> FALSE | Q6: =IF(ISLOGICAL(P6),IF(P6,"ER - REPS IN APT", IFNA(VLOOKUP($A6,RAW_APT!$A$3:$M826,7,FALSE),"ER - NOT IN APT")),P6) -> Collected | R6: =IF(EXACT($A6,$A5),FALSE,TRUE) -> TRUE | S6: =COUNTIF($A$2:$A830,$A6) -> 1 | X6: =IF(ISBLANK($U6),IF(ISBLANK($V6),FALSE,"ER - LAST ONLY"),TRUE) -> FALSE | Y6: FALSE | Z6: =IF($S6>4,TRUE,IFERROR(0/0,"")) | AA6: =IF(ISBLANK($O6),FALSE,TRUE) -> FALSE | AB6: FALSE | AC6: 783 | AD6: FALSE | AE6: =IFERROR(IF(EXACT($L6,$B6),(TIMEVALUE($M6)-TIMEVALUE($C6))*24*60,IFERROR(0/0,"")),IFERROR(0/0,"")) | AF6: =OR(AND(NOT($AG6),IFERROR(NOT($AG7),""),EXACT($A6,$A7),NOT(EXACT(CONCATENATE($B6,$C6),CONCATENATE($B7,$C7)))),AND(NOT($AG6),IFERROR(NOT($AG5),""),EXACT($A6,$A5),NOT(EXACT(CONCATENATE($B6,$C6),CONCATENATE($B5,$C5))))) -> FALSE | AG6: =IF($AH6>0,TRUE,FALSE) -> TRUE | AH6: 2 | AK6: =IFS(AND($AJ6>=2,$AJ6<3),"Negative",AND($AJ6>=3,$AJ6<4),"Positive",AND($AJ6>=4,$AJ6<5),"Inconclusive",$AJ6=5,"MANUAL FILL",$AG6,"DELETED",TRUE,$K6) -> DELETED | AM6: DELETED | AN6: DELETED | AO6: =IFERROR(__xludf.DUMMYFUNCTION("IF($AG6, ""DELETED"",TRIM(JOIN("" "",D6:E6)))"),"DELETED") -> DELETED | AP6: =IF($AG6, "DELETED", TRIM(CONCATENATE(F6,I6,U6))) -> DELETED | AQ6: =IF($AG6, "DELETED", TRIM(CONCATENATE(G6,J6,V6))) -> DELETED | AR6: =IFERROR(__xludf.DUMMYFUNCTION("IF($AG6, ""DELETED"", TRIM(JOIN("" "",AP6,AQ6)))"),"DELETED") -> DELETED | AT6: =IF(OR($AG6,SUM($AU6:$AW6)=1),TRUE,FALSE) -> TRUE | AU6: =IF($AG6,IFERROR(0/0,""),IF(ISBLANK($F6),IF(ISBLANK($G6),IFERROR(0/0,""),2),1)) | AV6: =IF($AG6,IFERROR(0/0,""),IF(ISBLANK($I6),IF(ISBLANK($J6),IFERROR(0/0,""),2),1)) | AW6: =IF($AG6,IFERROR(0/0,""),IF(ISBLANK($U6),IF(ISBLANK($V6),IFERROR(0/0,""),2),1)) | AX6: =IF(AND($X6,$A7=$A6),1,IFERROR(0/0,"")) | BA6: =IF(EXACT(K6,"Null"),TRUE,IFERROR(0/0,"")) -> TRUE | BE6: =IF(COUNTIF(BI$2:BI830,BD6)>0,COUNTIF(BI$2:BI830,BD6),IFERROR(0/0,"")) | BF6: =CONCATENATE($A6,"__",$B6,"_",$C6) -> Test12__44537_0.591539351851852 | BG6: =IF(ISBLANK(IFERROR(MATCH(LEFT(BF6, FIND("__",BF6)-1),BD$2:BD830,0),"")),IFERROR(0/0,""),TRUE) | BH6: FM1010__44613_0.324409722222222 | BI6: =IFERROR(LEFT(BH6, FIND("__",BH6)-1),"") -> FM1010 | BJ6: =IFERROR(AND(EXACT(BI7,BI6),NOT(EXACT(BI6,BI5))),"") -> FALSE | BK6: =IF(BJ6,BI6,IFERROR(0/0,"")) | BM6: =IF(OR(BN6,BO6),"MISSING",IFERROR(0/0,"")) | BN6: =ISBLANK($AR6) -> FALSE | BO6: =IF(TRIM($AR6)="",TRUE,FALSE) -> FALSE | BQ6: =VLOOKUP(A6,RAW_APS!A$3:O826,15,FALSE) | BR6: =IF(ISERROR(BQ6),"***TUBE ID NOT FOUND",EXACT(BQ6,O6)) -> TRUE | BT6: DELETED | BU6: =EXACT(BT6,$AK6) -> TRUE
A7: MAX88 | B7: 44540 | C7: 0.2940162 | K7: Negative | L7: 44543 | M7: 0.78571759 | P7: =IFNA(IF(VLOOKUP($A7,'Add from APT'!$AA$2:$AC826,3,FALSE)>0,TRUE,FALSE),"ER - NOT IN APT") -> FALSE | Q7: =IF(ISLOGICAL(P7),IF(P7,"ER - REPS IN APT", IFNA(VLOOKUP($A7,RAW_APT!$A$3:$M826,7,FALSE),"ER - NOT IN APT")),P7) -> Result | R7: =IF(EXACT($A7,$A6),FALSE,TRUE) -> TRUE | S7: =COUNTIF($A$2:$A831,$A7) -> 1 | T7: 0 | X7: =IF(ISBLANK($U7),IF(ISBLANK($V7),FALSE,"ER - LAST ONLY"),TRUE) -> FALSE | Y7: FALSE | Z7: =IF($S7>4,TRUE,IFERROR(0/0,"")) | AA7: =IF(ISBLANK($O7),FALSE,TRUE) -> FALSE | AB7: FALSE | AC7: 782 | AD7: FALSE | AE7: =IFERROR(IF(EXACT($L7,$B7),(TIMEVALUE($M7)-TIMEVALUE($C7))*24*60,IFERROR(0/0,"")),IFERROR(0/0,"")) | AF7: =OR(AND(NOT($AG7),IFERROR(NOT($AG8),""),EXACT($A7,$A8),NOT(EXACT(CONCATENATE($B7,$C7),CONCATENATE($B8,$C8)))),AND(NOT($AG7),IFERROR(NOT($AG6),""),EXACT($A7,$A6),NOT(EXACT(CONCATENATE($B7,$C7),CONCATENATE($B6,$C6))))) -> FALSE | AG7: =IF($AH7>0,TRUE,FALSE) -> FALSE | AK7: =IFS(AND($AJ7>=2,$AJ7<3),"Negative",AND($AJ7>=3,$AJ7<4),"Positive",AND($AJ7>=4,$AJ7<5),"Inconclusive",$AJ7=5,"MANUAL FILL",$AG7,"DELETED",TRUE,$K7) -> Negative | AM7: SpBEND708976 | AN7: BEND561629 | AO7: =IFERROR(__xludf.DUMMYFUNCTION("IF($AG7, ""DELETED"",TRIM(JOIN("" "",D7:E7)))"),"") | AP7: =IF($AG7, "DELETED", TRIM(CONCATENATE(F7,I7,U7))) | AQ7: =IF($AG7, "DELETED", TRIM(CONCATENATE(G7,J7,V7))) | AR7: =IFERROR(__xludf.DUMMYFUNCTION("IF($AG7, ""DELETED"", TRIM(JOIN("" "",AP7,AQ7)))"),"") | AT7: =IF(OR($AG7,SUM($AU7:$AW7)=1),TRUE,FALSE) -> FALSE | AU7: =IF($AG7,IFERROR(0/0,""),IF(ISBLANK($F7),IF(ISBLANK($G7),IFERROR(0/0,""),2),1)) | AV7: =IF($AG7,IFERROR(0/0,""),IF(ISBLANK($I7),IF(ISBLANK($J7),IFERROR(0/0,""),2),1)) | AW7: =IF($AG7,IFERROR(0/0,""),IF(ISBLANK($U7),IF(ISBLANK($V7),IFERROR(0/0,""),2),1)) | AX7: =IF(AND($X7,$A8=$A7),1,IFERROR(0/0,"")) | BA7: =IF(EXACT(K7,"Null"),TRUE,IFERROR(0/0,"")) | BE7: =IF(COUNTIF(BI$2:BI831,BD7)>0,COUNTIF(BI$2:BI831,BD7),IFERROR(0/0,"")) | BF7: =CONCATENATE($A7,"__",$B7,"_",$C7) -> MAX88__44540_0.294016203703704 | BG7: =IF(ISBLANK(IFERROR(MATCH(LEFT(BF7, FIND("__",BF7)-1),BD$2:BD831,0),"")),IFERROR(0/0,""),TRUE) | BH7: FM1011__44619_0.277604166666667 | BI7: =IFERROR(LEFT(BH7, FIND("__",BH7)-1),"") -> FM1011 | BJ7: =IFERROR(AND(EXACT(BI8,BI7),NOT(EXACT(BI7,BI6))),"") -> FALSE | BK7: =IF(BJ7,BI7,IFERROR(0/0,"")) | BM7: =IF(OR(BN7,BO7),"MISSING",IFERROR(0/0,"")) -> MISSING | BN7: =ISBLANK($AR7) -> FALSE | BO7: =IF(TRIM($AR7)="",TRUE,FALSE) -> TRUE | BQ7: =VLOOKUP(A7,RAW_APS!A$3:O826,15,FALSE) | BR7: =IF(ISERROR(BQ7),"***TUBE ID NOT FOUND",EXACT(BQ7,O7)) -> TRUE | BT7: Negative | BU7: =EXACT(BT7,$AK7) -> TRUE
A8: MAX136 | B8: 44540 | C8: 0.29800926 | K8: Negative | L8: 44543 | M8: 0.78571759 | P8: =IFNA(IF(VLOOKUP($A8,'Add from APT'!$AA$2:$AC826,3,FALSE)>0,TRUE,FALSE),"ER - NOT IN APT") -> FALSE | Q8: =IF(ISLOGICAL(P8),IF(P8,"ER - REPS IN APT", IFNA(VLOOKUP($A8,RAW_APT!$A$3:$M826,7,FALSE),"ER - NOT IN APT")),P8) -> Result | R8: =IF(EXACT($A8,$A7),FALSE,TRUE) -> TRUE | S8: =COUNTIF($A$2:$A832,$A8) -> 1 | X8: =IF(ISBLANK($U8),IF(ISBLANK($V8),FALSE,"ER - LAST ONLY"),TRUE) -> FALSE | Y8: FALSE | Z8: =IF($S8>4,TRUE,IFERROR(0/0,"")) | AA8: =IF(ISBLANK($O8),FALSE,TRUE) -> FALSE | AB8: FALSE | AC8: 781 | AD8: FALSE | AE8: =IFERROR(IF(EXACT($L8,$B8),(TIMEVALUE($M8)-TIMEVALUE($C8))*24*60,IFERROR(0/0,"")),IFERROR(0/0,"")) | AF8: =OR(AND(NOT($AG8),IFERROR(NOT($AG9),""),EXACT($A8,$A9),NOT(EXACT(CONCATENATE($B8,$C8),CONCATENATE($B9,$C9)))),AND(NOT($AG8),IFERROR(NOT($AG7),""),EXACT($A8,$A7),NOT(EXACT(CONCATENATE($B8,$C8),CONCATENATE($B7,$C7))))) -> FALSE | AG8: =IF($AH8>0,TRUE,FALSE) -> FALSE | AK8: =IFS(AND($AJ8>=2,$AJ8<3),"Negative",AND($AJ8>=3,$AJ8<4),"Positive",AND($AJ8>=4,$AJ8<5),"Inconclusive",$AJ8=5,"MANUAL FILL",$AG8,"DELETED",TRUE,$K8) -> Negative | AM8: SpBEND394154 | AN8: BEND365993 | AO8: =IFERROR(__xludf.DUMMYFUNCTION("IF($AG8, ""DELETED"",TRIM(JOIN("" "",D8:E8)))"),"") | AP8: =IF($AG8, "DELETED", TRIM(CONCATENATE(F8,I8,U8))) | AQ8: =IF($AG8, "DELETED", TRIM(CONCATENATE(G8,J8,V8))) | AR8: =IFERROR(__xludf.DUMMYFUNCTION("IF($AG8, ""DELETED"", TRIM(JOIN("" "",AP8,AQ8)))"),"") | AT8: =IF(OR($AG8,SUM($AU8:$AW8)=1),TRUE,FALSE) -> FALSE | AU8: =IF($AG8,IFERROR(0/0,""),IF(ISBLANK($F8),IF(ISBLANK($G8),IFERROR(0/0,""),2),1)) | AV8: =IF($AG8,IFERROR(0/0,""),IF(ISBLANK($I8),IF(ISBLANK($J8),IFERROR(0/0,""),2),1)) | AW8: =IF($AG8,IFERROR(0/0,""),IF(ISBLANK($U8),IF(ISBLANK($V8),IFERROR(0/0,""),2),1)) | AX8: =IF(AND($X8,$A9=$A8),1,IFERROR(0/0,"")) | BA8: =IF(EXACT(K8,"Null"),TRUE,IFERROR(0/0,"")) | BE8: =IF(COUNTIF(BI$2:BI832,BD8)>0,COUNTIF(BI$2:BI832,BD8),IFERROR(0/0,"")) | BF8: =CONCATENATE($A8,"__",$B8,"_",$C8) -> MAX136__44540_0.298009259259259 | BG8: =IF(ISBLANK(IFERROR(MATCH(LEFT(BF8, FIND("__",BF8)-1),BD$2:BD832,0),"")),IFERROR(0/0,""),TRUE) | BH8: FM1020__44613_0.321018518518519 | BI8: =IFERROR(LEFT(BH8, FIND("__",BH8)-1),"") -> FM1020 | BJ8: =IFERROR(AND(EXACT(BI9,BI8),NOT(EXACT(BI8,BI7))),"") -> FALSE | BK8: =IF(BJ8,BI8,IFERROR(0/0,"")) | BM8: =IF(OR(BN8,BO8),"MISSING",IFERROR(0/0,"")) -> MISSING | BN8: =ISBLANK($AR8) -> FALSE | BO8: =IF(TRIM($AR8)="",TRUE,FALSE) -> TRUE | BQ8: =VLOOKUP(A8,RAW_APS!A$3:O826,15,FALSE) | BR8: =IF(ISERROR(BQ8),"***TUBE ID NOT FOUND",EXACT(BQ8,O8)) -> TRUE | BT8: Negative | BU8: =EXACT(BT8,$AK8) -> TRUE
A9: MAX79 | B9: 44540 | C9: 0.30054398 | K9: Negative | L9: 44543 | M9: 0.78571759 | P9: =IFNA(IF(VLOOKUP($A9,'Add from APT'!$AA$2:$AC826,3,FALSE)>0,TRUE,FALSE),"ER - NOT IN APT") -> FALSE | Q9: =IF(ISLOGICAL(P9),IF(P9,"ER - REPS IN APT", IFNA(VLOOKUP($A9,RAW_APT!$A$3:$M826,7,FALSE),"ER - NOT IN APT")),P9) -> Result | R9: =IF(EXACT($A9,$A8),FALSE,TRUE) -> TRUE | S9: =COUNTIF($A$2:$A833,$A9) -> 2 | X9: =IF(ISBLANK($U9),IF(ISBLANK($V9),FALSE,"ER - LAST ONLY"),TRUE) -> FALSE | Y9: FALSE | Z9: =IF($S9>4,TRUE,IFERROR(0/0,"")) | AA9: =IF(ISBLANK($O9),FALSE,TRUE) -> FALSE | AB9: FALSE | AC9: 779 | AD9: FALSE | AE9: =IFERROR(IF(EXACT($L9,$B9),(TIMEVALUE($M9)-TIMEVALUE($C9))*24*60,IFERROR(0/0,"")),IFERROR(0/0,"")) | AF9: =OR(AND(NOT($AG9),IFERROR(NOT($AG10),""),EXACT($A9,$A10),NOT(EXACT(CONCATENATE($B9,$C9),CONCATENATE($B10,$C10)))),AND(NOT($AG9),IFERROR(NOT($AG8),""),EXACT($A9,$A8),NOT(EXACT(CONCATENATE($B9,$C9),CONCATENATE($B8,$C8))))) -> FALSE | AG9: =IF($AH9>0,TRUE,FALSE) -> TRUE | AH9: 7 | AK9: =IFS(AND($AJ9>=2,$AJ9<3),"Negative",AND($AJ9>=3,$AJ9<4),"Positive",AND($AJ9>=4,$AJ9<5),"Inconclusive",$AJ9=5,"MANUAL FILL",$AG9,"DELETED",TRUE,$K9) -> DELETED | AM9: DELETED | AN9: DELETED | AO9: =IFERROR(__xludf.DUMMYFUNCTION("IF($AG9, ""DELETED"",TRIM(JOIN("" "",D9:E9)))"),"DELETED") -> DELETED | AP9: =IF($AG9, "DELETED", TRIM(CONCATENATE(F9,I9,U9))) -> DELETED | AQ9: =IF($AG9, "DELETED", TRIM(CONCATENATE(G9,J9,V9))) -> DELETED | AR9: =IFERROR(__xludf.DUMMYFUNCTION("IF($AG9, ""DELETED"", TRIM(JOIN("" "",AP9,AQ9)))"),"DELETED") -> DELETED | AT9: =IF(OR($AG9,SUM($AU9:$AW9)=1),TRUE,FALSE) -> TRUE | AU9: =IF($AG9,IFERROR(0/0,""),IF(ISBLANK($F9),IF(ISBLANK($G9),IFERROR(0/0,""),2),1)) | AV9: =IF($AG9,IFERROR(0/0,""),IF(ISBLANK($I9),IF(ISBLANK($J9),IFERROR(0/0,""),2),1)) | AW9: =IF($AG9,IFERROR(0/0,""),IF(ISBLANK($U9),IF(ISBLANK($V9),IFERROR(0/0,""),2),1)) | AX9: =IF(AND($X9,$A10=$A9),1,IFERROR(0/0,"")) | BA9: =IF(EXACT(K9,"Null"),TRUE,IFERROR(0/0,"")) | BE9: =IF(COUNTIF(BI$2:BI833,BD9)>0,COUNTIF(BI$2:BI833,BD9),IFERROR(0/0,"")) | BF9: =CONCATENATE($A9,"__",$B9,"_",$C9) -> MAX79__44540_0.300543981481482 | BG9: =IF(ISBLANK(IFERROR(MATCH(LEFT(BF9, FIND("__",BF9)-1),BD$2:BD833,0),"")),IFERROR(0/0,""),TRUE) | BH9: FM105__44631_0.306689814814815 | BI9: =IFERROR(LEFT(BH9, FIND("__",BH9)-1),"") -> FM105 | BJ9: =IFERROR(AND(EXACT(BI10,BI9),NOT(EXACT(BI9,BI8))),"") -> FALSE | BK9: =IF(BJ9,BI9,IFERROR(0/0,"")) | BM9: =IF(OR(BN9,BO9),"MISSING",IFERROR(0/0,"")) | BN9: =ISBLANK($AR9) -> FALSE | BO9: =IF(TRIM($AR9)="",TRUE,FALSE) -> FALSE | BQ9: =VLOOKUP(A9,RAW_APS!A$3:O826,15,FALSE) | BR9: =IF(ISERROR(BQ9),"***TUBE ID NOT FOUND",EXACT(BQ9,O9)) -> TRUE | BT9: DELETED | BU9: =EXACT(BT9,$AK9) -> TRUE
A10: MAX79 | B10: 44540 | C10: 0.30054398 | K10: Negative | L10: 44543 | M10: 0.78571759 | P10: =IFNA(IF(VLOOKUP($A10,'Add from APT'!$AA$2:$AC826,3,FALSE)>0,TRUE,FALSE),"ER - NOT IN APT") -> FALSE | Q10: =IF(ISLOGICAL(P10),IF(P10,"ER - REPS IN APT", IFNA(VLOOKUP($A10,RAW_APT!$A$3:$M826,7,FALSE),"ER - NOT IN APT")),P10) -> Result | R10: =IF(EXACT($A10,$A9),FALSE,TRUE) -> FALSE | S10: =COUNTIF($A$2:$A834,$A10) -> 2 | X10: =IF(ISBLANK($U10),IF(ISBLANK($V10),FALSE,"ER - LAST ONLY"),TRUE) -> FALSE | Y10: FALSE | Z10: =IF($S10>4,TRUE,IFERROR(0/0,"")) | AA10: =IF(ISBLANK($O10),FALSE,TRUE) -> FALSE | AB10: FALSE | AC10: 780 | AD10: FALSE | AE10: =IFERROR(IF(EXACT($L10,$B10),(TIMEVALUE($M10)-TIMEVALUE($C10))*24*60,IFERROR(0/0,"")),IFERROR(0/0,"")) | AF10: =OR(AND(NOT($AG10),IFERROR(NOT($AG11),""),EXACT($A10,$A11),NOT(EXACT(CONCATENATE($B10,$C10),CONCATENATE($B11,$C11)))),AND(NOT($AG10),IFERROR(NOT($AG9),""),EXACT($A10,$A9),NOT(EXACT(CONCATENATE($B10,$C10),CONCATENATE($B9,$C9))))) -> FALSE | AG10: =IF($AH10>0,TRUE,FALSE) -> FALSE | AK10: =IFS(AND($AJ10>=2,$AJ10<3),"Negative",AND($AJ10>=3,$AJ10<4),"Positive",AND($AJ10>=4,$AJ10<5),"Inconclusive",$AJ10=5,"MANUAL FILL",$AG10,"DELETED",TRUE,$K10) -> Negative | AM10: SpBEND394154 | AN10: BEND364074 | AO10: =IFERROR(__xludf.DUMMYFUNCTION("IF($AG10, ""DELETED"",TRIM(JOIN("" "",D10:E10)))"),"") | AP10: =IF($AG10, "DELETED", TRIM(CONCATENATE(F10,I10,U10))) | AQ10: =IF($AG10, "DELETED", TRIM(CONCATENATE(G10,J10,V10))) | AR10: =IFERROR(__xludf.DUMMYFUNCTION("IF($AG10, ""DELETED"", TRIM(JOIN("" "",AP10,AQ10)))"),"") | AT10: =IF(OR($AG10,SUM($AU10:$AW10)=1),TRUE,FALSE) -> FALSE | AU10: =IF($AG10,IFERROR(0/0,""),IF(ISBLANK($F10),IF(ISBLANK($G10),IFERROR(0/0,""),2),1)) | AV10: =IF($AG10,IFERROR(0/0,""),IF(ISBLANK($I10),IF(ISBLANK($J10),IFERROR(0/0,""),2),1)) | AW10: =IF($AG10,IFERROR(0/0,""),IF(ISBLANK($U10),IF(ISBLANK($V10),IFERROR(0/0,""),2),1)) | AX10: =IF(AND($X10,$A11=$A10),1,IFERROR(0/0,"")) | BA10: =IF(EXACT(K10,"Null"),TRUE,IFERROR(0/0,"")) | BE10: =IF(COUNTIF(BI$2:BI834,BD10)>0,COUNTIF(BI$2:BI834,BD10),IFERROR(0/0,"")) | BF10: =CONCATENATE($A10,"__",$B10,"_",$C10) -> MAX79__44540_0.300543981481482 | BG10: =IF(ISBLANK(IFERROR(MATCH(LEFT(BF10, FIND("__",BF10)-1),BD$2:BD834,0),"")),IFERROR(0/0,""),TRUE) | BH10: FM106__44621_0.328564814814815 | BI10: =IFERROR(LEFT(BH10, FIND("__",BH10)-1),"") -> FM106 | BJ10: =IFERROR(AND(EXACT(BI11,BI10),NOT(EXACT(BI10,BI9))),"") -> FALSE | BK10: =IF(BJ10,BI10,IFERROR(0/0,"")) | BM10: =IF(OR(BN10,BO10),"MISSING",IFERROR(0/0,"")) -> MISSING | BN10: =ISBLANK($AR10) -> FALSE | BO10: =IF(TRIM($AR10)="",TRUE,FALSE) -> TRUE | BQ10: =VLOOKUP(A10,RAW_APS!A$3:O826,15,FALSE) | BR10: =IF(ISERROR(BQ10),"***TUBE ID NOT FOUND",EXACT(BQ10,O10)) -> TRUE | BT10: Negative | BU10: =EXACT(BT10,$AK10) -> TRUE
A11: MAX64 | B11: 44540 | C11: 0.30105324 | K11: Negative | L11: 44543 | M11: 0.78572917 | P11: =IFNA(IF(VLOOKUP($A11,'Add from APT'!$AA$2:$AC826,3,FALSE)>0,TRUE,FALSE),"ER - NOT IN APT") -> FALSE | Q11: =IF(ISLOGICAL(P11),IF(P11,"ER - REPS IN APT", IFNA(VLOOKUP($A11,RAW_APT!$A$3:$M826,7,FALSE),"ER - NOT IN APT")),P11) -> Result | R11: =IF(EXACT($A11,$A10),FALSE,TRUE) -> TRUE | S11: =COUNTIF($A$2:$A835,$A11) -> 1 | X11: =IF(ISBLANK($U11),IF(ISBLANK($V11),FALSE,"ER - LAST ONLY"),TRUE) -> FALSE | Y11: FALSE | Z11: =IF($S11>4,TRUE,IFERROR(0/0,"")) | AA11: =IF(ISBLANK($O11),FALSE,TRUE) -> FALSE | AB11: FALSE | AC11: 778 | AD11: FALSE | AE11: =IFERROR(IF(EXACT($L11,$B11),(TIMEVALUE($M11)-TIMEVALUE($C11))*24*60,IFERROR(0/0,"")),IFERROR(0/0,"")) | AF11: =OR(AND(NOT($AG11),IFERROR(NOT($AG12),""),EXACT($A11,$A12),NOT(EXACT(CONCATENATE($B11,$C11),CONCATENATE($B12,$C12)))),AND(NOT($AG11),IFERROR(NOT($AG10),""),EXACT($A11,$A10),NOT(EXACT(CONCATENATE($B11,$C11),CONCATENATE($B10,$C10))))) -> FALSE | AG11: =IF($AH11>0,TRUE,FALSE) -> FALSE | AK11: =IFS(AND($AJ11>=2,$AJ11<3),"Negative",AND($AJ11>=3,$AJ11<4),"Positive",AND($AJ11>=4,$AJ11<5),"Inconclusive",$AJ11=5,"MANUAL FILL",$AG11,"DELETED",TRUE,$K11) -> Negative | AM11: SpBEND350015 | AN11: BEND670149 | AO11: =IFERROR(__xludf.DUMMYFUNCTION("IF($AG11, ""DELETED"",TRIM(JOIN("" "",D11:E11)))"),"") | AP11: =IF($AG11, "DELETED", TRIM(CONCATENATE(F11,I11,U11))) | AQ11: =IF($AG11, "DELETED", TRIM(CONCATENATE(G11,J11,V11))) | AR11: =IFERROR(__xludf.DUMMYFUNCTION("IF($AG11, ""DELETED"", TRIM(JOIN("" "",AP11,AQ11)))"),"") | AT11: =IF(OR($AG11,SUM($AU11:$AW11)=1),TRUE,FALSE) -> FALSE | AU11: =IF($AG11,IFERROR(0/0,""),IF(ISBLANK($F11),IF(ISBLANK($G11),IFERROR(0/0,""),2),1)) | AV11: =IF($AG11,IFERROR(0/0,""),IF(ISBLANK($I11),IF(ISBLANK($J11),IFERROR(0/0,""),2),1)) | AW11: =IF($AG11,IFERROR(0/0,""),IF(ISBLANK($U11),IF(ISBLANK($V11),IFERROR(0/0,""),2),1)) | AX11: =IF(AND($X11,$A12=$A11),1,IFERROR(0/0,"")) | BA11: =IF(EXACT(K11,"Null"),TRUE,IFERROR(0/0,"")) | BE11: =IF(COUNTIF(BI$2:BI835,BD11)>0,COUNTIF(BI$2:BI835,BD11),IFERROR(0/0,"")) | BF11: =CONCATENATE($A11,"__",$B11,"_",$C11) -> MAX64__44540_0.301053240740741 | BG11: =IF(ISBLANK(IFERROR(MATCH(LEFT(BF11, FIND("__",BF11)-1),BD$2:BD835,0),"")),IFERROR(0/0,""),TRUE) | BH11: FM109__44615_0.395335648148148 | BI11: =IFERROR(LEFT(BH11, FIND("__",BH11)-1),"") -> FM109 | BJ11: =IFERROR(AND(EXACT(BI12,BI11),NOT(EXACT(BI11,BI10))),"") -> FALSE | BK11: =IF(BJ11,BI11,IFERROR(0/0,"")) | BM11: =IF(OR(BN11,BO11),"MISSING",IFERROR(0/0,"")) -> MISSING | BN11: =ISBLANK($AR11) -> FALSE | BO11: =IF(TRIM($AR11)="",TRUE,FALSE) -> TRUE | BQ11: =VLOOKUP(A11,RAW_APS!A$3:O826,15,FALSE) | BR11: =IF(ISERROR(BQ11),"***TUBE ID NOT FOUND",EXACT(BQ11,O11)) -> TRUE | BT11: Negative | BU11: =EXACT(BT11,$AK11) -> TRUE
A12: MA1025 | B12: 44540 | C12: 0.31128472 | K12: Negative | L12: 44543 | M12: 0.78572917 | P12: =IFNA(IF(VLOOKUP($A12,'Add from APT'!$AA$2:$AC826,3,FALSE)>0,TRUE,FALSE),"ER - NOT IN APT") -> FALSE | Q12: =IF(ISLOGICAL(P12),IF(P12,"ER - REPS IN APT", IFNA(VLOOKUP($A12,RAW_APT!$A$3:$M826,7,FALSE),"ER - NOT IN APT")),P12) -> Result | R12: =IF(EXACT($A12,$A11),FALSE,TRUE) -> TRUE | S12: =COUNTIF($A$2:$A836,$A12) -> 1 | X12: =IF(ISBLANK($U12),IF(ISBLANK($V12),FALSE,"ER - LAST ONLY"),TRUE) -> FALSE | Y12: FALSE | Z12: =IF($S12>4,TRUE,IFERROR(0/0,"")) | AA12: =IF(ISBLANK($O12),FALSE,TRUE) -> FALSE | AB12: FALSE | AC12: 777 | AD12: FALSE | AE12: =IFERROR(IF(EXACT($L12,$B12),(TIMEVALUE($M12)-TIMEVALUE($C12))*24*60,IFERROR(0/0,"")),IFERROR(0/0,"")) | AF12: =OR(AND(NOT($AG12),IFERROR(NOT($AG13),""),EXACT($A12,$A13),NOT(EXACT(CONCATENATE($B12,$C12),CONCATENATE($B13,$C13)))),AND(NOT($AG12),IFERROR(NOT($AG11),""),EXACT($A12,$A11),NOT(EXACT(CONCATENATE($B12,$C12),CONCATENATE($B11,$C11))))) -> FALSE | AG12: =IF($AH12>0,TRUE,FALSE) -> FALSE | AK12: =IFS(AND($AJ12>=2,$AJ12<3),"Negative",AND($AJ12>=3,$AJ12<4),"Positive",AND($AJ12>=4,$AJ12<5),"Inconclusive",$AJ12=5,"MANUAL FILL",$AG12,"DELETED",TRUE,$K12) -> Negative | AM12: SpBEND110967 | AN12: BEND477901 | AO12: =IFERROR(__xludf.DUMMYFUNCTION("IF($AG12, ""DELETED"",TRIM(JOIN("" "",D12:E12)))"),"") | AP12: =IF($AG12, "DELETED", TRIM(CONCATENATE(F12,I12,U12))) | AQ12: =IF($AG12, "DELETED", TRIM(CONCATENATE(G12,J12,V12))) | AR12: =IFERROR(__xludf.DUMMYFUNCTION("IF($AG12, ""DELETED"", TRIM(JOIN("" "",AP12,AQ12)))"),"") | AT12: =IF(OR($AG12,SUM($AU12:$AW12)=1),TRUE,FALSE) -> FALSE | AU12: =IF($AG12,IFERROR(0/0,""),IF(ISBLANK($F12),IF(ISBLANK($G12),IFERROR(0/0,""),2),1)) | AV12: =IF($AG12,IFERROR(0/0,""),IF(ISBLANK($I12),IF(ISBLANK($J12),IFERROR(0/0,""),2),1)) | AW12: =IF($AG12,IFERROR(0/0,""),IF(ISBLANK($U12),IF(ISBLANK($V12),IFERROR(0/0,""),2),1)) | AX12: =IF(AND($X12,$A13=$A12),1,IFERROR(0/0,"")) | BA12: =IF(EXACT(K12,"Null"),TRUE,IFERROR(0/0,"")) | BE12: =IF(COUNTIF(BI$2:BI836,BD12)>0,COUNTIF(BI$2:BI836,BD12),IFERROR(0/0,"")) | BF12: =CONCATENATE($A12,"__",$B12,"_",$C12) -> MA1025__44540_0.311284722222222 | BG12: =IF(ISBLANK(IFERROR(MATCH(LEFT(BF12, FIND("__",BF12)-1),BD$2:BD836,0),"")),IFERROR(0/0,""),TRUE) | BH12: FM11__44613_0.310902777777778 | BI12: =IFERROR(LEFT(BH12, FIND("__",BH12)-1),"") -> FM11 | BJ12: =IFERROR(AND(EXACT(BI13,BI12),NOT(EXACT(BI12,BI11))),"") -> FALSE | BK12: =IF(BJ12,BI12,IFERROR(0/0,"")) | BM12: =IF(OR(BN12,BO12),"MISSING",IFERROR(0/0,"")) -> MISSING | BN12: =ISBLANK($AR12) -> FALSE | BO12: =IF(TRIM($AR12)="",TRUE,FALSE) -> TRUE | BQ12: =VLOOKUP(A12,RAW_APS!A$3:O826,15,FALSE) | BR12: =IF(ISERROR(BQ12),"***TUBE ID NOT FOUND",EXACT(BQ12,O12)) -> TRUE | BT12: Negative | BU12: =EXACT(BT12,$AK12) -> TRUE
A13: Test2 | B13: 44540 | C13: 0.37903935 | K13: Null | P13: =IFNA(IF(VLOOKUP($A13,'Add from APT'!$AA$2:$AC826,3,FALSE)>0,TRUE,FALSE),"ER - NOT IN APT") -> FALSE | Q13: =IF(ISLOGICAL(P13),IF(P13,"ER - REPS IN APT", IFNA(VLOOKUP($A13,RAW_APT!$A$3:$M826,7,FALSE),"ER - NOT IN APT")),P13) -> Collected | R13: =IF(EXACT($A13,$A12),FALSE,TRUE) -> TRUE | S13: =COUNTIF($A$2:$A837,$A13) -> 1 | X13: =IF(ISBLANK($U13),IF(ISBLANK($V13),FALSE,"ER - LAST ONLY"),TRUE) -> FALSE | Y13: FALSE | Z13: =IF($S13>4,TRUE,IFERROR(0/0,"")) | AA13: =IF(ISBLANK($O13),FALSE,TRUE) -> FALSE | AB13: FALSE | AC13: 776 | AD13: FALSE | AE13: =IFERROR(IF(EXACT($L13,$B13),(TIMEVALUE($M13)-TIMEVALUE($C13))*24*60,IFERROR(0/0,"")),IFERROR(0/0,"")) | AF13: =OR(AND(NOT($AG13),IFERROR(NOT($AG14),""),EXACT($A13,$A14),NOT(EXACT(CONCATENATE($B13,$C13),CONCATENATE($B14,$C14)))),AND(NOT($AG13),IFERROR(NOT($AG12),""),EXACT($A13,$A12),NOT(EXACT(CONCATENATE($B13,$C13),CONCATENATE($B12,$C12))))) -> FALSE | AG13: =IF($AH13>0,TRUE,FALSE) -> TRUE | AH13: 2 | AK13: =IFS(AND($AJ13>=2,$AJ13<3),"Negative",AND($AJ13>=3,$AJ13<4),"Positive",AND($AJ13>=4,$AJ13<5),"Inconclusive",$AJ13=5,"MANUAL FILL",$AG13,"DELETED",TRUE,$K13) -> DELETED | AM13: DELETED | AN13: DELETED | AO13: =IFERROR(__xludf.DUMMYFUNCTION("IF($AG13, ""DELETED"",TRIM(JOIN("" "",D13:E13)))"),"DELETED") -> DELETED | AP13: =IF($AG13, "DELETED", TRIM(CONCATENATE(F13,I13,U13))) -> DELETED | AQ13: =IF($AG13, "DELETED", TRIM(CONCATENATE(G13,J13,V13))) -> DELETED | AR13: =IFERROR(__xludf.DUMMYFUNCTION("IF($AG13, ""DELETED"", TRIM(JOIN("" "",AP13,AQ13)))"),"DELETED") -> DELETED | AT13: =IF(OR($AG13,SUM($AU13:$AW13)=1),TRUE,FALSE) -> TRUE | AU13: =IF($AG13,IFERROR(0/0,""),IF(ISBLANK($F13),IF(ISBLANK($G13),IFERROR(0/0,""),2),1)) | AV13: =IF($AG13,IFERROR(0/0,""),IF(ISBLANK($I13),IF(ISBLANK($J13),IFERROR(0/0,""),2),1)) | AW13: =IF($AG13,IFERROR(0/0,""),IF(ISBLANK($U13),IF(ISBLANK($V13),IFERROR(0/0,""),2),1)) | AX13: =IF(AND($X13,$A14=$A13),1,IFERROR(0/0,"")) | BA13: =IF(EXACT(K13,"Null"),TRUE,IFERROR(0/0,"")) -> TRUE | BE13: =IF(COUNTIF(BI$2:BI837,BD13)>0,COUNTIF(BI$2:BI837,BD13),IFERROR(0/0,"")) | BF13: =CONCATENATE($A13,"__",$B13,"_",$C13) -> Test2__44540_0.379039351851852 | BG13: =IF(ISBLANK(IFERROR(MATCH(LEFT(BF13, FIND("__",BF13)-1),BD$2:BD837,0),"")),IFERROR(0/0,""),TRUE) | BH13: FM113__44631_0.324074074074074 | BI13: =IFERROR(LEFT(BH13, FIND("__",BH13)-1),"") -> FM113 | BJ13: =IFERROR(AND(EXACT(BI14,BI13),NOT(EXACT(BI13,BI12))),"") -> FALSE | BK13: =IF(BJ13,BI13,IFERROR(0/0,"")) | BM13: =IF(OR(BN13,BO13),"MISSING",IFERROR(0/0,"")) | BN13: =ISBLANK($AR13) -> FALSE | BO13: =IF(TRIM($AR13)="",TRUE,FALSE) -> FALSE | BQ13: =VLOOKUP(A13,RAW_APS!A$3:O826,15,FALSE) | BR13: =IF(ISERROR(BQ13),"***TUBE ID NOT FOUND",EXACT(BQ13,O13)) -> TRUE | BT13: DELETED | BU13: =EXACT(BT13,$AK13) -> TRUE
A14: Test3 | B14: 44540 | C14: 0.37935185 | K14: Null | P14: =IFNA(IF(VLOOKUP($A14,'Add from APT'!$AA$2:$AC826,3,FALSE)>0,TRUE,FALSE),"ER - NOT IN APT") -> FALSE | Q14: =IF(ISLOGICAL(P14),IF(P14,"ER - REPS IN APT", IFNA(VLOOKUP($A14,RAW_APT!$A$3:$M826,7,FALSE),"ER - NOT IN APT")),P14) -> Collected | R14: =IF(EXACT($A14,$A13),FALSE,TRUE) -> TRUE | S14: =COUNTIF($A$2:$A838,$A14) -> 1 | X14: =IF(ISBLANK($U14),IF(ISBLANK($V14),FALSE,"ER - LAST ONLY"),TRUE) -> FALSE | Y14: FALSE | Z14: =IF($S14>4,TRUE,IFERROR(0/0,"")) | AA14: =IF(ISBLANK($O14),FALSE,TRUE) -> FALSE | AB14: FALSE | AC14: 775 | AD14: FALSE | AE14: =IFERROR(IF(EXACT($L14,$B14),(TIMEVALUE($M14)-TIMEVALUE($C14))*24*60,IFERROR(0/0,"")),IFERROR(0/0,"")) | AF14: =OR(AND(NOT($AG14),IFERROR(NOT($AG15),""),EXACT($A14,$A15),NOT(EXACT(CONCATENATE($B14,$C14),CONCATENATE($B15,$C15)))),AND(NOT($AG14),IFERROR(NOT($AG13),""),EXACT($A14,$A13),NOT(EXACT(CONCATENATE($B14,$C14),CONCATENATE($B13,$C13))))) -> FALSE | AG14: =IF($AH14>0,TRUE,FALSE) -> TRUE | AH14: 2 | AK14: =IFS(AND($AJ14>=2,$AJ14<3),"Negative",AND($AJ14>=3,$AJ14<4),"Positive",AND($AJ14>=4,$AJ14<5),"Inconclusive",$AJ14=5,"MANUAL FILL",$AG14,"DELETED",TRUE,$K14) -> DELETED | AM14: DELETED | AN14: DELETED | AO14: =IFERROR(__xludf.DUMMYFUNCTION("IF($AG14, ""DELETED"",TRIM(JOIN("" "",D14:E14)))"),"DELETED") -> DELETED | AP14: =IF($AG14, "DELETED", TRIM(CONCATENATE(F14,I14,U14))) -> DELETED | AQ14: =IF($AG14, "DELETED", TRIM(CONCATENATE(G14,J14,V14))) -> DELETED | AR14: =IFERROR(__xludf.DUMMYFUNCTION("IF($AG14, ""DELETED"", TRIM(JOIN("" "",AP14,AQ14)))"),"DELETED") -> DELETED | AT14: =IF(OR($AG14,SUM($AU14:$AW14)=1),TRUE,FALSE) -> TRUE | AU14: =IF($AG14,IFERROR(0/0,""),IF(ISBLANK($F14),IF(ISBLANK($G14),IFERROR(0/0,""),2),1)) | AV14: =IF($AG14,IFERROR(0/0,""),IF(ISBLANK($I14),IF(ISBLANK($J14),IFERROR(0/0,""),2),1)) | AW14: =IF($AG14,IFERROR(0/0,""),IF(ISBLANK($U14),IF(ISBLANK($V14),IFERROR(0/0,""),2),1)) | AX14: =IF(AND($X14,$A15=$A14),1,IFERROR(0/0,"")) | BA14: =IF(EXACT(K14,"Null"),TRUE,IFERROR(0/0,"")) -> TRUE | BE14: =IF(COUNTIF(BI$2:BI838,BD14)>0,COUNTIF(BI$2:BI838,BD14),IFERROR(0/0,"")) | BF14: =CONCATENATE($A14,"__",$B14,"_",$C14) -> Test3__44540_0.379351851851852 | BG14: =IF(ISBLANK(IFERROR(MATCH(LEFT(BF14, FIND("__",BF14)-1),BD$2:BD838,0),"")),IFERROR(0/0,""),TRUE) | BH14: FM114__44623_0.303854166666667 | BI14: =IFERROR(LEFT(BH14, FIND("__",BH14)-1),"") -> FM114 | BJ14: =IFERROR(AND(EXACT(BI15,BI14),NOT(EXACT(BI14,BI13))),"") -> FALSE | BK14: =IF(BJ14,BI14,IFERROR(0/0,"")) | BM14: =IF(OR(BN14,BO14),"MISSING",IFERROR(0/0,"")) | BN14: =ISBLANK($AR14) -> FALSE | BO14: =IF(TRIM($AR14)="",TRUE,FALSE) -> FALSE | BQ14: =VLOOKUP(A14,RAW_APS!A$3:O826,15,FALSE) | BR14: =IF(ISERROR(BQ14),"***TUBE ID NOT FOUND",EXACT(BQ14,O14)) -> TRUE | BT14: DELETED | BU14: =EXACT(BT14,$AK14) -> TRUE
A15: Test4 | B15: 44540 | C15: 0.37987269 | K15: Null | P15: =IFNA(IF(VLOOKUP($A15,'Add from APT'!$AA$2:$AC826,3,FALSE)>0,TRUE,FALSE),"ER - NOT IN APT") -> FALSE | Q15: =IF(ISLOGICAL(P15),IF(P15,"ER - REPS IN APT", IFNA(VLOOKUP($A15,RAW_APT!$A$3:$M826,7,FALSE),"ER - NOT IN APT")),P15) -> Collected | R15: =IF(EXACT($A15,$A14),FALSE,TRUE) -> TRUE | S15: =COUNTIF($A$2:$A839,$A15) -> 1 | X15: =IF(ISBLANK($U15),IF(ISBLANK($V15),FALSE,"ER - LAST ONLY"),TRUE) -> FALSE | Y15: FALSE | Z15: =IF($S15>4,TRUE,IFERROR(0/0,"")) | AA15: =IF(ISBLANK($O15),FALSE,TRUE) -> FALSE | AB15: FALSE | AC15: 774 | AD15: FALSE | AE15: =IFERROR(IF(EXACT($L15,$B15),(TIMEVALUE($M15)-TIMEVALUE($C15))*24*60,IFERROR(0/0,"")),IFERROR(0/0,"")) | AF15: =OR(AND(NOT($AG15),IFERROR(NOT($AG16),""),EXACT($A15,$A16),NOT(EXACT(CONCATENATE($B15,$C15),CONCATENATE($B16,$C16)))),AND(NOT($AG15),IFERROR(NOT($AG14),""),EXACT($A15,$A14),NOT(EXACT(CONCATENATE($B15,$C15),CONCATENATE($B14,$C14))))) -> FALSE | AG15: =IF($AH15>0,TRUE,FALSE) -> TRUE | AH15: 2 | AK15: =IFS(AND($AJ15>=2,$AJ15<3),"Negative",AND($AJ15>=3,$AJ15<4),"Positive",AND($AJ15>=4,$AJ15<5),"Inconclusive",$AJ15=5,"MANUAL FILL",$AG15,"DELETED",TRUE,$K15) -> DELETED | AM15: DELETED | AN15: DELETED | AO15: =IFERROR(__xludf.DUMMYFUNCTION("IF($AG15, ""DELETED"",TRIM(JOIN("" "",D15:E15)))"),"DELETED") -> DELETED | AP15: =IF($AG15, "DELETED", TRIM(CONCATENATE(F15,I15,U15))) -> DELETED | AQ15: =IF($AG15, "DELETED", TRIM(CONCATENATE(G15,J15,V15))) -> DELETED | AR15: =IFERROR(__xludf.DUMMYFUNCTION("IF($AG15, ""DELETED"", TRIM(JOIN("" "",AP15,AQ15)))"),"DELETED") -> DELETED | AT15: =IF(OR($AG15,SUM($AU15:$AW15)=1),TRUE,FALSE) -> TRUE | AU15: =IF($AG15,IFERROR(0/0,""),IF(ISBLANK($F15),IF(ISBLANK($G15),IFERROR(0/0,""),2),1)) | AV15: =IF($AG15,IFERROR(0/0,""),IF(ISBLANK($I15),IF(ISBLANK($J15),IFERROR(0/0,""),2),1)) | AW15: =IF($AG15,IFERROR(0/0,""),IF(ISBLANK($U15),IF(ISBLANK($V15),IFERROR(0/0,""),2),1)) | AX15: =IF(AND($X15,$A16=$A15),1,IFERROR(0/0,"")) | BA15: =IF(EXACT(K15,"Null"),TRUE,IFERROR(0/0,"")) -> TRUE | BE15: =IF(COUNTIF(BI$2:BI839,BD15)>0,COUNTIF(BI$2:BI839,BD15),IFERROR(0/0,"")) | BF15: =CONCATENATE($A15,"__",$B15,"_",$C15) -> Test4__44540_0.379872685185185 | BG15: =IF(ISBLANK(IFERROR(MATCH(LEFT(BF15, FIND("__",BF15)-1),BD$2:BD839,0),"")),IFERROR(0/0,""),TRUE) | BH15: FM117__44613_0.261215277777778 | BI15: =IFERROR(LEFT(BH15, FIND("__",BH15)-1),"") -> FM117 | BJ15: =IFERROR(AND(EXACT(BI16,BI15),NOT(EXACT(BI15,BI14))),"") -> FALSE | BK15: =IF(BJ15,BI15,IFERROR(0/0,"")) | BM15: =IF(OR(BN15,BO15),"MISSING",IFERROR(0/0,"")) | BN15: =ISBLANK($AR15) -> FALSE | BO15: =IF(TRIM($AR15)="",TRUE,FALSE) -> FALSE | BQ15: =VLOOKUP(A15,RAW_APS!A$3:O826,15,FALSE) | BR15: =IF(ISERROR(BQ15),"***TUBE ID NOT FOUND",EXACT(BQ15,O15)) -> TRUE | BT15: DELETED | BU15: =EXACT(BT15,$AK15) -> TRUE
A16: Test5 | B16: 44540 | C16: 0.38046296 | K16: Null | P16: =IFNA(IF(VLOOKUP($A16,'Add from APT'!$AA$2:$AC826,3,FALSE)>0,TRUE,FALSE),"ER - NOT IN APT") -> FALSE | Q16: =IF(ISLOGICAL(P16),IF(P16,"ER - REPS IN APT", IFNA(VLOOKUP($A16,RAW_APT!$A$3:$M826,7,FALSE),"ER - NOT IN APT")),P16) -> Collected | R16: =IF(EXACT($A16,$A15),FALSE,TRUE) -> TRUE | S16: =COUNTIF($A$2:$A840,$A16) -> 1 | X16: =IF(ISBLANK($U16),IF(ISBLANK($V16),FALSE,"ER - LAST ONLY"),TRUE) -> FALSE | Y16: FALSE | Z16: =IF($S16>4,TRUE,IFERROR(0/0,"")) | AA16: =IF(ISBLANK($O16),FALSE,TRUE) -> FALSE | AB16: FALSE | AC16: 773 | AD16: FALSE | AE16: =IFERROR(IF(EXACT($L16,$B16),(TIMEVALUE($M16)-TIMEVALUE($C16))*24*60,IFERROR(0/0,"")),IFERROR(0/0,"")) | AF16: =OR(AND(NOT($AG16),IFERROR(NOT($AG17),""),EXACT($A16,$A17),NOT(EXACT(CONCATENATE($B16,$C16),CONCATENATE($B17,$C17)))),AND(NOT($AG16),IFERROR(NOT($AG15),""),EXACT($A16,$A15),NOT(EXACT(CONCATENATE($B16,$C16),CONCATENATE($B15,$C15))))) -> FALSE | AG16: =IF($AH16>0,TRUE,FALSE) -> TRUE | AH16: 2 | AK16: =IFS(AND($AJ16>=2,$AJ16<3),"Negative",AND($AJ16>=3,$AJ16<4),"Positive",AND($AJ16>=4,$AJ16<5),"Inconclusive",$AJ16=5,"MANUAL FILL",$AG16,"DELETED",TRUE,$K16) -> DELETED | AM16: DELETED | AN16: DELETED | AO16: =IFERROR(__xludf.DUMMYFUNCTION("IF($AG16, ""DELETED"",TRIM(JOIN("" "",D16:E16)))"),"DELETED") -> DELETED | AP16: =IF($AG16, "DELETED", TRIM(CONCATENATE(F16,I16,U16))) -> DELETED | AQ16: =IF($AG16, "DELETED", TRIM(CONCATENATE(G16,J16,V16))) -> DELETED | AR16: =IFERROR(__xludf.DUMMYFUNCTION("IF($AG16, ""DELETED"", TRIM(JOIN("" "",AP16,AQ16)))"),"DELETED") -> DELETED | AT16: =IF(OR($AG16,SUM($AU16:$AW16)=1),TRUE,FALSE) -> TRUE | AU16: =IF($AG16,IFERROR(0/0,""),IF(ISBLANK($F16),IF(ISBLANK($G16),IFERROR(0/0,""),2),1)) | AV16: =IF($AG16,IFERROR(0/0,""),IF(ISBLANK($I16),IF(ISBLANK($J16),IFERROR(0/0,""),2),1)) | AW16: =IF($AG16,IFERROR(0/0,""),IF(ISBLANK($U16),IF(ISBLANK($V16),IFERROR(0/0,""),2),1)) | AX16: =IF(AND($X16,$A17=$A16),1,IFERROR(0/0,"")) | BA16: =IF(EXACT(K16,"Null"),TRUE,IFERROR(0/0,"")) -> TRUE | BE16: =IF(COUNTIF(BI$2:BI840,BD16)>0,COUNTIF(BI$2:BI840,BD16),IFERROR(0/0,"")) | BF16: =CONCATENATE($A16,"__",$B16,"_",$C16) -> Test5__44540_0.380462962962963 | BG16: =IF(ISBLANK(IFERROR(MATCH(LEFT(BF16, FIND("__",BF16)-1),BD$2:BD840,0),"")),IFERROR(0/0,""),TRUE) | BH16: FM12__44617_0.320219907407407 | BI16: =IFERROR(LEFT(BH16, FIND("__",BH16)-1),"") -> FM12 | BJ16: =IFERROR(AND(EXACT(BI17,BI16),NOT(EXACT(BI16,BI15))),"") -> FALSE | BK16: =IF(BJ16,BI16,IFERROR(0/0,"")) | BM16: =IF(OR(BN16,BO16),"MISSING",IFERROR(0/0,"")) | BN16: =ISBLANK($AR16) -> FALSE | BO16: =IF(TRIM($AR16)="",TRUE,FALSE) -> FALSE | BQ16: =VLOOKUP(A16,RAW_APS!A$3:O826,15,FALSE) | BR16: =IF(ISERROR(BQ16),"***TUBE ID NOT FOUND",EXACT(BQ16,O16)) -> TRUE | BT16: DELETED | BU16: =EXACT(BT16,$AK16) -> TRUE
A17: MAX133 | B17: 44543 | C17: 0.49180556 | K17: Null | P17: =IFNA(IF(VLOOKUP($A17,'Add from APT'!$AA$2:$AC826,3,FALSE)>0,TRUE,FALSE),"ER - NOT IN APT") -> FALSE | Q17: =IF(ISLOGICAL(P17),IF(P17,"ER - REPS IN APT", IFNA(VLOOKUP($A17,RAW_APT!$A$3:$M826,7,FALSE),"ER - NOT IN APT")),P17) -> Collected | R17: =IF(EXACT($A17,$A16),FALSE,TRUE) -> TRUE | S17: =COUNTIF($A$2:$A841,$A17) -> 1 | X17: =IF(ISBLANK($U17),IF(ISBLANK($V17),FALSE,"ER - LAST ONLY"),TRUE) -> FALSE | Y17: FALSE | Z17: =IF($S17>4,TRUE,IFERROR(0/0,"")) | AA17: =IF(ISBLANK($O17),FALSE,TRUE) -> FALSE | AB17: FALSE | AC17: 772 | AD17: FALSE | AE17: =IFERROR(IF(EXACT($L17,$B17),(TIMEVALUE($M17)-TIMEVALUE($C17))*24*60,IFERROR(0/0,"")),IFERROR(0/0,"")) | AF17: =OR(AND(NOT($AG17),IFERROR(NOT($AG18),""),EXACT($A17,$A18),NOT(EXACT(CONCATENATE($B17,$C17),CONCATENATE($B18,$C18)))),AND(NOT($AG17),IFERROR(NOT($AG16),""),EXACT($A17,$A16),NOT(EXACT(CONCATENATE($B17,$C17),CONCATENATE($B16,$C16))))) -> FALSE | AG17: =IF($AH17>0,TRUE,FALSE) -> TRUE | AH17: 9.1 | AK17: =IFS(AND($AJ17>=2,$AJ17<3),"Negative",AND($AJ17>=3,$AJ17<4),"Positive",AND($AJ17>=4,$AJ17<5),"Inconclusive",$AJ17=5,"MANUAL FILL",$AG17,"DELETED",TRUE,$K17) -> DELETED | AM17: DELETED | AN17: DELETED | AO17: =IFERROR(__xludf.DUMMYFUNCTION("IF($AG17, ""DELETED"",TRIM(JOIN("" "",D17:E17)))"),"DELETED") -> DELETED | AP17: =IF($AG17, "DELETED", TRIM(CONCATENATE(F17,I17,U17))) -> DELETED | AQ17: =IF($AG17, "DELETED", TRIM(CONCATENATE(G17,J17,V17))) -> DELETED | AR17: =IFERROR(__xludf.DUMMYFUNCTION("IF($AG17, ""DELETED"", TRIM(JOIN("" "",AP17,AQ17)))"),"DELETED") -> DELETED | AT17: =IF(OR($AG17,SUM($AU17:$AW17)=1),TRUE,FALSE) -> TRUE | AU17: =IF($AG17,IFERROR(0/0,""),IF(ISBLANK($F17),IF(ISBLANK($G17),IFERROR(0/0,""),2),1)) | AV17: =IF($AG17,IFERROR(0/0,""),IF(ISBLANK($I17),IF(ISBLANK($J17),IFERROR(0/0,""),2),1)) | AW17: =IF($AG17,IFERROR(0/0,""),IF(ISBLANK($U17),IF(ISBLANK($V17),IFERROR(0/0,""),2),1)) | AX17: =IF(AND($X17,$A18=$A17),1,IFERROR(0/0,"")) | BA17: =IF(EXACT(K17,"Null"),TRUE,IFERROR(0/0,"")) -> TRUE | BE17: =IF(COUNTIF(BI$2:BI841,BD17)>0,COUNTIF(BI$2:BI841,BD17),IFERROR(0/0,"")) | BF17: =CONCATENATE($A17,"__",$B17,"_",$C17) -> MAX133__44543_0.491805555555556 | BG17: =IF(ISBLANK(IFERROR(MATCH(LEFT(BF17, FIND("__",BF17)-1),BD$2:BD841,0),"")),IFERROR(0/0,""),TRUE) | BH17: FM1202__44623_0.469166666666667 | BI17: =IFERROR(LEFT(BH17, FIND("__",BH17)-1),"") -> FM1202 | BJ17: =IFERROR(AND(EXACT(BI18,BI17),NOT(EXACT(BI17,BI16))),"") -> FALSE | BK17: =IF(BJ17,BI17,IFERROR(0/0,"")) | BM17: =IF(OR(BN17,BO17),"MISSING",IFERROR(0/0,"")) | BN17: =ISBLANK($AR17) -> FALSE | BO17: =IF(TRIM($AR17)="",TRUE,FALSE) -> FALSE | BQ17: =VLOOKUP(A17,RAW_APS!A$3:O826,15,FALSE) | BR17: =IF(ISERROR(BQ17),"***TUBE ID NOT FOUND",EXACT(BQ17,O17)) -> TRUE | BT17: DELETED | BU17: =EXACT(BT17,$AK17) -> TRUE
A18: MAX70 | B18: 44543 | C18: 0.49240741 | K18: Negative | L18: 44543 | M18: 0.78498843 | P18: =IFNA(IF(VLOOKUP($A18,'Add from APT'!$AA$2:$AC826,3,FALSE)>0,TRUE,FALSE),"ER - NOT IN APT") -> FALSE | Q18: =IF(ISLOGICAL(P18),IF(P18,"ER - REPS IN APT", IFNA(VLOOKUP($A18,RAW_APT!$A$3:$M826,7,FALSE),"ER - NOT IN APT")),P18) -> Result | R18: =IF(EXACT($A18,$A17),FALSE,TRUE) -> TRUE | S18: =COUNTIF($A$2:$A842,$A18) -> 1 | X18: =IF(ISBLANK($U18),IF(ISBLANK($V18),FALSE,"ER - LAST ONLY"),TRUE) -> FALSE | Y18: FALSE | Z18: =IF($S18>4,TRUE,IFERROR(0/0,"")) | AA18: =IF(ISBLANK($O18),FALSE,TRUE) -> FALSE | AB18: FALSE | AC18: 771 | AD18: FALSE | AE18: =IFERROR(IF(EXACT($L18,$B18),(TIMEVALUE($M18)-TIMEVALUE($C18))*24*60,IFERROR(0/0,"")),IFERROR(0/0,"")) -> 421.31667 | AF18: =OR(AND(NOT($AG18),IFERROR(NOT($AG19),""),EXACT($A18,$A19),NOT(EXACT(CONCATENATE($B18,$C18),CONCATENATE($B19,$C19)))),AND(NOT($AG18),IFERROR(NOT($AG17),""),EXACT($A18,$A17),NOT(EXACT(CONCATENATE($B18,$C18),CONCATENATE($B17,$C17))))) -> FALSE | AG18: =IF($AH18>0,TRUE,FALSE) -> FALSE | AK18: =IFS(AND($AJ18>=2,$AJ18<3),"Negative",AND($AJ18>=3,$AJ18<4),"Positive",AND($AJ18>=4,$AJ18<5),"Inconclusive",$AJ18=5,"MANUAL FILL",$AG18,"DELETED",TRUE,$K18) -> Negative | AM18: SpBEND825522 | AN18: BEND140857 | AO18: =IFERROR(__xludf.DUMMYFUNCTION("IF($AG18, ""DELETED"",TRIM(JOIN("" "",D18:E18)))"),"") | AP18: =IF($AG18, "DELETED", TRIM(CONCATENATE(F18,I18,U18))) | AQ18: =IF($AG18, "DELETED", TRIM(CONCATENATE(G18,J18,V18))) | AR18: =IFERROR(__xludf.DUMMYFUNCTION("IF($AG18, ""DELETED"", TRIM(JOIN("" "",AP18,AQ18)))"),"") | AT18: =IF(OR($AG18,SUM($AU18:$AW18)=1),TRUE,FALSE) -> FALSE | AU18: =IF($AG18,IFERROR(0/0,""),IF(ISBLANK($F18),IF(ISBLANK($G18),IFERROR(0/0,""),2),1)) | AV18: =IF($AG18,IFERROR(0/0,""),IF(ISBLANK($I18),IF(ISBLANK($J18),IFERROR(0/0,""),2),1)) | AW18: =IF($AG18,IFERROR(0/0,""),IF(ISBLANK($U18),IF(ISBLANK($V18),IFERROR(0/0,""),2),1)) | AX18: =IF(AND($X18,$A19=$A18),1,IFERROR(0/0,"")) | BA18: =IF(EXACT(K18,"Null"),TRUE,IFERROR(0/0,"")) | BE18: =IF(COUNTIF(BI$2:BI842,BD18)>0,COUNTIF(BI$2:BI842,BD18),IFERROR(0/0,"")) | BF18: =CONCATENATE($A18,"__",$B18,"_",$C18) -> MAX70__44543_0.492407407407407 | BG18: =IF(ISBLANK(IFERROR(MATCH(LEFT(BF18, FIND("__",BF18)-1),BD$2:BD842,0),"")),IFERROR(0/0,""),TRUE) | BH18: FM13__44623_0.304479166666667 | BI18: =IFERROR(LEFT(BH18, FIND("__",BH18)-1),"") -> FM13 | BJ18: =IFERROR(AND(EXACT(BI19,BI18),NOT(EXACT(BI18,BI17))),"") -> FALSE | BK18: =IF(BJ18,BI18,IFERROR(0/0,"")) | BM18: =IF(OR(BN18,BO18),"MISSING",IFERROR(0/0,"")) -> MISSING | BN18: =ISBLANK($AR18) -> FALSE | BO18: =IF(TRIM($AR18)="",TRUE,FALSE) -> TRUE | BQ18: =VLOOKUP(A18,RAW_APS!A$3:O826,15,FALSE) | BR18: =IF(ISERROR(BQ18),"***TUBE ID NOT FOUND",EXACT(BQ18,O18)) -> TRUE | BT18: Negative | BU18: =EXACT(BT18,$AK18) -> TRUE
A19: MAX111 | B19: 44543 | C19: 0.56291667 | K19: Negative | L19: 44543 | M19: 0.78498843 | P19: =IFNA(IF(VLOOKUP($A19,'Add from APT'!$AA$2:$AC826,3,FALSE)>0,TRUE,FALSE),"ER - NOT IN APT") -> FALSE | Q19: =IF(ISLOGICAL(P19),IF(P19,"ER - REPS IN APT", IFNA(VLOOKUP($A19,RAW_APT!$A$3:$M826,7,FALSE),"ER - NOT IN APT")),P19) -> Result | R19: =IF(EXACT($A19,$A18),FALSE,TRUE) -> TRUE | S19: =COUNTIF($A$2:$A843,$A19) -> 1 | X19: =IF(ISBLANK($U19),IF(ISBLANK($V19),FALSE,"ER - LAST ONLY"),TRUE) -> FALSE | Y19: FALSE | Z19: =IF($S19>4,TRUE,IFERROR(0/0,"")) | AA19: =IF(ISBLANK($O19),FALSE,TRUE) -> FALSE | AB19: FALSE | AC19: 770 | AD19: FALSE | AE19: =IFERROR(IF(EXACT($L19,$B19),(TIMEVALUE($M19)-TIMEVALUE($C19))*24*60,IFERROR(0/0,"")),IFERROR(0/0,"")) -> 319.78333 | AF19: =OR(AND(NOT($AG19),IFERROR(NOT($AG20),""),EXACT($A19,$A20),NOT(EXACT(CONCATENATE($B19,$C19),CONCATENATE($B20,$C20)))),AND(NOT($AG19),IFERROR(NOT($AG18),""),EXACT($A19,$A18),NOT(EXACT(CONCATENATE($B19,$C19),CONCATENATE($B18,$C18))))) -> FALSE | AG19: =IF($AH19>0,TRUE,FALSE) -> FALSE | AK19: =IFS(AND($AJ19>=2,$AJ19<3),"Negative",AND($AJ19>=3,$AJ19<4),"Positive",AND($AJ19>=4,$AJ19<5),"Inconclusive",$AJ19=5,"MANUAL FILL",$AG19,"DELETED",TRUE,$K19) -> Negative | AM19: SpBEND541174 | AN19: BEND785384 | AO19: =IFERROR(__xludf.DUMMYFUNCTION("IF($AG19, ""DELETED"",TRIM(JOIN("" "",D19:E19)))"),"") | AP19: =IF($AG19, "DELETED", TRIM(CONCATENATE(F19,I19,U19))) | AQ19: =IF($AG19, "DELETED", TRIM(CONCATENATE(G19,J19,V19))) | AR19: =IFERROR(__xludf.DUMMYFUNCTION("IF($AG19, ""DELETED"", TRIM(JOIN("" "",AP19,AQ19)))"),"") | AT19: =IF(OR($AG19,SUM($AU19:$AW19)=1),TRUE,FALSE) -> FALSE | AU19: =IF($AG19,IFERROR(0/0,""),IF(ISBLANK($F19),IF(ISBLANK($G19),IFERROR(0/0,""),2),1)) | AV19: =IF($AG19,IFERROR(0/0,""),IF(ISBLANK($I19),IF(ISBLANK($J19),IFERROR(0/0,""),2),1)) | AW19: =IF($AG19,IFERROR(0/0,""),IF(ISBLANK($U19),IF(ISBLANK($V19),IFERROR(0/0,""),2),1)) | AX19: =IF(AND($X19,$A20=$A19),1,IFERROR(0/0,"")) | BA19: =IF(EXACT(K19,"Null"),TRUE,IFERROR(0/0,"")) | BE19: =IF(COUNTIF(BI$2:BI843,BD19)>0,COUNTIF(BI$2:BI843,BD19),IFERROR(0/0,"")) | BF19: =CONCATENATE($A19,"__",$B19,"_",$C19) -> MAX111__44543_0.562916666666667 | BG19: =IF(ISBLANK(IFERROR(MATCH(LEFT(BF19, FIND("__",BF19)-1),BD$2:BD843,0),"")),IFERROR(0/0,""),TRUE) | BH19: FM15__44631_0.323587962962963 | BI19: =IFERROR(LEFT(BH19, FIND("__",BH19)-1),"") -> FM15 | BJ19: =IFERROR(AND(EXACT(BI20,BI19),NOT(EXACT(BI19,BI18))),"") -> FALSE | BK19: =IF(BJ19,BI19,IFERROR(0/0,"")) | BM19: =IF(OR(BN19,BO19),"MISSING",IFERROR(0/0,"")) -> MISSING | BN19: =ISBLANK($AR19) -> FALSE | BO19: =IF(TRIM($AR19)="",TRUE,FALSE) -> TRUE | BQ19: =VLOOKUP(A19,RAW_APS!A$3:O826,15,FALSE) | BR19: =IF(ISERROR(BQ19),"***TUBE ID NOT FOUND",EXACT(BQ19,O19)) -> TRUE | BT19: Negative | BU19: =EXACT(BT19,$AK19) -> TRUE
A20: MAX113 | B20: 44543 | C20: 0.56302083 | K20: Negative | L20: 44543 | M20: 0.78498843 | P20: =IFNA(IF(VLOOKUP($A20,'Add from APT'!$AA$2:$AC826,3,FALSE)>0,TRUE,FALSE),"ER - NOT IN APT") -> FALSE | Q20: =IF(ISLOGICAL(P20),IF(P20,"ER - REPS IN APT", IFNA(VLOOKUP($A20,RAW_APT!$A$3:$M826,7,FALSE),"ER - NOT IN APT")),P20) -> Result | R20: =IF(EXACT($A20,$A19),FALSE,TRUE) -> TRUE | S20: =COUNTIF($A$2:$A844,$A20) -> 1 | X20: =IF(ISBLANK($U20),IF(ISBLANK($V20),FALSE,"ER - LAST ONLY"),TRUE) -> FALSE | Y20: FALSE | Z20: =IF($S20>4,TRUE,IFERROR(0/0,"")) | AA20: =IF(ISBLANK($O20),FALSE,TRUE) -> FALSE | AB20: FALSE | AC20: 769 | AD20: FALSE | AE20: =IFERROR(IF(EXACT($L20,$B20),(TIMEVALUE($M20)-TIMEVALUE($C20))*24*60,IFERROR(0/0,"")),IFERROR(0/0,"")) -> 319.63333 | AF20: =OR(AND(NOT($AG20),IFERROR(NOT($AG21),""),EXACT($A20,$A21),NOT(EXACT(CONCATENATE($B20,$C20),CONCATENATE($B21,$C21)))),AND(NOT($AG20),IFERROR(NOT($AG19),""),EXACT($A20,$A19),NOT(EXACT(CONCATENATE($B20,$C20),CONCATENATE($B19,$C19))))) -> FALSE | AG20: =IF($AH20>0,TRUE,FALSE) -> FALSE | AK20: =IFS(AND($AJ20>=2,$AJ20<3),"Negative",AND($AJ20>=3,$AJ20<4),"Positive",AND($AJ20>=4,$AJ20<5),"Inconclusive",$AJ20=5,"MANUAL FILL",$AG20,"DELETED",TRUE,$K20) -> Negative | AM20: SpBEND492052 | AN20: BEND350325 | AO20: =IFERROR(__xludf.DUMMYFUNCTION("IF($AG20, ""DELETED"",TRIM(JOIN("" "",D20:E20)))"),"") | AP20: =IF($AG20, "DELETED", TRIM(CONCATENATE(F20,I20,U20))) | AQ20: =IF($AG20, "DELETED", TRIM(CONCATENATE(G20,J20,V20))) | AR20: =IFERROR(__xludf.DUMMYFUNCTION("IF($AG20, ""DELETED"", TRIM(JOIN("" "",AP20,AQ20)))"),"") | AT20: =IF(OR($AG20,SUM($AU20:$AW20)=1),TRUE,FALSE) -> FALSE | AU20: =IF($AG20,IFERROR(0/0,""),IF(ISBLANK($F20),IF(ISBLANK($G20),IFERROR(0/0,""),2),1)) | AV20: =IF($AG20,IFERROR(0/0,""),IF(ISBLANK($I20),IF(ISBLANK($J20),IFERROR(0/0,""),2),1)) | AW20: =IF($AG20,IFERROR(0/0,""),IF(ISBLANK($U20),IF(ISBLANK($V20),IFERROR(0/0,""),2),1)) | AX20: =IF(AND($X20,$A21=$A20),1,IFERROR(0/0,"")) | BA20: =IF(EXACT(K20,"Null"),TRUE,IFERROR(0/0,"")) | BE20: =IF(COUNTIF(BI$2:BI844,BD20)>0,COUNTIF(BI$2:BI844,BD20),IFERROR(0/0,"")) | BF20: =CONCATENATE($A20,"__",$B20,"_",$C20) -> MAX113__44543_0.563020833333333 | BG20: =IF(ISBLANK(IFERROR(MATCH(LEFT(BF20, FIND("__",BF20)-1),BD$2:BD844,0),"")),IFERROR(0/0,""),TRUE) | BH20: FM16__44629_0.318240740740741 | BI20: =IFERROR(LEFT(BH20, FIND("__",BH20)-1),"") -> FM16 | BJ20: =IFERROR(AND(EXACT(BI21,BI20),NOT(EXACT(BI20,BI19))),"") -> FALSE | BK20: =IF(BJ20,BI20,IFERROR(0/0,"")) | BM20: =IF(OR(BN20,BO20),"MISSING",IFERROR(0/0,"")) -> MISSING | BN20: =ISBLANK($AR20) -> FALSE | BO20: =IF(TRIM($AR20)="",TRUE,FALSE) -> TRUE | BQ20: =VLOOKUP(A20,RAW_APS!A$3:O826,15,FALSE) | BR20: =IF(ISERROR(BQ20),"***TUBE ID NOT FOUND",EXACT(BQ20,O20)) -> TRUE | BT20: Negative | BU20: =EXACT(BT20,$AK20) -> TRUE
A21: MAX122 | B21: 44543 | C21: 0.5931713 | K21: Negative | L21: 44543 | M21: 0.78498843 | P21: =IFNA(IF(VLOOKUP($A21,'Add from APT'!$AA$2:$AC826,3,FALSE)>0,TRUE,FALSE),"ER - NOT IN APT") -> FALSE | Q21: =IF(ISLOGICAL(P21),IF(P21,"ER - REPS IN APT", IFNA(VLOOKUP($A21,RAW_APT!$A$3:$M826,7,FALSE),"ER - NOT IN APT")),P21) -> Result | R21: =IF(EXACT($A21,$A20),FALSE,TRUE) -> TRUE | S21: =COUNTIF($A$2:$A845,$A21) -> 1 | X21: =IF(ISBLANK($U21),IF(ISBLANK($V21),FALSE,"ER - LAST ONLY"),TRUE) -> FALSE | Y21: FALSE | Z21: =IF($S21>4,TRUE,IFERROR(0/0,"")) | AA21: =IF(ISBLANK($O21),FALSE,TRUE) -> FALSE | AB21: FALSE | AC21: 768 | AD21: FALSE | AE21: =IFERROR(IF(EXACT($L21,$B21),(TIMEVALUE($M21)-TIMEVALUE($C21))*24*60,IFERROR(0/0,"")),IFERROR(0/0,"")) -> 276.21667 | AF21: =OR(AND(NOT($AG21),IFERROR(NOT($AG22),""),EXACT($A21,$A22),NOT(EXACT(CONCATENATE($B21,$C21),CONCATENATE($B22,$C22)))),AND(NOT($AG21),IFERROR(NOT($AG20),""),EXACT($A21,$A20),NOT(EXACT(CONCATENATE($B21,$C21),CONCATENATE($B20,$C20))))) -> FALSE | AG21: =IF($AH21>0,TRUE,FALSE) -> FALSE | AK21: =IFS(AND($AJ21>=2,$AJ21<3),"Negative",AND($AJ21>=3,$AJ21<4),"Positive",AND($AJ21>=4,$AJ21<5),"Inconclusive",$AJ21=5,"MANUAL FILL",$AG21,"DELETED",TRUE,$K21) -> Negative | AM21: SpBEND349435 | AN21: BEND759602 | AO21: =IFERROR(__xludf.DUMMYFUNCTION("IF($AG21, ""DELETED"",TRIM(JOIN("" "",D21:E21)))"),"") | AP21: =IF($AG21, "DELETED", TRIM(CONCATENATE(F21,I21,U21))) | AQ21: =IF($AG21, "DELETED", TRIM(CONCATENATE(G21,J21,V21))) | AR21: =IFERROR(__xludf.DUMMYFUNCTION("IF($AG21, ""DELETED"", TRIM(JOIN("" "",AP21,AQ21)))"),"") | AT21: =IF(OR($AG21,SUM($AU21:$AW21)=1),TRUE,FALSE) -> FALSE | AU21: =IF($AG21,IFERROR(0/0,""),IF(ISBLANK($F21),IF(ISBLANK($G21),IFERROR(0/0,""),2),1)) | AV21: =IF($AG21,IFERROR(0/0,""),IF(ISBLANK($I21),IF(ISBLANK($J21),IFERROR(0/0,""),2),1)) | AW21: =IF($AG21,IFERROR(0/0,""),IF(ISBLANK($U21),IF(ISBLANK($V21),IFERROR(0/0,""),2),1)) | AX21: =IF(AND($X21,$A22=$A21),1,IFERROR(0/0,"")) | BA21: =IF(EXACT(K21,"Null"),TRUE,IFERROR(0/0,"")) | BE21: =IF(COUNTIF(BI$2:BI845,BD21)>0,COUNTIF(BI$2:BI845,BD21),IFERROR(0/0,"")) | BF21: =CONCATENATE($A21,"__",$B21,"_",$C21) -> MAX122__44543_0.593171296296296 | BG21: =IF(ISBLANK(IFERROR(MATCH(LEFT(BF21, FIND("__",BF21)-1),BD$2:BD845,0),"")),IFERROR(0/0,""),TRUE) | BH21: FM17__44631_0.306446759259259 | BI21: =IFERROR(LEFT(BH21, FIND("__",BH21)-1),"") -> FM17 | BJ21: =IFERROR(AND(EXACT(BI22,BI21),NOT(EXACT(BI21,BI20))),"") -> FALSE | BK21: =IF(BJ21,BI21,IFERROR(0/0,"")) | BM21: =IF(OR(BN21,BO21),"MISSING",IFERROR(0/0,"")) -> MISSING | BN21: =ISBLANK($AR21) -> FALSE | BO21: =IF(TRIM($AR21)="",TRUE,FALSE) -> TRUE | BQ21: =VLOOKUP(A21,RAW_APS!A$3:O826,15,FALSE) | BR21: =IF(ISERROR(BQ21),"***TUBE ID NOT FOUND",EXACT(BQ21,O21)) -> TRUE | BT21: Negative | BU21: =EXACT(BT21,$AK21) -> TRUE
A22: MAX94 | B22: 44543 | C22: 0.59674769 | K22: Negative | L22: 44543 | M22: 0.78498843 | P22: =IFNA(IF(VLOOKUP($A22,'Add from APT'!$AA$2:$AC826,3,FALSE)>0,TRUE,FALSE),"ER - NOT IN APT") -> FALSE | Q22: =IF(ISLOGICAL(P22),IF(P22,"ER - REPS IN APT", IFNA(VLOOKUP($A22,RAW_APT!$A$3:$M826,7,FALSE),"ER - NOT IN APT")),P22) -> Result | R22: =IF(EXACT($A22,$A21),FALSE,TRUE) -> TRUE | S22: =COUNTIF($A$2:$A846,$A22) -> 1 | X22: =IF(ISBLANK($U22),IF(ISBLANK($V22),FALSE,"ER - LAST ONLY"),TRUE) -> FALSE | Y22: FALSE | Z22: =IF($S22>4,TRUE,IFERROR(0/0,"")) | AA22: =IF(ISBLANK($O22),FALSE,TRUE) -> FALSE | AB22: FALSE | AC22: 767 | AD22: FALSE | AE22: =IFERROR(IF(EXACT($L22,$B22),(TIMEVALUE($M22)-TIMEVALUE($C22))*24*60,IFERROR(0/0,"")),IFERROR(0/0,"")) -> 271.06667 | AF22: =OR(AND(NOT($AG22),IFERROR(NOT($AG23),""),EXACT($A22,$A23),NOT(EXACT(CONCATENATE($B22,$C22),CONCATENATE($B23,$C23)))),AND(NOT($AG22),IFERROR(NOT($AG21),""),EXACT($A22,$A21),NOT(EXACT(CONCATENATE($B22,$C22),CONCATENATE($B21,$C21))))) -> FALSE | AG22: =IF($AH22>0,TRUE,FALSE) -> FALSE | AK22: =IFS(AND($AJ22>=2,$AJ22<3),"Negative",AND($AJ22>=3,$AJ22<4),"Positive",AND($AJ22>=4,$AJ22<5),"Inconclusive",$AJ22=5,"MANUAL FILL",$AG22,"DELETED",TRUE,$K22) -> Negative | AM22: SpBEND768497 | AN22: BEND900381 | AO22: =IFERROR(__xludf.DUMMYFUNCTION("IF($AG22, ""DELETED"",TRIM(JOIN("" "",D22:E22)))"),"") | AP22: =IF($AG22, "DELETED", TRIM(CONCATENATE(F22,I22,U22))) | AQ22: =IF($AG22, "DELETED", TRIM(CONCATENATE(G22,J22,V22))) | AR22: =IFERROR(__xludf.DUMMYFUNCTION("IF($AG22, ""DELETED"", TRIM(JOIN("" "",AP22,AQ22)))"),"") | AT22: =IF(OR($AG22,SUM($AU22:$AW22)=1),TRUE,FALSE) -> FALSE | AU22: =IF($AG22,IFERROR(0/0,""),IF(ISBLANK($F22),IF(ISBLANK($G22),IFERROR(0/0,""),2),1)) | AV22: =IF($AG22,IFERROR(0/0,""),IF(ISBLANK($I22),IF(ISBLANK($J22),IFERROR(0/0,""),2),1)) | AW22: =IF($AG22,IFERROR(0/0,""),IF(ISBLANK($U22),IF(ISBLANK($V22),IFERROR(0/0,""),2),1)) | AX22: =IF(AND($X22,$A23=$A22),1,IFERROR(0/0,"")) | BA22: =IF(EXACT(K22,"Null"),TRUE,IFERROR(0/0,"")) | BE22: =IF(COUNTIF(BI$2:BI846,BD22)>0,COUNTIF(BI$2:BI846,BD22),IFERROR(0/0,"")) | BF22: =CONCATENATE($A22,"__",$B22,"_",$C22) -> MAX94__44543_0.596747685185185 | BG22: =IF(ISBLANK(IFERROR(MATCH(LEFT(BF22, FIND("__",BF22)-1),BD$2:BD846,0),"")),IFERROR(0/0,""),TRUE) | BH22: FM1786__44631_0.309178240740741 | BI22: =IFERROR(LEFT(BH22, FIND("__",BH22)-1),"") -> FM1786 | BJ22: =IFERROR(AND(EXACT(BI23,BI22),NOT(EXACT(BI22,BI21))),"") -> FALSE | BK22: =IF(BJ22,BI22,IFERROR(0/0,"")) | BM22: =IF(OR(BN22,BO22),"MISSING",IFERROR(0/0,"")) -> MISSING | BN22: =ISBLANK($AR22) -> FALSE | BO22: =IF(TRIM($AR22)="",TRUE,FALSE) -> TRUE | BQ22: =VLOOKUP(A22,RAW_APS!A$3:O826,15,FALSE) | BR22: =IF(ISERROR(BQ22),"***TUBE ID NOT FOUND",EXACT(BQ22,O22)) -> TRUE | BT22: Negative | BU22: =EXACT(BT22,$AK22) -> TRUE
A23: MAX28 | B23: 44543 | C23: 0.59840278 | K23: Negative | L23: 44543 | M23: 0.78498843 | P23: =IFNA(IF(VLOOKUP($A23,'Add from APT'!$AA$2:$AC826,3,FALSE)>0,TRUE,FALSE),"ER - NOT IN APT") -> FALSE | Q23: =IF(ISLOGICAL(P23),IF(P23,"ER - REPS IN APT", IFNA(VLOOKUP($A23,RAW_APT!$A$3:$M826,7,FALSE),"ER - NOT IN APT")),P23) -> Result | R23: =IF(EXACT($A23,$A22),FALSE,TRUE) -> TRUE | S23: =COUNTIF($A$2:$A847,$A23) -> 1 | X23: =IF(ISBLANK($U23),IF(ISBLANK($V23),FALSE,"ER - LAST ONLY"),TRUE) -> FALSE | Y23: FALSE | Z23: =IF($S23>4,TRUE,IFERROR(0/0,"")) | AA23: =IF(ISBLANK($O23),FALSE,TRUE) -> FALSE | AB23: FALSE | AC23: 766 | AD23: FALSE | AE23: =IFERROR(IF(EXACT($L23,$B23),(TIMEVALUE($M23)-TIMEVALUE($C23))*24*60,IFERROR(0/0,"")),IFERROR(0/0,"")) -> 268.68333 | AF23: =OR(AND(NOT($AG23),IFERROR(NOT($AG24),""),EXACT($A23,$A24),NOT(EXACT(CONCATENATE($B23,$C23),CONCATENATE($B24,$C24)))),AND(NOT($AG23),IFERROR(NOT($AG22),""),EXACT($A23,$A22),NOT(EXACT(CONCATENATE($B23,$C23),CONCATENATE($B22,$C22))))) -> FALSE | AG23: =IF($AH23>0,TRUE,FALSE) -> FALSE | AK23: =IFS(AND($AJ23>=2,$AJ23<3),"Negative",AND($AJ23>=3,$AJ23<4),"Positive",AND($AJ23>=4,$AJ23<5),"Inconclusive",$AJ23=5,"MANUAL FILL",$AG23,"DELETED",TRUE,$K23) -> Negative | AM23: SpBEND643855 | AN23: BEND364074 | AO23: =IFERROR(__xludf.DUMMYFUNCTION("IF($AG23, ""DELETED"",TRIM(JOIN("" "",D23:E23)))"),"") | AP23: =IF($AG23, "DELETED", TRIM(CONCATENATE(F23,I23,U23))) | AQ23: =IF($AG23, "DELETED", TRIM(CONCATENATE(G23,J23,V23))) | AR23: =IFERROR(__xludf.DUMMYFUNCTION("IF($AG23, ""DELETED"", TRIM(JOIN("" "",AP23,AQ23)))"),"") | AT23: =IF(OR($AG23,SUM($AU23:$AW23)=1),TRUE,FALSE) -> FALSE | AU23: =IF($AG23,IFERROR(0/0,""),IF(ISBLANK($F23),IF(ISBLANK($G23),IFERROR(0/0,""),2),1)) | AV23: =IF($AG23,IFERROR(0/0,""),IF(ISBLANK($I23),IF(ISBLANK($J23),IFERROR(0/0,""),2),1)) | AW23: =IF($AG23,IFERROR(0/0,""),IF(ISBLANK($U23),IF(ISBLANK($V23),IFERROR(0/0,""),2),1)) | AX23: =IF(AND($X23,$A24=$A23),1,IFERROR(0/0,"")) | BA23: =IF(EXACT(K23,"Null"),TRUE,IFERROR(0/0,"")) | BE23: =IF(COUNTIF(BI$2:BI847,BD23)>0,COUNTIF(BI$2:BI847,BD23),IFERROR(0/0,"")) | BF23: =CONCATENATE($A23,"__",$B23,"_",$C23) -> MAX28__44543_0.598402777777778 | BG23: =IF(ISBLANK(IFERROR(MATCH(LEFT(BF23, FIND("__",BF23)-1),BD$2:BD847,0),"")),IFERROR(0/0,""),TRUE) | BH23: FM1789__44627_0.327824074074074 | BI23: =IFERROR(LEFT(BH23, FIND("__",BH23)-1),"") -> FM1789 | BJ23: =IFERROR(AND(EXACT(BI24,BI23),NOT(EXACT(BI23,BI22))),"") -> FALSE | BK23: =IF(BJ23,BI23,IFERROR(0/0,"")) | BM23: =IF(OR(BN23,BO23),"MISSING",IFERROR(0/0,"")) -> MISSING | BN23: =ISBLANK($AR23) -> FALSE | BO23: =IF(TRIM($AR23)="",TRUE,FALSE) -> TRUE | BQ23: =VLOOKUP(A23,RAW_APS!A$3:O826,15,FALSE) | BR23: =IF(ISERROR(BQ23),"***TUBE ID NOT FOUND",EXACT(BQ23,O23)) -> TRUE | BT23: Negative | BU23: =EXACT(BT23,$AK23) -> TRUE
A24: MAX63 | B24: 44543 | C24: 0.60407407 | K24: Negative | L24: 44543 | M24: 0.78498843 | P24: =IFNA(IF(VLOOKUP($A24,'Add from APT'!$AA$2:$AC826,3,FALSE)>0,TRUE,FALSE),"ER - NOT IN APT") -> FALSE | Q24: =IF(ISLOGICAL(P24),IF(P24,"ER - REPS IN APT", IFNA(VLOOKUP($A24,RAW_APT!$A$3:$M826,7,FALSE),"ER - NOT IN APT")),P24) -> Result | R24: =IF(EXACT($A24,$A23),FALSE,TRUE) -> TRUE | S24: =COUNTIF($A$2:$A848,$A24) -> 1 | X24: =IF(ISBLANK($U24),IF(ISBLANK($V24),FALSE,"ER - LAST ONLY"),TRUE) -> FALSE | Y24: FALSE | Z24: =IF($S24>4,TRUE,IFERROR(0/0,"")) | AA24: =IF(ISBLANK($O24),FALSE,TRUE) -> FALSE | AB24: FALSE | AC24: 765 | AD24: FALSE | AE24: =IFERROR(IF(EXACT($L24,$B24),(TIMEVALUE($M24)-TIMEVALUE($C24))*24*60,IFERROR(0/0,"")),IFERROR(0/0,"")) -> 260.51667 | AF24: =OR(AND(NOT($AG24),IFERROR(NOT($AG25),""),EXACT($A24,$A25),NOT(EXACT(CONCATENATE($B24,$C24),CONCATENATE($B25,$C25)))),AND(NOT($AG24),IFERROR(NOT($AG23),""),EXACT($A24,$A23),NOT(EXACT(CONCATENATE($B24,$C24),CONCATENATE($B23,$C23))))) -> FALSE | AG24: =IF($AH24>0,TRUE,FALSE) -> FALSE | AK24: =IFS(AND($AJ24>=2,$AJ24<3),"Negative",AND($AJ24>=3,$AJ24<4),"Positive",AND($AJ24>=4,$AJ24<5),"Inconclusive",$AJ24=5,"MANUAL FILL",$AG24,"DELETED",TRUE,$K24) -> Negative | AM24: SpBEND214692 | AN24: BEND886978 | AO24: =IFERROR(__xludf.DUMMYFUNCTION("IF($AG24, ""DELETED"",TRIM(JOIN("" "",D24:E24)))"),"") | AP24: =IF($AG24, "DELETED", TRIM(CONCATENATE(F24,I24,U24))) | AQ24: =IF($AG24, "DELETED", TRIM(CONCATENATE(G24,J24,V24))) | AR24: =IFERROR(__xludf.DUMMYFUNCTION("IF($AG24, ""DELETED"", TRIM(JOIN("" "",AP24,AQ24)))"),"") | AT24: =IF(OR($AG24,SUM($AU24:$AW24)=1),TRUE,FALSE) -> FALSE | AU24: =IF($AG24,IFERROR(0/0,""),IF(ISBLANK($F24),IF(ISBLANK($G24),IFERROR(0/0,""),2),1)) | AV24: =IF($AG24,IFERROR(0/0,""),IF(ISBLANK($I24),IF(ISBLANK($J24),IFERROR(0/0,""),2),1)) | AW24: =IF($AG24,IFERROR(0/0,""),IF(ISBLANK($U24),IF(ISBLANK($V24),IFERROR(0/0,""),2),1)) | AX24: =IF(AND($X24,$A25=$A24),1,IFERROR(0/0,"")) | BA24: =IF(EXACT(K24,"Null"),TRUE,IFERROR(0/0,"")) | BE24: =IF(COUNTIF(BI$2:BI848,BD24)>0,COUNTIF(BI$2:BI848,BD24),IFERROR(0/0,"")) | BF24: =CONCATENATE($A24,"__",$B24,"_",$C24) -> MAX63__44543_0.604074074074074 | BG24: =IF(ISBLANK(IFERROR(MATCH(LEFT(BF24, FIND("__",BF24)-1),BD$2:BD848,0),"")),IFERROR(0/0,""),TRUE) | BH24: FM1797__44629_0.324016203703704 | BI24: =IFERROR(LEFT(BH24, FIND("__",BH24)-1),"") -> FM1797 | BJ24: =IFERROR(AND(EXACT(BI25,BI24),NOT(EXACT(BI24,BI23))),"") -> FALSE | BK24: =IF(BJ24,BI24,IFERROR(0/0,"")) | BM24: =IF(OR(BN24,BO24),"MISSING",IFERROR(0/0,"")) -> MISSING | BN24: =ISBLANK($AR24) -> FALSE | BO24: =IF(TRIM($AR24)="",TRUE,FALSE) -> TRUE | BQ24: =VLOOKUP(A24,RAW_APS!A$3:O826,15,FALSE) | BR24: =IF(ISERROR(BQ24),"***TUBE ID NOT FOUND",EXACT(BQ24,O24)) -> TRUE | BT24: Negative | BU24: =EXACT(BT24,$AK24) -> TRUE
A25: MA1255 | B25: 44545 | C25: 0.57497685 | K25: Negative | L25: 44545 | M25: 0.76415509 | P25: =IFNA(IF(VLOOKUP($A25,'Add from APT'!$AA$2:$AC826,3,FALSE)>0,TRUE,FALSE),"ER - NOT IN APT") -> FALSE | Q25: =IF(ISLOGICAL(P25),IF(P25,"ER - REPS IN APT", IFNA(VLOOKUP($A25,RAW_APT!$A$3:$M826,7,FALSE),"ER - NOT IN APT")),P25) -> Result | R25: =IF(EXACT($A25,$A24),FALSE,TRUE) -> TRUE | S25: =COUNTIF($A$2:$A849,$A25) -> 1 | X25: =IF(ISBLANK($U25),IF(ISBLANK($V25),FALSE,"ER - LAST ONLY"),TRUE) -> FALSE | Y25: FALSE | Z25: =IF($S25>4,TRUE,IFERROR(0/0,"")) | AA25: =IF(ISBLANK($O25),FALSE,TRUE) -> FALSE | AB25: FALSE | AC25: 764 | AD25: FALSE | AE25: =IFERROR(IF(EXACT($L25,$B25),(TIMEVALUE($M25)-TIMEVALUE($C25))*24*60,IFERROR(0/0,"")),IFERROR(0/0,"")) -> 272.41667 | AF25: =OR(AND(NOT($AG25),IFERROR(NOT($AG26),""),EXACT($A25,$A26),NOT(EXACT(CONCATENATE($B25,$C25),CONCATENATE($B26,$C26)))),AND(NOT($AG25),IFERROR(NOT($AG24),""),EXACT($A25,$A24),NOT(EXACT(CONCATENATE($B25,$C25),CONCATENATE($B24,$C24))))) -> FALSE | AG25: =IF($AH25>0,TRUE,FALSE) -> FALSE | AK25: =IFS(AND($AJ25>=2,$AJ25<3),"Negative",AND($AJ25>=3,$AJ25<4),"Positive",AND($AJ25>=4,$AJ25<5),"Inconclusive",$AJ25=5,"MANUAL FILL",$AG25,"DELETED",TRUE,$K25) -> Negative | AM25: SpBEND767550 | AN25: BEND245933 | AO25: =IFERROR(__xludf.DUMMYFUNCTION("IF($AG25, ""DELETED"",TRIM(JOIN("" "",D25:E25)))"),"") | AP25: =IF($AG25, "DELETED", TRIM(CONCATENATE(F25,I25,U25))) | AQ25: =IF($AG25, "DELETED", TRIM(CONCATENATE(G25,J25,V25))) | AR25: =IFERROR(__xludf.DUMMYFUNCTION("IF($AG25, ""DELETED"", TRIM(JOIN("" "",AP25,AQ25)))"),"") | AT25: =IF(OR($AG25,SUM($AU25:$AW25)=1),TRUE,FALSE) -> FALSE | AU25: =IF($AG25,IFERROR(0/0,""),IF(ISBLANK($F25),IF(ISBLANK($G25),IFERROR(0/0,""),2),1)) | AV25: =IF($AG25,IFERROR(0/0,""),IF(ISBLANK($I25),IF(ISBLANK($J25),IFERROR(0/0,""),2),1)) | AW25: =IF($AG25,IFERROR(0/0,""),IF(ISBLANK($U25),IF(ISBLANK($V25),IFERROR(0/0,""),2),1)) | AX25: =IF(AND($X25,$A26=$A25),1,IFERROR(0/0,"")) | BA25: =IF(EXACT(K25,"Null"),TRUE,IFERROR(0/0,"")) | BE25: =IF(COUNTIF(BI$2:BI849,BD25)>0,COUNTIF(BI$2:BI849,BD25),IFERROR(0/0,"")) | BF25: =CONCATENATE($A25,"__",$B25,"_",$C25) -> MA1255__44545_0.574976851851852 | BG25: =IF(ISBLANK(IFERROR(MATCH(LEFT(BF25, FIND("__",BF25)-1),BD$2:BD849,0),"")),IFERROR(0/0,""),TRUE) | BH25: FM18__44621_0.306215277777778 | BI25: =IFERROR(LEFT(BH25, FIND("__",BH25)-1),"") -> FM18 | BJ25: =IFERROR(AND(EXACT(BI26,BI25),NOT(EXACT(BI25,BI24))),"") -> FALSE | BK25: =IF(BJ25,BI25,IFERROR(0/0,"")) | BM25: =IF(OR(BN25,BO25),"MISSING",IFERROR(0/0,"")) -> MISSING | BN25: =ISBLANK($AR25) -> FALSE | BO25: =IF(TRIM($AR25)="",TRUE,FALSE) -> TRUE | BQ25: =VLOOKUP(A25,RAW_APS!A$3:O826,15,FALSE) | BR25: =IF(ISERROR(BQ25),"***TUBE ID NOT FOUND",EXACT(BQ25,O25)) -> TRUE | BT25: Negative | BU25: =EXACT(BT25,$AK25) -> TRUE
A26: MA327 | B26: 44545 | C26: 0.58621528 | K26: Negative | L26: 44545 | M26: 0.76415509 | P26: =IFNA(IF(VLOOKUP($A26,'Add from APT'!$AA$2:$AC826,3,FALSE)>0,TRUE,FALSE),"ER - NOT IN APT") -> FALSE | Q26: =IF(ISLOGICAL(P26),IF(P26,"ER - REPS IN APT", IFNA(VLOOKUP($A26,RAW_APT!$A$3:$M826,7,FALSE),"ER - NOT IN APT")),P26) -> Result | R26: =IF(EXACT($A26,$A25),FALSE,TRUE) -> TRUE | S26: =COUNTIF($A$2:$A850,$A26) -> 1 | X26: =IF(ISBLANK($U26),IF(ISBLANK($V26),FALSE,"ER - LAST ONLY"),TRUE) -> FALSE | Y26: FALSE | Z26: =IF($S26>4,TRUE,IFERROR(0/0,"")) | AA26: =IF(ISBLANK($O26),FALSE,TRUE) -> FALSE | AB26: FALSE | AC26: 763 | AD26: FALSE | AE26: =IFERROR(IF(EXACT($L26,$B26),(TIMEVALUE($M26)-TIMEVALUE($C26))*24*60,IFERROR(0/0,"")),IFERROR(0/0,"")) -> 256.23333 | AF26: =OR(AND(NOT($AG26),IFERROR(NOT($AG27),""),EXACT($A26,$A27),NOT(EXACT(CONCATENATE($B26,$C26),CONCATENATE($B27,$C27)))),AND(NOT($AG26),IFERROR(NOT($AG25),""),EXACT($A26,$A25),NOT(EXACT(CONCATENATE($B26,$C26),CONCATENATE($B25,$C25))))) -> FALSE | AG26: =IF($AH26>0,TRUE,FALSE) -> FALSE | AK26: =IFS(AND($AJ26>=2,$AJ26<3),"Negative",AND($AJ26>=3,$AJ26<4),"Positive",AND($AJ26>=4,$AJ26<5),"Inconclusive",$AJ26=5,"MANUAL FILL",$AG26,"DELETED",TRUE,$K26) -> Negative | AM26: SpBEND721986 | AN26: BEND127889 | AO26: =IFERROR(__xludf.DUMMYFUNCTION("IF($AG26, ""DELETED"",TRIM(JOIN("" "",D26:E26)))"),"") | AP26: =IF($AG26, "DELETED", TRIM(CONCATENATE(F26,I26,U26))) | AQ26: =IF($AG26, "DELETED", TRIM(CONCATENATE(G26,J26,V26))) | AR26: =IFERROR(__xludf.DUMMYFUNCTION("IF($AG26, ""DELETED"", TRIM(JOIN("" "",AP26,AQ26)))"),"") | AT26: =IF(OR($AG26,SUM($AU26:$AW26)=1),TRUE,FALSE) -> FALSE | AU26: =IF($AG26,IFERROR(0/0,""),IF(ISBLANK($F26),IF(ISBLANK($G26),IFERROR(0/0,""),2),1)) | AV26: =IF($AG26,IFERROR(0/0,""),IF(ISBLANK($I26),IF(ISBLANK($J26),IFERROR(0/0,""),2),1)) | AW26: =IF($AG26,IFERROR(0/0,""),IF(ISBLANK($U26),IF(ISBLANK($V26),IFERROR(0/0,""),2),1)) | AX26: =IF(AND($X26,$A27=$A26),1,IFERROR(0/0,"")) | BA26: =IF(EXACT(K26,"Null"),TRUE,IFERROR(0/0,"")) | BE26: =IF(COUNTIF(BI$2:BI850,BD26)>0,COUNTIF(BI$2:BI850,BD26),IFERROR(0/0,"")) | BF26: =CONCATENATE($A26,"__",$B26,"_",$C26) -> MA327__44545_0.586215277777778 | BG26: =IF(ISBLANK(IFERROR(MATCH(LEFT(BF26, FIND("__",BF26)-1),BD$2:BD850,0),"")),IFERROR(0/0,""),TRUE) | BH26: FM1870__44631_0.30849537037037 | BI26: =IFERROR(LEFT(BH26, FIND("__",BH26)-1),"") -> FM1870 | BJ26: =IFERROR(AND(EXACT(BI27,BI26),NOT(EXACT(BI26,BI25))),"") -> FALSE | BK26: =IF(BJ26,BI26,IFERROR(0/0,"")) | BM26: =IF(OR(BN26,BO26),"MISSING",IFERROR(0/0,"")) -> MISSING | BN26: =ISBLANK($AR26) -> FALSE | BO26: =IF(TRIM($AR26)="",TRUE,FALSE) -> TRUE | BQ26: =VLOOKUP(A26,RAW_APS!A$3:O826,15,FALSE) | BR26: =IF(ISERROR(BQ26),"***TUBE ID NOT FOUND",EXACT(BQ26,O26)) -> TRUE | BT26: Negative | BU26: =EXACT(BT26,$AK26) -> TRUE
A27: MA460 | B27: 44545 | C27: 0.61319444 | K27: Negative | L27: 44545 | M27: 0.76415509 | P27: =IFNA(IF(VLOOKUP($A27,'Add from APT'!$AA$2:$AC826,3,FALSE)>0,TRUE,FALSE),"ER - NOT IN APT") -> TRUE | Q27: =IF(ISLOGICAL(P27),IF(P27,"ER - REPS IN APT", IFNA(VLOOKUP($A27,RAW_APT!$A$3:$M826,7,FALSE),"ER - NOT IN APT")),P27) -> ER - REPS IN APT | R27: =IF(EXACT($A27,$A26),FALSE,TRUE) -> TRUE | S27: =COUNTIF($A$2:$A851,$A27) -> 1 | X27: =IF(ISBLANK($U27),IF(ISBLANK($V27),FALSE,"ER - LAST ONLY"),TRUE) -> FALSE | Y27: FALSE | Z27: =IF($S27>4,TRUE,IFERROR(0/0,"")) | AA27: =IF(ISBLANK($O27),FALSE,TRUE) -> FALSE | AB27: FALSE | AC27: 760 | AD27: FALSE | AE27: =IFERROR(IF(EXACT($L27,$B27),(TIMEVALUE($M27)-TIMEVALUE($C27))*24*60,IFERROR(0/0,"")),IFERROR(0/0,"")) -> 217.38333 | AF27: =OR(AND(NOT($AG27),IFERROR(NOT($AG28),""),EXACT($A27,$A28),NOT(EXACT(CONCATENATE($B27,$C27),CONCATENATE($B28,$C28)))),AND(NOT($AG27),IFERROR(NOT($AG26),""),EXACT($A27,$A26),NOT(EXACT(CONCATENATE($B27,$C27),CONCATENATE($B26,$C26))))) -> FALSE | AG27: =IF($AH27>0,TRUE,FALSE) -> FALSE | AI27: 4 | AK27: =IFS(AND($AJ27>=2,$AJ27<3),"Negative",AND($AJ27>=3,$AJ27<4),"Positive",AND($AJ27>=4,$AJ27<5),"Inconclusive",$AJ27=5,"MANUAL FILL",$AG27,"DELETED",TRUE,$K27) -> Negative | AM27: SpBEND139600 | AN27: BEND133778 | AO27: =IFERROR(__xludf.DUMMYFUNCTION("IF($AG27, ""DELETED"",TRIM(JOIN("" "",D27:E27)))"),"") | AP27: =IF($AG27, "DELETED", TRIM(CONCATENATE(F27,I27,U27))) | AQ27: =IF($AG27, "DELETED", TRIM(CONCATENATE(G27,J27,V27))) | AR27: =IFERROR(__xludf.DUMMYFUNCTION("IF($AG27, ""DELETED"", TRIM(JOIN("" "",AP27,AQ27)))"),"") | AT27: =IF(OR($AG27,SUM($AU27:$AW27)=1),TRUE,FALSE) -> FALSE | AU27: =IF($AG27,IFERROR(0/0,""),IF(ISBLANK($F27),IF(ISBLANK($G27),IFERROR(0/0,""),2),1)) | AV27: =IF($AG27,IFERROR(0/0,""),IF(ISBLANK($I27),IF(ISBLANK($J27),IFERROR(0/0,""),2),1)) | AW27: =IF($AG27,IFERROR(0/0,""),IF(ISBLANK($U27),IF(ISBLANK($V27),IFERROR(0/0,""),2),1)) | AX27: =IF(AND($X27,$A28=$A27),1,IFERROR(0/0,"")) | BA27: =IF(EXACT(K27,"Null"),TRUE,IFERROR(0/0,"")) | BE27: =IF(COUNTIF(BI$2:BI851,BD27)>0,COUNTIF(BI$2:BI851,BD27),IFERROR(0/0,"")) | BF27: =CONCATENATE($A27,"__",$B27,"_",$C27) -> MA460__44545_0.613194444444445 | BG27: =IF(ISBLANK(IFERROR(MATCH(LEFT(BF27, FIND("__",BF27)-1),BD$2:BD851,0),"")),IFERROR(0/0,""),TRUE) | BH27: FM1889__44629_0.321863425925926 | BI27: =IFERROR(LEFT(BH27, FIND("__",BH27)-1),"") -> FM1889 | BJ27: =IFERROR(AND(EXACT(BI28,BI27),NOT(EXACT(BI27,BI26))),"") -> FALSE | BK27: =IF(BJ27,BI27,IFERROR(0/0,"")) | BM27: =IF(OR(BN27,BO27),"MISSING",IFERROR(0/0,"")) -> MISSING | BN27: =ISBLANK($AR27) -> FALSE | BO27: =IF(TRIM($AR27)="",TRUE,FALSE) -> TRUE | BQ27: =VLOOKUP(A27,RAW_APS!A$3:O826,15,FALSE) | BR27: =IF(ISERROR(BQ27),"***TUBE ID NOT FOUND",EXACT(BQ27,O27)) -> TRUE | BT27: Negative | BU27: =EXACT(BT27,$AK27) -> TRUE
