Workbook

Sheet ALL Tube Results
A1: =IFERROR(__xludf.DUMMYFUNCTION("QUERY({ 'APS Tubes Import'!A1:A809; 'ARF Tubes'!M2:M809 }, ""SELECT Col1 WHERE Col1 IS NOT NULL"", 0)"),"TUBE ID") -> TUBE ID | B1: =IFERROR(__xludf.DUMMYFUNCTION("QUERY({ 'APS Tubes Import'!V1:V809; 'ARF Tubes'!N2:N809 }, ""SELECT Col1 WHERE Col1 IS NOT NULL"", 0)"),"FINAL ASSIGNED RUN ID") -> FINAL ASSIGNED RUN ID | C1: ='Run Reconcile'!B1 -> RUN DATE | D1: ='APS Tubes Import'!B1 -> COLLECTION DATE | E1: ='APS Tubes Import'!C1 -> COLLECTION TIME | F1: =IFERROR(__xludf.DUMMYFUNCTION("QUERY({ 'APS Tubes Import'!H1:H809; 'ARF Tubes'!P2:P809 }, ""SELECT Col1 WHERE Col1 IS NOT NULL"", 0)"),"FINAL RESULT") -> FINAL RESULT | G1: ='APS Tubes Import'!N1 -> NUM SAMPLES (Pool Level)
A2: =IFERROR(__xludf.DUMMYFUNCTION("""COMPUTED_VALUE"""),"MAX88") -> MAX88 | B2: =IFERROR(__xludf.DUMMYFUNCTION("""COMPUTED_VALUE"""),"RUN-BEND_2021-12-10_APS-001") -> RUN-BEND_2021-12-10_APS-001 | C2: =VLOOKUP(B2,'Run Reconcile'!A$2:B809,2,FALSE) -> 44540 | D2: =IFERROR(__xludf.DUMMYFUNCTION("QUERY({ 'APS Tubes Import'!B2:B809 }, ""SELECT Col1 WHERE Col1 IS NOT NULL"", 0)"),44540.0) -> 44540 | E2: =IFERROR(__xludf.DUMMYFUNCTION("QUERY({ 'APS Tubes Import'!C2:C809; 'ARF Tubes'!P2:P809 }, ""SELECT Col1 WHERE Col1 IS NOT NULL"", 0)"),0.29401620370481396) -> 0.2940162 | F2: =IFERROR(__xludf.DUMMYFUNCTION("""COMPUTED_VALUE"""),"Negative") -> Negative | G2: =IFERROR(__xludf.DUMMYFUNCTION("QUERY({ 'APS Tubes Import'!N2:N809 }, ""SELECT Col1 WHERE Col1 IS NOT NULL"", 0)"),1.0) -> 1
A3: =IFERROR(__xludf.DUMMYFUNCTION("""COMPUTED_VALUE"""),"MAX136") -> MAX136 | B3: =IFERROR(__xludf.DUMMYFUNCTION("""COMPUTED_VALUE"""),"RUN-BEND_2021-12-10_APS-001") -> RUN-BEND_2021-12-10_APS-001 | C3: =VLOOKUP(B3,'Run Reconcile'!A$2:B809,2,FALSE) -> 44540 | D3: =IFERROR(__xludf.DUMMYFUNCTION("""COMPUTED_VALUE"""),44540.0) -> 44540 | E3: =IFERROR(__xludf.DUMMYFUNCTION("""COMPUTED_VALUE"""),0.2980092592588335) -> 0.29800926 | F3: =IFERROR(__xludf.DUMMYFUNCTION("""COMPUTED_VALUE"""),"Negative") -> Negative | G3: =IFERROR(__xludf.DUMMYFUNCTION("""COMPUTED_VALUE"""),1.0) -> 1
A4: =IFERROR(__xludf.DUMMYFUNCTION("""COMPUTED_VALUE"""),"MAX79") -> MAX79 | B4: =IFERROR(__xludf.DUMMYFUNCTION("""COMPUTED_VALUE"""),"RUN-BEND_2021-12-10_APS-001") -> RUN-BEND_2021-12-10_APS-001 | C4: =VLOOKUP(B4,'Run Reconcile'!A$2:B809,2,FALSE) -> 44540 | D4: =IFERROR(__xludf.DUMMYFUNCTION("""COMPUTED_VALUE"""),44540.0) -> 44540 | E4: =IFERROR(__xludf.DUMMYFUNCTION("""COMPUTED_VALUE"""),0.3005439814805868) -> 0.30054398 | F4: =IFERROR(__xludf.DUMMYFUNCTION("""COMPUTED_VALUE"""),"Negative") -> Negative | G4: =IFERROR(__xludf.DUMMYFUNCTION("""COMPUTED_VALUE"""),1.0) -> 1
A5: =IFERROR(__xludf.DUMMYFUNCTION("""COMPUTED_VALUE"""),"MAX64") -> MAX64 | B5: =IFERROR(__xludf.DUMMYFUNCTION("""COMPUTED_VALUE"""),"RUN-BEND_2021-12-10_APS-001") -> RUN-BEND_2021-12-10_APS-001 | C5: =VLOOKUP(B5,'Run Reconcile'!A$2:B809,2,FALSE) -> 44540 | D5: =IFERROR(__xludf.DUMMYFUNCTION("""COMPUTED_VALUE"""),44540.0) -> 44540 | E5: =IFERROR(__xludf.DUMMYFUNCTION("""COMPUTED_VALUE"""),0.3010532407424762) -> 0.30105324 | F5: =IFERROR(__xludf.DUMMYFUNCTION("""COMPUTED_VALUE"""),"Negative") -> Negative | G5: =IFERROR(__xludf.DUMMYFUNCTION("""COMPUTED_VALUE"""),1.0) -> 1
A6: =IFERROR(__xludf.DUMMYFUNCTION("""COMPUTED_VALUE"""),"MA1025") -> MA1025 | B6: =IFERROR(__xludf.DUMMYFUNCTION("""COMPUTED_VALUE"""),"RUN-BEND_2021-12-10_APS-001") -> RUN-BEND_2021-12-10_APS-001 | C6: =VLOOKUP(B6,'Run Reconcile'!A$2:B809,2,FALSE) -> 44540 | D6: =IFERROR(__xludf.DUMMYFUNCTION("""COMPUTED_VALUE"""),44540.0) -> 44540 | E6: =IFERROR(__xludf.DUMMYFUNCTION("""COMPUTED_VALUE"""),0.31128472222189885) -> 0.31128472 | F6: =IFERROR(__xludf.DUMMYFUNCTION("""COMPUTED_VALUE"""),"Negative") -> Negative | G6: =IFERROR(__xludf.DUMMYFUNCTION("""COMPUTED_VALUE"""),1.0) -> 1
A7: =IFERROR(__xludf.DUMMYFUNCTION("""COMPUTED_VALUE"""),"MAX70") -> MAX70 | B7: =IFERROR(__xludf.DUMMYFUNCTION("""COMPUTED_VALUE"""),"RUN-BEND_2021-12-13_RFR-002") -> RUN-BEND_2021-12-13_RFR-002 | C7: =VLOOKUP(B7,'Run Reconcile'!A$2:B809,2,FALSE) -> 44543 | D7: =IFERROR(__xludf.DUMMYFUNCTION("""COMPUTED_VALUE"""),44543.0) -> 44543 | E7: =IFERROR(__xludf.DUMMYFUNCTION("""COMPUTED_VALUE"""),0.4924074074078817) -> 0.49240741 | F7: =IFERROR(__xludf.DUMMYFUNCTION("""COMPUTED_VALUE"""),"Negative") -> Negative | G7: =IFERROR(__xludf.DUMMYFUNCTION("""COMPUTED_VALUE"""),1.0) -> 1
A8: =IFERROR(__xludf.DUMMYFUNCTION("""COMPUTED_VALUE"""),"MAX111") -> MAX111 | B8: =IFERROR(__xludf.DUMMYFUNCTION("""COMPUTED_VALUE"""),"RUN-BEND_2021-12-13_RFR-002") -> RUN-BEND_2021-12-13_RFR-002 | C8: =VLOOKUP(B8,'Run Reconcile'!A$2:B809,2,FALSE) -> 44543 | D8: =IFERROR(__xludf.DUMMYFUNCTION("""COMPUTED_VALUE"""),44543.0) -> 44543 | E8: =IFERROR(__xludf.DUMMYFUNCTION("""COMPUTED_VALUE"""),0.5629166666658421) -> 0.56291667 | F8: =IFERROR(__xludf.DUMMYFUNCTION("""COMPUTED_VALUE"""),"Negative") -> Negative | G8: =IFERROR(__xludf.DUMMYFUNCTION("""COMPUTED_VALUE"""),1.0) -> 1
A9: =IFERROR(__xludf.DUMMYFUNCTION("""COMPUTED_VALUE"""),"MAX113") -> MAX113 | B9: =IFERROR(__xludf.DUMMYFUNCTION("""COMPUTED_VALUE"""),"RUN-BEND_2021-12-13_RFR-002") -> RUN-BEND_2021-12-13_RFR-002 | C9: =VLOOKUP(B9,'Run Reconcile'!A$2:B809,2,FALSE) -> 44543 | D9: =IFERROR(__xludf.DUMMYFUNCTION("""COMPUTED_VALUE"""),44543.0) -> 44543 | E9: =IFERROR(__xludf.DUMMYFUNCTION("""COMPUTED_VALUE"""),0.5630208333350311) -> 0.56302083 | F9: =IFERROR(__xludf.DUMMYFUNCTION("""COMPUTED_VALUE"""),"Negative") -> Negative | G9: =IFERROR(__xludf.DUMMYFUNCTION("""COMPUTED_VALUE"""),1.0) -> 1
A10: =IFERROR(__xludf.DUMMYFUNCTION("""COMPUTED_VALUE"""),"MAX122") -> MAX122 | B10: =IFERROR(__xludf.DUMMYFUNCTION("""COMPUTED_VALUE"""),"RUN-BEND_2021-12-13_RFR-002") -> RUN-BEND_2021-12-13_RFR-002 | C10: =VLOOKUP(B10,'Run Reconcile'!A$2:B809,2,FALSE) -> 44543 | D10: =IFERROR(__xludf.DUMMYFUNCTION("""COMPUTED_VALUE"""),44543.0) -> 44543 | E10: =IFERROR(__xludf.DUMMYFUNCTION("""COMPUTED_VALUE"""),0.5931712962956226) -> 0.5931713 | F10: =IFERROR(__xludf.DUMMYFUNCTION("""COMPUTED_VALUE"""),"Negative") -> Negative | G10: =IFERROR(__xludf.DUMMYFUNCTION("""COMPUTED_VALUE"""),1.0) -> 1
A11: =IFERROR(__xludf.DUMMYFUNCTION("""COMPUTED_VALUE"""),"MAX94") -> MAX94 | B11: =IFERROR(__xludf.DUMMYFUNCTION("""COMPUTED_VALUE"""),"RUN-BEND_2021-12-13_RFR-002") -> RUN-BEND_2021-12-13_RFR-002 | C11: =VLOOKUP(B11,'Run Reconcile'!A$2:B809,2,FALSE) -> 44543 | D11: =IFERROR(__xludf.DUMMYFUNCTION("""COMPUTED_VALUE"""),44543.0) -> 44543 | E11: =IFERROR(__xludf.DUMMYFUNCTION("""COMPUTED_VALUE"""),0.5967476851838001) -> 0.59674769 | F11: =IFERROR(__xludf.DUMMYFUNCTION("""COMPUTED_VALUE"""),"Negative") -> Negative | G11: =IFERROR(__xludf.DUMMYFUNCTION("""COMPUTED_VALUE"""),1.0) -> 1
A12: =IFERROR(__xludf.DUMMYFUNCTION("""COMPUTED_VALUE"""),"MAX28") -> MAX28 | B12: =IFERROR(__xludf.DUMMYFUNCTION("""COMPUTED_VALUE"""),"RUN-BEND_2021-12-13_RFR-002") -> RUN-BEND_2021-12-13_RFR-002 | C12: =VLOOKUP(B12,'Run Reconcile'!A$2:B809,2,FALSE) -> 44543 | D12: =IFERROR(__xludf.DUMMYFUNCTION("""COMPUTED_VALUE"""),44543.0) -> 44543 | E12: =IFERROR(__xludf.DUMMYFUNCTION("""COMPUTED_VALUE"""),0.5984027777776646) -> 0.59840278 | F12: =IFERROR(__xludf.DUMMYFUNCTION("""COMPUTED_VALUE"""),"Negative") -> Negative | G12: =IFERROR(__xludf.DUMMYFUNCTION("""COMPUTED_VALUE"""),1.0) -> 1
A13: =IFERROR(__xludf.DUMMYFUNCTION("""COMPUTED_VALUE"""),"MAX63") -> MAX63 | B13: =IFERROR(__xludf.DUMMYFUNCTION("""COMPUTED_VALUE"""),"RUN-BEND_2021-12-13_RFR-002") -> RUN-BEND_2021-12-13_RFR-002 | C13: =VLOOKUP(B13,'Run Reconcile'!A$2:B809,2,FALSE) -> 44543 | D13: =IFERROR(__xludf.DUMMYFUNCTION("""COMPUTED_VALUE"""),44543.0) -> 44543 | E13: =IFERROR(__xludf.DUMMYFUNCTION("""COMPUTED_VALUE"""),0.60407407407547) -> 0.60407407 | F13: =IFERROR(__xludf.DUMMYFUNCTION("""COMPUTED_VALUE"""),"Negative") -> Negative | G13: =IFERROR(__xludf.DUMMYFUNCTION("""COMPUTED_VALUE"""),1.0) -> 1
A14: =IFERROR(__xludf.DUMMYFUNCTION("""COMPUTED_VALUE"""),"MA1255") -> MA1255 | B14: =IFERROR(__xludf.DUMMYFUNCTION("""COMPUTED_VALUE"""),"RUN-BEND_2021-12-15_APS-002") -> RUN-BEND_2021-12-15_APS-002 | C14: =VLOOKUP(B14,'Run Reconcile'!A$2:B809,2,FALSE) -> 44545 | D14: =IFERROR(__xludf.DUMMYFUNCTION("""COMPUTED_VALUE"""),44545.0) -> 44545 | E14: =IFERROR(__xludf.DUMMYFUNCTION("""COMPUTED_VALUE"""),0.5749768518508063) -> 0.57497685 | F14: =IFERROR(__xludf.DUMMYFUNCTION("""COMPUTED_VALUE"""),"Negative") -> Negative | G14: =IFERROR(__xludf.DUMMYFUNCTION("""COMPUTED_VALUE"""),1.0) -> 1
A15: =IFERROR(__xludf.DUMMYFUNCTION("""COMPUTED_VALUE"""),"MA327") -> MA327 | B15: =IFERROR(__xludf.DUMMYFUNCTION("""COMPUTED_VALUE"""),"RUN-BEND_2021-12-15_APS-002") -> RUN-BEND_2021-12-15_APS-002 | C15: =VLOOKUP(B15,'Run Reconcile'!A$2:B809,2,FALSE) -> 44545 | D15: =IFERROR(__xludf.DUMMYFUNCTION("""COMPUTED_VALUE"""),44545.0) -> 44545 | E15: =IFERROR(__xludf.DUMMYFUNCTION("""COMPUTED_VALUE"""),0.586215277777228) -> 0.58621528 | F15: =IFERROR(__xludf.DUMMYFUNCTION("""COMPUTED_VALUE"""),"Negative") -> Negative | G15: =IFERROR(__xludf.DUMMYFUNCTION("""COMPUTED_VALUE"""),1.0) -> 1
A16: =IFERROR(__xludf.DUMMYFUNCTION("""COMPUTED_VALUE"""),"MA460") -> MA460 | B16: =IFERROR(__xludf.DUMMYFUNCTION("""COMPUTED_VALUE"""),"RUN-BEND_2021-12-15_APS-002") -> RUN-BEND_2021-12-15_APS-002 | C16: =VLOOKUP(B16,'Run Reconcile'!A$2:B809,2,FALSE) -> 44545 | D16: =IFERROR(__xludf.DUMMYFUNCTION("""COMPUTED_VALUE"""),44545.0) -> 44545 | E16: =IFERROR(__xludf.DUMMYFUNCTION("""COMPUTED_VALUE"""),0.6131944444459805) -> 0.61319444 | F16: =IFERROR(__xludf.DUMMYFUNCTION("""COMPUTED_VALUE"""),"Negative") -> Negative | G16: =IFERROR(__xludf.DUMMYFUNCTION("""COMPUTED_VALUE"""),1.0) -> 1
A17: =IFERROR(__xludf.DUMMYFUNCTION("""COMPUTED_VALUE"""),"MA1155") -> MA1155 | B17: =IFERROR(__xludf.DUMMYFUNCTION("""COMPUTED_VALUE"""),"RUN-BEND_2021-12-15_APS-002") -> RUN-BEND_2021-12-15_APS-002 | C17: =VLOOKUP(B17,'Run Reconcile'!A$2:B809,2,FALSE) -> 44545 | D17: =IFERROR(__xludf.DUMMYFUNCTION("""COMPUTED_VALUE"""),44545.0) -> 44545 | E17: =IFERROR(__xludf.DUMMYFUNCTION("""COMPUTED_VALUE"""),0.6686805555546016) -> 0.66868056 | F17: =IFERROR(__xludf.DUMMYFUNCTION("""COMPUTED_VALUE"""),"Negative") -> Negative | G17: =IFERROR(__xludf.DUMMYFUNCTION("""COMPUTED_VALUE"""),1.0) -> 1
A18: =IFERROR(__xludf.DUMMYFUNCTION("""COMPUTED_VALUE"""),"MA1043") -> MA1043 | B18: =IFERROR(__xludf.DUMMYFUNCTION("""COMPUTED_VALUE"""),"RUN-BEND_2021-12-17_APS-003") -> RUN-BEND_2021-12-17_APS-003 | C18: =VLOOKUP(B18,'Run Reconcile'!A$2:B809,2,FALSE) -> 44547 | D18: =IFERROR(__xludf.DUMMYFUNCTION("""COMPUTED_VALUE"""),44547.0) -> 44547 | E18: =IFERROR(__xludf.DUMMYFUNCTION("""COMPUTED_VALUE"""),0.3417824074058444) -> 0.34178241 | F18: =IFERROR(__xludf.DUMMYFUNCTION("""COMPUTED_VALUE"""),"Positive") -> Positive | G18: =IFERROR(__xludf.DUMMYFUNCTION("""COMPUTED_VALUE"""),1.0) -> 1
A19: =IFERROR(__xludf.DUMMYFUNCTION("""COMPUTED_VALUE"""),"MA1036") -> MA1036 | B19: =IFERROR(__xludf.DUMMYFUNCTION("""COMPUTED_VALUE"""),"RUN-BEND_2021-12-17_APS-003") -> RUN-BEND_2021-12-17_APS-003 | C19: =VLOOKUP(B19,'Run Reconcile'!A$2:B809,2,FALSE) -> 44547 | D19: =IFERROR(__xludf.DUMMYFUNCTION("""COMPUTED_VALUE"""),44547.0) -> 44547 | E19: =IFERROR(__xludf.DUMMYFUNCTION("""COMPUTED_VALUE"""),0.3711805555540195) -> 0.37118056 | F19: =IFERROR(__xludf.DUMMYFUNCTION("""COMPUTED_VALUE"""),"Negative") -> Negative | G19: =IFERROR(__xludf.DUMMYFUNCTION("""COMPUTED_VALUE"""),1.0) -> 1
A20: =IFERROR(__xludf.DUMMYFUNCTION("""COMPUTED_VALUE"""),"MA705") -> MA705 | B20: =IFERROR(__xludf.DUMMYFUNCTION("""COMPUTED_VALUE"""),"RUN-BEND_2021-12-20_RFR-003") -> RUN-BEND_2021-12-20_RFR-003 | C20: =VLOOKUP(B20,'Run Reconcile'!A$2:B809,2,FALSE) -> 44550 | D20: =IFERROR(__xludf.DUMMYFUNCTION("""COMPUTED_VALUE"""),44549.0) -> 44549 | E20: =IFERROR(__xludf.DUMMYFUNCTION("""COMPUTED_VALUE"""),0.8899537037032133) -> 0.8899537 | F20: =IFERROR(__xludf.DUMMYFUNCTION("""COMPUTED_VALUE"""),"Negative") -> Negative | G20: =IFERROR(__xludf.DUMMYFUNCTION("""COMPUTED_VALUE"""),1.0) -> 1
A21: =IFERROR(__xludf.DUMMYFUNCTION("""COMPUTED_VALUE"""),"MA1091") -> MA1091 | B21: =IFERROR(__xludf.DUMMYFUNCTION("""COMPUTED_VALUE"""),"RUN-BEND_2021-12-20_RFR-003") -> RUN-BEND_2021-12-20_RFR-003 | C21: =VLOOKUP(B21,'Run Reconcile'!A$2:B809,2,FALSE) -> 44550 | D21: =IFERROR(__xludf.DUMMYFUNCTION("""COMPUTED_VALUE"""),44550.0) -> 44550 | E21: =IFERROR(__xludf.DUMMYFUNCTION("""COMPUTED_VALUE"""),0.31734953703562496) -> 0.31734954 | F21: =IFERROR(__xludf.DUMMYFUNCTION("""COMPUTED_VALUE"""),"Negative") -> Negative | G21: =IFERROR(__xludf.DUMMYFUNCTION("""COMPUTED_VALUE"""),1.0) -> 1
A22: =IFERROR(__xludf.DUMMYFUNCTION("""COMPUTED_VALUE"""),"MA1160") -> MA1160 | B22: =IFERROR(__xludf.DUMMYFUNCTION("""COMPUTED_VALUE"""),"RUN-BEND_2021-12-20_RFR-003") -> RUN-BEND_2021-12-20_RFR-003 | C22: =VLOOKUP(B22,'Run Reconcile'!A$2:B809,2,FALSE) -> 44550 | D22: =IFERROR(__xludf.DUMMYFUNCTION("""COMPUTED_VALUE"""),44550.0) -> 44550 | E22: =IFERROR(__xludf.DUMMYFUNCTION("""COMPUTED_VALUE"""),0.33541666666496894) -> 0.33541667 | F22: =IFERROR(__xludf.DUMMYFUNCTION("""COMPUTED_VALUE"""),"Negative") -> Negative | G22: =IFERROR(__xludf.DUMMYFUNCTION("""COMPUTED_VALUE"""),1.0) -> 1
A23: =IFERROR(__xludf.DUMMYFUNCTION("""COMPUTED_VALUE"""),"MA542") -> MA542 | B23: =IFERROR(__xludf.DUMMYFUNCTION("""COMPUTED_VALUE"""),"RUN-BEND_2021-12-20_RFR-003") -> RUN-BEND_2021-12-20_RFR-003 | C23: =VLOOKUP(B23,'Run Reconcile'!A$2:B809,2,FALSE) -> 44550 | D23: =IFERROR(__xludf.DUMMYFUNCTION("""COMPUTED_VALUE"""),44550.0) -> 44550 | E23: =IFERROR(__xludf.DUMMYFUNCTION("""COMPUTED_VALUE"""),0.34329861111109494) -> 0.34329861 | F23: =IFERROR(__xludf.DUMMYFUNCTION("""COMPUTED_VALUE"""),"Negative") -> Negative | G23: =IFERROR(__xludf.DUMMYFUNCTION("""COMPUTED_VALUE"""),1.0) -> 1
A24: =IFERROR(__xludf.DUMMYFUNCTION("""COMPUTED_VALUE"""),"MA197") -> MA197 | B24: =IFERROR(__xludf.DUMMYFUNCTION("""COMPUTED_VALUE"""),"RUN-BEND_2021-12-20_RFR-003") -> RUN-BEND_2021-12-20_RFR-003 | C24: =VLOOKUP(B24,'Run Reconcile'!A$2:B809,2,FALSE) -> 44550 | D24: =IFERROR(__xludf.DUMMYFUNCTION("""COMPUTED_VALUE"""),44550.0) -> 44550 | E24: =IFERROR(__xludf.DUMMYFUNCTION("""COMPUTED_VALUE"""),0.40135416666817036) -> 0.40135417 | F24: =IFERROR(__xludf.DUMMYFUNCTION("""COMPUTED_VALUE"""),"Negative") -> Negative | G24: =IFERROR(__xludf.DUMMYFUNCTION("""COMPUTED_VALUE"""),1.0) -> 1
A25: =IFERROR(__xludf.DUMMYFUNCTION("""COMPUTED_VALUE"""),"MA269") -> MA269 | B25: =IFERROR(__xludf.DUMMYFUNCTION("""COMPUTED_VALUE"""),"RUN-BEND_2021-12-20_RFR-003") -> RUN-BEND_2021-12-20_RFR-003 | C25: =VLOOKUP(B25,'Run Reconcile'!A$2:B809,2,FALSE) -> 44550 | D25: =IFERROR(__xludf.DUMMYFUNCTION("""COMPUTED_VALUE"""),44550.0) -> 44550 | E25: =IFERROR(__xludf.DUMMYFUNCTION("""COMPUTED_VALUE"""),0.40187499999956344) -> 0.401875 | F25: =IFERROR(__xludf.DUMMYFUNCTION("""COMPUTED_VALUE"""),"Negative") -> Negative | G25: =IFERROR(__xludf.DUMMYFUNCTION("""COMPUTED_VALUE"""),1.0) -> 1
A26: =IFERROR(__xludf.DUMMYFUNCTION("""COMPUTED_VALUE"""),"MA1080") -> MA1080 | B26: =IFERROR(__xludf.DUMMYFUNCTION("""COMPUTED_VALUE"""),"RUN-BEND_2021-12-20_RFR-003") -> RUN-BEND_2021-12-20_RFR-003 | C26: =VLOOKUP(B26,'Run Reconcile'!A$2:B809,2,FALSE) -> 44550 | D26: =IFERROR(__xludf.DUMMYFUNCTION("""COMPUTED_VALUE"""),44550.0) -> 44550 | E26: =IFERROR(__xludf.DUMMYFUNCTION("""COMPUTED_VALUE"""),0.4363425925912452) -> 0.43634259 | F26: =IFERROR(__xludf.DUMMYFUNCTION("""COMPUTED_VALUE"""),"Negative") -> Negative | G26: =IFERROR(__xludf.DUMMYFUNCTION("""COMPUTED_VALUE"""),1.0) -> 1
A27: =IFERROR(__xludf.DUMMYFUNCTION("""COMPUTED_VALUE"""),"MA1030") -> MA1030 | B27: =IFERROR(__xludf.DUMMYFUNCTION("""COMPUTED_VALUE"""),"RUN-BEND_2021-12-22_RFR-004") -> RUN-BEND_2021-12-22_RFR-004 | C27: =VLOOKUP(B27,'Run Reconcile'!A$2:B809,2,FALSE) -> 44552 | D27: =IFERROR(__xludf.DUMMYFUNCTION("""COMPUTED_VALUE"""),44551.0) -> 44551 | E27: =IFERROR(__xludf.DUMMYFUNCTION("""COMPUTED_VALUE"""),0.18810185185066075) -> 0.18810185 | F27: =IFERROR(__xludf.DUMMYFUNCTION("""COMPUTED_VALUE"""),"Negative") -> Negative | G27: =IFERROR(__xludf.DUMMYFUNCTION("""COMPUTED_VALUE"""),1.0) -> 1
A28: =IFERROR(__xludf.DUMMYFUNCTION("""COMPUTED_VALUE"""),"MA1315") -> MA1315 | B28: =IFERROR(__xludf.DUMMYFUNCTION("""COMPUTED_VALUE"""),"RUN-BEND_2021-12-22_RFR-004") -> RUN-BEND_2021-12-22_RFR-004 | C28: =VLOOKUP(B28,'Run Reconcile'!A$2:B809,2,FALSE) -> 44552 | D28: =IFERROR(__xludf.DUMMYFUNCTION("""COMPUTED_VALUE"""),44551.0) -> 44551 | E28: =IFERROR(__xludf.DUMMYFUNCTION("""COMPUTED_VALUE"""),0.47054398148247856) -> 0.47054398 | F28: =IFERROR(__xludf.DUMMYFUNCTION("""COMPUTED_VALUE"""),"Negative") -> Negative | G28: =IFERROR(__xludf.DUMMYFUNCTION("""COMPUTED_VALUE"""),1.0) -> 1
A29: =IFERROR(__xludf.DUMMYFUNCTION("""COMPUTED_VALUE"""),"MA1203") -> MA1203 | B29: =IFERROR(__xludf.DUMMYFUNCTION("""COMPUTED_VALUE"""),"RUN-BEND_2021-12-22_RFR-004") -> RUN-BEND_2021-12-22_RFR-004 | C29: =VLOOKUP(B29,'Run Reconcile'!A$2:B809,2,FALSE) -> 44552 | D29: =IFERROR(__xludf.DUMMYFUNCTION("""COMPUTED_VALUE"""),44552.0) -> 44552 | E29: =IFERROR(__xludf.DUMMYFUNCTION("""COMPUTED_VALUE"""),0.3487962962972233) -> 0.3487963 | F29: =IFERROR(__xludf.DUMMYFUNCTION("""COMPUTED_VALUE"""),"Negative") -> Negative | G29: =IFERROR(__xludf.DUMMYFUNCTION("""COMPUTED_VALUE"""),1.0) -> 1
A30: =IFERROR(__xludf.DUMMYFUNCTION("""COMPUTED_VALUE"""),"MA1088") -> MA1088 | B30: =IFERROR(__xludf.DUMMYFUNCTION("""COMPUTED_VALUE"""),"RUN-BEND_2021-12-22_RFR-004") -> RUN-BEND_2021-12-22_RFR-004 | C30: =VLOOKUP(B30,'Run Reconcile'!A$2:B809,2,FALSE) -> 44552 | D30: =IFERROR(__xludf.DUMMYFUNCTION("""COMPUTED_VALUE"""),44552.0) -> 44552 | E30: =IFERROR(__xludf.DUMMYFUNCTION("""COMPUTED_VALUE"""),0.35877314814933925) -> 0.35877315 | F30: =IFERROR(__xludf.DUMMYFUNCTION("""COMPUTED_VALUE"""),"Negative") -> Negative | G30: =IFERROR(__xludf.DUMMYFUNCTION("""COMPUTED_VALUE"""),1.0) -> 1
A31: =IFERROR(__xludf.DUMMYFUNCTION("""COMPUTED_VALUE"""),"MA1057") -> MA1057 | B31: =IFERROR(__xludf.DUMMYFUNCTION("""COMPUTED_VALUE"""),"RUN-BEND_2021-12-22_RFR-004") -> RUN-BEND_2021-12-22_RFR-004 | C31: =VLOOKUP(B31,'Run Reconcile'!A$2:B809,2,FALSE) -> 44552 | D31: =IFERROR(__xludf.DUMMYFUNCTION("""COMPUTED_VALUE"""),44552.0) -> 44552 | E31: =IFERROR(__xludf.DUMMYFUNCTION("""COMPUTED_VALUE"""),0.3660185185181035) -> 0.36601852 | F31: =IFERROR(__xludf.DUMMYFUNCTION("""COMPUTED_VALUE"""),"Negative") -> Negative | G31: =IFERROR(__xludf.DUMMYFUNCTION("""COMPUTED_VALUE"""),1.0) -> 1
A32: =IFERROR(__xludf.DUMMYFUNCTION("""COMPUTED_VALUE"""),"MA447") -> MA447 | B32: =IFERROR(__xludf.DUMMYFUNCTION("""COMPUTED_VALUE"""),"RUN-BEND_2021-12-27_RFR-005") -> RUN-BEND_2021-12-27_RFR-005 | C32: =VLOOKUP(B32,'Run Reconcile'!A$2:B809,2,FALSE) -> 44557 | D32: =IFERROR(__xludf.DUMMYFUNCTION("""COMPUTED_VALUE"""),44556.0) -> 44556 | E32: =IFERROR(__xludf.DUMMYFUNCTION("""COMPUTED_VALUE"""),0.6234837962947495) -> 0.6234838 | F32: =IFERROR(__xludf.DUMMYFUNCTION("""COMPUTED_VALUE"""),"Negative") -> Negative | G32: =IFERROR(__xludf.DUMMYFUNCTION("""COMPUTED_VALUE"""),1.0) -> 1
A33: =IFERROR(__xludf.DUMMYFUNCTION("""COMPUTED_VALUE"""),"MA1179") -> MA1179 | B33: =IFERROR(__xludf.DUMMYFUNCTION("""COMPUTED_VALUE"""),"RUN-BEND_2021-12-27_RFR-005") -> RUN-BEND_2021-12-27_RFR-005 | C33: =VLOOKUP(B33,'Run Reconcile'!A$2:B809,2,FALSE) -> 44557 | D33: =IFERROR(__xludf.DUMMYFUNCTION("""COMPUTED_VALUE"""),44557.0) -> 44557 | E33: =IFERROR(__xludf.DUMMYFUNCTION("""COMPUTED_VALUE"""),0.3123148148151813) -> 0.31231481 | F33: =IFERROR(__xludf.DUMMYFUNCTION("""COMPUTED_VALUE"""),"Negative") -> Negative | G33: =IFERROR(__xludf.DUMMYFUNCTION("""COMPUTED_VALUE"""),1.0) -> 1
A34: =IFERROR(__xludf.DUMMYFUNCTION("""COMPUTED_VALUE"""),"MA690") -> MA690 | B34: =IFERROR(__xludf.DUMMYFUNCTION("""COMPUTED_VALUE"""),"RUN-BEND_2021-12-27_RFR-005") -> RUN-BEND_2021-12-27_RFR-005 | C34: =VLOOKUP(B34,'Run Reconcile'!A$2:B809,2,FALSE) -> 44557 | D34: =IFERROR(__xludf.DUMMYFUNCTION("""COMPUTED_VALUE"""),44557.0) -> 44557 | E34: =IFERROR(__xludf.DUMMYFUNCTION("""COMPUTED_VALUE"""),0.31266203703853535) -> 0.31266204 | F34: =IFERROR(__xludf.DUMMYFUNCTION("""COMPUTED_VALUE"""),"Negative") -> Negative | G34: =IFERROR(__xludf.DUMMYFUNCTION("""COMPUTED_VALUE"""),1.0) -> 1
A35: =IFERROR(__xludf.DUMMYFUNCTION("""COMPUTED_VALUE"""),"MA707") -> MA707 | B35: =IFERROR(__xludf.DUMMYFUNCTION("""COMPUTED_VALUE"""),"RUN-BEND_2021-12-27_RFR-005") -> RUN-BEND_2021-12-27_RFR-005 | C35: =VLOOKUP(B35,'Run Reconcile'!A$2:B809,2,FALSE) -> 44557 | D35: =IFERROR(__xludf.DUMMYFUNCTION("""COMPUTED_VALUE"""),44557.0) -> 44557 | E35: =IFERROR(__xludf.DUMMYFUNCTION("""COMPUTED_VALUE"""),0.3275462962956226) -> 0.3275463 | F35: =IFERROR(__xludf.DUMMYFUNCTION("""COMPUTED_VALUE"""),"Negative") -> Negative | G35: =IFERROR(__xludf.DUMMYFUNCTION("""COMPUTED_VALUE"""),1.0) -> 1
A36: =IFERROR(__xludf.DUMMYFUNCTION("""COMPUTED_VALUE"""),"MA307") -> MA307 | B36: =IFERROR(__xludf.DUMMYFUNCTION("""COMPUTED_VALUE"""),"RUN-BEND_2021-12-27_RFR-005") -> RUN-BEND_2021-12-27_RFR-005 | C36: =VLOOKUP(B36,'Run Reconcile'!A$2:B809,2,FALSE) -> 44557 | D36: =IFERROR(__xludf.DUMMYFUNCTION("""COMPUTED_VALUE"""),44557.0) -> 44557 | E36: =IFERROR(__xludf.DUMMYFUNCTION("""COMPUTED_VALUE"""),0.32893518518540077) -> 0.32893519 | F36: =IFERROR(__xludf.DUMMYFUNCTION("""COMPUTED_VALUE"""),"Negative") -> Negative | G36: =IFERROR(__xludf.DUMMYFUNCTION("""COMPUTED_VALUE"""),1.0) -> 1
A37: =IFERROR(__xludf.DUMMYFUNCTION("""COMPUTED_VALUE"""),"MA609") -> MA609 | B37: =IFERROR(__xludf.DUMMYFUNCTION("""COMPUTED_VALUE"""),"RUN-BEND_2021-12-27_RFR-005") -> RUN-BEND_2021-12-27_RFR-005 | C37: =VLOOKUP(B37,'Run Reconcile'!A$2:B809,2,FALSE) -> 44557 | D37: =IFERROR(__xludf.DUMMYFUNCTION("""COMPUTED_VALUE"""),44557.0) -> 44557 | E37: =IFERROR(__xludf.DUMMYFUNCTION("""COMPUTED_VALUE"""),0.33370370370539604) -> 0.3337037 | F37: =IFERROR(__xludf.DUMMYFUNCTION("""COMPUTED_VALUE"""),"Negative") -> Negative | G37: =IFERROR(__xludf.DUMMYFUNCTION("""COMPUTED_VALUE"""),1.0) -> 1
A38: =IFERROR(__xludf.DUMMYFUNCTION("""COMPUTED_VALUE"""),"MA603") -> MA603 | B38: =IFERROR(__xludf.DUMMYFUNCTION("""COMPUTED_VALUE"""),"RUN-BEND_2021-12-27_RFR-005") -> RUN-BEND_2021-12-27_RFR-005 | C38: =VLOOKUP(B38,'Run Reconcile'!A$2:B809,2,FALSE) -> 44557 | D38: =IFERROR(__xludf.DUMMYFUNCTION("""COMPUTED_VALUE"""),44557.0) -> 44557 | E38: =IFERROR(__xludf.DUMMYFUNCTION("""COMPUTED_VALUE"""),0.3368865740740148) -> 0.33688657 | F38: =IFERROR(__xludf.DUMMYFUNCTION("""COMPUTED_VALUE"""),"Negative") -> Negative | G38: =IFERROR(__xludf.DUMMYFUNCTION("""COMPUTED_VALUE"""),1.0) -> 1
A39: =IFERROR(__xludf.DUMMYFUNCTION("""COMPUTED_VALUE"""),"MAX55") -> MAX55 | B39: =IFERROR(__xludf.DUMMYFUNCTION("""COMPUTED_VALUE"""),"RUN-BEND_2021-12-27_RFR-005") -> RUN-BEND_2021-12-27_RFR-005 | C39: =VLOOKUP(B39,'Run Reconcile'!A$2:B809,2,FALSE) -> 44557 | D39: =IFERROR(__xludf.DUMMYFUNCTION("""COMPUTED_VALUE"""),44557.0) -> 44557 | E39: =IFERROR(__xludf.DUMMYFUNCTION("""COMPUTED_VALUE"""),0.34068287037007394) -> 0.34068287 | F39: =IFERROR(__xludf.DUMMYFUNCTION("""COMPUTED_VALUE"""),"Negative") -> Negative | G39: =IFERROR(__xludf.DUMMYFUNCTION("""COMPUTED_VALUE"""),1.0) -> 1
A40: =IFERROR(__xludf.DUMMYFUNCTION("""COMPUTED_VALUE"""),"MA343") -> MA343 | B40: =IFERROR(__xludf.DUMMYFUNCTION("""COMPUTED_VALUE"""),"RUN-BEND_2021-12-27_RFR-005") -> RUN-BEND_2021-12-27_RFR-005 | C40: =VLOOKUP(B40,'Run Reconcile'!A$2:B809,2,FALSE) -> 44557 | D40: =IFERROR(__xludf.DUMMYFUNCTION("""COMPUTED_VALUE"""),44557.0) -> 44557 | E40: =IFERROR(__xludf.DUMMYFUNCTION("""COMPUTED_VALUE"""),0.3411805555551837) -> 0.34118056 | F40: =IFERROR(__xludf.DUMMYFUNCTION("""COMPUTED_VALUE"""),"Negative") -> Negative | G40: =IFERROR(__xludf.DUMMYFUNCTION("""COMPUTED_VALUE"""),1.0) -> 1
A41: =IFERROR(__xludf.DUMMYFUNCTION("""COMPUTED_VALUE"""),"MA371") -> MA371 | B41: =IFERROR(__xludf.DUMMYFUNCTION("""COMPUTED_VALUE"""),"RUN-BEND_2021-12-27_RFR-005") -> RUN-BEND_2021-12-27_RFR-005 | C41: =VLOOKUP(B41,'Run Reconcile'!A$2:B809,2,FALSE) -> 44557 | D41: =IFERROR(__xludf.DUMMYFUNCTION("""COMPUTED_VALUE"""),44557.0) -> 44557 | E41: =IFERROR(__xludf.DUMMYFUNCTION("""COMPUTED_VALUE"""),0.35445601851824904) -> 0.35445602 | F41: =IFERROR(__xludf.DUMMYFUNCTION("""COMPUTED_VALUE"""),"Negative") -> Negative | G41: =IFERROR(__xludf.DUMMYFUNCTION("""COMPUTED_VALUE"""),1.0) -> 1
A42: =IFERROR(__xludf.DUMMYFUNCTION("""COMPUTED_VALUE"""),"MA1099") -> MA1099 | B42: =IFERROR(__xludf.DUMMYFUNCTION("""COMPUTED_VALUE"""),"RUN-BEND_2021-12-27_RFR-005") -> RUN-BEND_2021-12-27_RFR-005 | C42: =VLOOKUP(B42,'Run Reconcile'!A$2:B809,2,FALSE) -> 44557 | D42: =IFERROR(__xludf.DUMMYFUNCTION("""COMPUTED_VALUE"""),44557.0) -> 44557 | E42: =IFERROR(__xludf.DUMMYFUNCTION("""COMPUTED_VALUE"""),0.3607291666667152) -> 0.36072917 | F42: =IFERROR(__xludf.DUMMYFUNCTION("""COMPUTED_VALUE"""),"Negative") -> Negative | G42: =IFERROR(__xludf.DUMMYFUNCTION("""COMPUTED_VALUE"""),1.0) -> 1
A43: =IFERROR(__xludf.DUMMYFUNCTION("""COMPUTED_VALUE"""),"MA257") -> MA257 | B43: =IFERROR(__xludf.DUMMYFUNCTION("""COMPUTED_VALUE"""),"RUN-BEND_2021-12-27_RFR-005") -> RUN-BEND_2021-12-27_RFR-005 | C43: =VLOOKUP(B43,'Run Reconcile'!A$2:B809,2,FALSE) -> 44557 | D43: =IFERROR(__xludf.DUMMYFUNCTION("""COMPUTED_VALUE"""),44557.0) -> 44557 | E43: =IFERROR(__xludf.DUMMYFUNCTION("""COMPUTED_VALUE"""),0.377754629629635) -> 0.37775463 | F43: =IFERROR(__xludf.DUMMYFUNCTION("""COMPUTED_VALUE"""),"Negative") -> Negative | G43: =IFERROR(__xludf.DUMMYFUNCTION("""COMPUTED_VALUE"""),1.0) -> 1
A44: =IFERROR(__xludf.DUMMYFUNCTION("""COMPUTED_VALUE"""),"MA624") -> MA624 | B44: =IFERROR(__xludf.DUMMYFUNCTION("""COMPUTED_VALUE"""),"RUN-BEND_2021-12-27_RFR-005") -> RUN-BEND_2021-12-27_RFR-005 | C44: =VLOOKUP(B44,'Run Reconcile'!A$2:B809,2,FALSE) -> 44557 | D44: =IFERROR(__xludf.DUMMYFUNCTION("""COMPUTED_VALUE"""),44557.0) -> 44557 | E44: =IFERROR(__xludf.DUMMYFUNCTION("""COMPUTED_VALUE"""),0.3893287037026312) -> 0.3893287 | F44: =IFERROR(__xludf.DUMMYFUNCTION("""COMPUTED_VALUE"""),"Negative") -> Negative | G44: =IFERROR(__xludf.DUMMYFUNCTION("""COMPUTED_VALUE"""),1.0) -> 1
A45: =IFERROR(__xludf.DUMMYFUNCTION("""COMPUTED_VALUE"""),"MAX139") -> MAX139 | B45: =IFERROR(__xludf.DUMMYFUNCTION("""COMPUTED_VALUE"""),"RUN-BEND_2021-12-27_RFR-005") -> RUN-BEND_2021-12-27_RFR-005 | C45: =VLOOKUP(B45,'Run Reconcile'!A$2:B809,2,FALSE) -> 44557 | D45: =IFERROR(__xludf.DUMMYFUNCTION("""COMPUTED_VALUE"""),44557.0) -> 44557 | E45: =IFERROR(__xludf.DUMMYFUNCTION("""COMPUTED_VALUE"""),0.4255902777767915) -> 0.42559028 | F45: =IFERROR(__xludf.DUMMYFUNCTION("""COMPUTED_VALUE"""),"Negative") -> Negative | G45: =IFERROR(__xludf.DUMMYFUNCTION("""COMPUTED_VALUE"""),1.0) -> 1
A46: =IFERROR(__xludf.DUMMYFUNCTION("""COMPUTED_VALUE"""),"MA1183") -> MA1183 | B46: =IFERROR(__xludf.DUMMYFUNCTION("""COMPUTED_VALUE"""),"RUN-BEND_2021-12-27_RFR-005") -> RUN-BEND_2021-12-27_RFR-005 | C46: =VLOOKUP(B46,'Run Reconcile'!A$2:B809,2,FALSE) -> 44557 | D46: =IFERROR(__xludf.DUMMYFUNCTION("""COMPUTED_VALUE"""),44557.0) -> 44557 | E46: =IFERROR(__xludf.DUMMYFUNCTION("""COMPUTED_VALUE"""),0.4258796296307992) -> 0.42587963 | F46: =IFERROR(__xludf.DUMMYFUNCTION("""COMPUTED_VALUE"""),"Negative") -> Negative | G46: =IFERROR(__xludf.DUMMYFUNCTION("""COMPUTED_VALUE"""),1.0) -> 1
A47: =IFERROR(__xludf.DUMMYFUNCTION("""COMPUTED_VALUE"""),"MA479") -> MA479 | B47: =IFERROR(__xludf.DUMMYFUNCTION("""COMPUTED_VALUE"""),"RUN-BEND_2021-12-29_RFR-006") -> RUN-BEND_2021-12-29_RFR-006 | C47: =VLOOKUP(B47,'Run Reconcile'!A$2:B809,2,FALSE) -> 44559 | D47: =IFERROR(__xludf.DUMMYFUNCTION("""COMPUTED_VALUE"""),44559.0) -> 44559 | E47: =IFERROR(__xludf.DUMMYFUNCTION("""COMPUTED_VALUE"""),0.29644675926101627) -> 0.29644676 | F47: =IFERROR(__xludf.DUMMYFUNCTION("""COMPUTED_VALUE"""),"Negative") -> Negative | G47: =IFERROR(__xludf.DUMMYFUNCTION("""COMPUTED_VALUE"""),1.0) -> 1
A48: =IFERROR(__xludf.DUMMYFUNCTION("""COMPUTED_VALUE"""),"MA1299") -> MA1299 | B48: =IFERROR(__xludf.DUMMYFUNCTION("""COMPUTED_VALUE"""),"RUN-BEND_2021-12-29_RFR-006") -> RUN-BEND_2021-12-29_RFR-006 | C48: =VLOOKUP(B48,'Run Reconcile'!A$2:B809,2,FALSE) -> 44559 | D48: =IFERROR(__xludf.DUMMYFUNCTION("""COMPUTED_VALUE"""),44559.0) -> 44559 | E48: =IFERROR(__xludf.DUMMYFUNCTION("""COMPUTED_VALUE"""),0.356585648147302) -> 0.35658565 | F48: =IFERROR(__xludf.DUMMYFUNCTION("""COMPUTED_VALUE"""),"Negative") -> Negative | G48: =IFERROR(__xludf.DUMMYFUNCTION("""COMPUTED_VALUE"""),1.0) -> 1
A49: =IFERROR(__xludf.DUMMYFUNCTION("""COMPUTED_VALUE"""),"MA404") -> MA404 | B49: =IFERROR(__xludf.DUMMYFUNCTION("""COMPUTED_VALUE"""),"RUN-BEND_2021-12-29_RFR-006") -> RUN-BEND_2021-12-29_RFR-006 | C49: =VLOOKUP(B49,'Run Reconcile'!A$2:B809,2,FALSE) -> 44559 | D49: =IFERROR(__xludf.DUMMYFUNCTION("""COMPUTED_VALUE"""),44559.0) -> 44559 | E49: =IFERROR(__xludf.DUMMYFUNCTION("""COMPUTED_VALUE"""),0.39732638888744987) -> 0.39732639 | F49: =IFERROR(__xludf.DUMMYFUNCTION("""COMPUTED_VALUE"""),"Negative") -> Negative | G49: =IFERROR(__xludf.DUMMYFUNCTION("""COMPUTED_VALUE"""),1.0) -> 1
A50: =IFERROR(__xludf.DUMMYFUNCTION("""COMPUTED_VALUE"""),"MA1073") -> MA1073 | B50: =IFERROR(__xludf.DUMMYFUNCTION("""COMPUTED_VALUE"""),"RUN-BEND_2021-12-29_RFR-006") -> RUN-BEND_2021-12-29_RFR-006 | C50: =VLOOKUP(B50,'Run Reconcile'!A$2:B809,2,FALSE) -> 44559 | D50: =IFERROR(__xludf.DUMMYFUNCTION("""COMPUTED_VALUE"""),44559.0) -> 44559 | E50: =IFERROR(__xludf.DUMMYFUNCTION("""COMPUTED_VALUE"""),0.39744212962978054) -> 0.39744213 | F50: =IFERROR(__xludf.DUMMYFUNCTION("""COMPUTED_VALUE"""),"Negative") -> Negative | G50: =IFERROR(__xludf.DUMMYFUNCTION("""COMPUTED_VALUE"""),1.0) -> 1
A51: =IFERROR(__xludf.DUMMYFUNCTION("""COMPUTED_VALUE"""),"MA1081") -> MA1081 | B51: =IFERROR(__xludf.DUMMYFUNCTION("""COMPUTED_VALUE"""),"RUN-BEND_2021-12-31_RFR-007") -> RUN-BEND_2021-12-31_RFR-007 | C51: =VLOOKUP(B51,'Run Reconcile'!A$2:B809,2,FALSE) -> 44561 | D51: =IFERROR(__xludf.DUMMYFUNCTION("""COMPUTED_VALUE"""),44561.0) -> 44561 | E51: =IFERROR(__xludf.DUMMYFUNCTION("""COMPUTED_VALUE"""),0.30532407407372375) -> 0.30532407 | F51: =IFERROR(__xludf.DUMMYFUNCTION("""COMPUTED_VALUE"""),"Positive") -> Positive | G51: =IFERROR(__xludf.DUMMYFUNCTION("""COMPUTED_VALUE"""),1.0) -> 1
A52: =IFERROR(__xludf.DUMMYFUNCTION("""COMPUTED_VALUE"""),"MA606") -> MA606 | B52: =IFERROR(__xludf.DUMMYFUNCTION("""COMPUTED_VALUE"""),"RUN-BEND_2021-12-31_RFR-007") -> RUN-BEND_2021-12-31_RFR-007 | C52: =VLOOKUP(B52,'Run Reconcile'!A$2:B809,2,FALSE) -> 44561 | D52: =IFERROR(__xludf.DUMMYFUNCTION("""COMPUTED_VALUE"""),44561.0) -> 44561 | E52: =IFERROR(__xludf.DUMMYFUNCTION("""COMPUTED_VALUE"""),0.31673611111182254) -> 0.31673611 | F52: =IFERROR(__xludf.DUMMYFUNCTION("""COMPUTED_VALUE"""),"Negative") -> Negative | G52: =IFERROR(__xludf.DUMMYFUNCTION("""COMPUTED_VALUE"""),1.0) -> 1
A53: =IFERROR(__xludf.DUMMYFUNCTION("""COMPUTED_VALUE"""),"MA1236") -> MA1236 | B53: =IFERROR(__xludf.DUMMYFUNCTION("""COMPUTED_VALUE"""),"RUN-BEND_2021-12-31_RFR-007") -> RUN-BEND_2021-12-31_RFR-007 | C53: =VLOOKUP(B53,'Run Reconcile'!A$2:B809,2,FALSE) -> 44561 | D53: =IFERROR(__xludf.DUMMYFUNCTION("""COMPUTED_VALUE"""),44561.0) -> 44561 | E53: =IFERROR(__xludf.DUMMYFUNCTION("""COMPUTED_VALUE"""),0.3212500000008731) -> 0.32125 | F53: =IFERROR(__xludf.DUMMYFUNCTION("""COMPUTED_VALUE"""),"Negative") -> Negative | G53: =IFERROR(__xludf.DUMMYFUNCTION("""COMPUTED_VALUE"""),1.0) -> 1
A54: =IFERROR(__xludf.DUMMYFUNCTION("""COMPUTED_VALUE"""),"MA1153") -> MA1153 | B54: =IFERROR(__xludf.DUMMYFUNCTION("""COMPUTED_VALUE"""),"RUN-BEND_2021-12-31_RFR-007") -> RUN-BEND_2021-12-31_RFR-007 | C54: =VLOOKUP(B54,'Run Reconcile'!A$2:B809,2,FALSE) -> 44561 | D54: =IFERROR(__xludf.DUMMYFUNCTION("""COMPUTED_VALUE"""),44561.0) -> 44561 | E54: =IFERROR(__xludf.DUMMYFUNCTION("""COMPUTED_VALUE"""),0.32719907407226856) -> 0.32719907 | F54: =IFERROR(__xludf.DUMMYFUNCTION("""COMPUTED_VALUE"""),"Negative") -> Negative | G54: =IFERROR(__xludf.DUMMYFUNCTION("""COMPUTED_VALUE"""),1.0) -> 1
A55: =IFERROR(__xludf.DUMMYFUNCTION("""COMPUTED_VALUE"""),"MA1131") -> MA1131 | B55: =IFERROR(__xludf.DUMMYFUNCTION("""COMPUTED_VALUE"""),"RUN-BEND_2021-12-31_RFR-007") -> RUN-BEND_2021-12-31_RFR-007 | C55: =VLOOKUP(B55,'Run Reconcile'!A$2:B809,2,FALSE) -> 44561 | D55: =IFERROR(__xludf.DUMMYFUNCTION("""COMPUTED_VALUE"""),44561.0) -> 44561 | E55: =IFERROR(__xludf.DUMMYFUNCTION("""COMPUTED_VALUE"""),0.3364467592582514) -> 0.33644676 | F55: =IFERROR(__xludf.DUMMYFUNCTION("""COMPUTED_VALUE"""),"Negative") -> Negative | G55: =IFERROR(__xludf.DUMMYFUNCTION("""COMPUTED_VALUE"""),1.0) -> 1
A56: =IFERROR(__xludf.DUMMYFUNCTION("""COMPUTED_VALUE"""),"MA1084") -> MA1084 | B56: =IFERROR(__xludf.DUMMYFUNCTION("""COMPUTED_VALUE"""),"RUN-BEND_2021-12-31_RFR-007") -> RUN-BEND_2021-12-31_RFR-007 | C56: =VLOOKUP(B56,'Run Reconcile'!A$2:B809,2,FALSE) -> 44561 | D56: =IFERROR(__xludf.DUMMYFUNCTION("""COMPUTED_VALUE"""),44561.0) -> 44561 | E56: =IFERROR(__xludf.DUMMYFUNCTION("""COMPUTED_VALUE"""),0.3366898148160544) -> 0.33668981 | F56: =IFERROR(__xludf.DUMMYFUNCTION("""COMPUTED_VALUE"""),"Negative") -> Negative | G56: =IFERROR(__xludf.DUMMYFUNCTION("""COMPUTED_VALUE"""),1.0) -> 1
A57: =IFERROR(__xludf.DUMMYFUNCTION("""COMPUTED_VALUE"""),"MA1280") -> MA1280 | B57: =IFERROR(__xludf.DUMMYFUNCTION("""COMPUTED_VALUE"""),"RUN-BEND_2021-12-31_RFR-007") -> RUN-BEND_2021-12-31_RFR-007 | C57: =VLOOKUP(B57,'Run Reconcile'!A$2:B809,2,FALSE) -> 44561 | D57: =IFERROR(__xludf.DUMMYFUNCTION("""COMPUTED_VALUE"""),44561.0) -> 44561 | E57: =IFERROR(__xludf.DUMMYFUNCTION("""COMPUTED_VALUE"""),0.35277777777810115) -> 0.35277778 | F57: =IFERROR(__xludf.DUMMYFUNCTION("""COMPUTED_VALUE"""),"Negative") -> Negative | G57: =IFERROR(__xludf.DUMMYFUNCTION("""COMPUTED_VALUE"""),1.0) -> 1
A58: =IFERROR(__xludf.DUMMYFUNCTION("""COMPUTED_VALUE"""),"MA316") -> MA316 | B58: =IFERROR(__xludf.DUMMYFUNCTION("""COMPUTED_VALUE"""),"RUN-BEND_2021-12-31_RFR-007") -> RUN-BEND_2021-12-31_RFR-007 | C58: =VLOOKUP(B58,'Run Reconcile'!A$2:B809,2,FALSE) -> 44561 | D58: =IFERROR(__xludf.DUMMYFUNCTION("""COMPUTED_VALUE"""),44561.0) -> 44561 | E58: =IFERROR(__xludf.DUMMYFUNCTION("""COMPUTED_VALUE"""),0.4004282407404389) -> 0.40042824 | F58: =IFERROR(__xludf.DUMMYFUNCTION("""COMPUTED_VALUE"""),"Positive") -> Positive | G58: =IFERROR(__xludf.DUMMYFUNCTION("""COMPUTED_VALUE"""),1.0) -> 1
A59: =IFERROR(__xludf.DUMMYFUNCTION("""COMPUTED_VALUE"""),"MA207") -> MA207 | B59: =IFERROR(__xludf.DUMMYFUNCTION("""COMPUTED_VALUE"""),"RUN-BEND_2022-01-03_RFR-009") -> RUN-BEND_2022-01-03_RFR-009 | C59: =VLOOKUP(B59,'Run Reconcile'!A$2:B809,2,FALSE) -> 44564 | D59: =IFERROR(__xludf.DUMMYFUNCTION("""COMPUTED_VALUE"""),44564.0) -> 44564 | E59: =IFERROR(__xludf.DUMMYFUNCTION("""COMPUTED_VALUE"""),0.2034837962964957) -> 0.2034838 | F59: =IFERROR(__xludf.DUMMYFUNCTION("""COMPUTED_VALUE"""),"Negative") -> Negative | G59: =IFERROR(__xludf.DUMMYFUNCTION("""COMPUTED_VALUE"""),1.0) -> 1
A60: =IFERROR(__xludf.DUMMYFUNCTION("""COMPUTED_VALUE"""),"MA639") -> MA639 | B60: =IFERROR(__xludf.DUMMYFUNCTION("""COMPUTED_VALUE"""),"RUN-BEND_2022-01-03_RFR-009") -> RUN-BEND_2022-01-03_RFR-009 | C60: =VLOOKUP(B60,'Run Reconcile'!A$2:B809,2,FALSE) -> 44564 | D60: =IFERROR(__xludf.DUMMYFUNCTION("""COMPUTED_VALUE"""),44564.0) -> 44564 | E60: =IFERROR(__xludf.DUMMYFUNCTION("""COMPUTED_VALUE"""),0.30480324074233067) -> 0.30480324 | F60: =IFERROR(__xludf.DUMMYFUNCTION("""COMPUTED_VALUE"""),"Positive") -> Positive | G60: =IFERROR(__xludf.DUMMYFUNCTION("""COMPUTED_VALUE"""),1.0) -> 1
A61: =IFERROR(__xludf.DUMMYFUNCTION("""COMPUTED_VALUE"""),"MA1052") -> MA1052 | B61: =IFERROR(__xludf.DUMMYFUNCTION("""COMPUTED_VALUE"""),"RUN-BEND_2022-01-03_RFR-009") -> RUN-BEND_2022-01-03_RFR-009 | C61: =VLOOKUP(B61,'Run Reconcile'!A$2:B809,2,FALSE) -> 44564 | D61: =IFERROR(__xludf.DUMMYFUNCTION("""COMPUTED_VALUE"""),44564.0) -> 44564 | E61: =IFERROR(__xludf.DUMMYFUNCTION("""COMPUTED_VALUE"""),0.3175462962972233) -> 0.3175463 | F61: =IFERROR(__xludf.DUMMYFUNCTION("""COMPUTED_VALUE"""),"Negative") -> Negative | G61: =IFERROR(__xludf.DUMMYFUNCTION("""COMPUTED_VALUE"""),1.0) -> 1
A62: =IFERROR(__xludf.DUMMYFUNCTION("""COMPUTED_VALUE"""),"MA326") -> MA326 | B62: =IFERROR(__xludf.DUMMYFUNCTION("""COMPUTED_VALUE"""),"RUN-BEND_2022-01-03_RFR-009") -> RUN-BEND_2022-01-03_RFR-009 | C62: =VLOOKUP(B62,'Run Reconcile'!A$2:B809,2,FALSE) -> 44564 | D62: =IFERROR(__xludf.DUMMYFUNCTION("""COMPUTED_VALUE"""),44564.0) -> 44564 | E62: =IFERROR(__xludf.DUMMYFUNCTION("""COMPUTED_VALUE"""),0.32538194444350665) -> 0.32538194 | F62: =IFERROR(__xludf.DUMMYFUNCTION("""COMPUTED_VALUE"""),"Negative") -> Negative | G62: =IFERROR(__xludf.DUMMYFUNCTION("""COMPUTED_VALUE"""),1.0) -> 1
A63: =IFERROR(__xludf.DUMMYFUNCTION("""COMPUTED_VALUE"""),"MA323") -> MA323 | B63: =IFERROR(__xludf.DUMMYFUNCTION("""COMPUTED_VALUE"""),"RUN-BEND_2022-01-03_RFR-009") -> RUN-BEND_2022-01-03_RFR-009 | C63: =VLOOKUP(B63,'Run Reconcile'!A$2:B809,2,FALSE) -> 44564 | D63: =IFERROR(__xludf.DUMMYFUNCTION("""COMPUTED_VALUE"""),44564.0) -> 44564 | E63: =IFERROR(__xludf.DUMMYFUNCTION("""COMPUTED_VALUE"""),0.3261574074058444) -> 0.32615741 | F63: =IFERROR(__xludf.DUMMYFUNCTION("""COMPUTED_VALUE"""),"Negative") -> Negative | G63: =IFERROR(__xludf.DUMMYFUNCTION("""COMPUTED_VALUE"""),1.0) -> 1
A64: =IFERROR(__xludf.DUMMYFUNCTION("""COMPUTED_VALUE"""),"MA448") -> MA448 | B64: =IFERROR(__xludf.DUMMYFUNCTION("""COMPUTED_VALUE"""),"RUN-BEND_2022-01-03_RFR-009") -> RUN-BEND_2022-01-03_RFR-009 | C64: =VLOOKUP(B64,'Run Reconcile'!A$2:B809,2,FALSE) -> 44564 | D64: =IFERROR(__xludf.DUMMYFUNCTION("""COMPUTED_VALUE"""),44564.0) -> 44564 | E64: =IFERROR(__xludf.DUMMYFUNCTION("""COMPUTED_VALUE"""),0.3377546296287619) -> 0.33775463 | F64: =IFERROR(__xludf.DUMMYFUNCTION("""COMPUTED_VALUE"""),"Positive") -> Positive | G64: =IFERROR(__xludf.DUMMYFUNCTION("""COMPUTED_VALUE"""),1.0) -> 1
A65: =IFERROR(__xludf.DUMMYFUNCTION("""COMPUTED_VALUE"""),"MA1049") -> MA1049 | B65: =IFERROR(__xludf.DUMMYFUNCTION("""COMPUTED_VALUE"""),"RUN-BEND_2022-01-03_RFR-009") -> RUN-BEND_2022-01-03_RFR-009 | C65: =VLOOKUP(B65,'Run Reconcile'!A$2:B809,2,FALSE) -> 44564 | D65: =IFERROR(__xludf.DUMMYFUNCTION("""COMPUTED_VALUE"""),44564.0) -> 44564 | E65: =IFERROR(__xludf.DUMMYFUNCTION("""COMPUTED_VALUE"""),0.3424074074064265) -> 0.34240741 | F65: =IFERROR(__xludf.DUMMYFUNCTION("""COMPUTED_VALUE"""),"Negative") -> Negative | G65: =IFERROR(__xludf.DUMMYFUNCTION("""COMPUTED_VALUE"""),1.0) -> 1
A66: =IFERROR(__xludf.DUMMYFUNCTION("""COMPUTED_VALUE"""),"MA1082") -> MA1082 | B66: =IFERROR(__xludf.DUMMYFUNCTION("""COMPUTED_VALUE"""),"RUN-BEND_2022-01-03_RFR-009") -> RUN-BEND_2022-01-03_RFR-009 | C66: =VLOOKUP(B66,'Run Reconcile'!A$2:B809,2,FALSE) -> 44564 | D66: =IFERROR(__xludf.DUMMYFUNCTION("""COMPUTED_VALUE"""),44564.0) -> 44564 | E66: =IFERROR(__xludf.DUMMYFUNCTION("""COMPUTED_VALUE"""),0.3515509259268583) -> 0.35155093 | F66: =IFERROR(__xludf.DUMMYFUNCTION("""COMPUTED_VALUE"""),"Negative") -> Negative | G66: =IFERROR(__xludf.DUMMYFUNCTION("""COMPUTED_VALUE"""),1.0) -> 1
A67: =IFERROR(__xludf.DUMMYFUNCTION("""COMPUTED_VALUE"""),"MA287") -> MA287 | B67: =IFERROR(__xludf.DUMMYFUNCTION("""COMPUTED_VALUE"""),"RUN-BEND_2022-01-03_RFR-009") -> RUN-BEND_2022-01-03_RFR-009 | C67: =VLOOKUP(B67,'Run Reconcile'!A$2:B809,2,FALSE) -> 44564 | D67: =IFERROR(__xludf.DUMMYFUNCTION("""COMPUTED_VALUE"""),44564.0) -> 44564 | E67: =IFERROR(__xludf.DUMMYFUNCTION("""COMPUTED_VALUE"""),0.35965277777722804) -> 0.35965278 | F67: =IFERROR(__xludf.DUMMYFUNCTION("""COMPUTED_VALUE"""),"Positive") -> Positive | G67: =IFERROR(__xludf.DUMMYFUNCTION("""COMPUTED_VALUE"""),1.0) -> 1
A68: =IFERROR(__xludf.DUMMYFUNCTION("""COMPUTED_VALUE"""),"MA473") -> MA473 | B68: =IFERROR(__xludf.DUMMYFUNCTION("""COMPUTED_VALUE"""),"RUN-BEND_2022-01-03_RFR-009") -> RUN-BEND_2022-01-03_RFR-009 | C68: =VLOOKUP(B68,'Run Reconcile'!A$2:B809,2,FALSE) -> 44564 | D68: =IFERROR(__xludf.DUMMYFUNCTION("""COMPUTED_VALUE"""),44564.0) -> 44564 | E68: =IFERROR(__xludf.DUMMYFUNCTION("""COMPUTED_VALUE"""),0.36545138889050577) -> 0.36545139 | F68: =IFERROR(__xludf.DUMMYFUNCTION("""COMPUTED_VALUE"""),"Positive") -> Positive | G68: =IFERROR(__xludf.DUMMYFUNCTION("""COMPUTED_VALUE"""),1.0) -> 1
A69: =IFERROR(__xludf.DUMMYFUNCTION("""COMPUTED_VALUE"""),"MA1022") -> MA1022 | B69: =IFERROR(__xludf.DUMMYFUNCTION("""COMPUTED_VALUE"""),"RUN-BEND_2022-01-03_RFR-009") -> RUN-BEND_2022-01-03_RFR-009 | C69: =VLOOKUP(B69,'Run Reconcile'!A$2:B809,2,FALSE) -> 44564 | D69: =IFERROR(__xludf.DUMMYFUNCTION("""COMPUTED_VALUE"""),44564.0) -> 44564 | E69: =IFERROR(__xludf.DUMMYFUNCTION("""COMPUTED_VALUE"""),0.369629629629344) -> 0.36962963 | F69: =IFERROR(__xludf.DUMMYFUNCTION("""COMPUTED_VALUE"""),"Negative") -> Negative | G69: =IFERROR(__xludf.DUMMYFUNCTION("""COMPUTED_VALUE"""),1.0) -> 1
A70: =IFERROR(__xludf.DUMMYFUNCTION("""COMPUTED_VALUE"""),"MA644") -> MA644 | B70: =IFERROR(__xludf.DUMMYFUNCTION("""COMPUTED_VALUE"""),"RUN-BEND_2022-01-03_RFR-009") -> RUN-BEND_2022-01-03_RFR-009 | C70: =VLOOKUP(B70,'Run Reconcile'!A$2:B809,2,FALSE) -> 44564 | D70: =IFERROR(__xludf.DUMMYFUNCTION("""COMPUTED_VALUE"""),44564.0) -> 44564 | E70: =IFERROR(__xludf.DUMMYFUNCTION("""COMPUTED_VALUE"""),0.3841319444436522) -> 0.38413194 | F70: =IFERROR(__xludf.DUMMYFUNCTION("""COMPUTED_VALUE"""),"Negative") -> Negative | G70: =IFERROR(__xludf.DUMMYFUNCTION("""COMPUTED_VALUE"""),1.0) -> 1
A71: =IFERROR(__xludf.DUMMYFUNCTION("""COMPUTED_VALUE"""),"MA248") -> MA248 | B71: =IFERROR(__xludf.DUMMYFUNCTION("""COMPUTED_VALUE"""),"RUN-BEND_2022-01-03_RFR-009") -> RUN-BEND_2022-01-03_RFR-009 | C71: =VLOOKUP(B71,'Run Reconcile'!A$2:B809,2,FALSE) -> 44564 | D71: =IFERROR(__xludf.DUMMYFUNCTION("""COMPUTED_VALUE"""),44564.0) -> 44564 | E71: =IFERROR(__xludf.DUMMYFUNCTION("""COMPUTED_VALUE"""),0.39762731481459923) -> 0.39762731 | F71: =IFERROR(__xludf.DUMMYFUNCTION("""COMPUTED_VALUE"""),"Negative") -> Negative | G71: =IFERROR(__xludf.DUMMYFUNCTION("""COMPUTED_VALUE"""),1.0) -> 1
A72: =IFERROR(__xludf.DUMMYFUNCTION("""COMPUTED_VALUE"""),"MA282") -> MA282 | B72: =IFERROR(__xludf.DUMMYFUNCTION("""COMPUTED_VALUE"""),"RUN-BEND_2022-01-03_RFR-009") -> RUN-BEND_2022-01-03_RFR-009 | C72: =VLOOKUP(B72,'Run Reconcile'!A$2:B809,2,FALSE) -> 44564 | D72: =IFERROR(__xludf.DUMMYFUNCTION("""COMPUTED_VALUE"""),44564.0) -> 44564 | E72: =IFERROR(__xludf.DUMMYFUNCTION("""COMPUTED_VALUE"""),0.4022916666654055) -> 0.40229167 | F72: =IFERROR(__xludf.DUMMYFUNCTION("""COMPUTED_VALUE"""),"Negative") -> Negative | G72: =IFERROR(__xludf.DUMMYFUNCTION("""COMPUTED_VALUE"""),1.0) -> 1
A73: =IFERROR(__xludf.DUMMYFUNCTION("""COMPUTED_VALUE"""),"MA660") -> MA660 | B73: =IFERROR(__xludf.DUMMYFUNCTION("""COMPUTED_VALUE"""),"RUN-BEND_2022-01-05_RFR-010") -> RUN-BEND_2022-01-05_RFR-010 | C73: =VLOOKUP(B73,'Run Reconcile'!A$2:B809,2,FALSE) -> 44566 | D73: =IFERROR(__xludf.DUMMYFUNCTION("""COMPUTED_VALUE"""),44565.0) -> 44565 | E73: =IFERROR(__xludf.DUMMYFUNCTION("""COMPUTED_VALUE"""),0.6911574074074451) -> 0.69115741 | F73: =IFERROR(__xludf.DUMMYFUNCTION("""COMPUTED_VALUE"""),"Negative") -> Negative | G73: =IFERROR(__xludf.DUMMYFUNCTION("""COMPUTED_VALUE"""),1.0) -> 1
A74: =IFERROR(__xludf.DUMMYFUNCTION("""COMPUTED_VALUE"""),"MA651") -> MA651 | B74: =IFERROR(__xludf.DUMMYFUNCTION("""COMPUTED_VALUE"""),"RUN-BEND_2022-01-05_RFR-010") -> RUN-BEND_2022-01-05_RFR-010 | C74: =VLOOKUP(B74,'Run Reconcile'!A$2:B809,2,FALSE) -> 44566 | D74: =IFERROR(__xludf.DUMMYFUNCTION("""COMPUTED_VALUE"""),44565.0) -> 44565 | E74: =IFERROR(__xludf.DUMMYFUNCTION("""COMPUTED_VALUE"""),0.716099537035916) -> 0.71609954 | F74: =IFERROR(__xludf.DUMMYFUNCTION("""COMPUTED_VALUE"""),"Negative") -> Negative | G74: =IFERROR(__xludf.DUMMYFUNCTION("""COMPUTED_VALUE"""),1.0) -> 1
A75: =IFERROR(__xludf.DUMMYFUNCTION("""COMPUTED_VALUE"""),"MA366") -> MA366 | B75: =IFERROR(__xludf.DUMMYFUNCTION("""COMPUTED_VALUE"""),"RUN-BEND_2022-01-05_RFR-010") -> RUN-BEND_2022-01-05_RFR-010 | C75: =VLOOKUP(B75,'Run Reconcile'!A$2:B809,2,FALSE) -> 44566 | D75: =IFERROR(__xludf.DUMMYFUNCTION("""COMPUTED_VALUE"""),44566.0) -> 44566 | E75: =IFERROR(__xludf.DUMMYFUNCTION("""COMPUTED_VALUE"""),0.30583333333197515) -> 0.30583333 | F75: =IFERROR(__xludf.DUMMYFUNCTION("""COMPUTED_VALUE"""),"Negative") -> Negative | G75: =IFERROR(__xludf.DUMMYFUNCTION("""COMPUTED_VALUE"""),1.0) -> 1
A76: =IFERROR(__xludf.DUMMYFUNCTION("""COMPUTED_VALUE"""),"MA1173") -> MA1173 | B76: =IFERROR(__xludf.DUMMYFUNCTION("""COMPUTED_VALUE"""),"RUN-BEND_2022-01-05_RFR-010") -> RUN-BEND_2022-01-05_RFR-010 | C76: =VLOOKUP(B76,'Run Reconcile'!A$2:B809,2,FALSE) -> 44566 | D76: =IFERROR(__xludf.DUMMYFUNCTION("""COMPUTED_VALUE"""),44566.0) -> 44566 | E76: =IFERROR(__xludf.DUMMYFUNCTION("""COMPUTED_VALUE"""),0.3086921296307992) -> 0.30869213 | F76: =IFERROR(__xludf.DUMMYFUNCTION("""COMPUTED_VALUE"""),"Negative") -> Negative | G76: =IFERROR(__xludf.DUMMYFUNCTION("""COMPUTED_VALUE"""),1.0) -> 1
A77: =IFERROR(__xludf.DUMMYFUNCTION("""COMPUTED_VALUE"""),"MA451") -> MA451 | B77: =IFERROR(__xludf.DUMMYFUNCTION("""COMPUTED_VALUE"""),"RUN-BEND_2022-01-05_RFR-010") -> RUN-BEND_2022-01-05_RFR-010 | C77: =VLOOKUP(B77,'Run Reconcile'!A$2:B809,2,FALSE) -> 44566 | D77: =IFERROR(__xludf.DUMMYFUNCTION("""COMPUTED_VALUE"""),44566.0) -> 44566 | E77: =IFERROR(__xludf.DUMMYFUNCTION("""COMPUTED_VALUE"""),0.3115277777760639) -> 0.31152778 | F77: =IFERROR(__xludf.DUMMYFUNCTION("""COMPUTED_VALUE"""),"Negative") -> Negative | G77: =IFERROR(__xludf.DUMMYFUNCTION("""COMPUTED_VALUE"""),1.0) -> 1
A78: =IFERROR(__xludf.DUMMYFUNCTION("""COMPUTED_VALUE"""),"MA356") -> MA356 | B78: =IFERROR(__xludf.DUMMYFUNCTION("""COMPUTED_VALUE"""),"RUN-BEND_2022-01-05_RFR-010") -> RUN-BEND_2022-01-05_RFR-010 | C78: =VLOOKUP(B78,'Run Reconcile'!A$2:B809,2,FALSE) -> 44566 | D78: =IFERROR(__xludf.DUMMYFUNCTION("""COMPUTED_VALUE"""),44566.0) -> 44566 | E78: =IFERROR(__xludf.DUMMYFUNCTION("""COMPUTED_VALUE"""),0.3210416666661331) -> 0.32104167 | F78: =IFERROR(__xludf.DUMMYFUNCTION("""COMPUTED_VALUE"""),"Negative") -> Negative | G78: =IFERROR(__xludf.DUMMYFUNCTION("""COMPUTED_VALUE"""),1.0) -> 1
A79: =IFERROR(__xludf.DUMMYFUNCTION("""COMPUTED_VALUE"""),"MA263") -> MA263 | B79: =IFERROR(__xludf.DUMMYFUNCTION("""COMPUTED_VALUE"""),"RUN-BEND_2022-01-05_RFR-010") -> RUN-BEND_2022-01-05_RFR-010 | C79: =VLOOKUP(B79,'Run Reconcile'!A$2:B809,2,FALSE) -> 44566 | D79: =IFERROR(__xludf.DUMMYFUNCTION("""COMPUTED_VALUE"""),44566.0) -> 44566 | E79: =IFERROR(__xludf.DUMMYFUNCTION("""COMPUTED_VALUE"""),0.32974537037080154) -> 0.32974537 | F79: =IFERROR(__xludf.DUMMYFUNCTION("""COMPUTED_VALUE"""),"Positive") -> Positive | G79: =IFERROR(__xludf.DUMMYFUNCTION("""COMPUTED_VALUE"""),1.0) -> 1
A80: =IFERROR(__xludf.DUMMYFUNCTION("""COMPUTED_VALUE"""),"MA218") -> MA218 | B80: =IFERROR(__xludf.DUMMYFUNCTION("""COMPUTED_VALUE"""),"RUN-BEND_2022-01-05_RFR-010") -> RUN-BEND_2022-01-05_RFR-010 | C80: =VLOOKUP(B80,'Run Reconcile'!A$2:B809,2,FALSE) -> 44566 | D80: =IFERROR(__xludf.DUMMYFUNCTION("""COMPUTED_VALUE"""),44566.0) -> 44566 | E80: =IFERROR(__xludf.DUMMYFUNCTION("""COMPUTED_VALUE"""),0.33076388888730435) -> 0.33076389 | F80: =IFERROR(__xludf.DUMMYFUNCTION("""COMPUTED_VALUE"""),"Positive") -> Positive | G80: =IFERROR(__xludf.DUMMYFUNCTION("""COMPUTED_VALUE"""),1.0) -> 1
A81: =IFERROR(__xludf.DUMMYFUNCTION("""COMPUTED_VALUE"""),"MA654") -> MA654 | B81: =IFERROR(__xludf.DUMMYFUNCTION("""COMPUTED_VALUE"""),"RUN-BEND_2022-01-05_RFR-010") -> RUN-BEND_2022-01-05_RFR-010 | C81: =VLOOKUP(B81,'Run Reconcile'!A$2:B809,2,FALSE) -> 44566 | D81: =IFERROR(__xludf.DUMMYFUNCTION("""COMPUTED_VALUE"""),44566.0) -> 44566 | E81: =IFERROR(__xludf.DUMMYFUNCTION("""COMPUTED_VALUE"""),0.3373842592591245) -> 0.33738426 | F81: =IFERROR(__xludf.DUMMYFUNCTION("""COMPUTED_VALUE"""),"Negative") -> Negative | G81: =IFERROR(__xludf.DUMMYFUNCTION("""COMPUTED_VALUE"""),1.0) -> 1
A82: =IFERROR(__xludf.DUMMYFUNCTION("""COMPUTED_VALUE"""),"MA230") -> MA230 | B82: =IFERROR(__xludf.DUMMYFUNCTION("""COMPUTED_VALUE"""),"RUN-BEND_2022-01-05_RFR-010") -> RUN-BEND_2022-01-05_RFR-010 | C82: =VLOOKUP(B82,'Run Reconcile'!A$2:B809,2,FALSE) -> 44566 | D82: =IFERROR(__xludf.DUMMYFUNCTION("""COMPUTED_VALUE"""),44566.0) -> 44566 | E82: =IFERROR(__xludf.DUMMYFUNCTION("""COMPUTED_VALUE"""),0.3388888888875954) -> 0.33888889 | F82: =IFERROR(__xludf.DUMMYFUNCTION("""COMPUTED_VALUE"""),"Negative") -> Negative | G82: =IFERROR(__xludf.DUMMYFUNCTION("""COMPUTED_VALUE"""),1.0) -> 1
A83: =IFERROR(__xludf.DUMMYFUNCTION("""COMPUTED_VALUE"""),"MA636") -> MA636 | B83: =IFERROR(__xludf.DUMMYFUNCTION("""COMPUTED_VALUE"""),"RUN-BEND_2022-01-05_RFR-010") -> RUN-BEND_2022-01-05_RFR-010 | C83: =VLOOKUP(B83,'Run Reconcile'!A$2:B809,2,FALSE) -> 44566 | D83: =IFERROR(__xludf.DUMMYFUNCTION("""COMPUTED_VALUE"""),44566.0) -> 44566 | E83: =IFERROR(__xludf.DUMMYFUNCTION("""COMPUTED_VALUE"""),0.3511689814804413) -> 0.35116898 | F83: =IFERROR(__xludf.DUMMYFUNCTION("""COMPUTED_VALUE"""),"Negative") -> Negative | G83: =IFERROR(__xludf.DUMMYFUNCTION("""COMPUTED_VALUE"""),1.0) -> 1
A84: =IFERROR(__xludf.DUMMYFUNCTION("""COMPUTED_VALUE"""),"MAX65") -> MAX65 | B84: =IFERROR(__xludf.DUMMYFUNCTION("""COMPUTED_VALUE"""),"RUN-BEND_2022-01-05_RFR-010") -> RUN-BEND_2022-01-05_RFR-010 | C84: =VLOOKUP(B84,'Run Reconcile'!A$2:B809,2,FALSE) -> 44566 | D84: =IFERROR(__xludf.DUMMYFUNCTION("""COMPUTED_VALUE"""),44566.0) -> 44566 | E84: =IFERROR(__xludf.DUMMYFUNCTION("""COMPUTED_VALUE"""),0.3789351851846732) -> 0.37893519 | F84: =IFERROR(__xludf.DUMMYFUNCTION("""COMPUTED_VALUE"""),"Negative") -> Negative | G84: =IFERROR(__xludf.DUMMYFUNCTION("""COMPUTED_VALUE"""),1.0) -> 1
A85: =IFERROR(__xludf.DUMMYFUNCTION("""COMPUTED_VALUE"""),"MA648") -> MA648 | B85: =IFERROR(__xludf.DUMMYFUNCTION("""COMPUTED_VALUE"""),"RUN-BEND_2022-01-05_RFR-010") -> RUN-BEND_2022-01-05_RFR-010 | C85: =VLOOKUP(B85,'Run Reconcile'!A$2:B809,2,FALSE) -> 44566 | D85: =IFERROR(__xludf.DUMMYFUNCTION("""COMPUTED_VALUE"""),44566.0) -> 44566 | E85: =IFERROR(__xludf.DUMMYFUNCTION("""COMPUTED_VALUE"""),0.38178240740671754) -> 0.38178241 | F85: =IFERROR(__xludf.DUMMYFUNCTION("""COMPUTED_VALUE"""),"Negative") -> Negative | G85: =IFERROR(__xludf.DUMMYFUNCTION("""COMPUTED_VALUE"""),1.0) -> 1
A86: =IFERROR(__xludf.DUMMYFUNCTION("""COMPUTED_VALUE"""),"MA643") -> MA643 | B86: =IFERROR(__xludf.DUMMYFUNCTION("""COMPUTED_VALUE"""),"RUN-BEND_2022-01-05_RFR-010") -> RUN-BEND_2022-01-05_RFR-010 | C86: =VLOOKUP(B86,'Run Reconcile'!A$2:B809,2,FALSE) -> 44566 | D86: =IFERROR(__xludf.DUMMYFUNCTION("""COMPUTED_VALUE"""),44566.0) -> 44566 | E86: =IFERROR(__xludf.DUMMYFUNCTION("""COMPUTED_VALUE"""),0.38246527777664596) -> 0.38246528 | F86: =IFERROR(__xludf.DUMMYFUNCTION("""COMPUTED_VALUE"""),"Negative") -> Negative | G86: =IFERROR(__xludf.DUMMYFUNCTION("""COMPUTED_VALUE"""),1.0) -> 1
A87: =IFERROR(__xludf.DUMMYFUNCTION("""COMPUTED_VALUE"""),"MA444") -> MA444 | B87: =IFERROR(__xludf.DUMMYFUNCTION("""COMPUTED_VALUE"""),"RUN-BEND_2022-01-05_RFR-010") -> RUN-BEND_2022-01-05_RFR-010 | C87: =VLOOKUP(B87,'Run Reconcile'!A$2:B809,2,FALSE) -> 44566 | D87: =IFERROR(__xludf.DUMMYFUNCTION("""COMPUTED_VALUE"""),44566.0) -> 44566 | E87: =IFERROR(__xludf.DUMMYFUNCTION("""COMPUTED_VALUE"""),0.4174305555570754) -> 0.41743056 | F87: =IFERROR(__xludf.DUMMYFUNCTION("""COMPUTED_VALUE"""),"Negative") -> Negative | G87: =IFERROR(__xludf.DUMMYFUNCTION("""COMPUTED_VALUE"""),1.0) -> 1
A88: =IFERROR(__xludf.DUMMYFUNCTION("""COMPUTED_VALUE"""),"MA453") -> MA453 | B88: =IFERROR(__xludf.DUMMYFUNCTION("""COMPUTED_VALUE"""),"RUN-BEND_2022-01-05_RFR-010") -> RUN-BEND_2022-01-05_RFR-010 | C88: =VLOOKUP(B88,'Run Reconcile'!A$2:B809,2,FALSE) -> 44566 | D88: =IFERROR(__xludf.DUMMYFUNCTION("""COMPUTED_VALUE"""),44566.0) -> 44566 | E88: =IFERROR(__xludf.DUMMYFUNCTION("""COMPUTED_VALUE"""),0.41818287036949187) -> 0.41818287 | F88: =IFERROR(__xludf.DUMMYFUNCTION("""COMPUTED_VALUE"""),"Negative") -> Negative | G88: =IFERROR(__xludf.DUMMYFUNCTION("""COMPUTED_VALUE"""),1.0) -> 1
A89: =IFERROR(__xludf.DUMMYFUNCTION("""COMPUTED_VALUE"""),"MA455") -> MA455 | B89: =IFERROR(__xludf.DUMMYFUNCTION("""COMPUTED_VALUE"""),"RUN-BEND_2022-01-05_RFR-010") -> RUN-BEND_2022-01-05_RFR-010 | C89: =VLOOKUP(B89,'Run Reconcile'!A$2:B809,2,FALSE) -> 44566 | D89: =IFERROR(__xludf.DUMMYFUNCTION("""COMPUTED_VALUE"""),44566.0) -> 44566 | E89: =IFERROR(__xludf.DUMMYFUNCTION("""COMPUTED_VALUE"""),0.4185416666659876) -> 0.41854167 | F89: =IFERROR(__xludf.DUMMYFUNCTION("""COMPUTED_VALUE"""),"Negative") -> Negative | G89: =IFERROR(__xludf.DUMMYFUNCTION("""COMPUTED_VALUE"""),1.0) -> 1
A90: =IFERROR(__xludf.DUMMYFUNCTION("""COMPUTED_VALUE"""),"MA464") -> MA464 | B90: =IFERROR(__xludf.DUMMYFUNCTION("""COMPUTED_VALUE"""),"RUN-BEND_2022-01-05_RFR-010") -> RUN-BEND_2022-01-05_RFR-010 | C90: =VLOOKUP(B90,'Run Reconcile'!A$2:B809,2,FALSE) -> 44566 | D90: =IFERROR(__xludf.DUMMYFUNCTION("""COMPUTED_VALUE"""),44566.0) -> 44566 | E90: =IFERROR(__xludf.DUMMYFUNCTION("""COMPUTED_VALUE"""),0.41923611111269565) -> 0.41923611 | F90: =IFERROR(__xludf.DUMMYFUNCTION("""COMPUTED_VALUE"""),"Negative") -> Negative | G90: =IFERROR(__xludf.DUMMYFUNCTION("""COMPUTED_VALUE"""),1.0) -> 1
A91: =IFERROR(__xludf.DUMMYFUNCTION("""COMPUTED_VALUE"""),"MA475") -> MA475 | B91: =IFERROR(__xludf.DUMMYFUNCTION("""COMPUTED_VALUE"""),"RUN-BEND_2022-01-05_RFR-010") -> RUN-BEND_2022-01-05_RFR-010 | C91: =VLOOKUP(B91,'Run Reconcile'!A$2:B809,2,FALSE) -> 44566 | D91: =IFERROR(__xludf.DUMMYFUNCTION("""COMPUTED_VALUE"""),44566.0) -> 44566 | E91: =IFERROR(__xludf.DUMMYFUNCTION("""COMPUTED_VALUE"""),0.4196180555554747) -> 0.41961806 | F91: =IFERROR(__xludf.DUMMYFUNCTION("""COMPUTED_VALUE"""),"Negative") -> Negative | G91: =IFERROR(__xludf.DUMMYFUNCTION("""COMPUTED_VALUE"""),1.0) -> 1
A92: =IFERROR(__xludf.DUMMYFUNCTION("""COMPUTED_VALUE"""),"MA605") -> MA605 | B92: =IFERROR(__xludf.DUMMYFUNCTION("""COMPUTED_VALUE"""),"RUN-BEND_2022-01-05_RFR-010") -> RUN-BEND_2022-01-05_RFR-010 | C92: =VLOOKUP(B92,'Run Reconcile'!A$2:B809,2,FALSE) -> 44566 | D92: =IFERROR(__xludf.DUMMYFUNCTION("""COMPUTED_VALUE"""),44566.0) -> 44566 | E92: =IFERROR(__xludf.DUMMYFUNCTION("""COMPUTED_VALUE"""),0.4199421296289074) -> 0.41994213 | F92: =IFERROR(__xludf.DUMMYFUNCTION("""COMPUTED_VALUE"""),"Positive") -> Positive | G92: =IFERROR(__xludf.DUMMYFUNCTION("""COMPUTED_VALUE"""),1.0) -> 1
A93: =IFERROR(__xludf.DUMMYFUNCTION("""COMPUTED_VALUE"""),"MA457") -> MA457 | B93: =IFERROR(__xludf.DUMMYFUNCTION("""COMPUTED_VALUE"""),"RUN-BEND_2022-01-07_RFR-011") -> RUN-BEND_2022-01-07_RFR-011 | C93: =VLOOKUP(B93,'Run Reconcile'!A$2:B809,2,FALSE) -> 44568 | D93: =IFERROR(__xludf.DUMMYFUNCTION("""COMPUTED_VALUE"""),44567.0) -> 44567 | E93: =IFERROR(__xludf.DUMMYFUNCTION("""COMPUTED_VALUE"""),0.3232986111106584) -> 0.32329861 | F93: =IFERROR(__xludf.DUMMYFUNCTION("""COMPUTED_VALUE"""),"Negative") -> Negative | G93: =IFERROR(__xludf.DUMMYFUNCTION("""COMPUTED_VALUE"""),1.0) -> 1
A94: =IFERROR(__xludf.DUMMYFUNCTION("""COMPUTED_VALUE"""),"MA438") -> MA438 | B94: =IFERROR(__xludf.DUMMYFUNCTION("""COMPUTED_VALUE"""),"RUN-BEND_2022-01-07_RFR-011") -> RUN-BEND_2022-01-07_RFR-011 | C94: =VLOOKUP(B94,'Run Reconcile'!A$2:B809,2,FALSE) -> 44568 | D94: =IFERROR(__xludf.DUMMYFUNCTION("""COMPUTED_VALUE"""),44567.0) -> 44567 | E94: =IFERROR(__xludf.DUMMYFUNCTION("""COMPUTED_VALUE"""),0.32526620370481396) -> 0.3252662 | F94: =IFERROR(__xludf.DUMMYFUNCTION("""COMPUTED_VALUE"""),"Negative") -> Negative | G94: =IFERROR(__xludf.DUMMYFUNCTION("""COMPUTED_VALUE"""),1.0) -> 1
A95: =IFERROR(__xludf.DUMMYFUNCTION("""COMPUTED_VALUE"""),"MA556") -> MA556 | B95: =IFERROR(__xludf.DUMMYFUNCTION("""COMPUTED_VALUE"""),"RUN-BEND_2022-01-07_RFR-011") -> RUN-BEND_2022-01-07_RFR-011 | C95: =VLOOKUP(B95,'Run Reconcile'!A$2:B809,2,FALSE) -> 44568 | D95: =IFERROR(__xludf.DUMMYFUNCTION("""COMPUTED_VALUE"""),44567.0) -> 44567 | E95: =IFERROR(__xludf.DUMMYFUNCTION("""COMPUTED_VALUE"""),0.9539351851854008) -> 0.95393519 | F95: =IFERROR(__xludf.DUMMYFUNCTION("""COMPUTED_VALUE"""),"Negative") -> Negative | G95: =IFERROR(__xludf.DUMMYFUNCTION("""COMPUTED_VALUE"""),1.0) -> 1
A96: =IFERROR(__xludf.DUMMYFUNCTION("""COMPUTED_VALUE"""),"MA427") -> MA427 | B96: =IFERROR(__xludf.DUMMYFUNCTION("""COMPUTED_VALUE"""),"RUN-BEND_2022-01-07_RFR-011") -> RUN-BEND_2022-01-07_RFR-011 | C96: =VLOOKUP(B96,'Run Reconcile'!A$2:B809,2,FALSE) -> 44568 | D96: =IFERROR(__xludf.DUMMYFUNCTION("""COMPUTED_VALUE"""),44567.0) -> 44567 | E96: =IFERROR(__xludf.DUMMYFUNCTION("""COMPUTED_VALUE"""),0.9922800925924093) -> 0.99228009 | F96: =IFERROR(__xludf.DUMMYFUNCTION("""COMPUTED_VALUE"""),"Negative") -> Negative | G96: =IFERROR(__xludf.DUMMYFUNCTION("""COMPUTED_VALUE"""),1.0) -> 1
A97: =IFERROR(__xludf.DUMMYFUNCTION("""COMPUTED_VALUE"""),"MA1149") -> MA1149 | B97: =IFERROR(__xludf.DUMMYFUNCTION("""COMPUTED_VALUE"""),"RUN-BEND_2022-01-07_RFR-011") -> RUN-BEND_2022-01-07_RFR-011 | C97: =VLOOKUP(B97,'Run Reconcile'!A$2:B809,2,FALSE) -> 44568 | D97: =IFERROR(__xludf.DUMMYFUNCTION("""COMPUTED_VALUE"""),44568.0) -> 44568 | E97: =IFERROR(__xludf.DUMMYFUNCTION("""COMPUTED_VALUE"""),0.022118055556347826) -> 0.022118056 | F97: =IFERROR(__xludf.DUMMYFUNCTION("""COMPUTED_VALUE"""),"Negative") -> Negative | G97: =IFERROR(__xludf.DUMMYFUNCTION("""COMPUTED_VALUE"""),1.0) -> 1
A98: =IFERROR(__xludf.DUMMYFUNCTION("""COMPUTED_VALUE"""),"MA1228") -> MA1228 | B98: =IFERROR(__xludf.DUMMYFUNCTION("""COMPUTED_VALUE"""),"RUN-BEND_2022-01-07_RFR-011") -> RUN-BEND_2022-01-07_RFR-011 | C98: =VLOOKUP(B98,'Run Reconcile'!A$2:B809,2,FALSE) -> 44568 | D98: =IFERROR(__xludf.DUMMYFUNCTION("""COMPUTED_VALUE"""),44568.0) -> 44568 | E98: =IFERROR(__xludf.DUMMYFUNCTION("""COMPUTED_VALUE"""),0.2975578703699284) -> 0.29755787 | F98: =IFERROR(__xludf.DUMMYFUNCTION("""COMPUTED_VALUE"""),"Negative") -> Negative | G98: =IFERROR(__xludf.DUMMYFUNCTION("""COMPUTED_VALUE"""),1.0) -> 1
A99: =IFERROR(__xludf.DUMMYFUNCTION("""COMPUTED_VALUE"""),"MA1177") -> MA1177 | B99: =IFERROR(__xludf.DUMMYFUNCTION("""COMPUTED_VALUE"""),"RUN-BEND_2022-01-07_RFR-011") -> RUN-BEND_2022-01-07_RFR-011 | C99: =VLOOKUP(B99,'Run Reconcile'!A$2:B809,2,FALSE) -> 44568 | D99: =IFERROR(__xludf.DUMMYFUNCTION("""COMPUTED_VALUE"""),44568.0) -> 44568 | E99: =IFERROR(__xludf.DUMMYFUNCTION("""COMPUTED_VALUE"""),0.2981828703705105) -> 0.29818287 | F99: =IFERROR(__xludf.DUMMYFUNCTION("""COMPUTED_VALUE"""),"Negative") -> Negative | G99: =IFERROR(__xludf.DUMMYFUNCTION("""COMPUTED_VALUE"""),1.0) -> 1
A100: =IFERROR(__xludf.DUMMYFUNCTION("""COMPUTED_VALUE"""),"MA1224") -> MA1224 | B100: =IFERROR(__xludf.DUMMYFUNCTION("""COMPUTED_VALUE"""),"RUN-BEND_2022-01-07_RFR-011") -> RUN-BEND_2022-01-07_RFR-011 | C100: =VLOOKUP(B100,'Run Reconcile'!A$2:B809,2,FALSE) -> 44568 | D100: =IFERROR(__xludf.DUMMYFUNCTION("""COMPUTED_VALUE"""),44568.0) -> 44568 | E100: =IFERROR(__xludf.DUMMYFUNCTION("""COMPUTED_VALUE"""),0.29863425925941556) -> 0.29863426 | F100: =IFERROR(__xludf.DUMMYFUNCTION("""COMPUTED_VALUE"""),"Negative") -> Negative | G100: =IFERROR(__xludf.DUMMYFUNCTION("""COMPUTED_VALUE"""),1.0) -> 1
...

Sheet Weekly
A1: Week Start Date | B1: Week End Date | C1: =CONCATENATE("Weekly Participants ",SUM(C2:C99)) -> Weekly Participants 767 | D1: =CONCATENATE("Weekly Tubes Run ",SUM(D2:D99)) -> Weekly Tubes Run 772 | E1: =CONCATENATE("Weekly Positive Tubes ",SUM(E2:E99)) -> Weekly Positive Tubes 71 | F1: =CONCATENATE("Weekly Inconclusive Tubes ",SUM(F2:F99)) -> Weekly Inconclusive Tubes 2 | G1: % Positive
A2: =MIN('ALL Tube Results'!C:C) - WEEKDAY(MIN('ALL Tube Results'!C:C), 3) -> 44536 | B2: =A2+6 -> 44542 | C2: =SUMIFS('ALL Tube Results'!$G$2:$G99, 'ALL Tube Results'!$C$2:$C99, ">="&A2, 'ALL Tube Results'!$C$2:$C99, "<="&B2) -> 5 | D2: =COUNTIFS('ALL Tube Results'!$C2:$C99, ">="&A2, 'ALL Tube Results'!$C2:$C99, "<="&B2) -> 5 | E2: =COUNTIFS('ALL Tube Results'!$C2:$C99, ">="&A2, 'ALL Tube Results'!$C2:$C99, "<="&B2, 'ALL Tube Results'!$F2:$F99, "Positive") -> 0 | F2: =COUNTIFS('ALL Tube Results'!$C2:$C99, ">="&A2, 'ALL Tube Results'!$C2:$C99, "<="&B2, 'ALL Tube Results'!$F2:$F99, "Inconclusive") -> 0 | G2: =IFERROR(E2/D2,IFERROR(0/0,"")) -> 0 | I2: =TEXT(A2,"ddd") -> Mon
A3: =B2+1 -> 44543 | B3: =A3+6 -> 44549 | C3: =SUMIFS('ALL Tube Results'!$G$2:$G99, 'ALL Tube Results'!$C$2:$C99, ">="&A3, 'ALL Tube Results'!$C$2:$C99, "<="&B3) -> 13 | D3: =COUNTIFS('ALL Tube Results'!$C3:$C99, ">="&A3, 'ALL Tube Results'!$C3:$C99, "<="&B3) -> 13 | E3: =COUNTIFS('ALL Tube Results'!$C3:$C99, ">="&A3, 'ALL Tube Results'!$C3:$C99, "<="&B3, 'ALL Tube Results'!$F3:$F99, "Positive") -> 1 | F3: =COUNTIFS('ALL Tube Results'!$C3:$C99, ">="&A3, 'ALL Tube Results'!$C3:$C99, "<="&B3, 'ALL Tube Results'!$F3:$F99, "Inconclusive") -> 0 | G3: =IFERROR(E3/D3,IFERROR(0/0,"")) -> 0.076923077
A4: =A3+7 -> 44550 | B4: =A4+6 -> 44556 | C4: =SUMIFS('ALL Tube Results'!$G$2:$G99, 'ALL Tube Results'!$C$2:$C99, ">="&A4, 'ALL Tube Results'!$C$2:$C99, "<="&B4) -> 12 | D4: =COUNTIFS('ALL Tube Results'!$C4:$C99, ">="&A4, 'ALL Tube Results'!$C4:$C99, "<="&B4) -> 12 | E4: =COUNTIFS('ALL Tube Results'!$C4:$C99, ">="&A4, 'ALL Tube Results'!$C4:$C99, "<="&B4, 'ALL Tube Results'!$F4:$F99, "Positive") -> 0 | F4: =COUNTIFS('ALL Tube Results'!$C4:$C99, ">="&A4, 'ALL Tube Results'!$C4:$C99, "<="&B4, 'ALL Tube Results'!$F4:$F99, "Inconclusive") -> 0 | G4: =IFERROR(E4/D4,IFERROR(0/0,"")) -> 0
A5: =A4+7 -> 44557 | B5: =A5+6 -> 44563 | C5: =SUMIFS('ALL Tube Results'!$G$2:$G99, 'ALL Tube Results'!$C$2:$C99, ">="&A5, 'ALL Tube Results'!$C$2:$C99, "<="&B5) -> 27 | D5: =COUNTIFS('ALL Tube Results'!$C5:$C99, ">="&A5, 'ALL Tube Results'!$C5:$C99, "<="&B5) -> 27 | E5: =COUNTIFS('ALL Tube Results'!$C5:$C99, ">="&A5, 'ALL Tube Results'!$C5:$C99, "<="&B5, 'ALL Tube Results'!$F5:$F99, "Positive") -> 2 | F5: =COUNTIFS('ALL Tube Results'!$C5:$C99, ">="&A5, 'ALL Tube Results'!$C5:$C99, "<="&B5, 'ALL Tube Results'!$F5:$F99, "Inconclusive") -> 0 | G5: =IFERROR(E5/D5,IFERROR(0/0,"")) -> 0.074074074
A6: =A5+7 -> 44564 | B6: =A6+6 -> 44570 | C6: =SUMIFS('ALL Tube Results'!$G$2:$G99, 'ALL Tube Results'!$C$2:$C99, ">="&A6, 'ALL Tube Results'!$C$2:$C99, "<="&B6) -> 54 | D6: =COUNTIFS('ALL Tube Results'!$C6:$C99, ">="&A6, 'ALL Tube Results'!$C6:$C99, "<="&B6) -> 56 | E6: =COUNTIFS('ALL Tube Results'!$C6:$C99, ">="&A6, 'ALL Tube Results'!$C6:$C99, "<="&B6, 'ALL Tube Results'!$F6:$F99, "Positive") -> 10 | F6: =COUNTIFS('ALL Tube Results'!$C6:$C99, ">="&A6, 'ALL Tube Results'!$C6:$C99, "<="&B6, 'ALL Tube Results'!$F6:$F99, "Inconclusive") -> 1 | G6: =IFERROR(E6/D6,IFERROR(0/0,"")) -> 0.17857143
A7: =A6+7 -> 44571 | B7: =A7+6 -> 44577 | C7: =SUMIFS('ALL Tube Results'!$G$2:$G99, 'ALL Tube Results'!$C$2:$C99, ">="&A7, 'ALL Tube Results'!$C$2:$C99, "<="&B7) -> 75 | D7: =COUNTIFS('ALL Tube Results'!$C7:$C99, ">="&A7, 'ALL Tube Results'!$C7:$C99, "<="&B7) -> 75 | E7: =COUNTIFS('ALL Tube Results'!$C7:$C99, ">="&A7, 'ALL Tube Results'!$C7:$C99, "<="&B7, 'ALL Tube Results'!$F7:$F99, "Positive") -> 18 | F7: =COUNTIFS('ALL Tube Results'!$C7:$C99, ">="&A7, 'ALL Tube Results'!$C7:$C99, "<="&B7, 'ALL Tube Results'!$F7:$F99, "Inconclusive") -> 0 | G7: =IFERROR(E7/D7,IFERROR(0/0,"")) -> 0.24
A8: =A7+7 -> 44578 | B8: =A8+6 -> 44584 | C8: =SUMIFS('ALL Tube Results'!$G$2:$G99, 'ALL Tube Results'!$C$2:$C99, ">="&A8, 'ALL Tube Results'!$C$2:$C99, "<="&B8) -> 63 | D8: =COUNTIFS('ALL Tube Results'!$C8:$C99, ">="&A8, 'ALL Tube Results'!$C8:$C99, "<="&B8) -> 63 | E8: =COUNTIFS('ALL Tube Results'!$C8:$C99, ">="&A8, 'ALL Tube Results'!$C8:$C99, "<="&B8, 'ALL Tube Results'!$F8:$F99, "Positive") -> 23 | F8: =COUNTIFS('ALL Tube Results'!$C8:$C99, ">="&A8, 'ALL Tube Results'!$C8:$C99, "<="&B8, 'ALL Tube Results'!$F8:$F99, "Inconclusive") -> 0 | G8: =IFERROR(E8/D8,IFERROR(0/0,"")) -> 0.36507937
A9: =A8+7 -> 44585 | B9: =A9+6 -> 44591 | C9: =SUMIFS('ALL Tube Results'!$G$2:$G99, 'ALL Tube Results'!$C$2:$C99, ">="&A9, 'ALL Tube Results'!$C$2:$C99, "<="&B9) -> 36 | D9: =COUNTIFS('ALL Tube Results'!$C9:$C99, ">="&A9, 'ALL Tube Results'!$C9:$C99, "<="&B9) -> 36 | E9: =COUNTIFS('ALL Tube Results'!$C9:$C99, ">="&A9, 'ALL Tube Results'!$C9:$C99, "<="&B9, 'ALL Tube Results'!$F9:$F99, "Positive") -> 4 | F9: =COUNTIFS('ALL Tube Results'!$C9:$C99, ">="&A9, 'ALL Tube Results'!$C9:$C99, "<="&B9, 'ALL Tube Results'!$F9:$F99, "Inconclusive") -> 0 | G9: =IFERROR(E9/D9,IFERROR(0/0,"")) -> 0.11111111
A10: =A9+7 -> 44592 | B10: =A10+6 -> 44598 | C10: =SUMIFS('ALL Tube Results'!$G$2:$G99, 'ALL Tube Results'!$C$2:$C99, ">="&A10, 'ALL Tube Results'!$C$2:$C99, "<="&B10) -> 24 | D10: =COUNTIFS('ALL Tube Results'!$C10:$C99, ">="&A10, 'ALL Tube Results'!$C10:$C99, "<="&B10) -> 24 | E10: =COUNTIFS('ALL Tube Results'!$C10:$C99, ">="&A10, 'ALL Tube Results'!$C10:$C99, "<="&B10, 'ALL Tube Results'!$F10:$F99, "Positive") -> 1 | F10: =COUNTIFS('ALL Tube Results'!$C10:$C99, ">="&A10, 'ALL Tube Results'!$C10:$C99, "<="&B10, 'ALL Tube Results'!$F10:$F99, "Inconclusive") -> 0 | G10: =IFERROR(E10/D10,IFERROR(0/0,"")) -> 0.041666667
A11: =A10+7 -> 44599 | B11: =A11+6 -> 44605 | C11: =SUMIFS('ALL Tube Results'!$G$2:$G99, 'ALL Tube Results'!$C$2:$C99, ">="&A11, 'ALL Tube Results'!$C$2:$C99, "<="&B11) -> 38 | D11: =COUNTIFS('ALL Tube Results'!$C11:$C99, ">="&A11, 'ALL Tube Results'!$C11:$C99, "<="&B11) -> 38 | E11: =COUNTIFS('ALL Tube Results'!$C11:$C99, ">="&A11, 'ALL Tube Results'!$C11:$C99, "<="&B11, 'ALL Tube Results'!$F11:$F99, "Positive") -> 6 | F11: =COUNTIFS('ALL Tube Results'!$C11:$C99, ">="&A11, 'ALL Tube Results'!$C11:$C99, "<="&B11, 'ALL Tube Results'!$F11:$F99, "Inconclusive") -> 0 | G11: =IFERROR(E11/D11,IFERROR(0/0,"")) -> 0.15789474
A12: =A11+7 -> 44606 | B12: =A12+6 -> 44612 | C12: =SUMIFS('ALL Tube Results'!$G$2:$G99, 'ALL Tube Results'!$C$2:$C99, ">="&A12, 'ALL Tube Results'!$C$2:$C99, "<="&B12) -> 97 | D12: =COUNTIFS('ALL Tube Results'!$C12:$C99, ">="&A12, 'ALL Tube Results'!$C12:$C99, "<="&B12) -> 97 | E12: =COUNTIFS('ALL Tube Results'!$C12:$C99, ">="&A12, 'ALL Tube Results'!$C12:$C99, "<="&B12, 'ALL Tube Results'!$F12:$F99, "Positive") -> 0 | F12: =COUNTIFS('ALL Tube Results'!$C12:$C99, ">="&A12, 'ALL Tube Results'!$C12:$C99, "<="&B12, 'ALL Tube Results'!$F12:$F99, "Inconclusive") -> 1 | G12: =IFERROR(E12/D12,IFERROR(0/0,"")) -> 0
A13: =A12+7 -> 44613 | B13: =A13+6 -> 44619 | C13: =SUMIFS('ALL Tube Results'!$G$2:$G99, 'ALL Tube Results'!$C$2:$C99, ">="&A13, 'ALL Tube Results'!$C$2:$C99, "<="&B13) -> 128 | D13: =COUNTIFS('ALL Tube Results'!$C13:$C99, ">="&A13, 'ALL Tube Results'!$C13:$C99, "<="&B13) -> 129 | E13: =COUNTIFS('ALL Tube Results'!$C13:$C99, ">="&A13, 'ALL Tube Results'!$C13:$C99, "<="&B13, 'ALL Tube Results'!$F13:$F99, "Positive") -> 3 | F13: =COUNTIFS('ALL Tube Results'!$C13:$C99, ">="&A13, 'ALL Tube Results'!$C13:$C99, "<="&B13, 'ALL Tube Results'!$F13:$F99, "Inconclusive") -> 0 | G13: =IFERROR(E13/D13,IFERROR(0/0,"")) -> 0.023255814
A14: =A13+7 -> 44620 | B14: =A14+6 -> 44626 | C14: =SUMIFS('ALL Tube Results'!$G$2:$G99, 'ALL Tube Results'!$C$2:$C99, ">="&A14, 'ALL Tube Results'!$C$2:$C99, "<="&B14) -> 99 | D14: =COUNTIFS('ALL Tube Results'!$C14:$C99, ">="&A14, 'ALL Tube Results'!$C14:$C99, "<="&B14) -> 101 | E14: =COUNTIFS('ALL Tube Results'!$C14:$C99, ">="&A14, 'ALL Tube Results'!$C14:$C99, "<="&B14, 'ALL Tube Results'!$F14:$F99, "Positive") -> 3 | F14: =COUNTIFS('ALL Tube Results'!$C14:$C99, ">="&A14, 'ALL Tube Results'!$C14:$C99, "<="&B14, 'ALL Tube Results'!$F14:$F99, "Inconclusive") -> 0 | G14: =IFERROR(E14/D14,IFERROR(0/0,"")) -> 0.02970297
A15: =A14+7 -> 44627 | B15: =A15+6 -> 44633 | C15: =SUMIFS('ALL Tube Results'!$G$2:$G99, 'ALL Tube Results'!$C$2:$C99, ">="&A15, 'ALL Tube Results'!$C$2:$C99, "<="&B15) -> 86 | D15: =COUNTIFS('ALL Tube Results'!$C15:$C99, ">="&A15, 'ALL Tube Results'!$C15:$C99, "<="&B15) -> 86 | E15: =COUNTIFS('ALL Tube Results'!$C15:$C99, ">="&A15, 'ALL Tube Results'!$C15:$C99, "<="&B15, 'ALL Tube Results'!$F15:$F99, "Positive") -> 0 | F15: =COUNTIFS('ALL Tube Results'!$C15:$C99, ">="&A15, 'ALL Tube Results'!$C15:$C99, "<="&B15, 'ALL Tube Results'!$F15:$F99, "Inconclusive") -> 0 | G15: =IFERROR(E15/D15,IFERROR(0/0,"")) -> 0
A16: =A15+7 -> 44634 | B16: =A16+6 -> 44640 | C16: =SUMIFS('ALL Tube Results'!$G$2:$G99, 'ALL Tube Results'!$C$2:$C99, ">="&A16, 'ALL Tube Results'!$C$2:$C99, "<="&B16) -> 0 | D16: =COUNTIFS('ALL Tube Results'!$C16:$C99, ">="&A16, 'ALL Tube Results'!$C16:$C99, "<="&B16) -> 0 | E16: =COUNTIFS('ALL Tube Results'!$C16:$C99, ">="&A16, 'ALL Tube Results'!$C16:$C99, "<="&B16, 'ALL Tube Results'!$F16:$F99, "Positive") -> 0 | F16: =COUNTIFS('ALL Tube Results'!$C16:$C99, ">="&A16, 'ALL Tube Results'!$C16:$C99, "<="&B16, 'ALL Tube Results'!$F16:$F99, "Inconclusive") -> 0 | G16: =IFERROR(E16/D16,IFERROR(0/0,""))
A17: =A16+7 -> 44641 | B17: =A17+6 -> 44647 | C17: =SUMIFS('ALL Tube Results'!$G$2:$G99, 'ALL Tube Results'!$C$2:$C99, ">="&A17, 'ALL Tube Results'!$C$2:$C99, "<="&B17) -> 0 | D17: =COUNTIFS('ALL Tube Results'!$C17:$C99, ">="&A17, 'ALL Tube Results'!$C17:$C99, "<="&B17) -> 0 | E17: =COUNTIFS('ALL Tube Results'!$C17:$C99, ">="&A17, 'ALL Tube Results'!$C17:$C99, "<="&B17, 'ALL Tube Results'!$F17:$F99, "Positive") -> 0 | F17: =COUNTIFS('ALL Tube Results'!$C17:$C99, ">="&A17, 'ALL Tube Results'!$C17:$C99, "<="&B17, 'ALL Tube Results'!$F17:$F99, "Inconclusive") -> 0 | G17: =IFERROR(E17/D17,IFERROR(0/0,""))
A18: =A17+7 -> 44648 | B18: =A18+6 -> 44654 | C18: =SUMIFS('ALL Tube Results'!$G$2:$G99, 'ALL Tube Results'!$C$2:$C99, ">="&A18, 'ALL Tube Results'!$C$2:$C99, "<="&B18) -> 0 | D18: =COUNTIFS('ALL Tube Results'!$C18:$C99, ">="&A18, 'ALL Tube Results'!$C18:$C99, "<="&B18) -> 0 | E18: =COUNTIFS('ALL Tube Results'!$C18:$C99, ">="&A18, 'ALL Tube Results'!$C18:$C99, "<="&B18, 'ALL Tube Results'!$F18:$F99, "Positive") -> 0 | F18: =COUNTIFS('ALL Tube Results'!$C18:$C99, ">="&A18, 'ALL Tube Results'!$C18:$C99, "<="&B18, 'ALL Tube Results'!$F18:$F99, "Inconclusive") -> 0 | G18: =IFERROR(E18/D18,IFERROR(0/0,""))
A19: =A18+7 -> 44655 | B19: =A19+6 -> 44661 | C19: =SUMIFS('ALL Tube Results'!$G$2:$G99, 'ALL Tube Results'!$C$2:$C99, ">="&A19, 'ALL Tube Results'!$C$2:$C99, "<="&B19) -> 0 | D19: =COUNTIFS('ALL Tube Results'!$C19:$C99, ">="&A19, 'ALL Tube Results'!$C19:$C99, "<="&B19) -> 0 | E19: =COUNTIFS('ALL Tube Results'!$C19:$C99, ">="&A19, 'ALL Tube Results'!$C19:$C99, "<="&B19, 'ALL Tube Results'!$F19:$F99, "Positive") -> 0 | F19: =COUNTIFS('ALL Tube Results'!$C19:$C99, ">="&A19, 'ALL Tube Results'!$C19:$C99, "<="&B19, 'ALL Tube Results'!$F19:$F99, "Inconclusive") -> 0 | G19: =IFERROR(E19/D19,IFERROR(0/0,""))
A20: =A19+7 -> 44662 | B20: =A20+6 -> 44668 | C20: =SUMIFS('ALL Tube Results'!$G$2:$G99, 'ALL Tube Results'!$C$2:$C99, ">="&A20, 'ALL Tube Results'!$C$2:$C99, "<="&B20) -> 1 | D20: =COUNTIFS('ALL Tube Results'!$C20:$C99, ">="&A20, 'ALL Tube Results'!$C20:$C99, "<="&B20) -> 1 | E20: =COUNTIFS('ALL Tube Results'!$C20:$C99, ">="&A20, 'ALL Tube Results'!$C20:$C99, "<="&B20, 'ALL Tube Results'!$F20:$F99, "Positive") -> 0 | F20: =COUNTIFS('ALL Tube Results'!$C20:$C99, ">="&A20, 'ALL Tube Results'!$C20:$C99, "<="&B20, 'ALL Tube Results'!$F20:$F99, "Inconclusive") -> 0 | G20: =IFERROR(E20/D20,IFERROR(0/0,"")) -> 0
A21: =A20+7 -> 44669 | B21: =A21+6 -> 44675 | C21: =SUMIFS('ALL Tube Results'!$G$2:$G99, 'ALL Tube Results'!$C$2:$C99, ">="&A21, 'ALL Tube Results'!$C$2:$C99, "<="&B21) -> 0 | D21: =COUNTIFS('ALL Tube Results'!$C21:$C99, ">="&A21, 'ALL Tube Results'!$C21:$C99, "<="&B21) -> 0 | E21: =COUNTIFS('ALL Tube Results'!$C21:$C99, ">="&A21, 'ALL Tube Results'!$C21:$C99, "<="&B21, 'ALL Tube Results'!$F21:$F99, "Positive") -> 0 | F21: =COUNTIFS('ALL Tube Results'!$C21:$C99, ">="&A21, 'ALL Tube Results'!$C21:$C99, "<="&B21, 'ALL Tube Results'!$F21:$F99, "Inconclusive") -> 0 | G21: =IFERROR(E21/D21,IFERROR(0/0,""))
A22: =A21+7 -> 44676 | B22: =A22+6 -> 44682 | C22: =SUMIFS('ALL Tube Results'!$G$2:$G99, 'ALL Tube Results'!$C$2:$C99, ">="&A22, 'ALL Tube Results'!$C$2:$C99, "<="&B22) -> 0 | D22: =COUNTIFS('ALL Tube Results'!$C22:$C99, ">="&A22, 'ALL Tube Results'!$C22:$C99, "<="&B22) -> 0 | E22: =COUNTIFS('ALL Tube Results'!$C22:$C99, ">="&A22, 'ALL Tube Results'!$C22:$C99, "<="&B22, 'ALL Tube Results'!$F22:$F99, "Positive") -> 0 | F22: =COUNTIFS('ALL Tube Results'!$C22:$C99, ">="&A22, 'ALL Tube Results'!$C22:$C99, "<="&B22, 'ALL Tube Results'!$F22:$F99, "Inconclusive") -> 0 | G22: =IFERROR(E22/D22,IFERROR(0/0,""))
A23: =A22+7 -> 44683 | B23: =A23+6 -> 44689 | C23: =SUMIFS('ALL Tube Results'!$G$2:$G99, 'ALL Tube Results'!$C$2:$C99, ">="&A23, 'ALL Tube Results'!$C$2:$C99, "<="&B23) -> 0 | D23: =COUNTIFS('ALL Tube Results'!$C23:$C99, ">="&A23, 'ALL Tube Results'!$C23:$C99, "<="&B23) -> 0 | E23: =COUNTIFS('ALL Tube Results'!$C23:$C99, ">="&A23, 'ALL Tube Results'!$C23:$C99, "<="&B23, 'ALL Tube Results'!$F23:$F99, "Positive") -> 0 | F23: =COUNTIFS('ALL Tube Results'!$C23:$C99, ">="&A23, 'ALL Tube Results'!$C23:$C99, "<="&B23, 'ALL Tube Results'!$F23:$F99, "Inconclusive") -> 0 | G23: =IFERROR(E23/D23,IFERROR(0/0,""))
A24: =A23+7 -> 44690 | B24: =A24+6 -> 44696 | C24: =SUMIFS('ALL Tube Results'!$G$2:$G99, 'ALL Tube Results'!$C$2:$C99, ">="&A24, 'ALL Tube Results'!$C$2:$C99, "<="&B24) -> 9 | D24: =COUNTIFS('ALL Tube Results'!$C24:$C99, ">="&A24, 'ALL Tube Results'!$C24:$C99, "<="&B24) -> 9 | E24: =COUNTIFS('ALL Tube Results'!$C24:$C99, ">="&A24, 'ALL Tube Results'!$C24:$C99, "<="&B24, 'ALL Tube Results'!$F24:$F99, "Positive") -> 0 | F24: =COUNTIFS('ALL Tube Results'!$C24:$C99, ">="&A24, 'ALL Tube Results'!$C24:$C99, "<="&B24, 'ALL Tube Results'!$F24:$F99, "Inconclusive") -> 0 | G24: =IFERROR(E24/D24,IFERROR(0/0,"")) -> 0

Sheet Runs Compare
A1: ALL Tube RESULTS by Run ID | B1: =COUNT(B3:B259) -> 44 | C1: =SUM(C2:C259) -> 772 | D1: =SUM(D2:D259) -> 699 | E1: =SUM(E2:E259) -> 71 | F1: =SUM(F2:F259) -> 2 | H1: =SUM(H2:H259) -> 0 | L1: =SUM(L2:L259) -> 7 | M1: =SUM(M2:M259) -> 1 | N1: =SUM(N2:N259) -> -3 | P1: =SUM(P2:P259) -> 5 | R1: Run Reconciled RESULTS | S1: =CONCATENATE("Delta Run Reconciled to ALL Tubes ",T1-C1) -> Delta Run Reconciled to ALL Tubes 0 | T1: =SUM(T2:T259) -> 772 | U1: =COUNTIF(U3:U259,FALSE) -> 0 | V1: =SUM(V2:V259) -> 0 | W1: =SUM(W2:W259) -> 0 | Y1: RFR Data - PreExcl RESULTS | AA1: =SUM(AA2:AA259) -> 765 | AB1: =SUM(AB2:AB259) -> 690 | AC1: =SUM(AC2:AC259) -> 70 | AD1: =SUM(AD2:AD259) -> 5 | AG1: APS Final RESULTS by Reconciled Run ID | AI1: =SUM(AI3:AI259) -> 767 | AJ1: =SUM(AJ3:AJ259) -> 694 | AK1: =SUM(AK3:AK259) -> 71 | AL1: =SUM(AL3:AL259) -> 2 | AM1: =SUM(AM3:AM259) -> 0 | AO1: APS Final RESULTS by Collect Date | AP1: =SUM(AP2:AP259) -> 767 | AQ1: =SUM(AQ2:AQ259) -> 694 | AR1: =SUM(AR2:AR259) -> 71 | AS1: =SUM(AS2:AS259) -> 2 | AT1: =SUM(AT2:AT259) -> 0
A2: Run ID | B2: Run Date | C2: Number of Tubes | D2: Negative | E2: Positive | F2: Inconclusive | H2: Delta to Run Reconciled Results | I2: T | J2: P | K2: I | L2: Delta to RFR preExcl Audit Num Run Tubes | M2: Delta to RFR preExcl Audit Num Positives | N2: Delta to RFR preExcl Audit Num Inconclusives | P2: Delta to APS | R2: Run ID | S2: Run Date | T2: Reconciled Tube Run Count | U2: Exact Run ID Match to ALL Tube Results (Col A) | Y2: Run ID - RFR Initial Only | Z2: Run Date | AA2: ='RFR Data - preExcl'!AK1 -> RFR Audit Num Run Tubes | AB2: Calculated Negs | AC2: ='RFR Data - preExcl'!AI1 -> Audit Pos Session Calls | AD2: ='RFR Data - preExcl'!AF1 -> Audit Inc Session Calls | AE2: preExcl Match Row | AG2: Final Assigned Run ID | AH2: Run Date | AI2: Number of Tubes | AJ2: Negative | AK2: Positive | AL2: Inconclusive | AM2: Null | AO2: ='APS Tubes by Date Import'!B1 -> APS COLLECT DATE | AP2: Number of Tubes | AQ2: Negative | AR2: Positive | AS2: Inconclusive | AT2: Null
A3: {=SORT(UNIQUE('ALL Tube Results'!B2:B259))} -> RUN-BEND_2021-12-10_APS-001 | B3: =VLOOKUP(A3,'Run Reconcile'!A$2:B259,2,FALSE) -> 44540 | C3: =COUNTIF('ALL Tube Results'!B2:B259, A3) -> 5 | D3: =COUNTIFS('ALL Tube Results'!$B2:$B259, $A3, 'ALL Tube Results'!$F2:$F259, "Negative") -> 5 | E3: =COUNTIFS('ALL Tube Results'!$B2:$B259, $A3, 'ALL Tube Results'!$F2:$F259, "Positive") -> 0 | F3: =COUNTIFS('ALL Tube Results'!$B2:$B259, $A3, 'ALL Tube Results'!$F2:$F259, "Inconclusive") -> 0 | G3: =IFERROR(VLOOKUP($A3,R$3:T259,3,FALSE),IFERROR(0/0,"") ) -> 5 | H3: =IF($C3=G3,IFERROR(0/0,""),$C3-G3) | I3: =IFERROR(VLOOKUP($A3,Y$3:AA259,3,FALSE),IFERROR(0/0,"") ) | J3: =IFERROR(VLOOKUP($A3,Y$3:AD259,5,FALSE),IFERROR(0/0,"") ) | K3: =IFERROR(VLOOKUP($A3,Y$3:AD259,6,FALSE),IFERROR(0/0,"")) | L3: =IF($C3=I3,IFERROR(0/0,""),$C3-I3) -> 5 | M3: =IF($E3=J3,IFERROR(0/0,""),$E3-J3) | N3: =IF($F3=K3,IFERROR(0/0,""),$F3-K3) | O3: =IFERROR(VLOOKUP($A3,AG$3:AI259,3,FALSE),IFERROR(0/0,"") ) -> 5 | P3: =IF($C3=O3,IFERROR(0/0,""),$C3-O3) | R3: {=SORT('Run Reconcile'!A2:B259,1,TRUE)} -> RUN-BEND_2021-12-10_APS-001 | S3: 44540 | T3: =VLOOKUP(R3,'Run Reconcile'!$A$2:$L259,12,FALSE) -> 5 | U3: =IF(EXACT(A2,R2),IFERROR(0/0,""),FALSE) | Y3: =IFERROR(__xludf.DUMMYFUNCTION("SORT(FILTER('Run Reconcile'!A2:B259,'Run Reconcile'!A2:A259<>""*"",REGEXMATCH('Run Reconcile'!A2:A259,""RFR-"")),1,TRUE) "),"RUN-BEND_2021-12-13_RFR-002") -> RUN-BEND_2021-12-13_RFR-002 | Z3: =IFERROR(__xludf.DUMMYFUNCTION("""COMPUTED_VALUE"""),44543.0) -> 44543 | AA3: {=INDEX('RFR Data - preExcl'!AK$2:AK259,$AE3,1)} -> 7 | AB3: =AA3-AC3-AD3 -> 7 | AC3: {=INDEX('RFR Data - preExcl'!AI$2:AI259,$AE3,1)} -> 0 | AD3: {=INDEX('RFR Data - preExcl'!AF$2:AF259,$AE3,1)} -> 0 | AE3: =IFNA(MATCH(Y3,'RFR Data - preExcl'!A$2:A259,0),"") -> 2 | AG3: {=SORT(UNIQUE('APS Tubes Import'!V2:V259))} -> RUN-BEND_2021-12-10_APS-001 | AH3: =VLOOKUP(AG3,'Run Reconcile'!A$2:B259,2,FALSE) -> 44540 | AI3: =COUNTIF('APS Tubes Import'!$V$2:$V259, AG3) -> 5 | AJ3: =COUNTIFS('APS Tubes Import'!V$2:V259, AG3, 'APS Tubes Import'!H$2:H259, "Negative") -> 5 | AK3: =COUNTIFS('APS Tubes Import'!V$2:V259, AG3, 'APS Tubes Import'!H$2:H259, "Positive") -> 0 | AL3: =COUNTIFS('APS Tubes Import'!V$2:V259, AG3, 'APS Tubes Import'!H$2:H259, "Inconclusive") -> 0 | AM3: =COUNTIFS('APS Tubes Import'!V$2:V259, AG3, 'APS Tubes Import'!H$2:H259, "Null") -> 0 | AO3: ='APS Tubes by Date Import'!B2 -> 44540 | AP3: ='APS Tubes by Date Import'!C2 -> 5 | AQ3: ='APS Tubes by Date Import'!D2 -> 5 | AR3: ='APS Tubes by Date Import'!E2 -> 0 | AS3: ='APS Tubes by Date Import'!F2 -> 0 | AT3: ='APS Tubes by Date Import'!G2 -> 0
A4: RUN-BEND_2021-12-13_RFR-002 | B4: =VLOOKUP(A4,'Run Reconcile'!A$2:B259,2,FALSE) -> 44543 | C4: =COUNTIF('ALL Tube Results'!B3:B259, A4) -> 7 | D4: =COUNTIFS('ALL Tube Results'!$B3:$B259, $A4, 'ALL Tube Results'!$F3:$F259, "Negative") -> 7 | E4: =COUNTIFS('ALL Tube Results'!$B3:$B259, $A4, 'ALL Tube Results'!$F3:$F259, "Positive") -> 0 | F4: =COUNTIFS('ALL Tube Results'!$B3:$B259, $A4, 'ALL Tube Results'!$F3:$F259, "Inconclusive") -> 0 | G4: =IFERROR(VLOOKUP($A4,R$3:T260,3,FALSE),IFERROR(0/0,"") ) -> 7 | H4: =IF($C4=G4,IFERROR(0/0,""),$C4-G4) | I4: =IFERROR(VLOOKUP($A4,Y$3:AA260,3,FALSE),IFERROR(0/0,"") ) -> 7 | J4: =IFERROR(VLOOKUP($A4,Y$3:AD260,5,FALSE),IFERROR(0/0,"") ) -> 0 | K4: =IFERROR(VLOOKUP($A4,Y$3:AD260,6,FALSE),IFERROR(0/0,"")) -> 0 | L4: =IF($C4=I4,IFERROR(0/0,""),$C4-I4) | M4: =IF($E4=J4,IFERROR(0/0,""),$E4-J4) | N4: =IF($F4=K4,IFERROR(0/0,""),$F4-K4) | O4: =IFERROR(VLOOKUP($A4,AG$3:AI260,3,FALSE),IFERROR(0/0,"") ) -> 7 | P4: =IF($C4=O4,IFERROR(0/0,""),$C4-O4) | R4: RUN-BEND_2021-12-13_RFR-002 | S4: 44543 | T4: =VLOOKUP(R4,'Run Reconcile'!$A$2:$L259,12,FALSE) -> 7 | U4: =IF(EXACT(A3,R3),IFERROR(0/0,""),FALSE) | Y4: =IFERROR(__xludf.DUMMYFUNCTION("""COMPUTED_VALUE"""),"RUN-BEND_2021-12-20_RFR-003") -> RUN-BEND_2021-12-20_RFR-003 | Z4: =IFERROR(__xludf.DUMMYFUNCTION("""COMPUTED_VALUE"""),44550.0) -> 44550 | AA4: {=INDEX('RFR Data - preExcl'!AK$2:AK259,$AE4,1)} -> 7 | AB4: =AA4-AC4-AD4 -> 7 | AC4: {=INDEX('RFR Data - preExcl'!AI$2:AI259,$AE4,1)} -> 0 | AD4: {=INDEX('RFR Data - preExcl'!AF$2:AF259,$AE4,1)} -> 0 | AE4: =IFNA(MATCH(Y4,'RFR Data - preExcl'!A$2:A259,0),"") -> 3 | AG4: RUN-BEND_2021-12-13_RFR-002 | AH4: =VLOOKUP(AG4,'Run Reconcile'!A$2:B259,2,FALSE) -> 44543 | AI4: =COUNTIF('APS Tubes Import'!$V$2:$V259, AG4) -> 7 | AJ4: =COUNTIFS('APS Tubes Import'!V$2:V259, AG4, 'APS Tubes Import'!H$2:H259, "Negative") -> 7 | AK4: =COUNTIFS('APS Tubes Import'!V$2:V259, AG4, 'APS Tubes Import'!H$2:H259, "Positive") -> 0 | AL4: =COUNTIFS('APS Tubes Import'!V$2:V259, AG4, 'APS Tubes Import'!H$2:H259, "Inconclusive") -> 0 | AM4: =COUNTIFS('APS Tubes Import'!V$2:V259, AG4, 'APS Tubes Import'!H$2:H259, "Null") -> 0 | AO4: ='APS Tubes by Date Import'!B3 -> 44543 | AP4: ='APS Tubes by Date Import'!C3 -> 7 | AQ4: ='APS Tubes by Date Import'!D3 -> 7 | AR4: ='APS Tubes by Date Import'!E3 -> 0 | AS4: ='APS Tubes by Date Import'!F3 -> 0 | AT4: ='APS Tubes by Date Import'!G3 -> 0
A5: RUN-BEND_2021-12-15_APS-002 | B5: =VLOOKUP(A5,'Run Reconcile'!A$2:B259,2,FALSE) -> 44545 | C5: =COUNTIF('ALL Tube Results'!B4:B259, A5) -> 4 | D5: =COUNTIFS('ALL Tube Results'!$B4:$B259, $A5, 'ALL Tube Results'!$F4:$F259, "Negative") -> 4 | E5: =COUNTIFS('ALL Tube Results'!$B4:$B259, $A5, 'ALL Tube Results'!$F4:$F259, "Positive") -> 0 | F5: =COUNTIFS('ALL Tube Results'!$B4:$B259, $A5, 'ALL Tube Results'!$F4:$F259, "Inconclusive") -> 0 | G5: =IFERROR(VLOOKUP($A5,R$3:T261,3,FALSE),IFERROR(0/0,"") ) -> 4 | H5: =IF($C5=G5,IFERROR(0/0,""),$C5-G5) | I5: =IFERROR(VLOOKUP($A5,Y$3:AA261,3,FALSE),IFERROR(0/0,"") ) | J5: =IFERROR(VLOOKUP($A5,Y$3:AD261,5,FALSE),IFERROR(0/0,"") ) | K5: =IFERROR(VLOOKUP($A5,Y$3:AD261,6,FALSE),IFERROR(0/0,"")) | L5: =IF($C5=I5,IFERROR(0/0,""),$C5-I5) -> 4 | M5: =IF($E5=J5,IFERROR(0/0,""),$E5-J5) | N5: =IF($F5=K5,IFERROR(0/0,""),$F5-K5) | O5: =IFERROR(VLOOKUP($A5,AG$3:AI261,3,FALSE),IFERROR(0/0,"") ) -> 4 | P5: =IF($C5=O5,IFERROR(0/0,""),$C5-O5) | R5: RUN-BEND_2021-12-15_APS-002 | S5: 44545 | T5: =VLOOKUP(R5,'Run Reconcile'!$A$2:$L259,12,FALSE) -> 4 | U5: =IF(EXACT(A4,R4),IFERROR(0/0,""),FALSE) | Y5: =IFERROR(__xludf.DUMMYFUNCTION("""COMPUTED_VALUE"""),"RUN-BEND_2021-12-22_RFR-004") -> RUN-BEND_2021-12-22_RFR-004 | Z5: =IFERROR(__xludf.DUMMYFUNCTION("""COMPUTED_VALUE"""),44552.0) -> 44552 | AA5: {=INDEX('RFR Data - preExcl'!AK$2:AK259,$AE5,1)} -> 5 | AB5: =AA5-AC5-AD5 -> 5 | AC5: {=INDEX('RFR Data - preExcl'!AI$2:AI259,$AE5,1)} -> 0 | AD5: {=INDEX('RFR Data - preExcl'!AF$2:AF259,$AE5,1)} -> 0 | AE5: =IFNA(MATCH(Y5,'RFR Data - preExcl'!A$2:A259,0),"") -> 4 | AG5: RUN-BEND_2021-12-15_APS-002 | AH5: =VLOOKUP(AG5,'Run Reconcile'!A$2:B259,2,FALSE) -> 44545 | AI5: =COUNTIF('APS Tubes Import'!$V$2:$V259, AG5) -> 4 | AJ5: =COUNTIFS('APS Tubes Import'!V$2:V259, AG5, 'APS Tubes Import'!H$2:H259, "Negative") -> 4 | AK5: =COUNTIFS('APS Tubes Import'!V$2:V259, AG5, 'APS Tubes Import'!H$2:H259, "Positive") -> 0 | AL5: =COUNTIFS('APS Tubes Import'!V$2:V259, AG5, 'APS Tubes Import'!H$2:H259, "Inconclusive") -> 0 | AM5: =COUNTIFS('APS Tubes Import'!V$2:V259, AG5, 'APS Tubes Import'!H$2:H259, "Null") -> 0 | AO5: ='APS Tubes by Date Import'!B4 -> 44545 | AP5: ='APS Tubes by Date Import'!C4 -> 4 | AQ5: ='APS Tubes by Date Import'!D4 -> 4 | AR5: ='APS Tubes by Date Import'!E4 -> 0 | AS5: ='APS Tubes by Date Import'!F4 -> 0 | AT5: ='APS Tubes by Date Import'!G4 -> 0
A6: RUN-BEND_2021-12-17_APS-003 | B6: =VLOOKUP(A6,'Run Reconcile'!A$2:B259,2,FALSE) -> 44547 | C6: =COUNTIF('ALL Tube Results'!B5:B259, A6) -> 2 | D6: =COUNTIFS('ALL Tube Results'!$B5:$B259, $A6, 'ALL Tube Results'!$F5:$F259, "Negative") -> 1 | E6: =COUNTIFS('ALL Tube Results'!$B5:$B259, $A6, 'ALL Tube Results'!$F5:$F259, "Positive") -> 1 | F6: =COUNTIFS('ALL Tube Results'!$B5:$B259, $A6, 'ALL Tube Results'!$F5:$F259, "Inconclusive") -> 0 | G6: =IFERROR(VLOOKUP($A6,R$3:T262,3,FALSE),IFERROR(0/0,"") ) -> 2 | H6: =IF($C6=G6,IFERROR(0/0,""),$C6-G6) | I6: =IFERROR(VLOOKUP($A6,Y$3:AA262,3,FALSE),IFERROR(0/0,"") ) | J6: =IFERROR(VLOOKUP($A6,Y$3:AD262,5,FALSE),IFERROR(0/0,"") ) | K6: =IFERROR(VLOOKUP($A6,Y$3:AD262,6,FALSE),IFERROR(0/0,"")) | L6: =IF($C6=I6,IFERROR(0/0,""),$C6-I6) -> 2 | M6: =IF($E6=J6,IFERROR(0/0,""),$E6-J6) -> 1 | N6: =IF($F6=K6,IFERROR(0/0,""),$F6-K6) | O6: =IFERROR(VLOOKUP($A6,AG$3:AI262,3,FALSE),IFERROR(0/0,"") ) -> 2 | P6: =IF($C6=O6,IFERROR(0/0,""),$C6-O6) | R6: RUN-BEND_2021-12-17_APS-003 | S6: 44547 | T6: =VLOOKUP(R6,'Run Reconcile'!$A$2:$L259,12,FALSE) -> 2 | U6: =IF(EXACT(A5,R5),IFERROR(0/0,""),FALSE) | Y6: =IFERROR(__xludf.DUMMYFUNCTION("""COMPUTED_VALUE"""),"RUN-BEND_2021-12-27_RFR-005") -> RUN-BEND_2021-12-27_RFR-005 | Z6: =IFERROR(__xludf.DUMMYFUNCTION("""COMPUTED_VALUE"""),44557.0) -> 44557 | AA6: {=INDEX('RFR Data - preExcl'!AK$2:AK259,$AE6,1)} -> 15 | AB6: =AA6-AC6-AD6 -> 15 | AC6: {=INDEX('RFR Data - preExcl'!AI$2:AI259,$AE6,1)} -> 0 | AD6: {=INDEX('RFR Data - preExcl'!AF$2:AF259,$AE6,1)} -> 0 | AE6: =IFNA(MATCH(Y6,'RFR Data - preExcl'!A$2:A259,0),"") -> 5 | AG6: RUN-BEND_2021-12-17_APS-003 | AH6: =VLOOKUP(AG6,'Run Reconcile'!A$2:B259,2,FALSE) -> 44547 | AI6: =COUNTIF('APS Tubes Import'!$V$2:$V259, AG6) -> 2 | AJ6: =COUNTIFS('APS Tubes Import'!V$2:V259, AG6, 'APS Tubes Import'!H$2:H259, "Negative") -> 1 | AK6: =COUNTIFS('APS Tubes Import'!V$2:V259, AG6, 'APS Tubes Import'!H$2:H259, "Positive") -> 1 | AL6: =COUNTIFS('APS Tubes Import'!V$2:V259, AG6, 'APS Tubes Import'!H$2:H259, "Inconclusive") -> 0 | AM6: =COUNTIFS('APS Tubes Import'!V$2:V259, AG6, 'APS Tubes Import'!H$2:H259, "Null") -> 0 | AO6: ='APS Tubes by Date Import'!B5 -> 44547 | AP6: ='APS Tubes by Date Import'!C5 -> 2 | AQ6: ='APS Tubes by Date Import'!D5 -> 1 | AR6: ='APS Tubes by Date Import'!E5 -> 1 | AS6: ='APS Tubes by Date Import'!F5 -> 0 | AT6: ='APS Tubes by Date Import'!G5 -> 0
A7: RUN-BEND_2021-12-20_RFR-003 | B7: =VLOOKUP(A7,'Run Reconcile'!A$2:B259,2,FALSE) -> 44550 | C7: =COUNTIF('ALL Tube Results'!B6:B259, A7) -> 7 | D7: =COUNTIFS('ALL Tube Results'!$B6:$B259, $A7, 'ALL Tube Results'!$F6:$F259, "Negative") -> 7 | E7: =COUNTIFS('ALL Tube Results'!$B6:$B259, $A7, 'ALL Tube Results'!$F6:$F259, "Positive") -> 0 | F7: =COUNTIFS('ALL Tube Results'!$B6:$B259, $A7, 'ALL Tube Results'!$F6:$F259, "Inconclusive") -> 0 | G7: =IFERROR(VLOOKUP($A7,R$3:T263,3,FALSE),IFERROR(0/0,"") ) -> 7 | H7: =IF($C7=G7,IFERROR(0/0,""),$C7-G7) | I7: =IFERROR(VLOOKUP($A7,Y$3:AA263,3,FALSE),IFERROR(0/0,"") ) -> 7 | J7: =IFERROR(VLOOKUP($A7,Y$3:AD263,5,FALSE),IFERROR(0/0,"") ) -> 0 | K7: =IFERROR(VLOOKUP($A7,Y$3:AD263,6,FALSE),IFERROR(0/0,"")) -> 0 | L7: =IF($C7=I7,IFERROR(0/0,""),$C7-I7) | M7: =IF($E7=J7,IFERROR(0/0,""),$E7-J7) | N7: =IF($F7=K7,IFERROR(0/0,""),$F7-K7) | O7: =IFERROR(VLOOKUP($A7,AG$3:AI263,3,FALSE),IFERROR(0/0,"") ) -> 7 | P7: =IF($C7=O7,IFERROR(0/0,""),$C7-O7) | R7: RUN-BEND_2021-12-20_RFR-003 | S7: 44550 | T7: =VLOOKUP(R7,'Run Reconcile'!$A$2:$L259,12,FALSE) -> 7 | U7: =IF(EXACT(A6,R6),IFERROR(0/0,""),FALSE) | Y7: =IFERROR(__xludf.DUMMYFUNCTION("""COMPUTED_VALUE"""),"RUN-BEND_2021-12-29_RFR-006") -> RUN-BEND_2021-12-29_RFR-006 | Z7: =IFERROR(__xludf.DUMMYFUNCTION("""COMPUTED_VALUE"""),44559.0) -> 44559 | AA7: {=INDEX('RFR Data - preExcl'!AK$2:AK259,$AE7,1)} -> 5 | AB7: =AA7-AC7-AD7 -> 5 | AC7: {=INDEX('RFR Data - preExcl'!AI$2:AI259,$AE7,1)} -> 0 | AD7: {=INDEX('RFR Data - preExcl'!AF$2:AF259,$AE7,1)} -> 0 | AE7: =IFNA(MATCH(Y7,'RFR Data - preExcl'!A$2:A259,0),"") -> 6 | AG7: RUN-BEND_2021-12-20_RFR-003 | AH7: =VLOOKUP(AG7,'Run Reconcile'!A$2:B259,2,FALSE) -> 44550 | AI7: =COUNTIF('APS Tubes Import'!$V$2:$V259, AG7) -> 7 | AJ7: =COUNTIFS('APS Tubes Import'!V$2:V259, AG7, 'APS Tubes Import'!H$2:H259, "Negative") -> 7 | AK7: =COUNTIFS('APS Tubes Import'!V$2:V259, AG7, 'APS Tubes Import'!H$2:H259, "Positive") -> 0 | AL7: =COUNTIFS('APS Tubes Import'!V$2:V259, AG7, 'APS Tubes Import'!H$2:H259, "Inconclusive") -> 0 | AM7: =COUNTIFS('APS Tubes Import'!V$2:V259, AG7, 'APS Tubes Import'!H$2:H259, "Null") -> 0 | AO7: ='APS Tubes by Date Import'!B6 -> 44549 | AP7: ='APS Tubes by Date Import'!C6 -> 1 | AQ7: ='APS Tubes by Date Import'!D6 -> 1 | AR7: ='APS Tubes by Date Import'!E6 -> 0 | AS7: ='APS Tubes by Date Import'!F6 -> 0 | AT7: ='APS Tubes by Date Import'!G6 -> 0
A8: RUN-BEND_2021-12-22_RFR-004 | B8: =VLOOKUP(A8,'Run Reconcile'!A$2:B259,2,FALSE) -> 44552 | C8: =COUNTIF('ALL Tube Results'!B7:B259, A8) -> 5 | D8: =COUNTIFS('ALL Tube Results'!$B7:$B259, $A8, 'ALL Tube Results'!$F7:$F259, "Negative") -> 5 | E8: =COUNTIFS('ALL Tube Results'!$B7:$B259, $A8, 'ALL Tube Results'!$F7:$F259, "Positive") -> 0 | F8: =COUNTIFS('ALL Tube Results'!$B7:$B259, $A8, 'ALL Tube Results'!$F7:$F259, "Inconclusive") -> 0 | G8: =IFERROR(VLOOKUP($A8,R$3:T264,3,FALSE),IFERROR(0/0,"") ) -> 5 | H8: =IF($C8=G8,IFERROR(0/0,""),$C8-G8) | I8: =IFERROR(VLOOKUP($A8,Y$3:AA264,3,FALSE),IFERROR(0/0,"") ) -> 5 | J8: =IFERROR(VLOOKUP($A8,Y$3:AD264,5,FALSE),IFERROR(0/0,"") ) -> 0 | K8: =IFERROR(VLOOKUP($A8,Y$3:AD264,6,FALSE),IFERROR(0/0,"")) -> 0 | L8: =IF($C8=I8,IFERROR(0/0,""),$C8-I8) | M8: =IF($E8=J8,IFERROR(0/0,""),$E8-J8) | N8: =IF($F8=K8,IFERROR(0/0,""),$F8-K8) | O8: =IFERROR(VLOOKUP($A8,AG$3:AI264,3,FALSE),IFERROR(0/0,"") ) -> 5 | P8: =IF($C8=O8,IFERROR(0/0,""),$C8-O8) | R8: RUN-BEND_2021-12-22_RFR-004 | S8: 44552 | T8: =VLOOKUP(R8,'Run Reconcile'!$A$2:$L259,12,FALSE) -> 5 | U8: =IF(EXACT(A7,R7),IFERROR(0/0,""),FALSE) | Y8: =IFERROR(__xludf.DUMMYFUNCTION("""COMPUTED_VALUE"""),"RUN-BEND_2021-12-31_RFR-007") -> RUN-BEND_2021-12-31_RFR-007 | Z8: =IFERROR(__xludf.DUMMYFUNCTION("""COMPUTED_VALUE"""),44561.0) -> 44561 | AA8: {=INDEX('RFR Data - preExcl'!AK$2:AK259,$AE8,1)} -> 8 | AB8: =AA8-AC8-AD8 -> 6 | AC8: {=INDEX('RFR Data - preExcl'!AI$2:AI259,$AE8,1)} -> 2 | AD8: {=INDEX('RFR Data - preExcl'!AF$2:AF259,$AE8,1)} -> 0 | AE8: =IFNA(MATCH(Y8,'RFR Data - preExcl'!A$2:A259,0),"") -> 7 | AG8: RUN-BEND_2021-12-22_RFR-004 | AH8: =VLOOKUP(AG8,'Run Reconcile'!A$2:B259,2,FALSE) -> 44552 | AI8: =COUNTIF('APS Tubes Import'!$V$2:$V259, AG8) -> 5 | AJ8: =COUNTIFS('APS Tubes Import'!V$2:V259, AG8, 'APS Tubes Import'!H$2:H259, "Negative") -> 5 | AK8: =COUNTIFS('APS Tubes Import'!V$2:V259, AG8, 'APS Tubes Import'!H$2:H259, "Positive") -> 0 | AL8: =COUNTIFS('APS Tubes Import'!V$2:V259, AG8, 'APS Tubes Import'!H$2:H259, "Inconclusive") -> 0 | AM8: =COUNTIFS('APS Tubes Import'!V$2:V259, AG8, 'APS Tubes Import'!H$2:H259, "Null") -> 0 | AO8: ='APS Tubes by Date Import'!B7 -> 44550 | AP8: ='APS Tubes by Date Import'!C7 -> 6 | AQ8: ='APS Tubes by Date Import'!D7 -> 6 | AR8: ='APS Tubes by Date Import'!E7 -> 0 | AS8: ='APS Tubes by Date Import'!F7 -> 0 | AT8: ='APS Tubes by Date Import'!G7 -> 0
A9: RUN-BEND_2021-12-27_RFR-005 | B9: =VLOOKUP(A9,'Run Reconcile'!A$2:B259,2,FALSE) -> 44557 | C9: =COUNTIF('ALL Tube Results'!B8:B259, A9) -> 15 | D9: =COUNTIFS('ALL Tube Results'!$B8:$B259, $A9, 'ALL Tube Results'!$F8:$F259, "Negative") -> 15 | E9: =COUNTIFS('ALL Tube Results'!$B8:$B259, $A9, 'ALL Tube Results'!$F8:$F259, "Positive") -> 0 | F9: =COUNTIFS('ALL Tube Results'!$B8:$B259, $A9, 'ALL Tube Results'!$F8:$F259, "Inconclusive") -> 0 | G9: =IFERROR(VLOOKUP($A9,R$3:T265,3,FALSE),IFERROR(0/0,"") ) -> 15 | H9: =IF($C9=G9,IFERROR(0/0,""),$C9-G9) | I9: =IFERROR(VLOOKUP($A9,Y$3:AA265,3,FALSE),IFERROR(0/0,"") ) -> 15 | J9: =IFERROR(VLOOKUP($A9,Y$3:AD265,5,FALSE),IFERROR(0/0,"") ) -> 0 | K9: =IFERROR(VLOOKUP($A9,Y$3:AD265,6,FALSE),IFERROR(0/0,"")) -> 0 | L9: =IF($C9=I9,IFERROR(0/0,""),$C9-I9) | M9: =IF($E9=J9,IFERROR(0/0,""),$E9-J9) | N9: =IF($F9=K9,IFERROR(0/0,""),$F9-K9) | O9: =IFERROR(VLOOKUP($A9,AG$3:AI265,3,FALSE),IFERROR(0/0,"") ) -> 15 | P9: =IF($C9=O9,IFERROR(0/0,""),$C9-O9) | R9: RUN-BEND_2021-12-27_RFR-005 | S9: 44557 | T9: =VLOOKUP(R9,'Run Reconcile'!$A$2:$L259,12,FALSE) -> 15 | U9: =IF(EXACT(A8,R8),IFERROR(0/0,""),FALSE) | Y9: =IFERROR(__xludf.DUMMYFUNCTION("""COMPUTED_VALUE"""),"RUN-BEND_2022-01-03_RFR-009") -> RUN-BEND_2022-01-03_RFR-009 | Z9: =IFERROR(__xludf.DUMMYFUNCTION("""COMPUTED_VALUE"""),44564.0) -> 44564 | AA9: {=INDEX('RFR Data - preExcl'!AK$2:AK259,$AE9,1)} -> 14 | AB9: =AA9-AC9-AD9 -> 10 | AC9: {=INDEX('RFR Data - preExcl'!AI$2:AI259,$AE9,1)} -> 4 | AD9: {=INDEX('RFR Data - preExcl'!AF$2:AF259,$AE9,1)} -> 0 | AE9: =IFNA(MATCH(Y9,'RFR Data - preExcl'!A$2:A259,0),"") -> 9 | AG9: RUN-BEND_2021-12-27_RFR-005 | AH9: =VLOOKUP(AG9,'Run Reconcile'!A$2:B259,2,FALSE) -> 44557 | AI9: =COUNTIF('APS Tubes Import'!$V$2:$V259, AG9) -> 15 | AJ9: =COUNTIFS('APS Tubes Import'!V$2:V259, AG9, 'APS Tubes Import'!H$2:H259, "Negative") -> 15 | AK9: =COUNTIFS('APS Tubes Import'!V$2:V259, AG9, 'APS Tubes Import'!H$2:H259, "Positive") -> 0 | AL9: =COUNTIFS('APS Tubes Import'!V$2:V259, AG9, 'APS Tubes Import'!H$2:H259, "Inconclusive") -> 0 | AM9: =COUNTIFS('APS Tubes Import'!V$2:V259, AG9, 'APS Tubes Import'!H$2:H259, "Null") -> 0 | AO9: ='APS Tubes by Date Import'!B8 -> 44551 | AP9: ='APS Tubes by Date Import'!C8 -> 2 | AQ9: ='APS Tubes by Date Import'!D8 -> 2 | AR9: ='APS Tubes by Date Import'!E8 -> 0 | AS9: ='APS Tubes by Date Import'!F8 -> 0 | AT9: ='APS Tubes by Date Import'!G8 -> 0
A10: RUN-BEND_2021-12-29_RFR-006 | B10: =VLOOKUP(A10,'Run Reconcile'!A$2:B259,2,FALSE) -> 44559 | C10: =COUNTIF('ALL Tube Results'!B9:B259, A10) -> 4 | D10: =COUNTIFS('ALL Tube Results'!$B9:$B259, $A10, 'ALL Tube Results'!$F9:$F259, "Negative") -> 4 | E10: =COUNTIFS('ALL Tube Results'!$B9:$B259, $A10, 'ALL Tube Results'!$F9:$F259, "Positive") -> 0 | F10: =COUNTIFS('ALL Tube Results'!$B9:$B259, $A10, 'ALL Tube Results'!$F9:$F259, "Inconclusive") -> 0 | G10: =IFERROR(VLOOKUP($A10,R$3:T266,3,FALSE),IFERROR(0/0,"") ) -> 4 | H10: =IF($C10=G10,IFERROR(0/0,""),$C10-G10) | I10: =IFERROR(VLOOKUP($A10,Y$3:AA266,3,FALSE),IFERROR(0/0,"") ) -> 5 | J10: =IFERROR(VLOOKUP($A10,Y$3:AD266,5,FALSE),IFERROR(0/0,"") ) -> 0 | K10: =IFERROR(VLOOKUP($A10,Y$3:AD266,6,FALSE),IFERROR(0/0,"")) -> 0 | L10: =IF($C10=I10,IFERROR(0/0,""),$C10-I10) -> -1 | M10: =IF($E10=J10,IFERROR(0/0,""),$E10-J10) | N10: =IF($F10=K10,IFERROR(0/0,""),$F10-K10) | O10: =IFERROR(VLOOKUP($A10,AG$3:AI266,3,FALSE),IFERROR(0/0,"") ) -> 4 | P10: =IF($C10=O10,IFERROR(0/0,""),$C10-O10) | R10: RUN-BEND_2021-12-29_RFR-006 | S10: 44559 | T10: =VLOOKUP(R10,'Run Reconcile'!$A$2:$L259,12,FALSE) -> 4 | U10: =IF(EXACT(A9,R9),IFERROR(0/0,""),FALSE) | Y10: =IFERROR(__xludf.DUMMYFUNCTION("""COMPUTED_VALUE"""),"RUN-BEND_2022-01-05_RFR-010") -> RUN-BEND_2022-01-05_RFR-010 | Z10: =IFERROR(__xludf.DUMMYFUNCTION("""COMPUTED_VALUE"""),44566.0) -> 44566 | AA10: {=INDEX('RFR Data - preExcl'!AK$2:AK259,$AE10,1)} -> 21 | AB10: =AA10-AC10-AD10 -> 18 | AC10: {=INDEX('RFR Data - preExcl'!AI$2:AI259,$AE10,1)} -> 3 | AD10: {=INDEX('RFR Data - preExcl'!AF$2:AF259,$AE10,1)} -> 0 | AE10: =IFNA(MATCH(Y10,'RFR Data - preExcl'!A$2:A259,0),"") -> 10 | AG10: RUN-BEND_2021-12-29_RFR-006 | AH10: =VLOOKUP(AG10,'Run Reconcile'!A$2:B259,2,FALSE) -> 44559 | AI10: =COUNTIF('APS Tubes Import'!$V$2:$V259, AG10) -> 4 | AJ10: =COUNTIFS('APS Tubes Import'!V$2:V259, AG10, 'APS Tubes Import'!H$2:H259, "Negative") -> 4 | AK10: =COUNTIFS('APS Tubes Import'!V$2:V259, AG10, 'APS Tubes Import'!H$2:H259, "Positive") -> 0 | AL10: =COUNTIFS('APS Tubes Import'!V$2:V259, AG10, 'APS Tubes Import'!H$2:H259, "Inconclusive") -> 0 | AM10: =COUNTIFS('APS Tubes Import'!V$2:V259, AG10, 'APS Tubes Import'!H$2:H259, "Null") -> 0 | AO10: ='APS Tubes by Date Import'!B9 -> 44552 | AP10: ='APS Tubes by Date Import'!C9 -> 3 | AQ10: ='APS Tubes by Date Import'!D9 -> 3 | AR10: ='APS Tubes by Date Import'!E9 -> 0 | AS10: ='APS Tubes by Date Import'!F9 -> 0 | AT10: ='APS Tubes by Date Import'!G9 -> 0
A11: RUN-BEND_2021-12-31_RFR-007 | B11: =VLOOKUP(A11,'Run Reconcile'!A$2:B259,2,FALSE) -> 44561 | C11: =COUNTIF('ALL Tube Results'!B10:B259, A11) -> 8 | D11: =COUNTIFS('ALL Tube Results'!$B10:$B259, $A11, 'ALL Tube Results'!$F10:$F259, "Negative") -> 6 | E11: =COUNTIFS('ALL Tube Results'!$B10:$B259, $A11, 'ALL Tube Results'!$F10:$F259, "Positive") -> 2 | F11: =COUNTIFS('ALL Tube Results'!$B10:$B259, $A11, 'ALL Tube Results'!$F10:$F259, "Inconclusive") -> 0 | G11: =IFERROR(VLOOKUP($A11,R$3:T267,3,FALSE),IFERROR(0/0,"") ) -> 8 | H11: =IF($C11=G11,IFERROR(0/0,""),$C11-G11) | I11: =IFERROR(VLOOKUP($A11,Y$3:AA267,3,FALSE),IFERROR(0/0,"") ) -> 8 | J11: =IFERROR(VLOOKUP($A11,Y$3:AD267,5,FALSE),IFERROR(0/0,"") ) -> 2 | K11: =IFERROR(VLOOKUP($A11,Y$3:AD267,6,FALSE),IFERROR(0/0,"")) -> 0 | L11: =IF($C11=I11,IFERROR(0/0,""),$C11-I11) | M11: =IF($E11=J11,IFERROR(0/0,""),$E11-J11) | N11: =IF($F11=K11,IFERROR(0/0,""),$F11-K11) | O11: =IFERROR(VLOOKUP($A11,AG$3:AI267,3,FALSE),IFERROR(0/0,"") ) -> 8 | P11: =IF($C11=O11,IFERROR(0/0,""),$C11-O11) | R11: RUN-BEND_2021-12-31_RFR-007 | S11: 44561 | T11: =VLOOKUP(R11,'Run Reconcile'!$A$2:$L259,12,FALSE) -> 8 | U11: =IF(EXACT(A10,R10),IFERROR(0/0,""),FALSE) | Y11: =IFERROR(__xludf.DUMMYFUNCTION("""COMPUTED_VALUE"""),"RUN-BEND_2022-01-07_RFR-011") -> RUN-BEND_2022-01-07_RFR-011 | Z11: =IFERROR(__xludf.DUMMYFUNCTION("""COMPUTED_VALUE"""),44568.0) -> 44568 | AA11: {=INDEX('RFR Data - preExcl'!AK$2:AK259,$AE11,1)} -> 21 | AB11: =AA11-AC11-AD11 -> 17 | AC11: {=INDEX('RFR Data - preExcl'!AI$2:AI259,$AE11,1)} -> 3 | AD11: {=INDEX('RFR Data - preExcl'!AF$2:AF259,$AE11,1)} -> 1 | AE11: =IFNA(MATCH(Y11,'RFR Data - preExcl'!A$2:A259,0),"") -> 11 | AG11: RUN-BEND_2021-12-31_RFR-007 | AH11: =VLOOKUP(AG11,'Run Reconcile'!A$2:B259,2,FALSE) -> 44561 | AI11: =COUNTIF('APS Tubes Import'!$V$2:$V259, AG11) -> 8 | AJ11: =COUNTIFS('APS Tubes Import'!V$2:V259, AG11, 'APS Tubes Import'!H$2:H259, "Negative") -> 6 | AK11: =COUNTIFS('APS Tubes Import'!V$2:V259, AG11, 'APS Tubes Import'!H$2:H259, "Positive") -> 2 | AL11: =COUNTIFS('APS Tubes Import'!V$2:V259, AG11, 'APS Tubes Import'!H$2:H259, "Inconclusive") -> 0 | AM11: =COUNTIFS('APS Tubes Import'!V$2:V259, AG11, 'APS Tubes Import'!H$2:H259, "Null") -> 0 | AO11: ='APS Tubes by Date Import'!B10 -> 44556 | AP11: ='APS Tubes by Date Import'!C10 -> 1 | AQ11: ='APS Tubes by Date Import'!D10 -> 1 | AR11: ='APS Tubes by Date Import'!E10 -> 0 | AS11: ='APS Tubes by Date Import'!F10 -> 0 | AT11: ='APS Tubes by Date Import'!G10 -> 0
A12: RUN-BEND_2022-01-03_RFR-009 | B12: =VLOOKUP(A12,'Run Reconcile'!A$2:B259,2,FALSE) -> 44564 | C12: =COUNTIF('ALL Tube Results'!B11:B259, A12) -> 14 | D12: =COUNTIFS('ALL Tube Results'!$B11:$B259, $A12, 'ALL Tube Results'!$F11:$F259, "Negative") -> 10 | E12: =COUNTIFS('ALL Tube Results'!$B11:$B259, $A12, 'ALL Tube Results'!$F11:$F259, "Positive") -> 4 | F12: =COUNTIFS('ALL Tube Results'!$B11:$B259, $A12, 'ALL Tube Results'!$F11:$F259, "Inconclusive") -> 0 | G12: =IFERROR(VLOOKUP($A12,R$3:T268,3,FALSE),IFERROR(0/0,"") ) -> 14 | H12: =IF($C12=G12,IFERROR(0/0,""),$C12-G12) | I12: =IFERROR(VLOOKUP($A12,Y$3:AA268,3,FALSE),IFERROR(0/0,"") ) -> 14 | J12: =IFERROR(VLOOKUP($A12,Y$3:AD268,5,FALSE),IFERROR(0/0,"") ) -> 4 | K12: =IFERROR(VLOOKUP($A12,Y$3:AD268,6,FALSE),IFERROR(0/0,"")) -> 0 | L12: =IF($C12=I12,IFERROR(0/0,""),$C12-I12) | M12: =IF($E12=J12,IFERROR(0/0,""),$E12-J12) | N12: =IF($F12=K12,IFERROR(0/0,""),$F12-K12) | O12: =IFERROR(VLOOKUP($A12,AG$3:AI268,3,FALSE),IFERROR(0/0,"") ) -> 14 | P12: =IF($C12=O12,IFERROR(0/0,""),$C12-O12) | R12: RUN-BEND_2022-01-03_RFR-009 | S12: 44564 | T12: =VLOOKUP(R12,'Run Reconcile'!$A$2:$L259,12,FALSE) -> 14 | U12: =IF(EXACT(A11,R11),IFERROR(0/0,""),FALSE) | Y12: =IFERROR(__xludf.DUMMYFUNCTION("""COMPUTED_VALUE"""),"RUN-BEND_2022-01-10_RFR-012") -> RUN-BEND_2022-01-10_RFR-012 | Z12: =IFERROR(__xludf.DUMMYFUNCTION("""COMPUTED_VALUE"""),44571.0) -> 44571 | AA12: {=INDEX('RFR Data - preExcl'!AK$2:AK259,$AE12,1)} -> 31 | AB12: =AA12-AC12-AD12 -> 21 | AC12: {=INDEX('RFR Data - preExcl'!AI$2:AI259,$AE12,1)} -> 8 | AD12: {=INDEX('RFR Data - preExcl'!AF$2:AF259,$AE12,1)} -> 2 | AE12: =IFNA(MATCH(Y12,'RFR Data - preExcl'!A$2:A259,0),"") -> 12 | AG12: RUN-BEND_2022-01-03_RFR-009 | AH12: =VLOOKUP(AG12,'Run Reconcile'!A$2:B259,2,FALSE) -> 44564 | AI12: =COUNTIF('APS Tubes Import'!$V$2:$V259, AG12) -> 14 | AJ12: =COUNTIFS('APS Tubes Import'!V$2:V259, AG12, 'APS Tubes Import'!H$2:H259, "Negative") -> 10 | AK12: =COUNTIFS('APS Tubes Import'!V$2:V259, AG12, 'APS Tubes Import'!H$2:H259, "Positive") -> 4 | AL12: =COUNTIFS('APS Tubes Import'!V$2:V259, AG12, 'APS Tubes Import'!H$2:H259, "Inconclusive") -> 0 | AM12: =COUNTIFS('APS Tubes Import'!V$2:V259, AG12, 'APS Tubes Import'!H$2:H259, "Null") -> 0 | AO12: ='APS Tubes by Date Import'!B11 -> 44557 | AP12: ='APS Tubes by Date Import'!C11 -> 14 | AQ12: ='APS Tubes by Date Import'!D11 -> 14 | AR12: ='APS Tubes by Date Import'!E11 -> 0 | AS12: ='APS Tubes by Date Import'!F11 -> 0 | AT12: ='APS Tubes by Date Import'!G11 -> 0
A13: RUN-BEND_2022-01-05_RFR-010 | B13: =VLOOKUP(A13,'Run Reconcile'!A$2:B259,2,FALSE) -> 44566 | C13: =COUNTIF('ALL Tube Results'!B12:B259, A13) -> 21 | D13: =COUNTIFS('ALL Tube Results'!$B12:$B259, $A13, 'ALL Tube Results'!$F12:$F259, "Negative") -> 18 | E13: =COUNTIFS('ALL Tube Results'!$B12:$B259, $A13, 'ALL Tube Results'!$F12:$F259, "Positive") -> 3 | F13: =COUNTIFS('ALL Tube Results'!$B12:$B259, $A13, 'ALL Tube Results'!$F12:$F259, "Inconclusive") -> 0 | G13: =IFERROR(VLOOKUP($A13,R$3:T269,3,FALSE),IFERROR(0/0,"") ) -> 21 | H13: =IF($C13=G13,IFERROR(0/0,""),$C13-G13) | I13: =IFERROR(VLOOKUP($A13,Y$3:AA269,3,FALSE),IFERROR(0/0,"") ) -> 21 | J13: =IFERROR(VLOOKUP($A13,Y$3:AD269,5,FALSE),IFERROR(0/0,"") ) -> 3 | K13: =IFERROR(VLOOKUP($A13,Y$3:AD269,6,FALSE),IFERROR(0/0,"")) -> 0 | L13: =IF($C13=I13,IFERROR(0/0,""),$C13-I13) | M13: =IF($E13=J13,IFERROR(0/0,""),$E13-J13) | N13: =IF($F13=K13,IFERROR(0/0,""),$F13-K13) | O13: =IFERROR(VLOOKUP($A13,AG$3:AI269,3,FALSE),IFERROR(0/0,"") ) -> 20 | P13: =IF($C13=O13,IFERROR(0/0,""),$C13-O13) -> 1 | R13: RUN-BEND_2022-01-05_RFR-010 | S13: 44566 | T13: =VLOOKUP(R13,'Run Reconcile'!$A$2:$L259,12,FALSE) -> 21 | U13: =IF(EXACT(A12,R12),IFERROR(0/0,""),FALSE) | Y13: =IFERROR(__xludf.DUMMYFUNCTION("""COMPUTED_VALUE"""),"RUN-BEND_2022-01-12_RFR-013") -> RUN-BEND_2022-01-12_RFR-013 | Z13: =IFERROR(__xludf.DUMMYFUNCTION("""COMPUTED_VALUE"""),44573.0) -> 44573 | AA13: {=INDEX('RFR Data - preExcl'!AK$2:AK259,$AE13,1)} -> 22 | AB13: =AA13-AC13-AD13 -> 18 | AC13: {=INDEX('RFR Data - preExcl'!AI$2:AI259,$AE13,1)} -> 4 | AD13: {=INDEX('RFR Data - preExcl'!AF$2:AF259,$AE13,1)} -> 0 | AE13: =IFNA(MATCH(Y13,'RFR Data - preExcl'!A$2:A259,0),"") -> 13 | AG13: RUN-BEND_2022-01-05_RFR-010 | AH13: =VLOOKUP(AG13,'Run Reconcile'!A$2:B259,2,FALSE) -> 44566 | AI13: =COUNTIF('APS Tubes Import'!$V$2:$V259, AG13) -> 20 | AJ13: =COUNTIFS('APS Tubes Import'!V$2:V259, AG13, 'APS Tubes Import'!H$2:H259, "Negative") -> 17 | AK13: =COUNTIFS('APS Tubes Import'!V$2:V259, AG13, 'APS Tubes Import'!H$2:H259, "Positive") -> 3 | AL13: =COUNTIFS('APS Tubes Import'!V$2:V259, AG13, 'APS Tubes Import'!H$2:H259, "Inconclusive") -> 0 | AM13: =COUNTIFS('APS Tubes Import'!V$2:V259, AG13, 'APS Tubes Import'!H$2:H259, "Null") -> 0 | AO13: ='APS Tubes by Date Import'!B12 -> 44559 | AP13: ='APS Tubes by Date Import'!C12 -> 4 | AQ13: ='APS Tubes by Date Import'!D12 -> 4 | AR13: ='APS Tubes by Date Import'!E12 -> 0 | AS13: ='APS Tubes by Date Import'!F12 -> 0 | AT13: ='APS Tubes by Date Import'!G12 -> 0
A14: RUN-BEND_2022-01-07_RFR-011 | B14: =VLOOKUP(A14,'Run Reconcile'!A$2:B259,2,FALSE) -> 44568 | C14: =COUNTIF('ALL Tube Results'!B13:B259, A14) -> 21 | D14: =COUNTIFS('ALL Tube Results'!$B13:$B259, $A14, 'ALL Tube Results'!$F13:$F259, "Negative") -> 17 | E14: =COUNTIFS('ALL Tube Results'!$B13:$B259, $A14, 'ALL Tube Results'!$F13:$F259, "Positive") -> 3 | F14: =COUNTIFS('ALL Tube Results'!$B13:$B259, $A14, 'ALL Tube Results'!$F13:$F259, "Inconclusive") -> 1 | G14: =IFERROR(VLOOKUP($A14,R$3:T270,3,FALSE),IFERROR(0/0,"") ) -> 21 | H14: =IF($C14=G14,IFERROR(0/0,""),$C14-G14) | I14: =IFERROR(VLOOKUP($A14,Y$3:AA270,3,FALSE),IFERROR(0/0,"") ) -> 21 | J14: =IFERROR(VLOOKUP($A14,Y$3:AD270,5,FALSE),IFERROR(0/0,"") ) -> 3 | K14: =IFERROR(VLOOKUP($A14,Y$3:AD270,6,FALSE),IFERROR(0/0,"")) -> 1 | L14: =IF($C14=I14,IFERROR(0/0,""),$C14-I14) | M14: =IF($E14=J14,IFERROR(0/0,""),$E14-J14) | N14: =IF($F14=K14,IFERROR(0/0,""),$F14-K14) | O14: =IFERROR(VLOOKUP($A14,AG$3:AI270,3,FALSE),IFERROR(0/0,"") ) -> 20 | P14: =IF($C14=O14,IFERROR(0/0,""),$C14-O14) -> 1 | R14: RUN-BEND_2022-01-07_RFR-011 | S14: 44568 | T14: =VLOOKUP(R14,'Run Reconcile'!$A$2:$L259,12,FALSE) -> 21 | U14: =IF(EXACT(A13,R13),IFERROR(0/0,""),FALSE) | Y14: =IFERROR(__xludf.DUMMYFUNCTION("""COMPUTED_VALUE"""),"RUN-BEND_2022-01-14_RFR-014") -> RUN-BEND_2022-01-14_RFR-014 | Z14: =IFERROR(__xludf.DUMMYFUNCTION("""COMPUTED_VALUE"""),44575.0) -> 44575 | AA14: {=INDEX('RFR Data - preExcl'!AK$2:AK259,$AE14,1)} -> 22 | AB14: =AA14-AC14-AD14 -> 15 | AC14: {=INDEX('RFR Data - preExcl'!AI$2:AI259,$AE14,1)} -> 7 | AD14: {=INDEX('RFR Data - preExcl'!AF$2:AF259,$AE14,1)} -> 0 | AE14: =IFNA(MATCH(Y14,'RFR Data - preExcl'!A$2:A259,0),"") -> 14 | AG14: RUN-BEND_2022-01-07_RFR-011 | AH14: =VLOOKUP(AG14,'Run Reconcile'!A$2:B259,2,FALSE) -> 44568 | AI14: =COUNTIF('APS Tubes Import'!$V$2:$V259, AG14) -> 20 | AJ14: =COUNTIFS('APS Tubes Import'!V$2:V259, AG14, 'APS Tubes Import'!H$2:H259, "Negative") -> 16 | AK14: =COUNTIFS('APS Tubes Import'!V$2:V259, AG14, 'APS Tubes Import'!H$2:H259, "Positive") -> 3 | AL14: =COUNTIFS('APS Tubes Import'!V$2:V259, AG14, 'APS Tubes Import'!H$2:H259, "Inconclusive") -> 1 | AM14: =COUNTIFS('APS Tubes Import'!V$2:V259, AG14, 'APS Tubes Import'!H$2:H259, "Null") -> 0 | AO14: ='APS Tubes by Date Import'!B13 -> 44561 | AP14: ='APS Tubes by Date Import'!C13 -> 8 | AQ14: ='APS Tubes by Date Import'!D13 -> 6 | AR14: ='APS Tubes by Date Import'!E13 -> 2 | AS14: ='APS Tubes by Date Import'!F13 -> 0 | AT14: ='APS Tubes by Date Import'!G13 -> 0
A15: RUN-BEND_2022-01-10_RFR-012 | B15: =VLOOKUP(A15,'Run Reconcile'!A$2:B259,2,FALSE) -> 44571 | C15: =COUNTIF('ALL Tube Results'!B14:B259, A15) -> 31 | D15: =COUNTIFS('ALL Tube Results'!$B14:$B259, $A15, 'ALL Tube Results'!$F14:$F259, "Negative") -> 24 | E15: =COUNTIFS('ALL Tube Results'!$B14:$B259, $A15, 'ALL Tube Results'!$F14:$F259, "Positive") -> 7 | F15: =COUNTIFS('ALL Tube Results'!$B14:$B259, $A15, 'ALL Tube Results'!$F14:$F259, "Inconclusive") -> 0 | G15: =IFERROR(VLOOKUP($A15,R$3:T271,3,FALSE),IFERROR(0/0,"") ) -> 31 | H15: =IF($C15=G15,IFERROR(0/0,""),$C15-G15) | I15: =IFERROR(VLOOKUP($A15,Y$3:AA271,3,FALSE),IFERROR(0/0,"") ) -> 31 | J15: =IFERROR(VLOOKUP($A15,Y$3:AD271,5,FALSE),IFERROR(0/0,"") ) -> 8 | K15: =IFERROR(VLOOKUP($A15,Y$3:AD271,6,FALSE),IFERROR(0/0,"")) -> 2 | L15: =IF($C15=I15,IFERROR(0/0,""),$C15-I15) | M15: =IF($E15=J15,IFERROR(0/0,""),$E15-J15) -> -1 | N15: =IF($F15=K15,IFERROR(0/0,""),$F15-K15) -> -2 | O15: =IFERROR(VLOOKUP($A15,AG$3:AI271,3,FALSE),IFERROR(0/0,"") ) -> 31 | P15: =IF($C15=O15,IFERROR(0/0,""),$C15-O15) | R15: RUN-BEND_2022-01-10_RFR-012 | S15: 44571 | T15: =VLOOKUP(R15,'Run Reconcile'!$A$2:$L259,12,FALSE) -> 31 | U15: =IF(EXACT(A14,R14),IFERROR(0/0,""),FALSE) | Y15: =IFERROR(__xludf.DUMMYFUNCTION("""COMPUTED_VALUE"""),"RUN-BEND_2022-01-19_RFR-015") -> RUN-BEND_2022-01-19_RFR-015 | Z15: =IFERROR(__xludf.DUMMYFUNCTION("""COMPUTED_VALUE"""),44580.0) -> 44580 | AA15: {=INDEX('RFR Data - preExcl'!AK$2:AK259,$AE15,1)} -> 33 | AB15: =AA15-AC15-AD15 -> 24 | AC15: {=INDEX('RFR Data - preExcl'!AI$2:AI259,$AE15,1)} -> 9 | AD15: {=INDEX('RFR Data - preExcl'!AF$2:AF259,$AE15,1)} -> 0 | AE15: =IFNA(MATCH(Y15,'RFR Data - preExcl'!A$2:A259,0),"") -> 15 | AG15: RUN-BEND_2022-01-10_RFR-012 | AH15: =VLOOKUP(AG15,'Run Reconcile'!A$2:B259,2,FALSE) -> 44571 | AI15: =COUNTIF('APS Tubes Import'!$V$2:$V259, AG15) -> 31 | AJ15: =COUNTIFS('APS Tubes Import'!V$2:V259, AG15, 'APS Tubes Import'!H$2:H259, "Negative") -> 24 | AK15: =COUNTIFS('APS Tubes Import'!V$2:V259, AG15, 'APS Tubes Import'!H$2:H259, "Positive") -> 7 | AL15: =COUNTIFS('APS Tubes Import'!V$2:V259, AG15, 'APS Tubes Import'!H$2:H259, "Inconclusive") -> 0 | AM15: =COUNTIFS('APS Tubes Import'!V$2:V259, AG15, 'APS Tubes Import'!H$2:H259, "Null") -> 0 | AO15: ='APS Tubes by Date Import'!B14 -> 44564 | AP15: ='APS Tubes by Date Import'!C14 -> 14 | AQ15: ='APS Tubes by Date Import'!D14 -> 10 | AR15: ='APS Tubes by Date Import'!E14 -> 4 | AS15: ='APS Tubes by Date Import'!F14 -> 0 | AT15: ='APS Tubes by Date Import'!G14 -> 0
A16: RUN-BEND_2022-01-12_RFR-013 | B16: =VLOOKUP(A16,'Run Reconcile'!A$2:B259,2,FALSE) -> 44573 | C16: =COUNTIF('ALL Tube Results'!B15:B259, A16) -> 22 | D16: =COUNTIFS('ALL Tube Results'!$B15:$B259, $A16, 'ALL Tube Results'!$F15:$F259, "Negative") -> 18 | E16: =COUNTIFS('ALL Tube Results'!$B15:$B259, $A16, 'ALL Tube Results'!$F15:$F259, "Positive") -> 4 | F16: =COUNTIFS('ALL Tube Results'!$B15:$B259, $A16, 'ALL Tube Results'!$F15:$F259, "Inconclusive") -> 0 | G16: =IFERROR(VLOOKUP($A16,R$3:T272,3,FALSE),IFERROR(0/0,"") ) -> 22 | H16: =IF($C16=G16,IFERROR(0/0,""),$C16-G16) | I16: =IFERROR(VLOOKUP($A16,Y$3:AA272,3,FALSE),IFERROR(0/0,"") ) -> 22 | J16: =IFERROR(VLOOKUP($A16,Y$3:AD272,5,FALSE),IFERROR(0/0,"") ) -> 4 | K16: =IFERROR(VLOOKUP($A16,Y$3:AD272,6,FALSE),IFERROR(0/0,"")) -> 0 | L16: =IF($C16=I16,IFERROR(0/0,""),$C16-I16) | M16: =IF($E16=J16,IFERROR(0/0,""),$E16-J16) | N16: =IF($F16=K16,IFERROR(0/0,""),$F16-K16) | O16: =IFERROR(VLOOKUP($A16,AG$3:AI272,3,FALSE),IFERROR(0/0,"") ) -> 22 | P16: =IF($C16=O16,IFERROR(0/0,""),$C16-O16) | R16: RUN-BEND_2022-01-12_RFR-013 | S16: 44573 | T16: =VLOOKUP(R16,'Run Reconcile'!$A$2:$L259,12,FALSE) -> 22 | U16: =IF(EXACT(A15,R15),IFERROR(0/0,""),FALSE) | Y16: =IFERROR(__xludf.DUMMYFUNCTION("""COMPUTED_VALUE"""),"RUN-BEND_2022-01-19_RFR-016") -> RUN-BEND_2022-01-19_RFR-016 | Z16: =IFERROR(__xludf.DUMMYFUNCTION("""COMPUTED_VALUE"""),44580.0) -> 44580 | AA16: {=INDEX('RFR Data - preExcl'!AK$2:AK259,$AE16,1)} -> 16 | AB16: =AA16-AC16-AD16 -> 10 | AC16: {=INDEX('RFR Data - preExcl'!AI$2:AI259,$AE16,1)} -> 6 | AD16: {=INDEX('RFR Data - preExcl'!AF$2:AF259,$AE16,1)} -> 0 | AE16: =IFNA(MATCH(Y16,'RFR Data - preExcl'!A$2:A259,0),"") -> 16 | AG16: RUN-BEND_2022-01-12_RFR-013 | AH16: =VLOOKUP(AG16,'Run Reconcile'!A$2:B259,2,FALSE) -> 44573 | AI16: =COUNTIF('APS Tubes Import'!$V$2:$V259, AG16) -> 22 | AJ16: =COUNTIFS('APS Tubes Import'!V$2:V259, AG16, 'APS Tubes Import'!H$2:H259, "Negative") -> 18 | AK16: =COUNTIFS('APS Tubes Import'!V$2:V259, AG16, 'APS Tubes Import'!H$2:H259, "Positive") -> 4 | AL16: =COUNTIFS('APS Tubes Import'!V$2:V259, AG16, 'APS Tubes Import'!H$2:H259, "Inconclusive") -> 0 | AM16: =COUNTIFS('APS Tubes Import'!V$2:V259, AG16, 'APS Tubes Import'!H$2:H259, "Null") -> 0 | AO16: ='APS Tubes by Date Import'!B15 -> 44565 | AP16: ='APS Tubes by Date Import'!C15 -> 2 | AQ16: ='APS Tubes by Date Import'!D15 -> 2 | AR16: ='APS Tubes by Date Import'!E15 -> 0 | AS16: ='APS Tubes by Date Import'!F15 -> 0 | AT16: ='APS Tubes by Date Import'!G15 -> 0
A17: RUN-BEND_2022-01-14_RFR-014 | B17: =VLOOKUP(A17,'Run Reconcile'!A$2:B259,2,FALSE) -> 44575 | C17: =COUNTIF('ALL Tube Results'!B16:B259, A17) -> 22 | D17: =COUNTIFS('ALL Tube Results'!$B16:$B259, $A17, 'ALL Tube Results'!$F16:$F259, "Negative") -> 15 | E17: =COUNTIFS('ALL Tube Results'!$B16:$B259, $A17, 'ALL Tube Results'!$F16:$F259, "Positive") -> 7 | F17: =COUNTIFS('ALL Tube Results'!$B16:$B259, $A17, 'ALL Tube Results'!$F16:$F259, "Inconclusive") -> 0 | G17: =IFERROR(VLOOKUP($A17,R$3:T273,3,FALSE),IFERROR(0/0,"") ) -> 22 | H17: =IF($C17=G17,IFERROR(0/0,""),$C17-G17) | I17: =IFERROR(VLOOKUP($A17,Y$3:AA273,3,FALSE),IFERROR(0/0,"") ) -> 22 | J17: =IFERROR(VLOOKUP($A17,Y$3:AD273,5,FALSE),IFERROR(0/0,"") ) -> 7 | K17: =IFERROR(VLOOKUP($A17,Y$3:AD273,6,FALSE),IFERROR(0/0,"")) -> 0 | L17: =IF($C17=I17,IFERROR(0/0,""),$C17-I17) | M17: =IF($E17=J17,IFERROR(0/0,""),$E17-J17) | N17: =IF($F17=K17,IFERROR(0/0,""),$F17-K17) | O17: =IFERROR(VLOOKUP($A17,AG$3:AI273,3,FALSE),IFERROR(0/0,"") ) -> 22 | P17: =IF($C17=O17,IFERROR(0/0,""),$C17-O17) | R17: RUN-BEND_2022-01-14_RFR-014 | S17: 44575 | T17: =VLOOKUP(R17,'Run Reconcile'!$A$2:$L259,12,FALSE) -> 22 | U17: =IF(EXACT(A16,R16),IFERROR(0/0,""),FALSE) | Y17: =IFERROR(__xludf.DUMMYFUNCTION("""COMPUTED_VALUE"""),"RUN-BEND_2022-01-21_RFR-017") -> RUN-BEND_2022-01-21_RFR-017 | Z17: =IFERROR(__xludf.DUMMYFUNCTION("""COMPUTED_VALUE"""),44582.0) -> 44582 | AA17: {=INDEX('RFR Data - preExcl'!AK$2:AK259,$AE17,1)} -> 14 | AB17: =AA17-AC17-AD17 -> 7 | AC17: {=INDEX('RFR Data - preExcl'!AI$2:AI259,$AE17,1)} -> 7 | AD17: {=INDEX('RFR Data - preExcl'!AF$2:AF259,$AE17,1)} -> 0 | AE17: =IFNA(MATCH(Y17,'RFR Data - preExcl'!A$2:A259,0),"") -> 17 | AG17: RUN-BEND_2022-01-14_RFR-014 | AH17: =VLOOKUP(AG17,'Run Reconcile'!A$2:B259,2,FALSE) -> 44575 | AI17: =COUNTIF('APS Tubes Import'!$V$2:$V259, AG17) -> 22 | AJ17: =COUNTIFS('APS Tubes Import'!V$2:V259, AG17, 'APS Tubes Import'!H$2:H259, "Negative") -> 15 | AK17: =COUNTIFS('APS Tubes Import'!V$2:V259, AG17, 'APS Tubes Import'!H$2:H259, "Positive") -> 7 | AL17: =COUNTIFS('APS Tubes Import'!V$2:V259, AG17, 'APS Tubes Import'!H$2:H259, "Inconclusive") -> 0 | AM17: =COUNTIFS('APS Tubes Import'!V$2:V259, AG17, 'APS Tubes Import'!H$2:H259, "Null") -> 0 | AO17: ='APS Tubes by Date Import'!B16 -> 44566 | AP17: ='APS Tubes by Date Import'!C16 -> 18 | AQ17: ='APS Tubes by Date Import'!D16 -> 15 | AR17: ='APS Tubes by Date Import'!E16 -> 3 | AS17: ='APS Tubes by Date Import'!F16 -> 0 | AT17: ='APS Tubes by Date Import'!G16 -> 0
A18: RUN-BEND_2022-01-19_RFR-015 | B18: =VLOOKUP(A18,'Run Reconcile'!A$2:B259,2,FALSE) -> 44580 | C18: =COUNTIF('ALL Tube Results'!B17:B259, A18) -> 33 | D18: =COUNTIFS('ALL Tube Results'!$B17:$B259, $A18, 'ALL Tube Results'!$F17:$F259, "Negative") -> 24 | E18: =COUNTIFS('ALL Tube Results'!$B17:$B259, $A18, 'ALL Tube Results'!$F17:$F259, "Positive") -> 9 | F18: =COUNTIFS('ALL Tube Results'!$B17:$B259, $A18, 'ALL Tube Results'!$F17:$F259, "Inconclusive") -> 0 | G18: =IFERROR(VLOOKUP($A18,R$3:T274,3,FALSE),IFERROR(0/0,"") ) -> 33 | H18: =IF($C18=G18,IFERROR(0/0,""),$C18-G18) | I18: =IFERROR(VLOOKUP($A18,Y$3:AA274,3,FALSE),IFERROR(0/0,"") ) -> 33 | J18: =IFERROR(VLOOKUP($A18,Y$3:AD274,5,FALSE),IFERROR(0/0,"") ) -> 9 | K18: =IFERROR(VLOOKUP($A18,Y$3:AD274,6,FALSE),IFERROR(0/0,"")) -> 0 | L18: =IF($C18=I18,IFERROR(0/0,""),$C18-I18) | M18: =IF($E18=J18,IFERROR(0/0,""),$E18-J18) | N18: =IF($F18=K18,IFERROR(0/0,""),$F18-K18) | O18: =IFERROR(VLOOKUP($A18,AG$3:AI274,3,FALSE),IFERROR(0/0,"") ) -> 33 | P18: =IF($C18=O18,IFERROR(0/0,""),$C18-O18) | R18: RUN-BEND_2022-01-19_RFR-015 | S18: 44580 | T18: =VLOOKUP(R18,'Run Reconcile'!$A$2:$L259,12,FALSE) -> 33 | U18: =IF(EXACT(A17,R17),IFERROR(0/0,""),FALSE) | Y18: =IFERROR(__xludf.DUMMYFUNCTION("""COMPUTED_VALUE"""),"RUN-BEND_2022-01-24_RFR-019") -> RUN-BEND_2022-01-24_RFR-019 | Z18: =IFERROR(__xludf.DUMMYFUNCTION("""COMPUTED_VALUE"""),44585.0) -> 44585 | AA18: {=INDEX('RFR Data - preExcl'!AK$2:AK259,$AE18,1)} -> 16 | AB18: =AA18-AC18-AD18 -> 11 | AC18: {=INDEX('RFR Data - preExcl'!AI$2:AI259,$AE18,1)} -> 4 | AD18: {=INDEX('RFR Data - preExcl'!AF$2:AF259,$AE18,1)} -> 1 | AE18: =IFNA(MATCH(Y18,'RFR Data - preExcl'!A$2:A259,0),"") -> 19 | AG18: RUN-BEND_2022-01-19_RFR-015 | AH18: =VLOOKUP(AG18,'Run Reconcile'!A$2:B259,2,FALSE) -> 44580 | AI18: =COUNTIF('APS Tubes Import'!$V$2:$V259, AG18) -> 33 | AJ18: =COUNTIFS('APS Tubes Import'!V$2:V259, AG18, 'APS Tubes Import'!H$2:H259, "Negative") -> 24 | AK18: =COUNTIFS('APS Tubes Import'!V$2:V259, AG18, 'APS Tubes Import'!H$2:H259, "Positive") -> 9 | AL18: =COUNTIFS('APS Tubes Import'!V$2:V259, AG18, 'APS Tubes Import'!H$2:H259, "Inconclusive") -> 0 | AM18: =COUNTIFS('APS Tubes Import'!V$2:V259, AG18, 'APS Tubes Import'!H$2:H259, "Null") -> 0 | AO18: ='APS Tubes by Date Import'!B17 -> 44567 | AP18: ='APS Tubes by Date Import'!C17 -> 4 | AQ18: ='APS Tubes by Date Import'!D17 -> 4 | AR18: ='APS Tubes by Date Import'!E17 -> 0 | AS18: ='APS Tubes by Date Import'!F17 -> 0 | AT18: ='APS Tubes by Date Import'!G17 -> 0
A19: RUN-BEND_2022-01-19_RFR-016 | B19: =VLOOKUP(A19,'Run Reconcile'!A$2:B259,2,FALSE) -> 44580 | C19: =COUNTIF('ALL Tube Results'!B18:B259, A19) -> 15 | D19: =COUNTIFS('ALL Tube Results'!$B18:$B259, $A19, 'ALL Tube Results'!$F18:$F259, "Negative") -> 9 | E19: =COUNTIFS('ALL Tube Results'!$B18:$B259, $A19, 'ALL Tube Results'!$F18:$F259, "Positive") -> 6 | F19: =COUNTIFS('ALL Tube Results'!$B18:$B259, $A19, 'ALL Tube Results'!$F18:$F259, "Inconclusive") -> 0 | G19: =IFERROR(VLOOKUP($A19,R$3:T275,3,FALSE),IFERROR(0/0,"") ) -> 15 | H19: =IF($C19=G19,IFERROR(0/0,""),$C19-G19) | I19: =IFERROR(VLOOKUP($A19,Y$3:AA275,3,FALSE),IFERROR(0/0,"") ) -> 16 | J19: =IFERROR(VLOOKUP($A19,Y$3:AD275,5,FALSE),IFERROR(0/0,"") ) -> 6 | K19: =IFERROR(VLOOKUP($A19,Y$3:AD275,6,FALSE),IFERROR(0/0,"")) -> 0 | L19: =IF($C19=I19,IFERROR(0/0,""),$C19-I19) -> -1 | M19: =IF($E19=J19,IFERROR(0/0,""),$E19-J19) | N19: =IF($F19=K19,IFERROR(0/0,""),$F19-K19) | O19: =IFERROR(VLOOKUP($A19,AG$3:AI275,3,FALSE),IFERROR(0/0,"") ) -> 15 | P19: =IF($C19=O19,IFERROR(0/0,""),$C19-O19) | R19: RUN-BEND_2022-01-19_RFR-016 | S19: 44580 | T19: =VLOOKUP(R19,'Run Reconcile'!$A$2:$L259,12,FALSE) -> 15 | U19: =IF(EXACT(A18,R18),IFERROR(0/0,""),FALSE) | Y19: =IFERROR(__xludf.DUMMYFUNCTION("""COMPUTED_VALUE"""),"RUN-BEND_2022-01-26_RFR-020") -> RUN-BEND_2022-01-26_RFR-020 | Z19: =IFERROR(__xludf.DUMMYFUNCTION("""COMPUTED_VALUE"""),44587.0) -> 44587 | AA19: {=INDEX('RFR Data - preExcl'!AK$2:AK259,$AE19,1)} -> 13 | AB19: =AA19-AC19-AD19 -> 13 | AC19: {=INDEX('RFR Data - preExcl'!AI$2:AI259,$AE19,1)} -> 0 | AD19: {=INDEX('RFR Data - preExcl'!AF$2:AF259,$AE19,1)} -> 0 | AE19: =IFNA(MATCH(Y19,'RFR Data - preExcl'!A$2:A259,0),"") -> 20 | AG19: RUN-BEND_2022-01-19_RFR-016 | AH19: =VLOOKUP(AG19,'Run Reconcile'!A$2:B259,2,FALSE) -> 44580 | AI19: =COUNTIF('APS Tubes Import'!$V$2:$V259, AG19) -> 15 | AJ19: =COUNTIFS('APS Tubes Import'!V$2:V259, AG19, 'APS Tubes Import'!H$2:H259, "Negative") -> 9 | AK19: =COUNTIFS('APS Tubes Import'!V$2:V259, AG19, 'APS Tubes Import'!H$2:H259, "Positive") -> 6 | AL19: =COUNTIFS('APS Tubes Import'!V$2:V259, AG19, 'APS Tubes Import'!H$2:H259, "Inconclusive") -> 0 | AM19: =COUNTIFS('APS Tubes Import'!V$2:V259, AG19, 'APS Tubes Import'!H$2:H259, "Null") -> 0 | AO19: ='APS Tubes by Date Import'!B18 -> 44568 | AP19: ='APS Tubes by Date Import'!C18 -> 16 | AQ19: ='APS Tubes by Date Import'!D18 -> 12 | AR19: ='APS Tubes by Date Import'!E18 -> 3 | AS19: ='APS Tubes by Date Import'!F18 -> 1 | AT19: ='APS Tubes by Date Import'!G18 -> 0
A20: RUN-BEND_2022-01-21_RFR-017 | B20: =VLOOKUP(A20,'Run Reconcile'!A$2:B259,2,FALSE) -> 44582 | C20: =COUNTIF('ALL Tube Results'!B19:B259, A20) -> 15 | D20: =COUNTIFS('ALL Tube Results'!$B19:$B259, $A20, 'ALL Tube Results'!$F19:$F259, "Negative") -> 7 | E20: =COUNTIFS('ALL Tube Results'!$B19:$B259, $A20, 'ALL Tube Results'!$F19:$F259, "Positive") -> 8 | F20: =COUNTIFS('ALL Tube Results'!$B19:$B259, $A20, 'ALL Tube Results'!$F19:$F259, "Inconclusive") -> 0 | G20: =IFERROR(VLOOKUP($A20,R$3:T276,3,FALSE),IFERROR(0/0,"") ) -> 15 | H20: =IF($C20=G20,IFERROR(0/0,""),$C20-G20) | I20: =IFERROR(VLOOKUP($A20,Y$3:AA276,3,FALSE),IFERROR(0/0,"") ) -> 14 | J20: =IFERROR(VLOOKUP($A20,Y$3:AD276,5,FALSE),IFERROR(0/0,"") ) -> 7 | K20: =IFERROR(VLOOKUP($A20,Y$3:AD276,6,FALSE),IFERROR(0/0,"")) -> 0 | L20: =IF($C20=I20,IFERROR(0/0,""),$C20-I20) -> 1 | M20: =IF($E20=J20,IFERROR(0/0,""),$E20-J20) -> 1 | N20: =IF($F20=K20,IFERROR(0/0,""),$F20-K20) | O20: =IFERROR(VLOOKUP($A20,AG$3:AI276,3,FALSE),IFERROR(0/0,"") ) -> 15 | P20: =IF($C20=O20,IFERROR(0/0,""),$C20-O20) | R20: RUN-BEND_2022-01-21_RFR-017 | S20: 44582 | T20: =VLOOKUP(R20,'Run Reconcile'!$A$2:$L259,12,FALSE) -> 15 | U20: =IF(EXACT(A19,R19),IFERROR(0/0,""),FALSE) | Y20: =IFERROR(__xludf.DUMMYFUNCTION("""COMPUTED_VALUE"""),"RUN-BEND_2022-01-28_RFR-022") -> RUN-BEND_2022-01-28_RFR-022 | Z20: =IFERROR(__xludf.DUMMYFUNCTION("""COMPUTED_VALUE"""),44589.0) -> 44589 | AA20: {=INDEX('RFR Data - preExcl'!AK$2:AK259,$AE20,1)} -> 7 | AB20: =AA20-AC20-AD20 -> 7 | AC20: {=INDEX('RFR Data - preExcl'!AI$2:AI259,$AE20,1)} -> 0 | AD20: {=INDEX('RFR Data - preExcl'!AF$2:AF259,$AE20,1)} -> 0 | AE20: =IFNA(MATCH(Y20,'RFR Data - preExcl'!A$2:A259,0),"") -> 22 | AG20: RUN-BEND_2022-01-21_RFR-017 | AH20: =VLOOKUP(AG20,'Run Reconcile'!A$2:B259,2,FALSE) -> 44582 | AI20: =COUNTIF('APS Tubes Import'!$V$2:$V259, AG20) -> 15 | AJ20: =COUNTIFS('APS Tubes Import'!V$2:V259, AG20, 'APS Tubes Import'!H$2:H259, "Negative") -> 7 | AK20: =COUNTIFS('APS Tubes Import'!V$2:V259, AG20, 'APS Tubes Import'!H$2:H259, "Positive") -> 8 | AL20: =COUNTIFS('APS Tubes Import'!V$2:V259, AG20, 'APS Tubes Import'!H$2:H259, "Inconclusive") -> 0 | AM20: =COUNTIFS('APS Tubes Import'!V$2:V259, AG20, 'APS Tubes Import'!H$2:H259, "Null") -> 0 | AO20: ='APS Tubes by Date Import'!B19 -> 44571 | AP20: ='APS Tubes by Date Import'!C19 -> 31 | AQ20: ='APS Tubes by Date Import'!D19 -> 24 | AR20: ='APS Tubes by Date Import'!E19 -> 7 | AS20: ='APS Tubes by Date Import'!F19 -> 0 | AT20: ='APS Tubes by Date Import'!G19 -> 0
A21: RUN-BEND_2022-01-24_RFR-019 | B21: =VLOOKUP(A21,'Run Reconcile'!A$2:B259,2,FALSE) -> 44585 | C21: =COUNTIF('ALL Tube Results'!B20:B259, A21) -> 16 | D21: =COUNTIFS('ALL Tube Results'!$B20:$B259, $A21, 'ALL Tube Results'!$F20:$F259, "Negative") -> 12 | E21: =COUNTIFS('ALL Tube Results'!$B20:$B259, $A21, 'ALL Tube Results'!$F20:$F259, "Positive") -> 4 | F21: =COUNTIFS('ALL Tube Results'!$B20:$B259, $A21, 'ALL Tube Results'!$F20:$F259, "Inconclusive") -> 0 | G21: =IFERROR(VLOOKUP($A21,R$3:T277,3,FALSE),IFERROR(0/0,"") ) -> 16 | H21: =IF($C21=G21,IFERROR(0/0,""),$C21-G21) | I21: =IFERROR(VLOOKUP($A21,Y$3:AA277,3,FALSE),IFERROR(0/0,"") ) -> 16 | J21: =IFERROR(VLOOKUP($A21,Y$3:AD277,5,FALSE),IFERROR(0/0,"") ) -> 4 | K21: =IFERROR(VLOOKUP($A21,Y$3:AD277,6,FALSE),IFERROR(0/0,"")) -> 1 | L21: =IF($C21=I21,IFERROR(0/0,""),$C21-I21) | M21: =IF($E21=J21,IFERROR(0/0,""),$E21-J21) | N21: =IF($F21=K21,IFERROR(0/0,""),$F21-K21) -> -1 | O21: =IFERROR(VLOOKUP($A21,AG$3:AI277,3,FALSE),IFERROR(0/0,"") ) -> 16 | P21: =IF($C21=O21,IFERROR(0/0,""),$C21-O21) | R21: RUN-BEND_2022-01-24_RFR-019 | S21: 44585 | T21: =VLOOKUP(R21,'Run Reconcile'!$A$2:$L259,12,FALSE) -> 16 | U21: =IF(EXACT(A20,R20),IFERROR(0/0,""),FALSE) | Y21: =IFERROR(__xludf.DUMMYFUNCTION("""COMPUTED_VALUE"""),"RUN-BEND_2022-01-31_RFR-024") -> RUN-BEND_2022-01-31_RFR-024 | Z21: =IFERROR(__xludf.DUMMYFUNCTION("""COMPUTED_VALUE"""),44592.0) -> 44592 | AA21: {=INDEX('RFR Data - preExcl'!AK$2:AK259,$AE21,1)} -> 10 | AB21: =AA21-AC21-AD21 -> 10 | AC21: {=INDEX('RFR Data - preExcl'!AI$2:AI259,$AE21,1)} -> 0 | AD21: {=INDEX('RFR Data - preExcl'!AF$2:AF259,$AE21,1)} -> 0 | AE21: =IFNA(MATCH(Y21,'RFR Data - preExcl'!A$2:A259,0),"") -> 24 | AG21: RUN-BEND_2022-01-24_RFR-019 | AH21: =VLOOKUP(AG21,'Run Reconcile'!A$2:B259,2,FALSE) -> 44585 | AI21: =COUNTIF('APS Tubes Import'!$V$2:$V259, AG21) -> 16 | AJ21: =COUNTIFS('APS Tubes Import'!V$2:V259, AG21, 'APS Tubes Import'!H$2:H259, "Negative") -> 12 | AK21: =COUNTIFS('APS Tubes Import'!V$2:V259, AG21, 'APS Tubes Import'!H$2:H259, "Positive") -> 4 | AL21: =COUNTIFS('APS Tubes Import'!V$2:V259, AG21, 'APS Tubes Import'!H$2:H259, "Inconclusive") -> 0 | AM21: =COUNTIFS('APS Tubes Import'!V$2:V259, AG21, 'APS Tubes Import'!H$2:H259, "Null") -> 0 | AO21: ='APS Tubes by Date Import'!B20 -> 44573 | AP21: ='APS Tubes by Date Import'!C20 -> 22 | AQ21: ='APS Tubes by Date Import'!D20 -> 18 | AR21: ='APS Tubes by Date Import'!E20 -> 4 | AS21: ='APS Tubes by Date Import'!F20 -> 0 | AT21: ='APS Tubes by Date Import'!G20 -> 0
A22: RUN-BEND_2022-01-26_RFR-020 | B22: =VLOOKUP(A22,'Run Reconcile'!A$2:B259,2,FALSE) -> 44587 | C22: =COUNTIF('ALL Tube Results'!B21:B259, A22) -> 13 | D22: =COUNTIFS('ALL Tube Results'!$B21:$B259, $A22, 'ALL Tube Results'!$F21:$F259, "Negative") -> 13 | E22: =COUNTIFS('ALL Tube Results'!$B21:$B259, $A22, 'ALL Tube Results'!$F21:$F259, "Positive") -> 0 | F22: =COUNTIFS('ALL Tube Results'!$B21:$B259, $A22, 'ALL Tube Results'!$F21:$F259, "Inconclusive") -> 0 | G22: =IFERROR(VLOOKUP($A22,R$3:T278,3,FALSE),IFERROR(0/0,"") ) -> 13 | H22: =IF($C22=G22,IFERROR(0/0,""),$C22-G22) | I22: =IFERROR(VLOOKUP($A22,Y$3:AA278,3,FALSE),IFERROR(0/0,"") ) -> 13 | J22: =IFERROR(VLOOKUP($A22,Y$3:AD278,5,FALSE),IFERROR(0/0,"") ) -> 0 | K22: =IFERROR(VLOOKUP($A22,Y$3:AD278,6,FALSE),IFERROR(0/0,"")) -> 0 | L22: =IF($C22=I22,IFERROR(0/0,""),$C22-I22) | M22: =IF($E22=J22,IFERROR(0/0,""),$E22-J22) | N22: =IF($F22=K22,IFERROR(0/0,""),$F22-K22) | O22: =IFERROR(VLOOKUP($A22,AG$3:AI278,3,FALSE),IFERROR(0/0,"") ) -> 13 | P22: =IF($C22=O22,IFERROR(0/0,""),$C22-O22) | R22: RUN-BEND_2022-01-26_RFR-020 | S22: 44587 | T22: =VLOOKUP(R22,'Run Reconcile'!$A$2:$L259,12,FALSE) -> 13 | U22: =IF(EXACT(A21,R21),IFERROR(0/0,""),FALSE) | Y22: =IFERROR(__xludf.DUMMYFUNCTION("""COMPUTED_VALUE"""),"RUN-BEND_2022-02-02_RFR-025") -> RUN-BEND_2022-02-02_RFR-025 | Z22: =IFERROR(__xludf.DUMMYFUNCTION("""COMPUTED_VALUE"""),44594.0) -> 44594 | AA22: {=INDEX('RFR Data - preExcl'!AK$2:AK259,$AE22,1)} -> 10 | AB22: =AA22-AC22-AD22 -> 9 | AC22: {=INDEX('RFR Data - preExcl'!AI$2:AI259,$AE22,1)} -> 1 | AD22: {=INDEX('RFR Data - preExcl'!AF$2:AF259,$AE22,1)} -> 0 | AE22: =IFNA(MATCH(Y22,'RFR Data - preExcl'!A$2:A259,0),"") -> 25 | AG22: RUN-BEND_2022-01-26_RFR-020 | AH22: =VLOOKUP(AG22,'Run Reconcile'!A$2:B259,2,FALSE) -> 44587 | AI22: =COUNTIF('APS Tubes Import'!$V$2:$V259, AG22) -> 13 | AJ22: =COUNTIFS('APS Tubes Import'!V$2:V259, AG22, 'APS Tubes Import'!H$2:H259, "Negative") -> 13 | AK22: =COUNTIFS('APS Tubes Import'!V$2:V259, AG22, 'APS Tubes Import'!H$2:H259, "Positive") -> 0 | AL22: =COUNTIFS('APS Tubes Import'!V$2:V259, AG22, 'APS Tubes Import'!H$2:H259, "Inconclusive") -> 0 | AM22: =COUNTIFS('APS Tubes Import'!V$2:V259, AG22, 'APS Tubes Import'!H$2:H259, "Null") -> 0 | AO22: ='APS Tubes by Date Import'!B21 -> 44574 | AP22: ='APS Tubes by Date Import'!C21 -> 5 | AQ22: ='APS Tubes by Date Import'!D21 -> 3 | AR22: ='APS Tubes by Date Import'!E21 -> 2 | AS22: ='APS Tubes by Date Import'!F21 -> 0 | AT22: ='APS Tubes by Date Import'!G21 -> 0
A23: RUN-BEND_2022-01-28_RFR-022 | B23: =VLOOKUP(A23,'Run Reconcile'!A$2:B259,2,FALSE) -> 44589 | C23: =COUNTIF('ALL Tube Results'!B22:B259, A23) -> 7 | D23: =COUNTIFS('ALL Tube Results'!$B22:$B259, $A23, 'ALL Tube Results'!$F22:$F259, "Negative") -> 7 | E23: =COUNTIFS('ALL Tube Results'!$B22:$B259, $A23, 'ALL Tube Results'!$F22:$F259, "Positive") -> 0 | F23: =COUNTIFS('ALL Tube Results'!$B22:$B259, $A23, 'ALL Tube Results'!$F22:$F259, "Inconclusive") -> 0 | G23: =IFERROR(VLOOKUP($A23,R$3:T279,3,FALSE),IFERROR(0/0,"") ) -> 7 | H23: =IF($C23=G23,IFERROR(0/0,""),$C23-G23) | I23: =IFERROR(VLOOKUP($A23,Y$3:AA279,3,FALSE),IFERROR(0/0,"") ) -> 7 | J23: =IFERROR(VLOOKUP($A23,Y$3:AD279,5,FALSE),IFERROR(0/0,"") ) -> 0 | K23: =IFERROR(VLOOKUP($A23,Y$3:AD279,6,FALSE),IFERROR(0/0,"")) -> 0 | L23: =IF($C23=I23,IFERROR(0/0,""),$C23-I23) | M23: =IF($E23=J23,IFERROR(0/0,""),$E23-J23) | N23: =IF($F23=K23,IFERROR(0/0,""),$F23-K23) | O23: =IFERROR(VLOOKUP($A23,AG$3:AI279,3,FALSE),IFERROR(0/0,"") ) -> 7 | P23: =IF($C23=O23,IFERROR(0/0,""),$C23-O23) | R23: RUN-BEND_2022-01-28_RFR-022 | S23: 44589 | T23: =VLOOKUP(R23,'Run Reconcile'!$A$2:$L259,12,FALSE) -> 7 | U23: =IF(EXACT(A22,R22),IFERROR(0/0,""),FALSE) | Y23: =IFERROR(__xludf.DUMMYFUNCTION("""COMPUTED_VALUE"""),"RUN-BEND_2022-02-04_RFR-026") -> RUN-BEND_2022-02-04_RFR-026 | Z23: =IFERROR(__xludf.DUMMYFUNCTION("""COMPUTED_VALUE"""),44596.0) -> 44596 | AA23: {=INDEX('RFR Data - preExcl'!AK$2:AK259,$AE23,1)} -> 6 | AB23: =AA23-AC23-AD23 -> 6 | AC23: {=INDEX('RFR Data - preExcl'!AI$2:AI259,$AE23,1)} -> 0 | AD23: {=INDEX('RFR Data - preExcl'!AF$2:AF259,$AE23,1)} -> 0 | AE23: =IFNA(MATCH(Y23,'RFR Data - preExcl'!A$2:A259,0),"") -> 26 | AG23: RUN-BEND_2022-01-28_RFR-022 | AH23: =VLOOKUP(AG23,'Run Reconcile'!A$2:B259,2,FALSE) -> 44589 | AI23: =COUNTIF('APS Tubes Import'!$V$2:$V259, AG23) -> 7 | AJ23: =COUNTIFS('APS Tubes Import'!V$2:V259, AG23, 'APS Tubes Import'!H$2:H259, "Negative") -> 7 | AK23: =COUNTIFS('APS Tubes Import'!V$2:V259, AG23, 'APS Tubes Import'!H$2:H259, "Positive") -> 0 | AL23: =COUNTIFS('APS Tubes Import'!V$2:V259, AG23, 'APS Tubes Import'!H$2:H259, "Inconclusive") -> 0 | AM23: =COUNTIFS('APS Tubes Import'!V$2:V259, AG23, 'APS Tubes Import'!H$2:H259, "Null") -> 0 | AO23: ='APS Tubes by Date Import'!B22 -> 44575 | AP23: ='APS Tubes by Date Import'!C22 -> 17 | AQ23: ='APS Tubes by Date Import'!D22 -> 12 | AR23: ='APS Tubes by Date Import'!E22 -> 5 | AS23: ='APS Tubes by Date Import'!F22 -> 0 | AT23: ='APS Tubes by Date Import'!G22 -> 0
A24: RUN-BEND_2022-01-31_RFR-024 | B24: =VLOOKUP(A24,'Run Reconcile'!A$2:B259,2,FALSE) -> 44592 | C24: =COUNTIF('ALL Tube Results'!B23:B259, A24) -> 10 | D24: =COUNTIFS('ALL Tube Results'!$B23:$B259, $A24, 'ALL Tube Results'!$F23:$F259, "Negative") -> 10 | E24: =COUNTIFS('ALL Tube Results'!$B23:$B259, $A24, 'ALL Tube Results'!$F23:$F259, "Positive") -> 0 | F24: =COUNTIFS('ALL Tube Results'!$B23:$B259, $A24, 'ALL Tube Results'!$F23:$F259, "Inconclusive") -> 0 | G24: =IFERROR(VLOOKUP($A24,R$3:T280,3,FALSE),IFERROR(0/0,"") ) -> 10 | H24: =IF($C24=G24,IFERROR(0/0,""),$C24-G24) | I24: =IFERROR(VLOOKUP($A24,Y$3:AA280,3,FALSE),IFERROR(0/0,"") ) -> 10 | J24: =IFERROR(VLOOKUP($A24,Y$3:AD280,5,FALSE),IFERROR(0/0,"") ) -> 0 | K24: =IFERROR(VLOOKUP($A24,Y$3:AD280,6,FALSE),IFERROR(0/0,"")) -> 0 | L24: =IF($C24=I24,IFERROR(0/0,""),$C24-I24) | M24: =IF($E24=J24,IFERROR(0/0,""),$E24-J24) | N24: =IF($F24=K24,IFERROR(0/0,""),$F24-K24) | O24: =IFERROR(VLOOKUP($A24,AG$3:AI280,3,FALSE),IFERROR(0/0,"") ) -> 10 | P24: =IF($C24=O24,IFERROR(0/0,""),$C24-O24) | R24: RUN-BEND_2022-01-31_RFR-024 | S24: 44592 | T24: =VLOOKUP(R24,'Run Reconcile'!$A$2:$L259,12,FALSE) -> 10 | U24: =IF(EXACT(A23,R23),IFERROR(0/0,""),FALSE) | Y24: =IFERROR(__xludf.DUMMYFUNCTION("""COMPUTED_VALUE"""),"RUN-BEND_2022-02-07_RFR-027") -> RUN-BEND_2022-02-07_RFR-027 | Z24: =IFERROR(__xludf.DUMMYFUNCTION("""COMPUTED_VALUE"""),44599.0) -> 44599 | AA24: {=INDEX('RFR Data - preExcl'!AK$2:AK259,$AE24,1)} -> 14 | AB24: =AA24-AC24-AD24 -> 13 | AC24: {=INDEX('RFR Data - preExcl'!AI$2:AI259,$AE24,1)} -> 1 | AD24: {=INDEX('RFR Data - preExcl'!AF$2:AF259,$AE24,1)} -> 0 | AE24: =IFNA(MATCH(Y24,'RFR Data - preExcl'!A$2:A259,0),"") -> 27 | AG24: RUN-BEND_2022-01-31_RFR-024 | AH24: =VLOOKUP(AG24,'Run Reconcile'!A$2:B259,2,FALSE) -> 44592 | AI24: =COUNTIF('APS Tubes Import'!$V$2:$V259, AG24) -> 10 | AJ24: =COUNTIFS('APS Tubes Import'!V$2:V259, AG24, 'APS Tubes Import'!H$2:H259, "Negative") -> 10 | AK24: =COUNTIFS('APS Tubes Import'!V$2:V259, AG24, 'APS Tubes Import'!H$2:H259, "Positive") -> 0 | AL24: =COUNTIFS('APS Tubes Import'!V$2:V259, AG24, 'APS Tubes Import'!H$2:H259, "Inconclusive") -> 0 | AM24: =COUNTIFS('APS Tubes Import'!V$2:V259, AG24, 'APS Tubes Import'!H$2:H259, "Null") -> 0 | AO24: ='APS Tubes by Date Import'!B23 -> 44578 | AP24: ='APS Tubes by Date Import'!C23 -> 1 | AQ24: ='APS Tubes by Date Import'!D23 -> 1 | AR24: ='APS Tubes by Date Import'!E23 -> 0 | AS24: ='APS Tubes by Date Import'!F23 -> 0 | AT24: ='APS Tubes by Date Import'!G23 -> 0
A25: RUN-BEND_2022-02-02_RFR-025 | B25: =VLOOKUP(A25,'Run Reconcile'!A$2:B259,2,FALSE) -> 44594 | C25: =COUNTIF('ALL Tube Results'!B24:B259, A25) -> 9 | D25: =COUNTIFS('ALL Tube Results'!$B24:$B259, $A25, 'ALL Tube Results'!$F24:$F259, "Negative") -> 8 | E25: =COUNTIFS('ALL Tube Results'!$B24:$B259, $A25, 'ALL Tube Results'!$F24:$F259, "Positive") -> 1 | F25: =COUNTIFS('ALL Tube Results'!$B24:$B259, $A25, 'ALL Tube Results'!$F24:$F259, "Inconclusive") -> 0 | G25: =IFERROR(VLOOKUP($A25,R$3:T281,3,FALSE),IFERROR(0/0,"") ) -> 9 | H25: =IF($C25=G25,IFERROR(0/0,""),$C25-G25) | I25: =IFERROR(VLOOKUP($A25,Y$3:AA281,3,FALSE),IFERROR(0/0,"") ) -> 10 | J25: =IFERROR(VLOOKUP($A25,Y$3:AD281,5,FALSE),IFERROR(0/0,"") ) -> 1 | K25: =IFERROR(VLOOKUP($A25,Y$3:AD281,6,FALSE),IFERROR(0/0,"")) -> 0 | L25: =IF($C25=I25,IFERROR(0/0,""),$C25-I25) -> -1 | M25: =IF($E25=J25,IFERROR(0/0,""),$E25-J25) | N25: =IF($F25=K25,IFERROR(0/0,""),$F25-K25) | O25: =IFERROR(VLOOKUP($A25,AG$3:AI281,3,FALSE),IFERROR(0/0,"") ) -> 9 | P25: =IF($C25=O25,IFERROR(0/0,""),$C25-O25) | R25: RUN-BEND_2022-02-02_RFR-025 | S25: 44594 | T25: =VLOOKUP(R25,'Run Reconcile'!$A$2:$L259,12,FALSE) -> 9 | U25: =IF(EXACT(A24,R24),IFERROR(0/0,""),FALSE) | Y25: =IFERROR(__xludf.DUMMYFUNCTION("""COMPUTED_VALUE"""),"RUN-BEND_2022-02-09_RFR-028") -> RUN-BEND_2022-02-09_RFR-028 | Z25: =IFERROR(__xludf.DUMMYFUNCTION("""COMPUTED_VALUE"""),44601.0) -> 44601 | AA25: {=INDEX('RFR Data - preExcl'!AK$2:AK259,$AE25,1)} -> 14 | AB25: =AA25-AC25-AD25 -> 13 | AC25: {=INDEX('RFR Data - preExcl'!AI$2:AI259,$AE25,1)} -> 1 | AD25: {=INDEX('RFR Data - preExcl'!AF$2:AF259,$AE25,1)} -> 0 | AE25: =IFNA(MATCH(Y25,'RFR Data - preExcl'!A$2:A259,0),"") -> 28 | AG25: RUN-BEND_2022-02-02_RFR-025 | AH25: =VLOOKUP(AG25,'Run Reconcile'!A$2:B259,2,FALSE) -> 44594 | AI25: =COUNTIF('APS Tubes Import'!$V$2:$V259, AG25) -> 9 | AJ25: =COUNTIFS('APS Tubes Import'!V$2:V259, AG25, 'APS Tubes Import'!H$2:H259, "Negative") -> 8 | AK25: =COUNTIFS('APS Tubes Import'!V$2:V259, AG25, 'APS Tubes Import'!H$2:H259, "Positive") -> 1 | AL25: =COUNTIFS('APS Tubes Import'!V$2:V259, AG25, 'APS Tubes Import'!H$2:H259, "Inconclusive") -> 0 | AM25: =COUNTIFS('APS Tubes Import'!V$2:V259, AG25, 'APS Tubes Import'!H$2:H259, "Null") -> 0 | AO25: ='APS Tubes by Date Import'!B24 -> 44579 | AP25: ='APS Tubes by Date Import'!C24 -> 33 | AQ25: ='APS Tubes by Date Import'!D24 -> 24 | AR25: ='APS Tubes by Date Import'!E24 -> 9 | AS25: ='APS Tubes by Date Import'!F24 -> 0 | AT25: ='APS Tubes by Date Import'!G24 -> 0
A26: RUN-BEND_2022-02-04_RFR-026 | B26: =VLOOKUP(A26,'Run Reconcile'!A$2:B259,2,FALSE) -> 44596 | C26: =COUNTIF('ALL Tube Results'!B25:B259, A26) -> 5 | D26: =COUNTIFS('ALL Tube Results'!$B25:$B259, $A26, 'ALL Tube Results'!$F25:$F259, "Negative") -> 5 | E26: =COUNTIFS('ALL Tube Results'!$B25:$B259, $A26, 'ALL Tube Results'!$F25:$F259, "Positive") -> 0 | F26: =COUNTIFS('ALL Tube Results'!$B25:$B259, $A26, 'ALL Tube Results'!$F25:$F259, "Inconclusive") -> 0 | G26: =IFERROR(VLOOKUP($A26,R$3:T282,3,FALSE),IFERROR(0/0,"") ) -> 5 | H26: =IF($C26=G26,IFERROR(0/0,""),$C26-G26) | I26: =IFERROR(VLOOKUP($A26,Y$3:AA282,3,FALSE),IFERROR(0/0,"") ) -> 6 | J26: =IFERROR(VLOOKUP($A26,Y$3:AD282,5,FALSE),IFERROR(0/0,"") ) -> 0 | K26: =IFERROR(VLOOKUP($A26,Y$3:AD282,6,FALSE),IFERROR(0/0,"")) -> 0 | L26: =IF($C26=I26,IFERROR(0/0,""),$C26-I26) -> -1 | M26: =IF($E26=J26,IFERROR(0/0,""),$E26-J26) | N26: =IF($F26=K26,IFERROR(0/0,""),$F26-K26) | O26: =IFERROR(VLOOKUP($A26,AG$3:AI282,3,FALSE),IFERROR(0/0,"") ) -> 5 | P26: =IF($C26=O26,IFERROR(0/0,""),$C26-O26) | R26: RUN-BEND_2022-02-04_RFR-026 | S26: 44596 | T26: =VLOOKUP(R26,'Run Reconcile'!$A$2:$L259,12,FALSE) -> 5 | U26: =IF(EXACT(A25,R25),IFERROR(0/0,""),FALSE) | Y26: =IFERROR(__xludf.DUMMYFUNCTION("""COMPUTED_VALUE"""),"RUN-BEND_2022-02-11_RFR-030") -> RUN-BEND_2022-02-11_RFR-030 | Z26: =IFERROR(__xludf.DUMMYFUNCTION("""COMPUTED_VALUE"""),44603.0) -> 44603 | AA26: {=INDEX('RFR Data - preExcl'!AK$2:AK259,$AE26,1)} -> 9 | AB26: =AA26-AC26-AD26 -> 7 | AC26: {=INDEX('RFR Data - preExcl'!AI$2:AI259,$AE26,1)} -> 2 | AD26: {=INDEX('RFR Data - preExcl'!AF$2:AF259,$AE26,1)} -> 0 | AE26: =IFNA(MATCH(Y26,'RFR Data - preExcl'!A$2:A259,0),"") -> 30 | AG26: RUN-BEND_2022-02-04_RFR-026 | AH26: =VLOOKUP(AG26,'Run Reconcile'!A$2:B259,2,FALSE) -> 44596 | AI26: =COUNTIF('APS Tubes Import'!$V$2:$V259, AG26) -> 5 | AJ26: =COUNTIFS('APS Tubes Import'!V$2:V259, AG26, 'APS Tubes Import'!H$2:H259, "Negative") -> 5 | AK26: =COUNTIFS('APS Tubes Import'!V$2:V259, AG26, 'APS Tubes Import'!H$2:H259, "Positive") -> 0 | AL26: =COUNTIFS('APS Tubes Import'!V$2:V259, AG26, 'APS Tubes Import'!H$2:H259, "Inconclusive") -> 0 | AM26: =COUNTIFS('APS Tubes Import'!V$2:V259, AG26, 'APS Tubes Import'!H$2:H259, "Null") -> 0 | AO26: ='APS Tubes by Date Import'!B25 -> 44580 | AP26: ='APS Tubes by Date Import'!C25 -> 14 | AQ26: ='APS Tubes by Date Import'!D25 -> 8 | AR26: ='APS Tubes by Date Import'!E25 -> 6 | AS26: ='APS Tubes by Date Import'!F25 -> 0 | AT26: ='APS Tubes by Date Import'!G25 -> 0
A27: RUN-BEND_2022-02-07_RFR-027 | B27: =VLOOKUP(A27,'Run Reconcile'!A$2:B259,2,FALSE) -> 44599 | C27: =COUNTIF('ALL Tube Results'!B26:B259, A27) -> 13 | D27: =COUNTIFS('ALL Tube Results'!$B26:$B259, $A27, 'ALL Tube Results'!$F26:$F259, "Negative") -> 12 | E27: =COUNTIFS('ALL Tube Results'!$B26:$B259, $A27, 'ALL Tube Results'!$F26:$F259, "Positive") -> 1 | F27: =COUNTIFS('ALL Tube Results'!$B26:$B259, $A27, 'ALL Tube Results'!$F26:$F259, "Inconclusive") -> 0 | G27: =IFERROR(VLOOKUP($A27,R$3:T283,3,FALSE),IFERROR(0/0,"") ) -> 13 | H27: =IF($C27=G27,IFERROR(0/0,""),$C27-G27) | I27: =IFERROR(VLOOKUP($A27,Y$3:AA283,3,FALSE),IFERROR(0/0,"") ) -> 14 | J27: =IFERROR(VLOOKUP($A27,Y$3:AD283,5,FALSE),IFERROR(0/0,"") ) -> 1 | K27: =IFERROR(VLOOKUP($A27,Y$3:AD283,6,FALSE),IFERROR(0/0,"")) -> 0 | L27: =IF($C27=I27,IFERROR(0/0,""),$C27-I27) -> -1 | M27: =IF($E27=J27,IFERROR(0/0,""),$E27-J27) | N27: =IF($F27=K27,IFERROR(0/0,""),$F27-K27) | O27: =IFERROR(VLOOKUP($A27,AG$3:AI283,3,FALSE),IFERROR(0/0,"") ) -> 13 | P27: =IF($C27=O27,IFERROR(0/0,""),$C27-O27) | R27: RUN-BEND_2022-02-07_RFR-027 | S27: 44599 | T27: =VLOOKUP(R27,'Run Reconcile'!$A$2:$L259,12,FALSE) -> 13 | U27: =IF(EXACT(A26,R26),IFERROR(0/0,""),FALSE) | Y27: =IFERROR(__xludf.DUMMYFUNCTION("""COMPUTED_VALUE"""),"RUN-BEND_2022-02-12_RFR-031") -> RUN-BEND_2022-02-12_RFR-031 | Z27: =IFERROR(__xludf.DUMMYFUNCTION("""COMPUTED_VALUE"""),44604.0) -> 44604 | AA27: {=INDEX('RFR Data - preExcl'!AK$2:AK259,$AE27,1)} -> 2 | AB27: =AA27-AC27-AD27 -> 0 | AC27: {=INDEX('RFR Data - preExcl'!AI$2:AI259,$AE27,1)} -> 2 | AD27: {=INDEX('RFR Data - preExcl'!AF$2:AF259,$AE27,1)} -> 0 | AE27: =IFNA(MATCH(Y27,'RFR Data - preExcl'!A$2:A259,0),"") -> 31 | AG27: RUN-BEND_2022-02-07_RFR-027 | AH27: =VLOOKUP(AG27,'Run Reconcile'!A$2:B259,2,FALSE) -> 44599 | AI27: =COUNTIF('APS Tubes Import'!$V$2:$V259, AG27) -> 13 | AJ27: =COUNTIFS('APS Tubes Import'!V$2:V259, AG27, 'APS Tubes Import'!H$2:H259, "Negative") -> 12 | AK27: =COUNTIFS('APS Tubes Import'!V$2:V259, AG27, 'APS Tubes Import'!H$2:H259, "Positive") -> 1 | AL27: =COUNTIFS('APS Tubes Import'!V$2:V259, AG27, 'APS Tubes Import'!H$2:H259, "Inconclusive") -> 0 | AM27: =COUNTIFS('APS Tubes Import'!V$2:V259, AG27, 'APS Tubes Import'!H$2:H259, "Null") -> 0 | AO27: ='APS Tubes by Date Import'!B26 -> 44581 | AP27: ='APS Tubes by Date Import'!C26 -> 1 | AQ27: ='APS Tubes by Date Import'!D26 -> 0 | AR27: ='APS Tubes by Date Import'!E26 -> 1 | AS27: ='APS Tubes by Date Import'!F26 -> 0 | AT27: ='APS Tubes by Date Import'!G26 -> 0
A28: RUN-BEND_2022-02-09_RFR-028 | B28: =VLOOKUP(A28,'Run Reconcile'!A$2:B259,2,FALSE) -> 44601 | C28: =COUNTIF('ALL Tube Results'!B27:B259, A28) -> 14 | D28: =COUNTIFS('ALL Tube Results'!$B27:$B259, $A28, 'ALL Tube Results'!$F27:$F259, "Negative") -> 13 | E28: =COUNTIFS('ALL Tube Results'!$B27:$B259, $A28, 'ALL Tube Results'!$F27:$F259, "Positive") -> 1 | F28: =COUNTIFS('ALL Tube Results'!$B27:$B259, $A28, 'ALL Tube Results'!$F27:$F259, "Inconclusive") -> 0 | G28: =IFERROR(VLOOKUP($A28,R$3:T284,3,FALSE),IFERROR(0/0,"") ) -> 14 | H28: =IF($C28=G28,IFERROR(0/0,""),$C28-G28) | I28: =IFERROR(VLOOKUP($A28,Y$3:AA284,3,FALSE),IFERROR(0/0,"") ) -> 14 | J28: =IFERROR(VLOOKUP($A28,Y$3:AD284,5,FALSE),IFERROR(0/0,"") ) -> 1 | K28: =IFERROR(VLOOKUP($A28,Y$3:AD284,6,FALSE),IFERROR(0/0,"")) -> 0 | L28: =IF($C28=I28,IFERROR(0/0,""),$C28-I28) | M28: =IF($E28=J28,IFERROR(0/0,""),$E28-J28) | N28: =IF($F28=K28,IFERROR(0/0,""),$F28-K28) | O28: =IFERROR(VLOOKUP($A28,AG$3:AI284,3,FALSE),IFERROR(0/0,"") ) -> 14 | P28: =IF($C28=O28,IFERROR(0/0,""),$C28-O28) | R28: RUN-BEND_2022-02-09_RFR-028 | S28: 44601 | T28: =VLOOKUP(R28,'Run Reconcile'!$A$2:$L259,12,FALSE) -> 14 | U28: =IF(EXACT(A27,R27),IFERROR(0/0,""),FALSE) | Y28: =IFERROR(__xludf.DUMMYFUNCTION("""COMPUTED_VALUE"""),"RUN-BEND_2022-02-15_RFR-032") -> RUN-BEND_2022-02-15_RFR-032 | Z28: =IFERROR(__xludf.DUMMYFUNCTION("""COMPUTED_VALUE"""),44607.0) -> 44607 | AA28: {=INDEX('RFR Data - preExcl'!AK$2:AK259,$AE28,1)} -> 33 | AB28: =AA28-AC28-AD28 -> 33 | AC28: {=INDEX('RFR Data - preExcl'!AI$2:AI259,$AE28,1)} -> 0 | AD28: {=INDEX('RFR Data - preExcl'!AF$2:AF259,$AE28,1)} -> 0 | AE28: =IFNA(MATCH(Y28,'RFR Data - preExcl'!A$2:A259,0),"") -> 32 | AG28: RUN-BEND_2022-02-09_RFR-028 | AH28: =VLOOKUP(AG28,'Run Reconcile'!A$2:B259,2,FALSE) -> 44601 | AI28: =COUNTIF('APS Tubes Import'!$V$2:$V259, AG28) -> 14 | AJ28: =COUNTIFS('APS Tubes Import'!V$2:V259, AG28, 'APS Tubes Import'!H$2:H259, "Negative") -> 13 | AK28: =COUNTIFS('APS Tubes Import'!V$2:V259, AG28, 'APS Tubes Import'!H$2:H259, "Positive") -> 1 | AL28: =COUNTIFS('APS Tubes Import'!V$2:V259, AG28, 'APS Tubes Import'!H$2:H259, "Inconclusive") -> 0 | AM28: =COUNTIFS('APS Tubes Import'!V$2:V259, AG28, 'APS Tubes Import'!H$2:H259, "Null") -> 0 | AO28: ='APS Tubes by Date Import'!B27 -> 44582 | AP28: ='APS Tubes by Date Import'!C27 -> 14 | AQ28: ='APS Tubes by Date Import'!D27 -> 7 | AR28: ='APS Tubes by Date Import'!E27 -> 7 | AS28: ='APS Tubes by Date Import'!F27 -> 0 | AT28: ='APS Tubes by Date Import'!G27 -> 0
A29: RUN-BEND_2022-02-11_RFR-030 | B29: =VLOOKUP(A29,'Run Reconcile'!A$2:B259,2,FALSE) -> 44603 | C29: =COUNTIF('ALL Tube Results'!B28:B259, A29) -> 9 | D29: =COUNTIFS('ALL Tube Results'!$B28:$B259, $A29, 'ALL Tube Results'!$F28:$F259, "Negative") -> 7 | E29: =COUNTIFS('ALL Tube Results'!$B28:$B259, $A29, 'ALL Tube Results'!$F28:$F259, "Positive") -> 2 | F29: =COUNTIFS('ALL Tube Results'!$B28:$B259, $A29, 'ALL Tube Results'!$F28:$F259, "Inconclusive") -> 0 | G29: =IFERROR(VLOOKUP($A29,R$3:T285,3,FALSE),IFERROR(0/0,"") ) -> 9 | H29: =IF($C29=G29,IFERROR(0/0,""),$C29-G29) | I29: =IFERROR(VLOOKUP($A29,Y$3:AA285,3,FALSE),IFERROR(0/0,"") ) -> 9 | J29: =IFERROR(VLOOKUP($A29,Y$3:AD285,5,FALSE),IFERROR(0/0,"") ) -> 2 | K29: =IFERROR(VLOOKUP($A29,Y$3:AD285,6,FALSE),IFERROR(0/0,"")) -> 0 | L29: =IF($C29=I29,IFERROR(0/0,""),$C29-I29) | M29: =IF($E29=J29,IFERROR(0/0,""),$E29-J29) | N29: =IF($F29=K29,IFERROR(0/0,""),$F29-K29) | O29: =IFERROR(VLOOKUP($A29,AG$3:AI285,3,FALSE),IFERROR(0/0,"") ) -> 9 | P29: =IF($C29=O29,IFERROR(0/0,""),$C29-O29) | R29: RUN-BEND_2022-02-11_RFR-030 | S29: 44603 | T29: =VLOOKUP(R29,'Run Reconcile'!$A$2:$L259,12,FALSE) -> 9 | U29: =IF(EXACT(A28,R28),IFERROR(0/0,""),FALSE) | Y29: =IFERROR(__xludf.DUMMYFUNCTION("""COMPUTED_VALUE"""),"RUN-BEND_2022-02-17_RFR-035") -> RUN-BEND_2022-02-17_RFR-035 | Z29: =IFERROR(__xludf.DUMMYFUNCTION("""COMPUTED_VALUE"""),44609.0) -> 44609 | AA29: {=INDEX('RFR Data - preExcl'!AK$2:AK259,$AE29,1)} -> 32 | AB29: =AA29-AC29-AD29 -> 31 | AC29: {=INDEX('RFR Data - preExcl'!AI$2:AI259,$AE29,1)} -> 0 | AD29: {=INDEX('RFR Data - preExcl'!AF$2:AF259,$AE29,1)} -> 1 | AE29: =IFNA(MATCH(Y29,'RFR Data - preExcl'!A$2:A259,0),"") -> 35 | AG29: RUN-BEND_2022-02-11_RFR-030 | AH29: =VLOOKUP(AG29,'Run Reconcile'!A$2:B259,2,FALSE) -> 44603 | AI29: =COUNTIF('APS Tubes Import'!$V$2:$V259, AG29) -> 9 | AJ29: =COUNTIFS('APS Tubes Import'!V$2:V259, AG29, 'APS Tubes Import'!H$2:H259, "Negative") -> 7 | AK29: =COUNTIFS('APS Tubes Import'!V$2:V259, AG29, 'APS Tubes Import'!H$2:H259, "Positive") -> 2 | AL29: =COUNTIFS('APS Tubes Import'!V$2:V259, AG29, 'APS Tubes Import'!H$2:H259, "Inconclusive") -> 0 | AM29: =COUNTIFS('APS Tubes Import'!V$2:V259, AG29, 'APS Tubes Import'!H$2:H259, "Null") -> 0 | AO29: ='APS Tubes by Date Import'!B28 -> 44585 | AP29: ='APS Tubes by Date Import'!C28 -> 16 | AQ29: ='APS Tubes by Date Import'!D28 -> 12 | AR29: ='APS Tubes by Date Import'!E28 -> 4 | AS29: ='APS Tubes by Date Import'!F28 -> 0 | AT29: ='APS Tubes by Date Import'!G28 -> 0
A30: RUN-BEND_2022-02-12_RFR-031 | B30: =VLOOKUP(A30,'Run Reconcile'!A$2:B259,2,FALSE) -> 44604 | C30: =COUNTIF('ALL Tube Results'!B29:B259, A30) -> 2 | D30: =COUNTIFS('ALL Tube Results'!$B29:$B259, $A30, 'ALL Tube Results'!$F29:$F259, "Negative") -> 0 | E30: =COUNTIFS('ALL Tube Results'!$B29:$B259, $A30, 'ALL Tube Results'!$F29:$F259, "Positive") -> 2 | F30: =COUNTIFS('ALL Tube Results'!$B29:$B259, $A30, 'ALL Tube Results'!$F29:$F259, "Inconclusive") -> 0 | G30: =IFERROR(VLOOKUP($A30,R$3:T286,3,FALSE),IFERROR(0/0,"") ) -> 2 | H30: =IF($C30=G30,IFERROR(0/0,""),$C30-G30) | I30: =IFERROR(VLOOKUP($A30,Y$3:AA286,3,FALSE),IFERROR(0/0,"") ) -> 2 | J30: =IFERROR(VLOOKUP($A30,Y$3:AD286,5,FALSE),IFERROR(0/0,"") ) -> 2 | K30: =IFERROR(VLOOKUP($A30,Y$3:AD286,6,FALSE),IFERROR(0/0,"")) -> 0 | L30: =IF($C30=I30,IFERROR(0/0,""),$C30-I30) | M30: =IF($E30=J30,IFERROR(0/0,""),$E30-J30) | N30: =IF($F30=K30,IFERROR(0/0,""),$F30-K30) | O30: =IFERROR(VLOOKUP($A30,AG$3:AI286,3,FALSE),IFERROR(0/0,"") ) -> 2 | P30: =IF($C30=O30,IFERROR(0/0,""),$C30-O30) | R30: RUN-BEND_2022-02-12_RFR-031 | S30: 44604 | T30: =VLOOKUP(R30,'Run Reconcile'!$A$2:$L259,12,FALSE) -> 2 | U30: =IF(EXACT(A29,R29),IFERROR(0/0,""),FALSE) | Y30: =IFERROR(__xludf.DUMMYFUNCTION("""COMPUTED_VALUE"""),"RUN-BEND_2022-02-19_RFR-036") -> RUN-BEND_2022-02-19_RFR-036 | Z30: =IFERROR(__xludf.DUMMYFUNCTION("""COMPUTED_VALUE"""),44611.0) -> 44611 | AA30: {=INDEX('RFR Data - preExcl'!AK$2:AK259,$AE30,1)} -> 31 | AB30: =AA30-AC30-AD30 -> 31 | AC30: {=INDEX('RFR Data - preExcl'!AI$2:AI259,$AE30,1)} -> 0 | AD30: {=INDEX('RFR Data - preExcl'!AF$2:AF259,$AE30,1)} -> 0 | AE30: =IFNA(MATCH(Y30,'RFR Data - preExcl'!A$2:A259,0),"") -> 36 | AG30: RUN-BEND_2022-02-12_RFR-031 | AH30: =VLOOKUP(AG30,'Run Reconcile'!A$2:B259,2,FALSE) -> 44604 | AI30: =COUNTIF('APS Tubes Import'!$V$2:$V259, AG30) -> 2 | AJ30: =COUNTIFS('APS Tubes Import'!V$2:V259, AG30, 'APS Tubes Import'!H$2:H259, "Negative") -> 0 | AK30: =COUNTIFS('APS Tubes Import'!V$2:V259, AG30, 'APS Tubes Import'!H$2:H259, "Positive") -> 2 | AL30: =COUNTIFS('APS Tubes Import'!V$2:V259, AG30, 'APS Tubes Import'!H$2:H259, "Inconclusive") -> 0 | AM30: =COUNTIFS('APS Tubes Import'!V$2:V259, AG30, 'APS Tubes Import'!H$2:H259, "Null") -> 0 | AO30: ='APS Tubes by Date Import'!B29 -> 44587 | AP30: ='APS Tubes by Date Import'!C29 -> 13 | AQ30: ='APS Tubes by Date Import'!D29 -> 13 | AR30: ='APS Tubes by Date Import'!E29 -> 0 | AS30: ='APS Tubes by Date Import'!F29 -> 0 | AT30: ='APS Tubes by Date Import'!G29 -> 0
A31: RUN-BEND_2022-02-15_RFR-032 | B31: =VLOOKUP(A31,'Run Reconcile'!A$2:B259,2,FALSE) -> 44607 | C31: =COUNTIF('ALL Tube Results'!B30:B259, A31) -> 33 | D31: =COUNTIFS('ALL Tube Results'!$B30:$B259, $A31, 'ALL Tube Results'!$F30:$F259, "Negative") -> 33 | E31: =COUNTIFS('ALL Tube Results'!$B30:$B259, $A31, 'ALL Tube Results'!$F30:$F259, "Positive") -> 0 | F31: =COUNTIFS('ALL Tube Results'!$B30:$B259, $A31, 'ALL Tube Results'!$F30:$F259, "Inconclusive") -> 0 | G31: =IFERROR(VLOOKUP($A31,R$3:T287,3,FALSE),IFERROR(0/0,"") ) -> 33 | H31: =IF($C31=G31,IFERROR(0/0,""),$C31-G31) | I31: =IFERROR(VLOOKUP($A31,Y$3:AA287,3,FALSE),IFERROR(0/0,"") ) -> 33 | J31: =IFERROR(VLOOKUP($A31,Y$3:AD287,5,FALSE),IFERROR(0/0,"") ) -> 0 | K31: =IFERROR(VLOOKUP($A31,Y$3:AD287,6,FALSE),IFERROR(0/0,"")) -> 0 | L31: =IF($C31=I31,IFERROR(0/0,""),$C31-I31) | M31: =IF($E31=J31,IFERROR(0/0,""),$E31-J31) | N31: =IF($F31=K31,IFERROR(0/0,""),$F31-K31) | O31: =IFERROR(VLOOKUP($A31,AG$3:AI287,3,FALSE),IFERROR(0/0,"") ) -> 33 | P31: =IF($C31=O31,IFERROR(0/0,""),$C31-O31) | R31: RUN-BEND_2022-02-15_RFR-032 | S31: 44607 | T31: =VLOOKUP(R31,'Run Reconcile'!$A$2:$L259,12,FALSE) -> 33 | U31: =IF(EXACT(A30,R30),IFERROR(0/0,""),FALSE) | Y31: =IFERROR(__xludf.DUMMYFUNCTION("""COMPUTED_VALUE"""),"RUN-BEND_2022-02-21_RFR-037") -> RUN-BEND_2022-02-21_RFR-037 | Z31: =IFERROR(__xludf.DUMMYFUNCTION("""COMPUTED_VALUE"""),44613.0) -> 44613 | AA31: {=INDEX('RFR Data - preExcl'!AK$2:AK259,$AE31,1)} -> 29 | AB31: =AA31-AC31-AD31 -> 29 | AC31: {=INDEX('RFR Data - preExcl'!AI$2:AI259,$AE31,1)} -> 0 | AD31: {=INDEX('RFR Data - preExcl'!AF$2:AF259,$AE31,1)} -> 0 | AE31: =IFNA(MATCH(Y31,'RFR Data - preExcl'!A$2:A259,0),"") -> 37 | AG31: RUN-BEND_2022-02-15_RFR-032 | AH31: =VLOOKUP(AG31,'Run Reconcile'!A$2:B259,2,FALSE) -> 44607 | AI31: =COUNTIF('APS Tubes Import'!$V$2:$V259, AG31) -> 33 | AJ31: =COUNTIFS('APS Tubes Import'!V$2:V259, AG31, 'APS Tubes Import'!H$2:H259, "Negative") -> 33 | AK31: =COUNTIFS('APS Tubes Import'!V$2:V259, AG31, 'APS Tubes Import'!H$2:H259, "Positive") -> 0 | AL31: =COUNTIFS('APS Tubes Import'!V$2:V259, AG31, 'APS Tubes Import'!H$2:H259, "Inconclusive") -> 0 | AM31: =COUNTIFS('APS Tubes Import'!V$2:V259, AG31, 'APS Tubes Import'!H$2:H259, "Null") -> 0 | AO31: ='APS Tubes by Date Import'!B30 -> 44589 | AP31: ='APS Tubes by Date Import'!C30 -> 7 | AQ31: ='APS Tubes by Date Import'!D30 -> 7 | AR31: ='APS Tubes by Date Import'!E30 -> 0 | AS31: ='APS Tubes by Date Import'!F30 -> 0 | AT31: ='APS Tubes by Date Import'!G30 -> 0
A32: RUN-BEND_2022-02-17_RFR-035 | B32: =VLOOKUP(A32,'Run Reconcile'!A$2:B259,2,FALSE) -> 44609 | C32: =COUNTIF('ALL Tube Results'!B31:B259, A32) -> 33 | D32: =COUNTIFS('ALL Tube Results'!$B31:$B259, $A32, 'ALL Tube Results'!$F31:$F259, "Negative") -> 32 | E32: =COUNTIFS('ALL Tube Results'!$B31:$B259, $A32, 'ALL Tube Results'!$F31:$F259, "Positive") -> 0 | F32: =COUNTIFS('ALL Tube Results'!$B31:$B259, $A32, 'ALL Tube Results'!$F31:$F259, "Inconclusive") -> 1 | G32: =IFERROR(VLOOKUP($A32,R$3:T288,3,FALSE),IFERROR(0/0,"") ) -> 33 | H32: =IF($C32=G32,IFERROR(0/0,""),$C32-G32) | I32: =IFERROR(VLOOKUP($A32,Y$3:AA288,3,FALSE),IFERROR(0/0,"") ) -> 32 | J32: =IFERROR(VLOOKUP($A32,Y$3:AD288,5,FALSE),IFERROR(0/0,"") ) -> 0 | K32: =IFERROR(VLOOKUP($A32,Y$3:AD288,6,FALSE),IFERROR(0/0,"")) -> 1 | L32: =IF($C32=I32,IFERROR(0/0,""),$C32-I32) -> 1 | M32: =IF($E32=J32,IFERROR(0/0,""),$E32-J32) | N32: =IF($F32=K32,IFERROR(0/0,""),$F32-K32) | O32: =IFERROR(VLOOKUP($A32,AG$3:AI288,3,FALSE),IFERROR(0/0,"") ) -> 33 | P32: =IF($C32=O32,IFERROR(0/0,""),$C32-O32) | R32: RUN-BEND_2022-02-17_RFR-035 | S32: 44609 | T32: =VLOOKUP(R32,'Run Reconcile'!$A$2:$L259,12,FALSE) -> 33 | U32: =IF(EXACT(A31,R31),IFERROR(0/0,""),FALSE) | Y32: =IFERROR(__xludf.DUMMYFUNCTION("""COMPUTED_VALUE"""),"RUN-BEND_2022-02-22_RFR-038") -> RUN-BEND_2022-02-22_RFR-038 | Z32: =IFERROR(__xludf.DUMMYFUNCTION("""COMPUTED_VALUE"""),44614.0) -> 44614 | AA32: {=INDEX('RFR Data - preExcl'!AK$2:AK259,$AE32,1)} -> 1 | AB32: =AA32-AC32-AD32 -> 0 | AC32: {=INDEX('RFR Data - preExcl'!AI$2:AI259,$AE32,1)} -> 1 | AD32: {=INDEX('RFR Data - preExcl'!AF$2:AF259,$AE32,1)} -> 0 | AE32: =IFNA(MATCH(Y32,'RFR Data - preExcl'!A$2:A259,0),"") -> 38 | AG32: RUN-BEND_2022-02-17_RFR-035 | AH32: =VLOOKUP(AG32,'Run Reconcile'!A$2:B259,2,FALSE) -> 44609 | AI32: =COUNTIF('APS Tubes Import'!$V$2:$V259, AG32) -> 33 | AJ32: =COUNTIFS('APS Tubes Import'!V$2:V259, AG32, 'APS Tubes Import'!H$2:H259, "Negative") -> 32 | AK32: =COUNTIFS('APS Tubes Import'!V$2:V259, AG32, 'APS Tubes Import'!H$2:H259, "Positive") -> 0 | AL32: =COUNTIFS('APS Tubes Import'!V$2:V259, AG32, 'APS Tubes Import'!H$2:H259, "Inconclusive") -> 1 | AM32: =COUNTIFS('APS Tubes Import'!V$2:V259, AG32, 'APS Tubes Import'!H$2:H259, "Null") -> 0 | AO32: ='APS Tubes by Date Import'!B31 -> 44592 | AP32: ='APS Tubes by Date Import'!C31 -> 10 | AQ32: ='APS Tubes by Date Import'!D31 -> 10 | AR32: ='APS Tubes by Date Import'!E31 -> 0 | AS32: ='APS Tubes by Date Import'!F31 -> 0 | AT32: ='APS Tubes by Date Import'!G31 -> 0
A33: RUN-BEND_2022-02-19_RFR-036 | B33: =VLOOKUP(A33,'Run Reconcile'!A$2:B259,2,FALSE) -> 44611 | C33: =COUNTIF('ALL Tube Results'!B32:B259, A33) -> 31 | D33: =COUNTIFS('ALL Tube Results'!$B32:$B259, $A33, 'ALL Tube Results'!$F32:$F259, "Negative") -> 31 | E33: =COUNTIFS('ALL Tube Results'!$B32:$B259, $A33, 'ALL Tube Results'!$F32:$F259, "Positive") -> 0 | F33: =COUNTIFS('ALL Tube Results'!$B32:$B259, $A33, 'ALL Tube Results'!$F32:$F259, "Inconclusive") -> 0 | G33: =IFERROR(VLOOKUP($A33,R$3:T289,3,FALSE),IFERROR(0/0,"") ) -> 31 | H33: =IF($C33=G33,IFERROR(0/0,""),$C33-G33) | I33: =IFERROR(VLOOKUP($A33,Y$3:AA289,3,FALSE),IFERROR(0/0,"") ) -> 31 | J33: =IFERROR(VLOOKUP($A33,Y$3:AD289,5,FALSE),IFERROR(0/0,"") ) -> 0 | K33: =IFERROR(VLOOKUP($A33,Y$3:AD289,6,FALSE),IFERROR(0/0,"")) -> 0 | L33: =IF($C33=I33,IFERROR(0/0,""),$C33-I33) | M33: =IF($E33=J33,IFERROR(0/0,""),$E33-J33) | N33: =IF($F33=K33,IFERROR(0/0,""),$F33-K33) | O33: =IFERROR(VLOOKUP($A33,AG$3:AI289,3,FALSE),IFERROR(0/0,"") ) -> 31 | P33: =IF($C33=O33,IFERROR(0/0,""),$C33-O33) | R33: RUN-BEND_2022-02-19_RFR-036 | S33: 44611 | T33: =VLOOKUP(R33,'Run Reconcile'!$A$2:$L259,12,FALSE) -> 31 | U33: =IF(EXACT(A32,R32),IFERROR(0/0,""),FALSE) | Y33: =IFERROR(__xludf.DUMMYFUNCTION("""COMPUTED_VALUE"""),"RUN-BEND_2022-02-23_RFR-039") -> RUN-BEND_2022-02-23_RFR-039 | Z33: =IFERROR(__xludf.DUMMYFUNCTION("""COMPUTED_VALUE"""),44615.0) -> 44615 | AA33: {=INDEX('RFR Data - preExcl'!AK$2:AK259,$AE33,1)} -> 34 | AB33: =AA33-AC33-AD33 -> 34 | AC33: {=INDEX('RFR Data - preExcl'!AI$2:AI259,$AE33,1)} -> 0 | AD33: {=INDEX('RFR Data - preExcl'!AF$2:AF259,$AE33,1)} -> 0 | AE33: =IFNA(MATCH(Y33,'RFR Data - preExcl'!A$2:A259,0),"") -> 39 | AG33: RUN-BEND_2022-02-19_RFR-036 | AH33: =VLOOKUP(AG33,'Run Reconcile'!A$2:B259,2,FALSE) -> 44611 | AI33: =COUNTIF('APS Tubes Import'!$V$2:$V259, AG33) -> 31 | AJ33: =COUNTIFS('APS Tubes Import'!V$2:V259, AG33, 'APS Tubes Import'!H$2:H259, "Negative") -> 31 | AK33: =COUNTIFS('APS Tubes Import'!V$2:V259, AG33, 'APS Tubes Import'!H$2:H259, "Positive") -> 0 | AL33: =COUNTIFS('APS Tubes Import'!V$2:V259, AG33, 'APS Tubes Import'!H$2:H259, "Inconclusive") -> 0 | AM33: =COUNTIFS('APS Tubes Import'!V$2:V259, AG33, 'APS Tubes Import'!H$2:H259, "Null") -> 0 | AO33: ='APS Tubes by Date Import'!B32 -> 44594 | AP33: ='APS Tubes by Date Import'!C32 -> 9 | AQ33: ='APS Tubes by Date Import'!D32 -> 8 | AR33: ='APS Tubes by Date Import'!E32 -> 1 | AS33: ='APS Tubes by Date Import'!F32 -> 0 | AT33: ='APS Tubes by Date Import'!G32 -> 0
A34: RUN-BEND_2022-02-21_RFR-037 | B34: =VLOOKUP(A34,'Run Reconcile'!A$2:B259,2,FALSE) -> 44613 | C34: =COUNTIF('ALL Tube Results'!B33:B259, A34) -> 29 | D34: =COUNTIFS('ALL Tube Results'!$B33:$B259, $A34, 'ALL Tube Results'!$F33:$F259, "Negative") -> 29 | E34: =COUNTIFS('ALL Tube Results'!$B33:$B259, $A34, 'ALL Tube Results'!$F33:$F259, "Positive") -> 0 | F34: =COUNTIFS('ALL Tube Results'!$B33:$B259, $A34, 'ALL Tube Results'!$F33:$F259, "Inconclusive") -> 0 | G34: =IFERROR(VLOOKUP($A34,R$3:T290,3,FALSE),IFERROR(0/0,"") ) -> 29 | H34: =IF($C34=G34,IFERROR(0/0,""),$C34-G34) | I34: =IFERROR(VLOOKUP($A34,Y$3:AA290,3,FALSE),IFERROR(0/0,"") ) -> 29 | J34: =IFERROR(VLOOKUP($A34,Y$3:AD290,5,FALSE),IFERROR(0/0,"") ) -> 0 | K34: =IFERROR(VLOOKUP($A34,Y$3:AD290,6,FALSE),IFERROR(0/0,"")) -> 0 | L34: =IF($C34=I34,IFERROR(0/0,""),$C34-I34) | M34: =IF($E34=J34,IFERROR(0/0,""),$E34-J34) | N34: =IF($F34=K34,IFERROR(0/0,""),$F34-K34) | O34: =IFERROR(VLOOKUP($A34,AG$3:AI290,3,FALSE),IFERROR(0/0,"") ) -> 28 | P34: =IF($C34=O34,IFERROR(0/0,""),$C34-O34) -> 1 | R34: RUN-BEND_2022-02-21_RFR-037 | S34: 44613 | T34: =VLOOKUP(R34,'Run Reconcile'!$A$2:$L259,12,FALSE) -> 29 | U34: =IF(EXACT(A33,R33),IFERROR(0/0,""),FALSE) | Y34: =IFERROR(__xludf.DUMMYFUNCTION("""COMPUTED_VALUE"""),"RUN-BEND_2022-02-25_RFR-040") -> RUN-BEND_2022-02-25_RFR-040 | Z34: =IFERROR(__xludf.DUMMYFUNCTION("""COMPUTED_VALUE"""),44617.0) -> 44617 | AA34: {=INDEX('RFR Data - preExcl'!AK$2:AK259,$AE34,1)} -> 33 | AB34: =AA34-AC34-AD34 -> 33 | AC34: {=INDEX('RFR Data - preExcl'!AI$2:AI259,$AE34,1)} -> 0 | AD34: {=INDEX('RFR Data - preExcl'!AF$2:AF259,$AE34,1)} -> 0 | AE34: =IFNA(MATCH(Y34,'RFR Data - preExcl'!A$2:A259,0),"") -> 40 | AG34: RUN-BEND_2022-02-21_RFR-037 | AH34: =VLOOKUP(AG34,'Run Reconcile'!A$2:B259,2,FALSE) -> 44613 | AI34: =COUNTIF('APS Tubes Import'!$V$2:$V259, AG34) -> 28 | AJ34: =COUNTIFS('APS Tubes Import'!V$2:V259, AG34, 'APS Tubes Import'!H$2:H259, "Negative") -> 28 | AK34: =COUNTIFS('APS Tubes Import'!V$2:V259, AG34, 'APS Tubes Import'!H$2:H259, "Positive") -> 0 | AL34: =COUNTIFS('APS Tubes Import'!V$2:V259, AG34, 'APS Tubes Import'!H$2:H259, "Inconclusive") -> 0 | AM34: =COUNTIFS('APS Tubes Import'!V$2:V259, AG34, 'APS Tubes Import'!H$2:H259, "Null") -> 0 | AO34: ='APS Tubes by Date Import'!B33 -> 44596 | AP34: ='APS Tubes by Date Import'!C33 -> 5 | AQ34: ='APS Tubes by Date Import'!D33 -> 5 | AR34: ='APS Tubes by Date Import'!E33 -> 0 | AS34: ='APS Tubes by Date Import'!F33 -> 0 | AT34: ='APS Tubes by Date Import'!G33 -> 0
A35: RUN-BEND_2022-02-22_RFR-038 | B35: =VLOOKUP(A35,'Run Reconcile'!A$2:B259,2,FALSE) -> 44614 | C35: =COUNTIF('ALL Tube Results'!B34:B259, A35) -> 1 | D35: =COUNTIFS('ALL Tube Results'!$B34:$B259, $A35, 'ALL Tube Results'!$F34:$F259, "Negative") -> 0 | E35: =COUNTIFS('ALL Tube Results'!$B34:$B259, $A35, 'ALL Tube Results'!$F34:$F259, "Positive") -> 1 | F35: =COUNTIFS('ALL Tube Results'!$B34:$B259, $A35, 'ALL Tube Results'!$F34:$F259, "Inconclusive") -> 0 | G35: =IFERROR(VLOOKUP($A35,R$3:T291,3,FALSE),IFERROR(0/0,"") ) -> 1 | H35: =IF($C35=G35,IFERROR(0/0,""),$C35-G35) | I35: =IFERROR(VLOOKUP($A35,Y$3:AA291,3,FALSE),IFERROR(0/0,"") ) -> 1 | J35: =IFERROR(VLOOKUP($A35,Y$3:AD291,5,FALSE),IFERROR(0/0,"") ) -> 1 | K35: =IFERROR(VLOOKUP($A35,Y$3:AD291,6,FALSE),IFERROR(0/0,"")) -> 0 | L35: =IF($C35=I35,IFERROR(0/0,""),$C35-I35) | M35: =IF($E35=J35,IFERROR(0/0,""),$E35-J35) | N35: =IF($F35=K35,IFERROR(0/0,""),$F35-K35) | O35: =IFERROR(VLOOKUP($A35,AG$3:AI291,3,FALSE),IFERROR(0/0,"") ) -> 1 | P35: =IF($C35=O35,IFERROR(0/0,""),$C35-O35) | R35: RUN-BEND_2022-02-22_RFR-038 | S35: 44614 | T35: =VLOOKUP(R35,'Run Reconcile'!$A$2:$L259,12,FALSE) -> 1 | U35: =IF(EXACT(A34,R34),IFERROR(0/0,""),FALSE) | Y35: =IFERROR(__xludf.DUMMYFUNCTION("""COMPUTED_VALUE"""),"RUN-BEND_2022-02-27_RFR-042") -> RUN-BEND_2022-02-27_RFR-042 | Z35: =IFERROR(__xludf.DUMMYFUNCTION("""COMPUTED_VALUE"""),44619.0) -> 44619 | AA35: {=INDEX('RFR Data - preExcl'!AK$2:AK259,$AE35,1)} -> 32 | AB35: =AA35-AC35-AD35 -> 30 | AC35: {=INDEX('RFR Data - preExcl'!AI$2:AI259,$AE35,1)} -> 2 | AD35: {=INDEX('RFR Data - preExcl'!AF$2:AF259,$AE35,1)} -> 0 | AE35: =IFNA(MATCH(Y35,'RFR Data - preExcl'!A$2:A259,0),"") -> 42 | AG35: RUN-BEND_2022-02-22_RFR-038 | AH35: =VLOOKUP(AG35,'Run Reconcile'!A$2:B259,2,FALSE) -> 44614 | AI35: =COUNTIF('APS Tubes Import'!$V$2:$V259, AG35) -> 1 | AJ35: =COUNTIFS('APS Tubes Import'!V$2:V259, AG35, 'APS Tubes Import'!H$2:H259, "Negative") -> 0 | AK35: =COUNTIFS('APS Tubes Import'!V$2:V259, AG35, 'APS Tubes Import'!H$2:H259, "Positive") -> 1 | AL35: =COUNTIFS('APS Tubes Import'!V$2:V259, AG35, 'APS Tubes Import'!H$2:H259, "Inconclusive") -> 0 | AM35: =COUNTIFS('APS Tubes Import'!V$2:V259, AG35, 'APS Tubes Import'!H$2:H259, "Null") -> 0 | AO35: ='APS Tubes by Date Import'!B34 -> 44599 | AP35: ='APS Tubes by Date Import'!C34 -> 13 | AQ35: ='APS Tubes by Date Import'!D34 -> 12 | AR35: ='APS Tubes by Date Import'!E34 -> 1 | AS35: ='APS Tubes by Date Import'!F34 -> 0 | AT35: ='APS Tubes by Date Import'!G34 -> 0
A36: RUN-BEND_2022-02-23_RFR-039 | B36: =VLOOKUP(A36,'Run Reconcile'!A$2:B259,2,FALSE) -> 44615 | C36: =COUNTIF('ALL Tube Results'!B35:B259, A36) -> 34 | D36: =COUNTIFS('ALL Tube Results'!$B35:$B259, $A36, 'ALL Tube Results'!$F35:$F259, "Negative") -> 34 | E36: =COUNTIFS('ALL Tube Results'!$B35:$B259, $A36, 'ALL Tube Results'!$F35:$F259, "Positive") -> 0 | F36: =COUNTIFS('ALL Tube Results'!$B35:$B259, $A36, 'ALL Tube Results'!$F35:$F259, "Inconclusive") -> 0 | G36: =IFERROR(VLOOKUP($A36,R$3:T292,3,FALSE),IFERROR(0/0,"") ) -> 34 | H36: =IF($C36=G36,IFERROR(0/0,""),$C36-G36) | I36: =IFERROR(VLOOKUP($A36,Y$3:AA292,3,FALSE),IFERROR(0/0,"") ) -> 34 | J36: =IFERROR(VLOOKUP($A36,Y$3:AD292,5,FALSE),IFERROR(0/0,"") ) -> 0 | K36: =IFERROR(VLOOKUP($A36,Y$3:AD292,6,FALSE),IFERROR(0/0,"")) -> 0 | L36: =IF($C36=I36,IFERROR(0/0,""),$C36-I36) | M36: =IF($E36=J36,IFERROR(0/0,""),$E36-J36) | N36: =IF($F36=K36,IFERROR(0/0,""),$F36-K36) | O36: =IFERROR(VLOOKUP($A36,AG$3:AI292,3,FALSE),IFERROR(0/0,"") ) -> 34 | P36: =IF($C36=O36,IFERROR(0/0,""),$C36-O36) | R36: RUN-BEND_2022-02-23_RFR-039 | S36: 44615 | T36: =VLOOKUP(R36,'Run Reconcile'!$A$2:$L259,12,FALSE) -> 34 | U36: =IF(EXACT(A35,R35),IFERROR(0/0,""),FALSE) | Y36: =IFERROR(__xludf.DUMMYFUNCTION("""COMPUTED_VALUE"""),"RUN-BEND_2022-03-01_RFR-043") -> RUN-BEND_2022-03-01_RFR-043 | Z36: =IFERROR(__xludf.DUMMYFUNCTION("""COMPUTED_VALUE"""),44621.0) -> 44621 | AA36: {=INDEX('RFR Data - preExcl'!AK$2:AK259,$AE36,1)} -> 31 | AB36: =AA36-AC36-AD36 -> 31 | AC36: {=INDEX('RFR Data - preExcl'!AI$2:AI259,$AE36,1)} -> 0 | AD36: {=INDEX('RFR Data - preExcl'!AF$2:AF259,$AE36,1)} -> 0 | AE36: =IFNA(MATCH(Y36,'RFR Data - preExcl'!A$2:A259,0),"") -> 43 | AG36: RUN-BEND_2022-02-23_RFR-039 | AH36: =VLOOKUP(AG36,'Run Reconcile'!A$2:B259,2,FALSE) -> 44615 | AI36: =COUNTIF('APS Tubes Import'!$V$2:$V259, AG36) -> 34 | AJ36: =COUNTIFS('APS Tubes Import'!V$2:V259, AG36, 'APS Tubes Import'!H$2:H259, "Negative") -> 34 | AK36: =COUNTIFS('APS Tubes Import'!V$2:V259, AG36, 'APS Tubes Import'!H$2:H259, "Positive") -> 0 | AL36: =COUNTIFS('APS Tubes Import'!V$2:V259, AG36, 'APS Tubes Import'!H$2:H259, "Inconclusive") -> 0 | AM36: =COUNTIFS('APS Tubes Import'!V$2:V259, AG36, 'APS Tubes Import'!H$2:H259, "Null") -> 0 | AO36: ='APS Tubes by Date Import'!B35 -> 44601 | AP36: ='APS Tubes by Date Import'!C35 -> 14 | AQ36: ='APS Tubes by Date Import'!D35 -> 13 | AR36: ='APS Tubes by Date Import'!E35 -> 1 | AS36: ='APS Tubes by Date Import'!F35 -> 0 | AT36: ='APS Tubes by Date Import'!G35 -> 0
A37: RUN-BEND_2022-02-25_RFR-040 | B37: =VLOOKUP(A37,'Run Reconcile'!A$2:B259,2,FALSE) -> 44617 | C37: =COUNTIF('ALL Tube Results'!B36:B259, A37) -> 33 | D37: =COUNTIFS('ALL Tube Results'!$B36:$B259, $A37, 'ALL Tube Results'!$F36:$F259, "Negative") -> 33 | E37: =COUNTIFS('ALL Tube Results'!$B36:$B259, $A37, 'ALL Tube Results'!$F36:$F259, "Positive") -> 0 | F37: =COUNTIFS('ALL Tube Results'!$B36:$B259, $A37, 'ALL Tube Results'!$F36:$F259, "Inconclusive") -> 0 | G37: =IFERROR(VLOOKUP($A37,R$3:T293,3,FALSE),IFERROR(0/0,"") ) -> 33 | H37: =IF($C37=G37,IFERROR(0/0,""),$C37-G37) | I37: =IFERROR(VLOOKUP($A37,Y$3:AA293,3,FALSE),IFERROR(0/0,"") ) -> 33 | J37: =IFERROR(VLOOKUP($A37,Y$3:AD293,5,FALSE),IFERROR(0/0,"") ) -> 0 | K37: =IFERROR(VLOOKUP($A37,Y$3:AD293,6,FALSE),IFERROR(0/0,"")) -> 0 | L37: =IF($C37=I37,IFERROR(0/0,""),$C37-I37) | M37: =IF($E37=J37,IFERROR(0/0,""),$E37-J37) | N37: =IF($F37=K37,IFERROR(0/0,""),$F37-K37) | O37: =IFERROR(VLOOKUP($A37,AG$3:AI293,3,FALSE),IFERROR(0/0,"") ) -> 33 | P37: =IF($C37=O37,IFERROR(0/0,""),$C37-O37) | R37: RUN-BEND_2022-02-25_RFR-040 | S37: 44617 | T37: =VLOOKUP(R37,'Run Reconcile'!$A$2:$L259,12,FALSE) -> 33 | U37: =IF(EXACT(A36,R36),IFERROR(0/0,""),FALSE) | Y37: =IFERROR(__xludf.DUMMYFUNCTION("""COMPUTED_VALUE"""),"RUN-BEND_2022-03-03_RFR-044") -> RUN-BEND_2022-03-03_RFR-044 | Z37: =IFERROR(__xludf.DUMMYFUNCTION("""COMPUTED_VALUE"""),44623.0) -> 44623 | AA37: {=INDEX('RFR Data - preExcl'!AK$2:AK259,$AE37,1)} -> 35 | AB37: =AA37-AC37-AD37 -> 33 | AC37: {=INDEX('RFR Data - preExcl'!AI$2:AI259,$AE37,1)} -> 2 | AD37: {=INDEX('RFR Data - preExcl'!AF$2:AF259,$AE37,1)} -> 0 | AE37: =IFNA(MATCH(Y37,'RFR Data - preExcl'!A$2:A259,0),"") -> 44 | AG37: RUN-BEND_2022-02-25_RFR-040 | AH37: =VLOOKUP(AG37,'Run Reconcile'!A$2:B259,2,FALSE) -> 44617 | AI37: =COUNTIF('APS Tubes Import'!$V$2:$V259, AG37) -> 33 | AJ37: =COUNTIFS('APS Tubes Import'!V$2:V259, AG37, 'APS Tubes Import'!H$2:H259, "Negative") -> 33 | AK37: =COUNTIFS('APS Tubes Import'!V$2:V259, AG37, 'APS Tubes Import'!H$2:H259, "Positive") -> 0 | AL37: =COUNTIFS('APS Tubes Import'!V$2:V259, AG37, 'APS Tubes Import'!H$2:H259, "Inconclusive") -> 0 | AM37: =COUNTIFS('APS Tubes Import'!V$2:V259, AG37, 'APS Tubes Import'!H$2:H259, "Null") -> 0 | AO37: ='APS Tubes by Date Import'!B36 -> 44603 | AP37: ='APS Tubes by Date Import'!C36 -> 9 | AQ37: ='APS Tubes by Date Import'!D36 -> 7 | AR37: ='APS Tubes by Date Import'!E36 -> 2 | AS37: ='APS Tubes by Date Import'!F36 -> 0 | AT37: ='APS Tubes by Date Import'!G36 -> 0
A38: RUN-BEND_2022-02-27_RFR-042 | B38: =VLOOKUP(A38,'Run Reconcile'!A$2:B259,2,FALSE) -> 44619 | C38: =COUNTIF('ALL Tube Results'!B37:B259, A38) -> 32 | D38: =COUNTIFS('ALL Tube Results'!$B37:$B259, $A38, 'ALL Tube Results'!$F37:$F259, "Negative") -> 30 | E38: =COUNTIFS('ALL Tube Results'!$B37:$B259, $A38, 'ALL Tube Results'!$F37:$F259, "Positive") -> 2 | F38: =COUNTIFS('ALL Tube Results'!$B37:$B259, $A38, 'ALL Tube Results'!$F37:$F259, "Inconclusive") -> 0 | G38: =IFERROR(VLOOKUP($A38,R$3:T294,3,FALSE),IFERROR(0/0,"") ) -> 32 | H38: =IF($C38=G38,IFERROR(0/0,""),$C38-G38) | I38: =IFERROR(VLOOKUP($A38,Y$3:AA294,3,FALSE),IFERROR(0/0,"") ) -> 32 | J38: =IFERROR(VLOOKUP($A38,Y$3:AD294,5,FALSE),IFERROR(0/0,"") ) -> 2 | K38: =IFERROR(VLOOKUP($A38,Y$3:AD294,6,FALSE),IFERROR(0/0,"")) -> 0 | L38: =IF($C38=I38,IFERROR(0/0,""),$C38-I38) | M38: =IF($E38=J38,IFERROR(0/0,""),$E38-J38) | N38: =IF($F38=K38,IFERROR(0/0,""),$F38-K38) | O38: =IFERROR(VLOOKUP($A38,AG$3:AI294,3,FALSE),IFERROR(0/0,"") ) -> 32 | P38: =IF($C38=O38,IFERROR(0/0,""),$C38-O38) | R38: RUN-BEND_2022-02-27_RFR-042 | S38: 44619 | T38: =VLOOKUP(R38,'Run Reconcile'!$A$2:$L259,12,FALSE) -> 32 | U38: =IF(EXACT(A37,R37),IFERROR(0/0,""),FALSE) | Y38: =IFERROR(__xludf.DUMMYFUNCTION("""COMPUTED_VALUE"""),"RUN-BEND_2022-03-05_RFR-045") -> RUN-BEND_2022-03-05_RFR-045 | Z38: =IFERROR(__xludf.DUMMYFUNCTION("""COMPUTED_VALUE"""),44625.0) -> 44625 | AA38: {=INDEX('RFR Data - preExcl'!AK$2:AK259,$AE38,1)} -> 33 | AB38: =AA38-AC38-AD38 -> 32 | AC38: {=INDEX('RFR Data - preExcl'!AI$2:AI259,$AE38,1)} -> 1 | AD38: {=INDEX('RFR Data - preExcl'!AF$2:AF259,$AE38,1)} -> 0 | AE38: =IFNA(MATCH(Y38,'RFR Data - preExcl'!A$2:A259,0),"") -> 45 | AG38: RUN-BEND_2022-02-27_RFR-042 | AH38: =VLOOKUP(AG38,'Run Reconcile'!A$2:B259,2,FALSE) -> 44619 | AI38: =COUNTIF('APS Tubes Import'!$V$2:$V259, AG38) -> 32 | AJ38: =COUNTIFS('APS Tubes Import'!V$2:V259, AG38, 'APS Tubes Import'!H$2:H259, "Negative") -> 30 | AK38: =COUNTIFS('APS Tubes Import'!V$2:V259, AG38, 'APS Tubes Import'!H$2:H259, "Positive") -> 2 | AL38: =COUNTIFS('APS Tubes Import'!V$2:V259, AG38, 'APS Tubes Import'!H$2:H259, "Inconclusive") -> 0 | AM38: =COUNTIFS('APS Tubes Import'!V$2:V259, AG38, 'APS Tubes Import'!H$2:H259, "Null") -> 0 | AO38: ='APS Tubes by Date Import'!B37 -> 44604 | AP38: ='APS Tubes by Date Import'!C37 -> 2 | AQ38: ='APS Tubes by Date Import'!D37 -> 0 | AR38: ='APS Tubes by Date Import'!E37 -> 2 | AS38: ='APS Tubes by Date Import'!F37 -> 0 | AT38: ='APS Tubes by Date Import'!G37 -> 0
A39: RUN-BEND_2022-03-01_RFR-043 | B39: =VLOOKUP(A39,'Run Reconcile'!A$2:B259,2,FALSE) -> 44621 | C39: =COUNTIF('ALL Tube Results'!B38:B259, A39) -> 33 | D39: =COUNTIFS('ALL Tube Results'!$B38:$B259, $A39, 'ALL Tube Results'!$F38:$F259, "Negative") -> 33 | E39: =COUNTIFS('ALL Tube Results'!$B38:$B259, $A39, 'ALL Tube Results'!$F38:$F259, "Positive") -> 0 | F39: =COUNTIFS('ALL Tube Results'!$B38:$B259, $A39, 'ALL Tube Results'!$F38:$F259, "Inconclusive") -> 0 | G39: =IFERROR(VLOOKUP($A39,R$3:T295,3,FALSE),IFERROR(0/0,"") ) -> 33 | H39: =IF($C39=G39,IFERROR(0/0,""),$C39-G39) | I39: =IFERROR(VLOOKUP($A39,Y$3:AA295,3,FALSE),IFERROR(0/0,"") ) -> 31 | J39: =IFERROR(VLOOKUP($A39,Y$3:AD295,5,FALSE),IFERROR(0/0,"") ) -> 0 | K39: =IFERROR(VLOOKUP($A39,Y$3:AD295,6,FALSE),IFERROR(0/0,"")) -> 0 | L39: =IF($C39=I39,IFERROR(0/0,""),$C39-I39) -> 2 | M39: =IF($E39=J39,IFERROR(0/0,""),$E39-J39) | N39: =IF($F39=K39,IFERROR(0/0,""),$F39-K39) | O39: =IFERROR(VLOOKUP($A39,AG$3:AI295,3,FALSE),IFERROR(0/0,"") ) -> 33 | P39: =IF($C39=O39,IFERROR(0/0,""),$C39-O39) | R39: RUN-BEND_2022-03-01_RFR-043 | S39: 44621 | T39: =VLOOKUP(R39,'Run Reconcile'!$A$2:$L259,12,FALSE) -> 33 | U39: =IF(EXACT(A38,R38),IFERROR(0/0,""),FALSE) | Y39: =IFERROR(__xludf.DUMMYFUNCTION("""COMPUTED_VALUE"""),"RUN-BEND_2022-03-07_RFR-047") -> RUN-BEND_2022-03-07_RFR-047 | Z39: =IFERROR(__xludf.DUMMYFUNCTION("""COMPUTED_VALUE"""),44627.0) -> 44627 | AA39: {=INDEX('RFR Data - preExcl'!AK$2:AK259,$AE39,1)} -> 32 | AB39: =AA39-AC39-AD39 -> 32 | AC39: {=INDEX('RFR Data - preExcl'!AI$2:AI259,$AE39,1)} -> 0 | AD39: {=INDEX('RFR Data - preExcl'!AF$2:AF259,$AE39,1)} -> 0 | AE39: =IFNA(MATCH(Y39,'RFR Data - preExcl'!A$2:A259,0),"") -> 47 | AG39: RUN-BEND_2022-03-01_RFR-043 | AH39: =VLOOKUP(AG39,'Run Reconcile'!A$2:B259,2,FALSE) -> 44621 | AI39: =COUNTIF('APS Tubes Import'!$V$2:$V259, AG39) -> 33 | AJ39: =COUNTIFS('APS Tubes Import'!V$2:V259, AG39, 'APS Tubes Import'!H$2:H259, "Negative") -> 33 | AK39: =COUNTIFS('APS Tubes Import'!V$2:V259, AG39, 'APS Tubes Import'!H$2:H259, "Positive") -> 0 | AL39: =COUNTIFS('APS Tubes Import'!V$2:V259, AG39, 'APS Tubes Import'!H$2:H259, "Inconclusive") -> 0 | AM39: =COUNTIFS('APS Tubes Import'!V$2:V259, AG39, 'APS Tubes Import'!H$2:H259, "Null") -> 0 | AO39: ='APS Tubes by Date Import'!B38 -> 44607 | AP39: ='APS Tubes by Date Import'!C38 -> 33 | AQ39: ='APS Tubes by Date Import'!D38 -> 33 | AR39: ='APS Tubes by Date Import'!E38 -> 0 | AS39: ='APS Tubes by Date Import'!F38 -> 0 | AT39: ='APS Tubes by Date Import'!G38 -> 0
A40: RUN-BEND_2022-03-03_RFR-044 | B40: =VLOOKUP(A40,'Run Reconcile'!A$2:B259,2,FALSE) -> 44623 | C40: =COUNTIF('ALL Tube Results'!B39:B259, A40) -> 35 | D40: =COUNTIFS('ALL Tube Results'!$B39:$B259, $A40, 'ALL Tube Results'!$F39:$F259, "Negative") -> 33 | E40: =COUNTIFS('ALL Tube Results'!$B39:$B259, $A40, 'ALL Tube Results'!$F39:$F259, "Positive") -> 2 | F40: =COUNTIFS('ALL Tube Results'!$B39:$B259, $A40, 'ALL Tube Results'!$F39:$F259, "Inconclusive") -> 0 | G40: =IFERROR(VLOOKUP($A40,R$3:T296,3,FALSE),IFERROR(0/0,"") ) -> 35 | H40: =IF($C40=G40,IFERROR(0/0,""),$C40-G40) | I40: =IFERROR(VLOOKUP($A40,Y$3:AA296,3,FALSE),IFERROR(0/0,"") ) -> 35 | J40: =IFERROR(VLOOKUP($A40,Y$3:AD296,5,FALSE),IFERROR(0/0,"") ) -> 2 | K40: =IFERROR(VLOOKUP($A40,Y$3:AD296,6,FALSE),IFERROR(0/0,"")) -> 0 | L40: =IF($C40=I40,IFERROR(0/0,""),$C40-I40) | M40: =IF($E40=J40,IFERROR(0/0,""),$E40-J40) | N40: =IF($F40=K40,IFERROR(0/0,""),$F40-K40) | O40: =IFERROR(VLOOKUP($A40,AG$3:AI296,3,FALSE),IFERROR(0/0,"") ) -> 33 | P40: =IF($C40=O40,IFERROR(0/0,""),$C40-O40) -> 2 | R40: RUN-BEND_2022-03-03_RFR-044 | S40: 44623 | T40: =VLOOKUP(R40,'Run Reconcile'!$A$2:$L259,12,FALSE) -> 35 | U40: =IF(EXACT(A39,R39),IFERROR(0/0,""),FALSE) | Y40: =IFERROR(__xludf.DUMMYFUNCTION("""COMPUTED_VALUE"""),"RUN-BEND_2022-03-09_RFR-049") -> RUN-BEND_2022-03-09_RFR-049 | Z40: =IFERROR(__xludf.DUMMYFUNCTION("""COMPUTED_VALUE"""),44629.0) -> 44629 | AA40: {=INDEX('RFR Data - preExcl'!AK$2:AK259,$AE40,1)} -> 27 | AB40: =AA40-AC40-AD40 -> 27 | AC40: {=INDEX('RFR Data - preExcl'!AI$2:AI259,$AE40,1)} -> 0 | AD40: {=INDEX('RFR Data - preExcl'!AF$2:AF259,$AE40,1)} -> 0 | AE40: =IFNA(MATCH(Y40,'RFR Data - preExcl'!A$2:A259,0),"") -> 49 | AG40: RUN-BEND_2022-03-03_RFR-044 | AH40: =VLOOKUP(AG40,'Run Reconcile'!A$2:B259,2,FALSE) -> 44623 | AI40: =COUNTIF('APS Tubes Import'!$V$2:$V259, AG40) -> 33 | AJ40: =COUNTIFS('APS Tubes Import'!V$2:V259, AG40, 'APS Tubes Import'!H$2:H259, "Negative") -> 31 | AK40: =COUNTIFS('APS Tubes Import'!V$2:V259, AG40, 'APS Tubes Import'!H$2:H259, "Positive") -> 2 | AL40: =COUNTIFS('APS Tubes Import'!V$2:V259, AG40, 'APS Tubes Import'!H$2:H259, "Inconclusive") -> 0 | AM40: =COUNTIFS('APS Tubes Import'!V$2:V259, AG40, 'APS Tubes Import'!H$2:H259, "Null") -> 0 | AO40: ='APS Tubes by Date Import'!B39 -> 44609 | AP40: ='APS Tubes by Date Import'!C39 -> 33 | AQ40: ='APS Tubes by Date Import'!D39 -> 32 | AR40: ='APS Tubes by Date Import'!E39 -> 0 | AS40: ='APS Tubes by Date Import'!F39 -> 1 | AT40: ='APS Tubes by Date Import'!G39 -> 0
A41: RUN-BEND_2022-03-05_RFR-045 | B41: =VLOOKUP(A41,'Run Reconcile'!A$2:B259,2,FALSE) -> 44625 | C41: =COUNTIF('ALL Tube Results'!B40:B259, A41) -> 33 | D41: =COUNTIFS('ALL Tube Results'!$B40:$B259, $A41, 'ALL Tube Results'!$F40:$F259, "Negative") -> 32 | E41: =COUNTIFS('ALL Tube Results'!$B40:$B259, $A41, 'ALL Tube Results'!$F40:$F259, "Positive") -> 1 | F41: =COUNTIFS('ALL Tube Results'!$B40:$B259, $A41, 'ALL Tube Results'!$F40:$F259, "Inconclusive") -> 0 | G41: =IFERROR(VLOOKUP($A41,R$3:T297,3,FALSE),IFERROR(0/0,"") ) -> 33 | H41: =IF($C41=G41,IFERROR(0/0,""),$C41-G41) | I41: =IFERROR(VLOOKUP($A41,Y$3:AA297,3,FALSE),IFERROR(0/0,"") ) -> 33 | J41: =IFERROR(VLOOKUP($A41,Y$3:AD297,5,FALSE),IFERROR(0/0,"") ) -> 1 | K41: =IFERROR(VLOOKUP($A41,Y$3:AD297,6,FALSE),IFERROR(0/0,"")) -> 0 | L41: =IF($C41=I41,IFERROR(0/0,""),$C41-I41) | M41: =IF($E41=J41,IFERROR(0/0,""),$E41-J41) | N41: =IF($F41=K41,IFERROR(0/0,""),$F41-K41) | O41: =IFERROR(VLOOKUP($A41,AG$3:AI297,3,FALSE),IFERROR(0/0,"") ) -> 33 | P41: =IF($C41=O41,IFERROR(0/0,""),$C41-O41) | R41: RUN-BEND_2022-03-05_RFR-045 | S41: 44625 | T41: =VLOOKUP(R41,'Run Reconcile'!$A$2:$L259,12,FALSE) -> 33 | U41: =IF(EXACT(A40,R40),IFERROR(0/0,""),FALSE) | Y41: =IFERROR(__xludf.DUMMYFUNCTION("""COMPUTED_VALUE"""),"RUN-BEND_2022-03-11_RFR-050") -> RUN-BEND_2022-03-11_RFR-050 | Z41: =IFERROR(__xludf.DUMMYFUNCTION("""COMPUTED_VALUE"""),44631.0) -> 44631 | AA41: {=INDEX('RFR Data - preExcl'!AK$2:AK259,$AE41,1)} -> 30 | AB41: =AA41-AC41-AD41 -> 30 | AC41: {=INDEX('RFR Data - preExcl'!AI$2:AI259,$AE41,1)} -> 0 | AD41: {=INDEX('RFR Data - preExcl'!AF$2:AF259,$AE41,1)} -> 0 | AE41: =IFNA(MATCH(Y41,'RFR Data - preExcl'!A$2:A259,0),"") -> 50 | AG41: RUN-BEND_2022-03-05_RFR-045 | AH41: =VLOOKUP(AG41,'Run Reconcile'!A$2:B259,2,FALSE) -> 44625 | AI41: =COUNTIF('APS Tubes Import'!$V$2:$V259, AG41) -> 33 | AJ41: =COUNTIFS('APS Tubes Import'!V$2:V259, AG41, 'APS Tubes Import'!H$2:H259, "Negative") -> 32 | AK41: =COUNTIFS('APS Tubes Import'!V$2:V259, AG41, 'APS Tubes Import'!H$2:H259, "Positive") -> 1 | AL41: =COUNTIFS('APS Tubes Import'!V$2:V259, AG41, 'APS Tubes Import'!H$2:H259, "Inconclusive") -> 0 | AM41: =COUNTIFS('APS Tubes Import'!V$2:V259, AG41, 'APS Tubes Import'!H$2:H259, "Null") -> 0 | AO41: ='APS Tubes by Date Import'!B40 -> 44611 | AP41: ='APS Tubes by Date Import'!C40 -> 31 | AQ41: ='APS Tubes by Date Import'!D40 -> 31 | AR41: ='APS Tubes by Date Import'!E40 -> 0 | AS41: ='APS Tubes by Date Import'!F40 -> 0 | AT41: ='APS Tubes by Date Import'!G40 -> 0
A42: RUN-BEND_2022-03-07_RFR-047 | B42: =VLOOKUP(A42,'Run Reconcile'!A$2:B259,2,FALSE) -> 44627 | C42: =COUNTIF('ALL Tube Results'!B41:B259, A42) -> 31 | D42: =COUNTIFS('ALL Tube Results'!$B41:$B259, $A42, 'ALL Tube Results'!$F41:$F259, "Negative") -> 31 | E42: =COUNTIFS('ALL Tube Results'!$B41:$B259, $A42, 'ALL Tube Results'!$F41:$F259, "Positive") -> 0 | F42: =COUNTIFS('ALL Tube Results'!$B41:$B259, $A42, 'ALL Tube Results'!$F41:$F259, "Inconclusive") -> 0 | G42: =IFERROR(VLOOKUP($A42,R$3:T298,3,FALSE),IFERROR(0/0,"") ) -> 31 | H42: =IF($C42=G42,IFERROR(0/0,""),$C42-G42) | I42: =IFERROR(VLOOKUP($A42,Y$3:AA298,3,FALSE),IFERROR(0/0,"") ) -> 32 | J42: =IFERROR(VLOOKUP($A42,Y$3:AD298,5,FALSE),IFERROR(0/0,"") ) -> 0 | K42: =IFERROR(VLOOKUP($A42,Y$3:AD298,6,FALSE),IFERROR(0/0,"")) -> 0 | L42: =IF($C42=I42,IFERROR(0/0,""),$C42-I42) -> -1 | M42: =IF($E42=J42,IFERROR(0/0,""),$E42-J42) | N42: =IF($F42=K42,IFERROR(0/0,""),$F42-K42) | O42: =IFERROR(VLOOKUP($A42,AG$3:AI298,3,FALSE),IFERROR(0/0,"") ) -> 31 | P42: =IF($C42=O42,IFERROR(0/0,""),$C42-O42) | R42: RUN-BEND_2022-03-07_RFR-047 | S42: 44627 | T42: =VLOOKUP(R42,'Run Reconcile'!$A$2:$L259,12,FALSE) -> 31 | U42: =IF(EXACT(A41,R41),IFERROR(0/0,""),FALSE) | Y42: =IFERROR(__xludf.DUMMYFUNCTION("""COMPUTED_VALUE"""),"RUN-BEND_2022-04-14_RFR-051") -> RUN-BEND_2022-04-14_RFR-051 | Z42: =IFERROR(__xludf.DUMMYFUNCTION("""COMPUTED_VALUE"""),44665.0) -> 44665 | AA42: {=INDEX('RFR Data - preExcl'!AK$2:AK259,$AE42,1)} -> 1 | AB42: =AA42-AC42-AD42 -> 1 | AC42: {=INDEX('RFR Data - preExcl'!AI$2:AI259,$AE42,1)} -> 0 | AD42: {=INDEX('RFR Data - preExcl'!AF$2:AF259,$AE42,1)} -> 0 | AE42: =IFNA(MATCH(Y42,'RFR Data - preExcl'!A$2:A259,0),"") -> 51 | AG42: RUN-BEND_2022-03-07_RFR-047 | AH42: =VLOOKUP(AG42,'Run Reconcile'!A$2:B259,2,FALSE) -> 44627 | AI42: =COUNTIF('APS Tubes Import'!$V$2:$V259, AG42) -> 31 | AJ42: =COUNTIFS('APS Tubes Import'!V$2:V259, AG42, 'APS Tubes Import'!H$2:H259, "Negative") -> 31 | AK42: =COUNTIFS('APS Tubes Import'!V$2:V259, AG42, 'APS Tubes Import'!H$2:H259, "Positive") -> 0 | AL42: =COUNTIFS('APS Tubes Import'!V$2:V259, AG42, 'APS Tubes Import'!H$2:H259, "Inconclusive") -> 0 | AM42: =COUNTIFS('APS Tubes Import'!V$2:V259, AG42, 'APS Tubes Import'!H$2:H259, "Null") -> 0 | AO42: ='APS Tubes by Date Import'!B41 -> 44613 | AP42: ='APS Tubes by Date Import'!C41 -> 28 | AQ42: ='APS Tubes by Date Import'!D41 -> 28 | AR42: ='APS Tubes by Date Import'!E41 -> 0 | AS42: ='APS Tubes by Date Import'!F41 -> 0 | AT42: ='APS Tubes by Date Import'!G41 -> 0
A43: RUN-BEND_2022-03-09_RFR-049 | B43: =VLOOKUP(A43,'Run Reconcile'!A$2:B259,2,FALSE) -> 44629 | C43: =COUNTIF('ALL Tube Results'!B42:B259, A43) -> 27 | D43: =COUNTIFS('ALL Tube Results'!$B42:$B259, $A43, 'ALL Tube Results'!$F42:$F259, "Negative") -> 27 | E43: =COUNTIFS('ALL Tube Results'!$B42:$B259, $A43, 'ALL Tube Results'!$F42:$F259, "Positive") -> 0 | F43: =COUNTIFS('ALL Tube Results'!$B42:$B259, $A43, 'ALL Tube Results'!$F42:$F259, "Inconclusive") -> 0 | G43: =IFERROR(VLOOKUP($A43,R$3:T299,3,FALSE),IFERROR(0/0,"") ) -> 27 | H43: =IF($C43=G43,IFERROR(0/0,""),$C43-G43) | I43: =IFERROR(VLOOKUP($A43,Y$3:AA299,3,FALSE),IFERROR(0/0,"") ) -> 27 | J43: =IFERROR(VLOOKUP($A43,Y$3:AD299,5,FALSE),IFERROR(0/0,"") ) -> 0 | K43: =IFERROR(VLOOKUP($A43,Y$3:AD299,6,FALSE),IFERROR(0/0,"")) -> 0 | L43: =IF($C43=I43,IFERROR(0/0,""),$C43-I43) | M43: =IF($E43=J43,IFERROR(0/0,""),$E43-J43) | N43: =IF($F43=K43,IFERROR(0/0,""),$F43-K43) | O43: =IFERROR(VLOOKUP($A43,AG$3:AI299,3,FALSE),IFERROR(0/0,"") ) -> 27 | P43: =IF($C43=O43,IFERROR(0/0,""),$C43-O43) | R43: RUN-BEND_2022-03-09_RFR-049 | S43: 44629 | T43: =VLOOKUP(R43,'Run Reconcile'!$A$2:$L259,12,FALSE) -> 27 | U43: =IF(EXACT(A42,R42),IFERROR(0/0,""),FALSE) | Y43: =IFERROR(__xludf.DUMMYFUNCTION("""COMPUTED_VALUE"""),"RUN-BEND_2022-05-11_RFR-052") -> RUN-BEND_2022-05-11_RFR-052 | Z43: =IFERROR(__xludf.DUMMYFUNCTION("""COMPUTED_VALUE"""),44692.0) -> 44692 | AA43: {=INDEX('RFR Data - preExcl'!AK$2:AK259,$AE43,1)} -> 9 | AB43: =AA43-AC43-AD43 -> 9 | AC43: {=INDEX('RFR Data - preExcl'!AI$2:AI259,$AE43,1)} -> 0 | AD43: {=INDEX('RFR Data - preExcl'!AF$2:AF259,$AE43,1)} -> 0 | AE43: =IFNA(MATCH(Y43,'RFR Data - preExcl'!A$2:A259,0),"") -> 52 | AG43: RUN-BEND_2022-03-09_RFR-049 | AH43: =VLOOKUP(AG43,'Run Reconcile'!A$2:B259,2,FALSE) -> 44629 | AI43: =COUNTIF('APS Tubes Import'!$V$2:$V259, AG43) -> 27 | AJ43: =COUNTIFS('APS Tubes Import'!V$2:V259, AG43, 'APS Tubes Import'!H$2:H259, "Negative") -> 27 | AK43: =COUNTIFS('APS Tubes Import'!V$2:V259, AG43, 'APS Tubes Import'!H$2:H259, "Positive") -> 0 | AL43: =COUNTIFS('APS Tubes Import'!V$2:V259, AG43, 'APS Tubes Import'!H$2:H259, "Inconclusive") -> 0 | AM43: =COUNTIFS('APS Tubes Import'!V$2:V259, AG43, 'APS Tubes Import'!H$2:H259, "Null") -> 0 | AO43: ='APS Tubes by Date Import'!B42 -> 44614 | AP43: ='APS Tubes by Date Import'!C42 -> 1 | AQ43: ='APS Tubes by Date Import'!D42 -> 0 | AR43: ='APS Tubes by Date Import'!E42 -> 1 | AS43: ='APS Tubes by Date Import'!F42 -> 0 | AT43: ='APS Tubes by Date Import'!G42 -> 0
A44: RUN-BEND_2022-03-11_RFR-050 | B44: =VLOOKUP(A44,'Run Reconcile'!A$2:B259,2,FALSE) -> 44631 | C44: =COUNTIF('ALL Tube Results'!B43:B259, A44) -> 28 | D44: =COUNTIFS('ALL Tube Results'!$B43:$B259, $A44, 'ALL Tube Results'!$F43:$F259, "Negative") -> 28 | E44: =COUNTIFS('ALL Tube Results'!$B43:$B259, $A44, 'ALL Tube Results'!$F43:$F259, "Positive") -> 0 | F44: =COUNTIFS('ALL Tube Results'!$B43:$B259, $A44, 'ALL Tube Results'!$F43:$F259, "Inconclusive") -> 0 | G44: =IFERROR(VLOOKUP($A44,R$3:T300,3,FALSE),IFERROR(0/0,"") ) -> 28 | H44: =IF($C44=G44,IFERROR(0/0,""),$C44-G44) | I44: =IFERROR(VLOOKUP($A44,Y$3:AA300,3,FALSE),IFERROR(0/0,"") ) -> 30 | J44: =IFERROR(VLOOKUP($A44,Y$3:AD300,5,FALSE),IFERROR(0/0,"") ) -> 0 | K44: =IFERROR(VLOOKUP($A44,Y$3:AD300,6,FALSE),IFERROR(0/0,"")) -> 0 | L44: =IF($C44=I44,IFERROR(0/0,""),$C44-I44) -> -2 | M44: =IF($E44=J44,IFERROR(0/0,""),$E44-J44) | N44: =IF($F44=K44,IFERROR(0/0,""),$F44-K44) | O44: =IFERROR(VLOOKUP($A44,AG$3:AI300,3,FALSE),IFERROR(0/0,"") ) -> 28 | P44: =IF($C44=O44,IFERROR(0/0,""),$C44-O44) | R44: RUN-BEND_2022-03-11_RFR-050 | S44: 44631 | T44: =VLOOKUP(R44,'Run Reconcile'!$A$2:$L259,12,FALSE) -> 28 | U44: =IF(EXACT(A43,R43),IFERROR(0/0,""),FALSE) | AG44: RUN-BEND_2022-03-11_RFR-050 | AH44: =VLOOKUP(AG44,'Run Reconcile'!A$2:B259,2,FALSE) -> 44631 | AI44: =COUNTIF('APS Tubes Import'!$V$2:$V259, AG44) -> 28 | AJ44: =COUNTIFS('APS Tubes Import'!V$2:V259, AG44, 'APS Tubes Import'!H$2:H259, "Negative") -> 28 | AK44: =COUNTIFS('APS Tubes Import'!V$2:V259, AG44, 'APS Tubes Import'!H$2:H259, "Positive") -> 0 | AL44: =COUNTIFS('APS Tubes Import'!V$2:V259, AG44, 'APS Tubes Import'!H$2:H259, "Inconclusive") -> 0 | AM44: =COUNTIFS('APS Tubes Import'!V$2:V259, AG44, 'APS Tubes Import'!H$2:H259, "Null") -> 0 | AO44: ='APS Tubes by Date Import'!B43 -> 44615 | AP44: ='APS Tubes by Date Import'!C43 -> 34 | AQ44: ='APS Tubes by Date Import'!D43 -> 34 | AR44: ='APS Tubes by Date Import'!E43 -> 0 | AS44: ='APS Tubes by Date Import'!F43 -> 0 | AT44: ='APS Tubes by Date Import'!G43 -> 0
A45: RUN-BEND_2022-04-14_RFR-051 | B45: =VLOOKUP(A45,'Run Reconcile'!A$2:B259,2,FALSE) -> 44665 | C45: =COUNTIF('ALL Tube Results'!B44:B259, A45) -> 1 | D45: =COUNTIFS('ALL Tube Results'!$B44:$B259, $A45, 'ALL Tube Results'!$F44:$F259, "Negative") -> 1 | E45: =COUNTIFS('ALL Tube Results'!$B44:$B259, $A45, 'ALL Tube Results'!$F44:$F259, "Positive") -> 0 | F45: =COUNTIFS('ALL Tube Results'!$B44:$B259, $A45, 'ALL Tube Results'!$F44:$F259, "Inconclusive") -> 0 | G45: =IFERROR(VLOOKUP($A45,R$3:T301,3,FALSE),IFERROR(0/0,"") ) -> 1 | H45: =IF($C45=G45,IFERROR(0/0,""),$C45-G45) | I45: =IFERROR(VLOOKUP($A45,Y$3:AA301,3,FALSE),IFERROR(0/0,"") ) -> 1 | J45: =IFERROR(VLOOKUP($A45,Y$3:AD301,5,FALSE),IFERROR(0/0,"") ) -> 0 | K45: =IFERROR(VLOOKUP($A45,Y$3:AD301,6,FALSE),IFERROR(0/0,"")) -> 0 | L45: =IF($C45=I45,IFERROR(0/0,""),$C45-I45) | M45: =IF($E45=J45,IFERROR(0/0,""),$E45-J45) | N45: =IF($F45=K45,IFERROR(0/0,""),$F45-K45) | O45: =IFERROR(VLOOKUP($A45,AG$3:AI301,3,FALSE),IFERROR(0/0,"") ) -> 1 | P45: =IF($C45=O45,IFERROR(0/0,""),$C45-O45) | R45: RUN-BEND_2022-04-14_RFR-051 | S45: 44665 | T45: =VLOOKUP(R45,'Run Reconcile'!$A$2:$L259,12,FALSE) -> 1 | U45: =IF(EXACT(A44,R44),IFERROR(0/0,""),FALSE) | AG45: RUN-BEND_2022-04-14_RFR-051 | AH45: =VLOOKUP(AG45,'Run Reconcile'!A$2:B259,2,FALSE) -> 44665 | AI45: =COUNTIF('APS Tubes Import'!$V$2:$V259, AG45) -> 1 | AJ45: =COUNTIFS('APS Tubes Import'!V$2:V259, AG45, 'APS Tubes Import'!H$2:H259, "Negative") -> 1 | AK45: =COUNTIFS('APS Tubes Import'!V$2:V259, AG45, 'APS Tubes Import'!H$2:H259, "Positive") -> 0 | AL45: =COUNTIFS('APS Tubes Import'!V$2:V259, AG45, 'APS Tubes Import'!H$2:H259, "Inconclusive") -> 0 | AM45: =COUNTIFS('APS Tubes Import'!V$2:V259, AG45, 'APS Tubes Import'!H$2:H259, "Null") -> 0 | AO45: ='APS Tubes by Date Import'!B44 -> 44617 | AP45: ='APS Tubes by Date Import'!C44 -> 33 | AQ45: ='APS Tubes by Date Import'!D44 -> 33 | AR45: ='APS Tubes by Date Import'!E44 -> 0 | AS45: ='APS Tubes by Date Import'!F44 -> 0 | AT45: ='APS Tubes by Date Import'!G44 -> 0
A46: RUN-BEND_2022-05-11_RFR-052 | B46: =VLOOKUP(A46,'Run Reconcile'!A$2:B259,2,FALSE) -> 44692 | C46: =COUNTIF('ALL Tube Results'!B45:B259, A46) -> 9 | D46: =COUNTIFS('ALL Tube Results'!$B45:$B259, $A46, 'ALL Tube Results'!$F45:$F259, "Negative") -> 9 | E46: =COUNTIFS('ALL Tube Results'!$B45:$B259, $A46, 'ALL Tube Results'!$F45:$F259, "Positive") -> 0 | F46: =COUNTIFS('ALL Tube Results'!$B45:$B259, $A46, 'ALL Tube Results'!$F45:$F259, "Inconclusive") -> 0 | G46: =IFERROR(VLOOKUP($A46,R$3:T302,3,FALSE),IFERROR(0/0,"") ) -> 9 | H46: =IF($C46=G46,IFERROR(0/0,""),$C46-G46) | I46: =IFERROR(VLOOKUP($A46,Y$3:AA302,3,FALSE),IFERROR(0/0,"") ) -> 9 | J46: =IFERROR(VLOOKUP($A46,Y$3:AD302,5,FALSE),IFERROR(0/0,"") ) -> 0 | K46: =IFERROR(VLOOKUP($A46,Y$3:AD302,6,FALSE),IFERROR(0/0,"")) -> 0 | L46: =IF($C46=I46,IFERROR(0/0,""),$C46-I46) | M46: =IF($E46=J46,IFERROR(0/0,""),$E46-J46) | N46: =IF($F46=K46,IFERROR(0/0,""),$F46-K46) | O46: =IFERROR(VLOOKUP($A46,AG$3:AI302,3,FALSE),IFERROR(0/0,"") ) -> 9 | P46: =IF($C46=O46,IFERROR(0/0,""),$C46-O46) | R46: RUN-BEND_2022-05-11_RFR-052 | S46: 44692 | T46: =VLOOKUP(R46,'Run Reconcile'!$A$2:$L259,12,FALSE) -> 9 | U46: =IF(EXACT(A45,R45),IFERROR(0/0,""),FALSE) | AG46: RUN-BEND_2022-05-11_RFR-052 | AH46: =VLOOKUP(AG46,'Run Reconcile'!A$2:B259,2,FALSE) -> 44692 | AI46: =COUNTIF('APS Tubes Import'!$V$2:$V259, AG46) -> 9 | AJ46: =COUNTIFS('APS Tubes Import'!V$2:V259, AG46, 'APS Tubes Import'!H$2:H259, "Negative") -> 9 | AK46: =COUNTIFS('APS Tubes Import'!V$2:V259, AG46, 'APS Tubes Import'!H$2:H259, "Positive") -> 0 | AL46: =COUNTIFS('APS Tubes Import'!V$2:V259, AG46, 'APS Tubes Import'!H$2:H259, "Inconclusive") -> 0 | AM46: =COUNTIFS('APS Tubes Import'!V$2:V259, AG46, 'APS Tubes Import'!H$2:H259, "Null") -> 0 | AO46: ='APS Tubes by Date Import'!B45 -> 44619 | AP46: ='APS Tubes by Date Import'!C45 -> 32 | AQ46: ='APS Tubes by Date Import'!D45 -> 30 | AR46: ='APS Tubes by Date Import'!E45 -> 2 | AS46: ='APS Tubes by Date Import'!F45 -> 0 | AT46: ='APS Tubes by Date Import'!G45 -> 0
S47: 44549 | U47: =IF(T47=C47,IFERROR(0/0,""),T47-C47) | AO47: ='APS Tubes by Date Import'!B46 -> 44621 | AP47: ='APS Tubes by Date Import'!C46 -> 33 | AQ47: ='APS Tubes by Date Import'!D46 -> 33 | AR47: ='APS Tubes by Date Import'!E46 -> 0 | AS47: ='APS Tubes by Date Import'!F46 -> 0 | AT47: ='APS Tubes by Date Import'!G46 -> 0
S48: 44551 | U48: =IF(T48=C48,IFERROR(0/0,""),T48-C48) | AO48: ='APS Tubes by Date Import'!B47 -> 44623 | AP48: ='APS Tubes by Date Import'!C47 -> 33 | AQ48: ='APS Tubes by Date Import'!D47 -> 31 | AR48: ='APS Tubes by Date Import'!E47 -> 2 | AS48: ='APS Tubes by Date Import'!F47 -> 0 | AT48: ='APS Tubes by Date Import'!G47 -> 0
S49: 44556 | U49: =IF(T49=C49,IFERROR(0/0,""),T49-C49) | AO49: ='APS Tubes by Date Import'!B48 -> 44625 | AP49: ='APS Tubes by Date Import'!C48 -> 34 | AQ49: ='APS Tubes by Date Import'!D48 -> 33 | AR49: ='APS Tubes by Date Import'!E48 -> 1 | AS49: ='APS Tubes by Date Import'!F48 -> 0 | AT49: ='APS Tubes by Date Import'!G48 -> 0
S50: 44565 | U50: =IF(T50=C50,IFERROR(0/0,""),T50-C50) | AO50: ='APS Tubes by Date Import'!B49 -> 44627 | AP50: ='APS Tubes by Date Import'!C49 -> 30 | AQ50: ='APS Tubes by Date Import'!D49 -> 30 | AR50: ='APS Tubes by Date Import'!E49 -> 0 | AS50: ='APS Tubes by Date Import'!F49 -> 0 | AT50: ='APS Tubes by Date Import'!G49 -> 0
S51: 44567 | U51: =IF(T51=C51,IFERROR(0/0,""),T51-C51) | AO51: ='APS Tubes by Date Import'!B50 -> 44629 | AP51: ='APS Tubes by Date Import'!C50 -> 27 | AQ51: ='APS Tubes by Date Import'!D50 -> 27 | AR51: ='APS Tubes by Date Import'!E50 -> 0 | AS51: ='APS Tubes by Date Import'!F50 -> 0 | AT51: ='APS Tubes by Date Import'!G50 -> 0
S52: 44574 | U52: =IF(T52=C52,IFERROR(0/0,""),T52-C52) | AO52: ='APS Tubes by Date Import'!B51 -> 44631 | AP52: ='APS Tubes by Date Import'!C51 -> 28 | AQ52: ='APS Tubes by Date Import'!D51 -> 28 | AR52: ='APS Tubes by Date Import'!E51 -> 0 | AS52: ='APS Tubes by Date Import'!F51 -> 0 | AT52: ='APS Tubes by Date Import'!G51 -> 0
S53: 44578 | U53: =IF(T53=C53,IFERROR(0/0,""),T53-C53) | AO53: ='APS Tubes by Date Import'!B52 -> 44665 | AP53: ='APS Tubes by Date Import'!C52 -> 1 | AQ53: ='APS Tubes by Date Import'!D52 -> 1 | AR53: ='APS Tubes by Date Import'!E52 -> 0 | AS53: ='APS Tubes by Date Import'!F52 -> 0 | AT53: ='APS Tubes by Date Import'!G52 -> 0
S54: 44579 | U54: =IF(T54=C54,IFERROR(0/0,""),T54-C54) | AO54: ='APS Tubes by Date Import'!B53 -> 44692 | AP54: ='APS Tubes by Date Import'!C53 -> 9 | AQ54: ='APS Tubes by Date Import'!D53 -> 9 | AR54: ='APS Tubes by Date Import'!E53 -> 0 | AS54: ='APS Tubes by Date Import'!F53 -> 0 | AT54: ='APS Tubes by Date Import'!G53 -> 0
S55: 44581 | U55: =IF(T55=C55,IFERROR(0/0,""),T55-C55) | AO55: ='APS Tubes by Date Import'!B54 | AP55: ='APS Tubes by Date Import'!D54 | AQ55: ='APS Tubes by Date Import'!E54 | AR55: ='APS Tubes by Date Import'!F54 | AS55: ='APS Tubes by Date Import'!G54
U56: =IF(T56=C56,IFERROR(0/0,""),T56-C56) | AO56: ='APS Tubes by Date Import'!B55 | AP56: ='APS Tubes by Date Import'!D55 | AQ56: ='APS Tubes by Date Import'!E55 | AR56: ='APS Tubes by Date Import'!F55 | AS56: ='APS Tubes by Date Import'!G55
U57: =IF(T57=C57,IFERROR(0/0,""),T57-C57) | AO57: ='APS Tubes by Date Import'!B56 | AP57: ='APS Tubes by Date Import'!D56 | AQ57: ='APS Tubes by Date Import'!E56 | AR57: ='APS Tubes by Date Import'!F56 | AS57: ='APS Tubes by Date Import'!G56
U58: =IF(T58=C58,IFERROR(0/0,""),T58-C58) | AO58: ='APS Tubes by Date Import'!B57 | AP58: ='APS Tubes by Date Import'!D57 | AQ58: ='APS Tubes by Date Import'!E57 | AR58: ='APS Tubes by Date Import'!F57 | AS58: ='APS Tubes by Date Import'!G57
U59: =IF(T59=C59,IFERROR(0/0,""),T59-C59) | AO59: ='APS Tubes by Date Import'!B58 | AP59: ='APS Tubes by Date Import'!D58 | AQ59: ='APS Tubes by Date Import'!E58 | AR59: ='APS Tubes by Date Import'!F58 | AS59: ='APS Tubes by Date Import'!G58
U60: =IF(T60=C60,IFERROR(0/0,""),T60-C60) | AO60: ='APS Tubes by Date Import'!B59 | AP60: ='APS Tubes by Date Import'!D59 | AQ60: ='APS Tubes by Date Import'!E59 | AR60: ='APS Tubes by Date Import'!F59 | AS60: ='APS Tubes by Date Import'!G59
U61: =IF(T61=C61,IFERROR(0/0,""),T61-C61) | AO61: ='APS Tubes by Date Import'!B60 | AP61: ='APS Tubes by Date Import'!D60 | AQ61: ='APS Tubes by Date Import'!E60 | AR61: ='APS Tubes by Date Import'!F60 | AS61: ='APS Tubes by Date Import'!G60
U62: =IF(T62=C62,IFERROR(0/0,""),T62-C62) | AO62: ='APS Tubes by Date Import'!B61 | AP62: ='APS Tubes by Date Import'!D61 | AQ62: ='APS Tubes by Date Import'!E61 | AR62: ='APS Tubes by Date Import'!F61 | AS62: ='APS Tubes by Date Import'!G61
U63: =IF(T63=C63,IFERROR(0/0,""),T63-C63) | AO63: ='APS Tubes by Date Import'!B62 | AP63: ='APS Tubes by Date Import'!D62 | AQ63: ='APS Tubes by Date Import'!E62 | AR63: ='APS Tubes by Date Import'!F62 | AS63: ='APS Tubes by Date Import'!G62
U64: =IF(T64=C64,IFERROR(0/0,""),T64-C64) | AO64: ='APS Tubes by Date Import'!B63 | AP64: ='APS Tubes by Date Import'!D63 | AQ64: ='APS Tubes by Date Import'!E63 | AR64: ='APS Tubes by Date Import'!F63 | AS64: ='APS Tubes by Date Import'!G63
U65: =IF(T65=C65,IFERROR(0/0,""),T65-C65) | AO65: ='APS Tubes by Date Import'!B64 | AP65: ='APS Tubes by Date Import'!D64 | AQ65: ='APS Tubes by Date Import'!E64 | AR65: ='APS Tubes by Date Import'!F64 | AS65: ='APS Tubes by Date Import'!G64
U66: =IF(T66=C66,IFERROR(0/0,""),T66-C66) | AO66: ='APS Tubes by Date Import'!B65 | AP66: ='APS Tubes by Date Import'!D65 | AQ66: ='APS Tubes by Date Import'!E65 | AR66: ='APS Tubes by Date Import'!F65 | AS66: ='APS Tubes by Date Import'!G65
U67: =IF(T67=C67,IFERROR(0/0,""),T67-C67) | AO67: ='APS Tubes by Date Import'!B66 | AP67: ='APS Tubes by Date Import'!D66 | AQ67: ='APS Tubes by Date Import'!E66 | AR67: ='APS Tubes by Date Import'!F66 | AS67: ='APS Tubes by Date Import'!G66
... U79: =IF(T79=C79,IFERROR(0/0,""),T79-C79) | AO79: ='APS Tubes by Date Import'!B78 | AP79: ='APS Tubes by Date Import'!D78 | AQ79: ='APS Tubes by Date Import'!E78 | AR79: ='APS Tubes by Date Import'!F78 | AS79: ='APS Tubes by Date Import'!G78

Sheet Run Reconcile
A1: RUN ID INTERNAL | B1: RUN DATE | C1: Run with No RFR? | D1: ='RFR Data - preExcl'!E1 -> RAW Num of Samples (Gform) | E1: ='RFR Data - preExcl'!Z1 -> Num Rxn Including Controls (from paper form) | F1: PHOTO RESULTS Num rxn (excl ctrls) | G1: ='RFR Data - preExcl'!AK1 -> RFR Audit Num Run Tubes | H1: Run Code | I1: APS NUM COLLECT TUBES | J1: ='APS Tubes by Date Import'!J1 -> All Non-Null Tubes Resulted Same Day? | K1: =IF(SUM(K3:K103)>0,"Num NULL > 0 NEEDS CHANGE", "Num NULL = 0 OK") -> Num NULL = 0 OK | L1: =CONCATENATE("Reconciled Tube Run Count ",SUM(L2:L115)) -> Reconciled Tube Run Count 772 | M1: Final Num - APS Num Tubes | N1: Tube Run Count Reconcile Code | O1: Assign Run ID by Collect Date | P1: RUN COUNT RECONCILE CODE REASON - Process Ref tab | Q1: Count Reconcile Notes | R1: preExcl Match Row | T1: Stacked Run ID Internal | U1: Stacked Date: RFR (Top) APS Tubes Collection (Bottom) | V1: APS Tubes Collection Date | W1: APS Run Number | Y1: Run ID - Reruns | Z1: =COUNTA(Z2:Z115) -> 10 | AA1: Num rxn (excl ctrls) | AB1: RFR Audit Num Run Tubes | AD1: APS Only Runs | AE1: =SUM(AE2:AE115) -> 11
A2: {=SORT(UNIQUE(T2:U115),2,TRUE)} -> RUN-BEND_2021-12-10_APS-001 | B2: 44540 | C2: =IF(ISNUMBER(FIND("APS", $A2)),TRUE,IFERROR(0/0,"")) -> TRUE | D2: {=IF(OR(ISBLANK($A2),$C2),IFERROR(0/0,""),INDEX('RFR Data - preExcl'!E$2:E115,$R2,1))} | E2: {=IF(OR(ISBLANK($A2),$C2),IFERROR(0/0,""),INDEX('RFR Data - preExcl'!Z$2:Z115,$R2,1))} | F2: {=IF(OR(ISBLANK(A2),C2),IFERROR(0/0,""),INDEX('RFR Data - preExcl'!AC$2:AC115,$R2,1))} | G2: {=IF(OR(ISBLANK(A2),C2),IFERROR(0/0,""),INDEX('RFR Data - preExcl'!AK$2:AK115,$R2,1))} | H2: {=IF(OR(ISBLANK(A2),C2),IFERROR(0/0,""),INDEX('RFR Data - preExcl'!AL$2:AL115,$R2,1))} | I2: =IFERROR(VLOOKUP($B2,'APS Tubes by Date Import'!$B$2:$J115,2,FALSE),"") -> 5 | J2: =IFERROR(VLOOKUP($B2,'APS Tubes by Date Import'!$B$2:$J115,9,FALSE),"") | K2: =IFNA(VLOOKUP($B2,'APS Tubes by Date Import'!$B$2:$J115,6,FALSE),"") -> 0 | L2: =I2 -> 5 | M2: =IF(L2-I2=0,IFERROR(0/0,""),L2-I2) | N2: 3.4 | O2: =IF(ISBLANK(L2),IFERROR(0/0,""),IF($N2<5,TRUE,IFERROR(0/0,""))) -> TRUE | P2: =IF(ISBLANK(N2),IFERROR(0/0,""),IFERROR(VLOOKUP(N2, 'Process Ref'!$A$76:$D$123, 2, FALSE), IFERROR(0/0,""))) -> Add Run from APS with no RFR (assume run on same day as Collect, ignore Result day) | Q2: Run resulted in Appivo 3 days later | R2: =IFNA(MATCH(A2,'RFR Data - preExcl'!A$2:A115,0),"") | T2: =IF(EXACT('RFR Data - preExcl'!W2,"Initial"),'RFR Data - preExcl'!A2,IFERROR(0/0,"")) | U2: =IF(EXACT('RFR Data - preExcl'!W2,"Initial"),'RFR Data - preExcl'!U2,IFERROR(0/0,"")) | Y2: =IFERROR(__xludf.DUMMYFUNCTION("SORT(FILTER('RFR Data - preExcl'!A2:B115,'RFR Data - preExcl'!$W2:$W115=""Re-run"")) "),"RUN-BEND_2021-12-31_RFR-008_Re-run") -> RUN-BEND_2021-12-31_RFR-008_Re-run | Z2: =IFERROR(__xludf.DUMMYFUNCTION("""COMPUTED_VALUE"""),44561.4531712963) -> 44561.453 | AA2: =VLOOKUP($Y2,'RFR Data - preExcl'!$A$2:$AK115,29,FALSE) -> 2 | AB2: =VLOOKUP($Y2,'RFR Data - preExcl'!$A$2:$AK115,37,FALSE) -> 2 | AD2: =IFERROR(__xludf.DUMMYFUNCTION("SORT(FILTER(A2:A115,ISNUMBER(SEARCH(""APS"",A2:A115)))) "),"RUN-BEND_2021-12-10_APS-001") -> RUN-BEND_2021-12-10_APS-001 | AE2: =VLOOKUP(AD2,A2:L115,12,FALSE) -> 5
A3: RUN-BEND_2021-12-13_RFR-002 | B3: 44543 | C3: =IF(ISNUMBER(FIND("APS", $A3)),TRUE,IFERROR(0/0,"")) | D3: {=IF(OR(ISBLANK($A3),C3),IFERROR(0/0,""),INDEX('RFR Data - preExcl'!E$2:E115,$R3,1))} -> 7 | E3: {=IF(OR(ISBLANK($A3),$C3),IFERROR(0/0,""),INDEX('RFR Data - preExcl'!Z$2:Z115,$R3,1))} | F3: {=IF(OR(ISBLANK(A3),C3),IFERROR(0/0,""),INDEX('RFR Data - preExcl'!AC$2:AC115,$R3,1))} -> 9 | G3: {=IF(OR(ISBLANK(A3),C3),IFERROR(0/0,""),INDEX('RFR Data - preExcl'!AK$2:AK115,$R3,1))} -> 7 | H3: {=IF(OR(ISBLANK(A3),C3),IFERROR(0/0,""),INDEX('RFR Data - preExcl'!AL$2:AL115,$R3,1))} -> 0 | I3: =IFERROR(VLOOKUP($B3,'APS Tubes by Date Import'!$B$2:$J115,2,FALSE),"") -> 7 | J3: =IFERROR(VLOOKUP($B3,'APS Tubes by Date Import'!$B$2:$J115,9,FALSE),"") -> TRUE | K3: =IFNA(VLOOKUP($B3,'APS Tubes by Date Import'!$B$2:$J115,6,FALSE),"") -> 0 | L3: =G3 -> 7 | M3: =IF(L3-I3=0,IFERROR(0/0,""),L3-I3) | N3: 0.3 | O3: =IF(ISBLANK(L3),IFERROR(0/0,""),IF($N3<=4,TRUE,IFERROR(0/0,""))) -> TRUE | P3: =IF(ISBLANK(N3),IFERROR(0/0,""),IFERROR(VLOOKUP(N3, 'Process Ref'!$A$76:$D$123, 2, FALSE), IFERROR(0/0,""))) -> ALL 3 COUNTS SAME after Null called Neg with APS Collect on previous days | Q3: =IFS(OR(N3=0.1,N3=1.1,N3=2.1),"NULL > NEG",N3=3, "Delete NULL",TRUE,IFERROR(0/0,"")) | R3: =IFNA(MATCH(A3,'RFR Data - preExcl'!A$2:A115,0),"") -> 2 | T3: =IF(EXACT('RFR Data - preExcl'!W3,"Initial"),'RFR Data - preExcl'!A3,IFERROR(0/0,"")) -> RUN-BEND_2021-12-13_RFR-002 | U3: =IF(EXACT('RFR Data - preExcl'!W3,"Initial"),'RFR Data - preExcl'!U3,IFERROR(0/0,"")) -> 44543 | Y3: =IFERROR(__xludf.DUMMYFUNCTION("""COMPUTED_VALUE"""),"RUN-BEND_2022-01-21_RFR-018_Re-run") -> RUN-BEND_2022-01-21_RFR-018_Re-run | Z3: =IFERROR(__xludf.DUMMYFUNCTION("""COMPUTED_VALUE"""),44582.49561342593) -> 44582.496 | AA3: =VLOOKUP($Y3,'RFR Data - preExcl'!$A$2:$AK115,29,FALSE) -> 6 | AB3: =VLOOKUP($Y3,'RFR Data - preExcl'!$A$2:$AK115,37,FALSE) -> 6 | AD3: =IFERROR(__xludf.DUMMYFUNCTION("""COMPUTED_VALUE"""),"RUN-BEND_2021-12-15_APS-002") -> RUN-BEND_2021-12-15_APS-002 | AE3: =VLOOKUP(AD3,A3:L116,12,FALSE) -> 4
A4: RUN-BEND_2021-12-15_APS-002 | B4: 44545 | C4: =IF(ISNUMBER(FIND("APS", $A4)),TRUE,IFERROR(0/0,"")) -> TRUE | D4: {=IF(OR(ISBLANK($A4),C4),IFERROR(0/0,""),INDEX('RFR Data - preExcl'!E$2:E115,$R4,1))} | E4: {=IF(OR(ISBLANK($A4),$C4),IFERROR(0/0,""),INDEX('RFR Data - preExcl'!Z$2:Z115,$R4,1))} | F4: {=IF(OR(ISBLANK(A4),C4),IFERROR(0/0,""),INDEX('RFR Data - preExcl'!AC$2:AC115,$R4,1))} | G4: {=IF(OR(ISBLANK(A4),C4),IFERROR(0/0,""),INDEX('RFR Data - preExcl'!AK$2:AK115,$R4,1))} | H4: {=IF(OR(ISBLANK(A4),C4),IFERROR(0/0,""),INDEX('RFR Data - preExcl'!AL$2:AL115,$R4,1))} | I4: =IFERROR(VLOOKUP($B4,'APS Tubes by Date Import'!$B$2:$J115,2,FALSE),"") -> 4 | J4: =IFERROR(VLOOKUP($B4,'APS Tubes by Date Import'!$B$2:$J115,9,FALSE),"") | K4: =IFNA(VLOOKUP($B4,'APS Tubes by Date Import'!$B$2:$J115,6,FALSE),"") -> 0 | L4: =I4 -> 4 | M4: =IF(L4-I4=0,IFERROR(0/0,""),L4-I4) | N4: 3.4 | O4: =IF(ISBLANK(L4),IFERROR(0/0,""),IF($N4<5,TRUE,IFERROR(0/0,""))) -> TRUE | P4: =IF(ISBLANK(N4),IFERROR(0/0,""),IFERROR(VLOOKUP(N4, 'Process Ref'!$A$76:$D$123, 2, FALSE), IFERROR(0/0,""))) -> Add Run from APS with no RFR (assume run on same day as Collect, ignore Result day) | R4: =IFNA(MATCH(A4,'RFR Data - preExcl'!A$2:A115,0),"") | T4: =IF(EXACT('RFR Data - preExcl'!W4,"Initial"),'RFR Data - preExcl'!A4,IFERROR(0/0,"")) -> RUN-BEND_2021-12-20_RFR-003 | U4: =IF(EXACT('RFR Data - preExcl'!W4,"Initial"),'RFR Data - preExcl'!U4,IFERROR(0/0,"")) -> 44550 | Y4: =IFERROR(__xludf.DUMMYFUNCTION("""COMPUTED_VALUE"""),"RUN-BEND_2022-01-26_RFR-021_Re-run") -> RUN-BEND_2022-01-26_RFR-021_Re-run | Z4: =IFERROR(__xludf.DUMMYFUNCTION("""COMPUTED_VALUE"""),44587.49961805555) -> 44587.5 | AA4: =VLOOKUP($Y4,'RFR Data - preExcl'!$A$2:$AK115,29,FALSE) -> 2 | AB4: =VLOOKUP($Y4,'RFR Data - preExcl'!$A$2:$AK115,37,FALSE) -> 1 | AD4: =IFERROR(__xludf.DUMMYFUNCTION("""COMPUTED_VALUE"""),"RUN-BEND_2021-12-17_APS-003") -> RUN-BEND_2021-12-17_APS-003 | AE4: =VLOOKUP(AD4,A4:L117,12,FALSE) -> 2
