Workbook

Sheet Referral Tests by Person
A1: PARTICIPANT FIRSTNAME | B1: PARTICIPANT LASTNAME | C1: PARTICIPANT FULLNAME | D1: PARTICIPANT ID | E1: Referral Match Row | F1: =CONCATENATE(SUM(F2:F1000), " Num Sequential Referral Tests") -> 7 Num Sequential Referral Tests | G1: Num FloodLAMP Results Pos or Incl | H1: FloodLAMP Match Row | I1: FloodLAMP Tube ID | J1: FloodLAMP Test Result | K1: FloodLAMP Test Date | L1: 1st Referral Test Date | M1: Antigen Neg with Other Positive | N1: Referral Overall Result | O1: 1st Referral Test Type | P1: 1st Referral Test Result | Q1: 2nd Referral Test Type | R1: 2nd Referral Test Result | S1: 3rd Referral Test Type | T1: 3rd Referral Test Result | U1: Hardcoded Tube ID | V1: Same Tube ID | W1: =CONCATENATE(COUNTIF(W2:W1000,TRUE), " Included in APS Pos and Incl?") -> 3 Included in APS Pos and Incl? | X1: =COUNTIF(X2:X14,TRUE) -> 0 | Y1: Referral Eval
A2: {=INDEX('Referral Test Data'!$F$1:$G1000,$E2,1)} | B2: {=INDEX('Referral Test Data'!$F$1:$G1000,$E2,2)} | C2: =IFERROR(__xludf.DUMMYFUNCTION("FILTER('Referral Test Data'!H2:H100, ('Referral Test Data'!H2:H100 <> 'Referral Test Data'!H1:H99)) "),"") | D2: =IFERROR(__xludf.DUMMYFUNCTION("FILTER('Referral Test Data'!I2:I100, ('Referral Test Data'!I2:I100 <> 'Referral Test Data'!I1:I99)) "),"ABRM805764") -> ABRM805764 | E2: =MATCH(D2,'Referral Test Data'!I$1:I1000,0) -> 2 | F2: =IF(ISBLANK(E3),COUNTA('Referral Test Data'!I$2:I1000)-SUM(F1:F$2),E3-E2) -> 1 | G2: =IFERROR(VLOOKUP(D2,'ALL Pos and Incl IMPORT'!Q$2:U1000,5,FALSE),0) -> 2 | H2: =IF(G2=1, IFERROR(MATCH(D2, 'ALL Pos and Incl IMPORT'!Q$1:Q1000, 0), IFERROR(MATCH(D2, 'ALL Pos and Incl IMPORT'!R$1:R1000, 0), IFERROR(MATCH(D2, 'ALL Pos and Incl IMPORT'!S$1:S1000, 0), IFERROR(MATCH(D2, 'ALL Pos and Incl IMPORT'!T$1:T1000, 0), "error - 1 but not found" )))), IF(G2>=2,"MANUAL","not found") ) -> MANUAL | I2: AG173 | J2: {=IFERROR(INDEX('ALL Pos and Incl IMPORT'!$B$1:$U1000,$H2,6),VLOOKUP(I2,'ALL Pos and Incl IMPORT'!B$2:G1000,6,FALSE))} -> Positive | K2: {=IFERROR(INDEX('ALL Pos and Incl IMPORT'!$B$1:$U1000,$H2,6),VLOOKUP(I2,'ALL Pos and Incl IMPORT'!B$2:G1000,3,FALSE))} -> 44903 | L2: {=INDEX('Referral Test Data'!$H$1:$U1000,$E2,3)} -> 44903 | M2: =IF(AND(EXACT(O2,"Antigen"),EXACT(P2,"Negative"),OR(EXACT(R2,"Positive"),EXACT(T2,"Positive"))),TRUE,FALSE) -> FALSE | N2: =IF(AND(ISBLANK(T2),ISBLANK(R2)),P2,IF(ISBLANK(T2),R2,T2)) -> Positive | O2: {=INDEX('Referral Test Data'!$H$1:$U1000,$E2,7)} -> Rapid PCR | P2: {=INDEX('Referral Test Data'!$H$1:$U1000,$E2,9)} -> Positive | Q2: {=IF(OR($E2+1<$E3, AND(ISBLANK($E3), ($E2-1)<COUNT('Referral Test Data'!$D$2:$D1000))), INDEX('Referral Test Data'!$H$1:$U1000,$E2+1,7), IFERROR(0/0,""))} | R2: {=IF(OR($E2+1<$E3, AND(ISBLANK($E3), ($E2-1)<COUNT('Referral Test Data'!$D$2:$D1000))), INDEX('Referral Test Data'!$H$1:$U1000,$E2+1,9),IFERROR(0/0,""))} | S2: {=IF(OR($E2+2<$E3, AND(ISBLANK($E3), ($E2-1)<COUNT('Referral Test Data'!$D$2:$D1000))), INDEX('Referral Test Data'!$H$1:$U1000,$E2+2,7),IFERROR(0/0,""))} | T2: {=IF(OR($E2+2<$E3, AND(ISBLANK($E3), ($E2-1)<COUNT('Referral Test Data'!$D$2:$D1000))), INDEX('Referral Test Data'!$H$1:$U1000,$E2+2,9),IFERROR(0/0,""))} | U2: {=INDEX('Referral Test Data'!$H$1:$V1000,$E2,15)} -> AG173 | V2: =EXACT(U2,I2) -> TRUE | W2: TRUE | Y2: Only same day positive from pool but other people in pool became pos in next few days
A3: {=INDEX('Referral Test Data'!$F$1:$G1000,$E3,1)} | B3: {=INDEX('Referral Test Data'!$F$1:$G1000,$E3,2)} | D3: =IFERROR(__xludf.DUMMYFUNCTION("""COMPUTED_VALUE"""),"ABRM582390") -> ABRM582390 | E3: {=IFERROR( MATCH(D3, INDIRECT("'Referral Test Data'!I" & E2 + 1 & ":I"), 0) + E2, MATCH(D3, 'Referral Test Data'!I3:I1000, 0) )} -> 3 | F3: =IF(ISBLANK(E4),COUNTA('Referral Test Data'!I$2:I1000)-SUM(F2:F$2),E4-E3) -> 2 | G3: =IFERROR(VLOOKUP(D3,'ALL Pos and Incl IMPORT'!Q$2:U1000,5,FALSE),0) -> 2 | H3: =IF(G3=1, IFERROR(MATCH(D3, 'ALL Pos and Incl IMPORT'!Q$1:Q1000, 0), IFERROR(MATCH(D3, 'ALL Pos and Incl IMPORT'!R$1:R1000, 0), IFERROR(MATCH(D3, 'ALL Pos and Incl IMPORT'!S$1:S1000, 0), IFERROR(MATCH(D3, 'ALL Pos and Incl IMPORT'!T$1:T1000, 0), "error - 1 but not found" )))), IF(G3>=2,"MANUAL","not found") ) -> MANUAL | I3: AG173 | J3: {=IFERROR(INDEX('ALL Pos and Incl IMPORT'!$B$1:$U1000,$H3,6),VLOOKUP(I3,'ALL Pos and Incl IMPORT'!B$2:G1000,6,FALSE))} -> Positive | K3: {=IFERROR(INDEX('ALL Pos and Incl IMPORT'!$B$1:$U1000,$H3,6),VLOOKUP(I3,'ALL Pos and Incl IMPORT'!B$2:G1000,3,FALSE))} -> 44903 | L3: {=INDEX('Referral Test Data'!$H$1:$U1000,$E3,3)} -> 44903 | M3: =IF(AND(EXACT(O3,"Antigen"),EXACT(P3,"Negative"),OR(EXACT(R3,"Positive"),EXACT(T3,"Positive"))),TRUE,FALSE) -> FALSE | N3: =IF(AND(ISBLANK(T3),ISBLANK(R3)),P3,IF(ISBLANK(T3),R3,T3)) -> Positive | O3: {=INDEX('Referral Test Data'!$H$1:$U1000,$E3,7)} -> LAMP Device | P3: {=INDEX('Referral Test Data'!$H$1:$U1000,$E3,9)} -> Negative | Q3: {=IF(OR($E3+1<$E4, AND(ISBLANK($E4), ($E3-1)<COUNT('Referral Test Data'!$D$2:$D1000))), INDEX('Referral Test Data'!$H$1:$U1000,$E3+1,7), IFERROR(0/0,""))} -> LAMP Device | R3: {=IF(OR($E3+1<$E4, AND(ISBLANK($E4), ($E3-1)<COUNT('Referral Test Data'!$D$2:$D1000))), INDEX('Referral Test Data'!$H$1:$U1000,$E3+1,9),IFERROR(0/0,""))} -> Positive | S3: {=IF(OR($E3+2<$E4, AND(ISBLANK($E4), ($E3-1)<COUNT('Referral Test Data'!$D$2:$D1000))), INDEX('Referral Test Data'!$H$1:$U1000,$E3+2,7),IFERROR(0/0,""))} | T3: {=IF(OR($E3+2<$E4, AND(ISBLANK($E4), ($E3-1)<COUNT('Referral Test Data'!$D$2:$D1000))), INDEX('Referral Test Data'!$H$1:$U1000,$E3+2,9),IFERROR(0/0,""))} | U3: {=INDEX('Referral Test Data'!$H$1:$V1000,$E3,15)} -> AG173 | V3: =EXACT(U3,I3) -> TRUE | W3: TRUE | Y3: Not same day positive but other person in pool was - became referral test positive in following days (no indiv FL deconv)
A4: {=INDEX('Referral Test Data'!$F$1:$G1000,$E4,1)} | B4: {=INDEX('Referral Test Data'!$F$1:$G1000,$E4,2)} | D4: =IFERROR(__xludf.DUMMYFUNCTION("""COMPUTED_VALUE"""),"ABRM771013") -> ABRM771013 | E4: {=IFERROR( MATCH(D4, INDIRECT("'Referral Test Data'!I" & E3 + 1 & ":I"), 0) + E3, MATCH(D4, 'Referral Test Data'!I4:I1000, 0) )} -> 5 | F4: =IF(ISBLANK(E5),COUNTA('Referral Test Data'!I$2:I1000)-SUM(F$2:F3),E5-E4) -> 4 | G4: =IFERROR(VLOOKUP(D4,'ALL Pos and Incl IMPORT'!Q$2:U1000,5,FALSE),0) -> 0 | H4: =IF(G4=1, IFERROR(MATCH(D4, 'ALL Pos and Incl IMPORT'!Q$1:Q1000, 0), IFERROR(MATCH(D4, 'ALL Pos and Incl IMPORT'!R$1:R1000, 0), IFERROR(MATCH(D4, 'ALL Pos and Incl IMPORT'!S$1:S1000, 0), IFERROR(MATCH(D4, 'ALL Pos and Incl IMPORT'!T$1:T1000, 0), "error - 1 but not found" )))), IF(G4>=2,"MANUAL","not found") ) -> not found | I4: {=IFERROR(INDEX('ALL Pos and Incl IMPORT'!$B$1:$U1000,$H4,1),$H4)} -> not found | J4: {=IFERROR(INDEX('ALL Pos and Incl IMPORT'!$B$1:$U1000,$H4,6),$H4)} -> not found | K4: {=IFERROR(INDEX('ALL Pos and Incl IMPORT'!$B$1:$U1000,$H4,3),$H4)} -> not found | L4: {=INDEX('Referral Test Data'!$H$1:$U1000,$E4,3)} -> 44903 | M4: TRUE | N4: =IF(AND(ISBLANK(T4),ISBLANK(R4)),P4,IF(ISBLANK(T4),R4,T4)) -> Positive | O4: {=INDEX('Referral Test Data'!$H$1:$U1000,$E4,7)} -> Rapid PCR | P4: {=INDEX('Referral Test Data'!$H$1:$U1000,$E4,9)} -> Negative | Q4: {=IF(OR($E4+1<$E5, AND(ISBLANK($E5), ($E4-1)<COUNT('Referral Test Data'!$D$2:$D1000))), INDEX('Referral Test Data'!$H$1:$U1000,$E4+1,7), IFERROR(0/0,""))} -> Antigen | R4: {=IF(OR($E4+1<$E5, AND(ISBLANK($E5), ($E4-1)<COUNT('Referral Test Data'!$D$2:$D1000))), INDEX('Referral Test Data'!$H$1:$U1000,$E4+1,9),IFERROR(0/0,""))} -> Negative | S4: {=IF(OR($E4+2<$E5, AND(ISBLANK($E5), ($E4-1)<COUNT('Referral Test Data'!$D$2:$D1000))), INDEX('Referral Test Data'!$H$1:$U1000,$E4+2,7),IFERROR(0/0,""))} -> Antigen | T4: Positive | U4: {=INDEX('Referral Test Data'!$H$1:$V1000,$E4,15)} -> AG173 | V4: =EXACT(U4,I4) -> FALSE | W4: TRUE | Y4: Person in Referral Test Data Antigen Pos on 12-11 did FL test with Neg result on 12-6, 12-7, and 12-8 but they nested neg by Rapid PCR (Mesa) on 12-8, and Antigen Neg on 12-9 and 12-10 before becoming Antigen pos on 12-11
H9: MANUAL is used when the person's name appears more than once in the Positives and Inconclusives list
H10: Fill in the TubeID manually by matching the date and make cell white
H11: Change col I and J formula to use VLOOKUP
C21: MUST CLEAR EXTRA ROWS AT BOTTOM | J21: =IF(G2=1, IFERROR(VLOOKUP(C2, #REF!, 6, FALSE), IFERROR(VLOOKUP(C2, #REF!, 5, FALSE), IFERROR(VLOOKUP(C2, #REF!, 4, FALSE), IFERROR(VLOOKUP(C2, #REF!, 3, FALSE), "error - 1 but not found")))),"LOOKUP") -> LOOKUP

Sheet Referral Test Data
A1: CASE CLUSTER ID | B1: Num Rows with Same Name in ALL Pos and Incl IMPORT? | C1: Num Rows with Same Name in APS Person? | D1: Num Rows with Same Name in Referall Tests? | E1: REFERRAL TEST ID | F1: PARTICIPANT FIRSTNAME | G1: PARTICIPANT LASTNAME | H1: PARTICIPANT FULLNAME | I1: PARTICIPANT ID | J1: REFERRAL TEST COLLECTION DATE | K1: REFERRAL TEST COLLECTION TIME | L1: REFERRAL TEST RESULT DATE | M1: REFERRAL TEST RESULT TIME | N1: REFERRAL TEST TYPE | O1: REFERRAL TEST MODEL | P1: REFERRAL TEST RESULT | Q1: REFERRAL TEST CT (IF PCR) | R1: SYMPTOMS? | S1: VACCINATED? | T1: NOTES | U1: SOURCE NOTES | V1: INIT FL POS TUBE ID FROM CASE CLUSTER | W1: APPIVO COLLECTION DATE | X1: APPIVO COLLECTION TIME | Y1: OTHER FL COLLECTION TIMESTAMP | Z1: INIT POS | AA1: INIT NEG | AB1: INIT INC | AC1: RERUN1 POS | AD1: RERUN1 NEG | AE1: RERUN1 INC | AF1: RERUN2 POS | AG1: RERUN2 NEG | AH1: RERUN2 INC | AI1: FL RESULT
B2: =COUNTIF('ALL Pos and Incl IMPORT'!$Q$2:$T138, $G2) -> 0 | C2: =IFERROR(__xludf.DUMMYFUNCTION("COUNTIF(IMPORTRANGE('ALL Pos and Incl IMPORT'!$A$3, ""Person!$C$2:$C""), G2)"),0.0) -> 0 | D2: =COUNTIF(H$2:H138, H2) -> 0 | E2: F_ABRM-001 | I2: ABRM805764 | J2: 44903 | K2: 0.54166667 | L2: 44903 | M2: 0.625 | N2: Rapid PCR | O2: Mesa BioTech Accula SARS-CoV-2 RT PCR Test | P2: Positive | R2: FALSE | U2: Program Admin email, phone messages, and manuscript draft | V2: AG173 | W2: =IFERROR(VLOOKUP(V2,'Positives IMPORT'!E:T,2,FALSE),"No ID") -> No ID | X2: =IFERROR(VLOOKUP(V2,'Positives IMPORT'!E:T,3,FALSE),"No ID") -> No ID | Z2: 1 | AA2: 0 | AB2: 0 | AC2: 2 | AD2: 1 | AE2: 0 | AF2: 0 | AG2: 0 | AH2: 0 | AI2: =IFERROR(VLOOKUP(V2,'Positives IMPORT'!E:T,7,FALSE),"No ID") -> No ID
B3: =COUNTIF('ALL Pos and Incl IMPORT'!$Q$2:$T138, $G3) -> 0 | C3: =IFERROR(__xludf.DUMMYFUNCTION("COUNTIF(IMPORTRANGE('ALL Pos and Incl IMPORT'!$A$3, ""Person!$C$2:$C""), G3)"),0.0) -> 0 | D3: =COUNTIF(H$2:H139, H3) -> 0 | E3: F_ABRM-002 | I3: ABRM582390 | J3: 44903 | K3: 0.52083333 | L3: 44903 | M3: 0.54652778 | N3: LAMP Device | O3: Lucira | P3: Negative | R3: FALSE | U3: Program Admin email, phone messages, and manuscript draft | V3: AG173 | W3: =IFERROR(VLOOKUP(V3,'Positives IMPORT'!E:T,2,FALSE),"No ID") -> No ID | X3: =IFERROR(VLOOKUP(V3,'Positives IMPORT'!E:T,3,FALSE),"No ID") -> No ID | Z3: 1 | AA3: 0 | AB3: 0 | AC3: 2 | AD3: 1 | AE3: 0 | AF3: 0 | AG3: 0 | AH3: 0 | AI3: =IFERROR(VLOOKUP(V3,'Positives IMPORT'!E:T,7,FALSE),"No ID") -> No ID
B4: =COUNTIF('ALL Pos and Incl IMPORT'!$Q$2:$T138, $G4) -> 0 | C4: =IFERROR(__xludf.DUMMYFUNCTION("COUNTIF(IMPORTRANGE('ALL Pos and Incl IMPORT'!$A$3, ""Person!$C$2:$C""), G4)"),0.0) -> 0 | D4: =COUNTIF(H$2:H140, H4) -> 0 | E4: F_ABRM-003 | I4: ABRM582390 | J4: 44905 | N4: LAMP Device | O4: Lucira | P4: Positive | R4: TRUE | U4: Program Admin email, phone messages, and manuscript draft | V4: AG173 | W4: =IFERROR(VLOOKUP(V4,'Positives IMPORT'!E:T,2,FALSE),"No ID") -> No ID | X4: =IFERROR(VLOOKUP(V4,'Positives IMPORT'!E:T,3,FALSE),"No ID") -> No ID | Z4: 1 | AA4: 0 | AB4: 0 | AC4: 2 | AD4: 1 | AE4: 0 | AF4: 0 | AG4: 0 | AH4: 0 | AI4: =IFERROR(VLOOKUP(V4,'Positives IMPORT'!E:T,7,FALSE),"No ID") -> No ID
B5: =COUNTIF('ALL Pos and Incl IMPORT'!$Q$2:$T138, $G5) -> 0 | C5: =IFERROR(__xludf.DUMMYFUNCTION("COUNTIF(IMPORTRANGE('ALL Pos and Incl IMPORT'!$A$3, ""Person!$C$2:$C""), G5)"),0.0) -> 0 | D5: =COUNTIF(H$2:H141, H5) -> 0 | E5: F_ABRM-004 | I5: ABRM771013 | J5: 44903 | K5: 0.54166667 | L5: 44903 | M5: 0.625 | N5: Rapid PCR | O5: Mesa BioTech Accula SARS-CoV-2 RT PCR Test | P5: Negative | R5: FALSE | U5: Program Admin email, phone messages, and manuscript draft | V5: AG173 | W5: =IFERROR(VLOOKUP(V5,'Positives IMPORT'!E:T,2,FALSE),"No ID") -> No ID | X5: =IFERROR(VLOOKUP(V5,'Positives IMPORT'!E:T,3,FALSE),"No ID") -> No ID | Z5: 1 | AA5: 0 | AB5: 0 | AC5: 2 | AD5: 1 | AE5: 0 | AF5: 0 | AG5: 0 | AH5: 0 | AI5: =IFERROR(VLOOKUP(V5,'Positives IMPORT'!E:T,7,FALSE),"No ID") -> No ID
B6: =COUNTIF('ALL Pos and Incl IMPORT'!$Q$2:$T138, $G6) -> 0 | C6: =IFERROR(__xludf.DUMMYFUNCTION("COUNTIF(IMPORTRANGE('ALL Pos and Incl IMPORT'!$A$3, ""Person!$C$2:$C""), G6)"),0.0) -> 0 | D6: =COUNTIF(H$2:H142, H6) -> 0 | E6: F_ABRM-005 | I6: ABRM771013 | J6: 44904 | N6: Antigen | P6: Negative | R6: TRUE | U6: Program Admin email, phone messages, and manuscript draft | V6: AG173 | W6: =IFERROR(VLOOKUP(V6,'Positives IMPORT'!E:T,2,FALSE),"No ID") -> No ID | X6: =IFERROR(VLOOKUP(V6,'Positives IMPORT'!E:T,3,FALSE),"No ID") -> No ID | Z6: 1 | AA6: 0 | AB6: 0 | AC6: 2 | AD6: 1 | AE6: 0 | AF6: 0 | AG6: 0 | AH6: 0 | AI6: =IFERROR(VLOOKUP(V6,'Positives IMPORT'!E:T,7,FALSE),"No ID") -> No ID
B7: =COUNTIF('ALL Pos and Incl IMPORT'!$Q$2:$T138, $G7) -> 0 | C7: =IFERROR(__xludf.DUMMYFUNCTION("COUNTIF(IMPORTRANGE('ALL Pos and Incl IMPORT'!$A$3, ""Person!$C$2:$C""), G7)"),0.0) -> 0 | D7: =COUNTIF(H$2:H143, H7) -> 0 | E7: F_ABRM-006 | I7: ABRM771013 | J7: 44905 | N7: Antigen | P7: Negative | R7: TRUE | U7: Program Admin email, phone messages, and manuscript draft | V7: AG173 | W7: =IFERROR(VLOOKUP(V7,'Positives IMPORT'!E:T,2,FALSE),"No ID") -> No ID | X7: =IFERROR(VLOOKUP(V7,'Positives IMPORT'!E:T,3,FALSE),"No ID") -> No ID | Z7: 1 | AA7: 0 | AB7: 0 | AC7: 2 | AD7: 1 | AE7: 0 | AF7: 0 | AG7: 0 | AH7: 0 | AI7: =IFERROR(VLOOKUP(V7,'Positives IMPORT'!E:T,7,FALSE),"No ID") -> No ID
B8: =COUNTIF('ALL Pos and Incl IMPORT'!$Q$2:$T138, $G8) -> 0 | C8: =IFERROR(__xludf.DUMMYFUNCTION("COUNTIF(IMPORTRANGE('ALL Pos and Incl IMPORT'!$A$3, ""Person!$C$2:$C""), G8)"),0.0) -> 0 | D8: =COUNTIF(H$2:H144, H8) -> 0 | E8: F_ABRM-007 | I8: ABRM771013 | J8: 44906 | N8: Antigen | P8: Positive | U8: Program Admin email, phone messages, and manuscript draft | V8: AG173 | W8: =IFERROR(VLOOKUP(V8,'Positives IMPORT'!E:T,2,FALSE),"No ID") -> No ID | X8: =IFERROR(VLOOKUP(V8,'Positives IMPORT'!E:T,3,FALSE),"No ID") -> No ID | Z8: 1 | AA8: 0 | AB8: 0 | AC8: 2 | AD8: 1 | AE8: 0 | AF8: 0 | AG8: 0 | AH8: 0 | AI8: =IFERROR(VLOOKUP(V8,'Positives IMPORT'!E:T,7,FALSE),"No ID") -> No ID
N10: Interesting last case - finally turned Antigen positive 3 days after FloodLAMP positive, with a same day rapid PCR (Mesa) false negative.
N11: Since the person developed symptoms the day after the FloodLAMP test, it's likely the FloodLAMP test was a true positive that detected the case when both rapid PCR and antigen failed.

Sheet ALL Pos and Incl IMPORT
A1: IMPORTS >> URL link below | B1: =IFERROR(__xludf.DUMMYFUNCTION("IMPORTRANGE(A2,""ALL Tube Results!A1:F1"")"),"TUBE ID") -> TUBE ID | C1: =IFERROR(__xludf.DUMMYFUNCTION("""COMPUTED_VALUE"""),"FINAL ASSIGNED RUN ID") -> FINAL ASSIGNED RUN ID | D1: =IFERROR(__xludf.DUMMYFUNCTION("""COMPUTED_VALUE"""),"RUN DATE") -> RUN DATE | E1: =IFERROR(__xludf.DUMMYFUNCTION("""COMPUTED_VALUE"""),"COLLECTION DATE") -> COLLECTION DATE | F1: =IFERROR(__xludf.DUMMYFUNCTION("""COMPUTED_VALUE"""),"COLLECTION TIME") -> COLLECTION TIME | G1: =IFERROR(__xludf.DUMMYFUNCTION("""COMPUTED_VALUE"""),"FINAL RESULT") -> FINAL RESULT | H1: ='Pos and Incl IMPORT'!E1 -> SPONSOR PERSON ID | I1: ='Pos and Incl IMPORT'!F1 -> SPONSOR FIRSTNAME | J1: ='Pos and Incl IMPORT'!G1 -> SPONSOR LASTNAME | K1: ='Pos and Incl IMPORT'!H1 -> APP RESULT | L1: ='Pos and Incl IMPORT'!L1 -> Result Correct Code | M1: ='Pos and Incl IMPORT'!M1 -> Correction Notes | N1: ='Pos and Incl IMPORT'!N1 -> NOTE | O1: ='Pos and Incl IMPORT'!O1 -> NUM SAMPLES (Pool Level) | P1: ='Pos and Incl IMPORT'!P1 -> Match Row in APS Data PHI - postDEL | Q1: Sample Person1 ID | R1: Sample Person2 ID | S1: Sample Person3 ID | T1: Sample Person4 ID | U1: Num Instances Name | V1: Sample Person1 ID | W1: Sample Person2 ID | X1: Sample Person3 ID | Y1: Sample Person4 ID
A2: ABRM_RFR_deID_PUB | B2: =IFERROR(__xludf.DUMMYFUNCTION("QUERY(IMPORTRANGE(A2,""ALL Tube Results!A2:F""), ""SELECT * WHERE Col6 = 'Positive' OR Col6 = 'Inconclusive'"", 0) "),"AG173") -> AG173 | C2: =IFERROR(__xludf.DUMMYFUNCTION("""COMPUTED_VALUE"""),"RUN-ABRM_2022-12-08_RFR-101") -> RUN-ABRM_2022-12-08_RFR-101 | D2: =IFERROR(__xludf.DUMMYFUNCTION("""COMPUTED_VALUE"""),44903.0) -> 44903 | E2: =IFERROR(__xludf.DUMMYFUNCTION("""COMPUTED_VALUE"""),44903.0) -> 44903 | F2: =IFERROR(__xludf.DUMMYFUNCTION("""COMPUTED_VALUE"""),0.29630787036876427) -> 0.29630787 | G2: =IFERROR(__xludf.DUMMYFUNCTION("""COMPUTED_VALUE"""),"Positive") -> Positive | H2: =IFERROR(VLOOKUP($B3,'Pos and Incl IMPORT'!$B$2:$X2686,4,FALSE),IFERROR(0/0,"")) -> SpABRM655136 | L2: =IFERROR(VLOOKUP($B2,'Pos and Incl IMPORT'!$B$2:$P2686,11,FALSE),IFERROR(0/0,"")) | M2: =IFERROR(VLOOKUP($B2,'Pos and Incl IMPORT'!$B$2:$P2686,12,FALSE),IFERROR(0/0,"")) | N2: =IFERROR(VLOOKUP($B2,'Pos and Incl IMPORT'!$B$2:$P2686,13,FALSE),IFERROR(0/0,"")) | O2: =IFERROR(VLOOKUP($B2,'Pos and Incl IMPORT'!$B$2:$P2686,14,FALSE),IFERROR(0/0,"")) -> 3 | P2: =IFERROR(VLOOKUP($B2,'Pos and Incl IMPORT'!$B$2:$P2686,15,FALSE),IFERROR(0/0,"")) -> 1393 | Q2: =IFERROR(VLOOKUP($B2,'Pos and Incl IMPORT'!$B$2:$S2686,16,FALSE),IFERROR(0/0,"")) -> ABRM805764 | R2: =IFERROR(VLOOKUP($B2,'Pos and Incl IMPORT'!$B$2:$S2686,17,FALSE),IFERROR(0/0,"")) -> ABRM771013 | S2: =IFERROR(VLOOKUP($B2,'Pos and Incl IMPORT'!$B$2:$S2686,18,FALSE),IFERROR(0/0,"")) -> ABRM582390 | T2: =IFERROR(VLOOKUP($B2,'Pos and Incl IMPORT'!$B$2:$S2686,19,FALSE),IFERROR(0/0,"")) | U2: =IF(ISBLANK(Q2),IFERROR(0/0,""),COUNTIF(Q$2:T2686,Q2)) -> 2
B3: =IFERROR(__xludf.DUMMYFUNCTION("""COMPUTED_VALUE"""),"AH112") -> AH112 | C3: =IFERROR(__xludf.DUMMYFUNCTION("""COMPUTED_VALUE"""),"RUN-ABRM_2022-12-20_RFR-112") -> RUN-ABRM_2022-12-20_RFR-112 | D3: =IFERROR(__xludf.DUMMYFUNCTION("""COMPUTED_VALUE"""),44915.0) -> 44915 | E3: =IFERROR(__xludf.DUMMYFUNCTION("""COMPUTED_VALUE"""),44915.0) -> 44915 | F3: =IFERROR(__xludf.DUMMYFUNCTION("""COMPUTED_VALUE"""),0.3224189814827696) -> 0.32241898 | G3: =IFERROR(__xludf.DUMMYFUNCTION("""COMPUTED_VALUE"""),"Positive") -> Positive | H3: =IFERROR(VLOOKUP($B4,'Pos and Incl IMPORT'!$B$2:$X2686,4,FALSE),IFERROR(0/0,"")) -> SpABRM655136 | L3: =IFERROR(VLOOKUP($B3,'Pos and Incl IMPORT'!$B$2:$P2686,11,FALSE),IFERROR(0/0,"")) | M3: =IFERROR(VLOOKUP($B3,'Pos and Incl IMPORT'!$B$2:$P2686,12,FALSE),IFERROR(0/0,"")) | N3: =IFERROR(VLOOKUP($B3,'Pos and Incl IMPORT'!$B$2:$P2686,13,FALSE),IFERROR(0/0,"")) | O3: =IFERROR(VLOOKUP($B3,'Pos and Incl IMPORT'!$B$2:$P2686,14,FALSE),IFERROR(0/0,"")) -> 1 | P3: =IFERROR(VLOOKUP($B3,'Pos and Incl IMPORT'!$B$2:$P2686,15,FALSE),IFERROR(0/0,"")) -> 1465 | Q3: =IFERROR(VLOOKUP($B3,'Pos and Incl IMPORT'!$B$2:$S2686,16,FALSE),IFERROR(0/0,"")) -> ABRM805764 | R3: =IFERROR(VLOOKUP($B3,'Pos and Incl IMPORT'!$B$2:$S2686,17,FALSE),IFERROR(0/0,"")) | S3: =IFERROR(VLOOKUP($B3,'Pos and Incl IMPORT'!$B$2:$S2686,18,FALSE),IFERROR(0/0,"")) | T3: =IFERROR(VLOOKUP($B3,'Pos and Incl IMPORT'!$B$2:$S2686,19,FALSE),IFERROR(0/0,"")) | U3: =IF(ISBLANK(Q3),IFERROR(0/0,""),COUNTIF(Q$2:T2687,Q3)) -> 2
B4: =IFERROR(__xludf.DUMMYFUNCTION("""COMPUTED_VALUE"""),"AJ9480") -> AJ9480 | C4: =IFERROR(__xludf.DUMMYFUNCTION("""COMPUTED_VALUE"""),"RUN-ABRM_2022-12-20_RFR-112") -> RUN-ABRM_2022-12-20_RFR-112 | D4: =IFERROR(__xludf.DUMMYFUNCTION("""COMPUTED_VALUE"""),44915.0) -> 44915 | E4: =IFERROR(__xludf.DUMMYFUNCTION("""COMPUTED_VALUE"""),44915.0) -> 44915 | F4: =IFERROR(__xludf.DUMMYFUNCTION("""COMPUTED_VALUE"""),0.3227083333331393) -> 0.32270833 | G4: =IFERROR(__xludf.DUMMYFUNCTION("""COMPUTED_VALUE"""),"Positive") -> Positive | H4: =IFERROR(VLOOKUP($B5,'Pos and Incl IMPORT'!$B$2:$X2686,4,FALSE),IFERROR(0/0,"")) -> SpABRM297307 | L4: =IFERROR(VLOOKUP($B4,'Pos and Incl IMPORT'!$B$2:$P2686,11,FALSE),IFERROR(0/0,"")) | M4: =IFERROR(VLOOKUP($B4,'Pos and Incl IMPORT'!$B$2:$P2686,12,FALSE),IFERROR(0/0,"")) | N4: =IFERROR(VLOOKUP($B4,'Pos and Incl IMPORT'!$B$2:$P2686,13,FALSE),IFERROR(0/0,"")) | O4: =IFERROR(VLOOKUP($B4,'Pos and Incl IMPORT'!$B$2:$P2686,14,FALSE),IFERROR(0/0,"")) -> 1 | P4: =IFERROR(VLOOKUP($B4,'Pos and Incl IMPORT'!$B$2:$P2686,15,FALSE),IFERROR(0/0,"")) -> 1466 | Q4: =IFERROR(VLOOKUP($B4,'Pos and Incl IMPORT'!$B$2:$S2686,16,FALSE),IFERROR(0/0,"")) -> ABRM582390 | R4: =IFERROR(VLOOKUP($B4,'Pos and Incl IMPORT'!$B$2:$S2686,17,FALSE),IFERROR(0/0,"")) | S4: =IFERROR(VLOOKUP($B4,'Pos and Incl IMPORT'!$B$2:$S2686,18,FALSE),IFERROR(0/0,"")) | T4: =IFERROR(VLOOKUP($B4,'Pos and Incl IMPORT'!$B$2:$S2686,19,FALSE),IFERROR(0/0,"")) | U4: =IF(ISBLANK(Q4),IFERROR(0/0,""),COUNTIF(Q$2:T2688,Q4)) -> 2
B5: =IFERROR(__xludf.DUMMYFUNCTION("""COMPUTED_VALUE"""),"AG1417") -> AG1417 | C5: =IFERROR(__xludf.DUMMYFUNCTION("""COMPUTED_VALUE"""),"RUN-ABRM_2023-01-12_RFR-129") -> RUN-ABRM_2023-01-12_RFR-129 | D5: =IFERROR(__xludf.DUMMYFUNCTION("""COMPUTED_VALUE"""),44938.0) -> 44938 | E5: =IFERROR(__xludf.DUMMYFUNCTION("""COMPUTED_VALUE"""),44938.0) -> 44938 | F5: =IFERROR(__xludf.DUMMYFUNCTION("""COMPUTED_VALUE"""),0.25288194444510737) -> 0.25288194 | G5: =IFERROR(__xludf.DUMMYFUNCTION("""COMPUTED_VALUE"""),"Inconclusive") -> Inconclusive | H5: =IFERROR(VLOOKUP($B6,'Pos and Incl IMPORT'!$B$2:$X2686,4,FALSE),IFERROR(0/0,"")) -> SpABRM814022 | L5: =IFERROR(VLOOKUP($B5,'Pos and Incl IMPORT'!$B$2:$P2686,11,FALSE),IFERROR(0/0,"")) | M5: =IFERROR(VLOOKUP($B5,'Pos and Incl IMPORT'!$B$2:$P2686,12,FALSE),IFERROR(0/0,"")) | N5: =IFERROR(VLOOKUP($B5,'Pos and Incl IMPORT'!$B$2:$P2686,13,FALSE),IFERROR(0/0,"")) | O5: =IFERROR(VLOOKUP($B5,'Pos and Incl IMPORT'!$B$2:$P2686,14,FALSE),IFERROR(0/0,"")) -> 3 | P5: =IFERROR(VLOOKUP($B5,'Pos and Incl IMPORT'!$B$2:$P2686,15,FALSE),IFERROR(0/0,"")) -> 1637 | Q5: =IFERROR(VLOOKUP($B5,'Pos and Incl IMPORT'!$B$2:$S2686,16,FALSE),IFERROR(0/0,"")) -> ABRM947679 | R5: =IFERROR(VLOOKUP($B5,'Pos and Incl IMPORT'!$B$2:$S2686,17,FALSE),IFERROR(0/0,"")) -> ABRM303158 | S5: =IFERROR(VLOOKUP($B5,'Pos and Incl IMPORT'!$B$2:$S2686,18,FALSE),IFERROR(0/0,"")) -> ABRM958852 | T5: =IFERROR(VLOOKUP($B5,'Pos and Incl IMPORT'!$B$2:$S2686,19,FALSE),IFERROR(0/0,"")) | U5: =IF(ISBLANK(Q5),IFERROR(0/0,""),COUNTIF(Q$2:T2689,Q5)) -> 1
B6: =IFERROR(__xludf.DUMMYFUNCTION("""COMPUTED_VALUE"""),"AG1625") -> AG1625 | C6: =IFERROR(__xludf.DUMMYFUNCTION("""COMPUTED_VALUE"""),"RUN-ABRM_2023-01-13_RFR-131") -> RUN-ABRM_2023-01-13_RFR-131 | D6: =IFERROR(__xludf.DUMMYFUNCTION("""COMPUTED_VALUE"""),44939.0) -> 44939 | E6: =IFERROR(__xludf.DUMMYFUNCTION("""COMPUTED_VALUE"""),44939.0) -> 44939 | F6: =IFERROR(__xludf.DUMMYFUNCTION("""COMPUTED_VALUE"""),0.32319444444510737) -> 0.32319444 | G6: =IFERROR(__xludf.DUMMYFUNCTION("""COMPUTED_VALUE"""),"Inconclusive") -> Inconclusive | H6: =IFERROR(VLOOKUP($B7,'Pos and Incl IMPORT'!$B$2:$X2686,4,FALSE),IFERROR(0/0,"")) -> SpABRM655136 | L6: =IFERROR(VLOOKUP($B6,'Pos and Incl IMPORT'!$B$2:$P2686,11,FALSE),IFERROR(0/0,"")) | M6: =IFERROR(VLOOKUP($B6,'Pos and Incl IMPORT'!$B$2:$P2686,12,FALSE),IFERROR(0/0,"")) | N6: =IFERROR(VLOOKUP($B6,'Pos and Incl IMPORT'!$B$2:$P2686,13,FALSE),IFERROR(0/0,"")) | O6: =IFERROR(VLOOKUP($B6,'Pos and Incl IMPORT'!$B$2:$P2686,14,FALSE),IFERROR(0/0,"")) -> 1 | P6: =IFERROR(VLOOKUP($B6,'Pos and Incl IMPORT'!$B$2:$P2686,15,FALSE),IFERROR(0/0,"")) -> 1655 | Q6: =IFERROR(VLOOKUP($B6,'Pos and Incl IMPORT'!$B$2:$S2686,16,FALSE),IFERROR(0/0,"")) -> ABRM515295 | R6: =IFERROR(VLOOKUP($B6,'Pos and Incl IMPORT'!$B$2:$S2686,17,FALSE),IFERROR(0/0,"")) | S6: =IFERROR(VLOOKUP($B6,'Pos and Incl IMPORT'!$B$2:$S2686,18,FALSE),IFERROR(0/0,"")) | T6: =IFERROR(VLOOKUP($B6,'Pos and Incl IMPORT'!$B$2:$S2686,19,FALSE),IFERROR(0/0,"")) | U6: =IF(ISBLANK(Q6),IFERROR(0/0,""),COUNTIF(Q$2:T2690,Q6)) -> 1
B7: =IFERROR(__xludf.DUMMYFUNCTION("""COMPUTED_VALUE"""),"AJ8942") -> AJ8942 | C7: =IFERROR(__xludf.DUMMYFUNCTION("""COMPUTED_VALUE"""),"RUN-ABRM_2023-01-20_RFR-139") -> RUN-ABRM_2023-01-20_RFR-139 | D7: =IFERROR(__xludf.DUMMYFUNCTION("""COMPUTED_VALUE"""),44946.0) -> 44946 | E7: =IFERROR(__xludf.DUMMYFUNCTION("""COMPUTED_VALUE"""),44946.0) -> 44946 | F7: =IFERROR(__xludf.DUMMYFUNCTION("""COMPUTED_VALUE"""),0.31164351851839456) -> 0.31164352 | G7: =IFERROR(__xludf.DUMMYFUNCTION("""COMPUTED_VALUE"""),"Inconclusive") -> Inconclusive | H7: =IFERROR(VLOOKUP($B8,'Pos and Incl IMPORT'!$B$2:$X2686,4,FALSE),IFERROR(0/0,"")) -> SpABRM297307 | L7: =IFERROR(VLOOKUP($B7,'Pos and Incl IMPORT'!$B$2:$P2686,11,FALSE),IFERROR(0/0,"")) -> 4.1 | M7: =IFERROR(VLOOKUP($B7,'Pos and Incl IMPORT'!$B$2:$P2686,12,FALSE),IFERROR(0/0,"")) -> RT Jan26 - photo and LUM show Incl call | N7: =IFERROR(VLOOKUP($B7,'Pos and Incl IMPORT'!$B$2:$P2686,13,FALSE),IFERROR(0/0,"")) | O7: =IFERROR(VLOOKUP($B7,'Pos and Incl IMPORT'!$B$2:$P2686,14,FALSE),IFERROR(0/0,"")) -> 2 | P7: =IFERROR(VLOOKUP($B7,'Pos and Incl IMPORT'!$B$2:$P2686,15,FALSE),IFERROR(0/0,"")) -> 1743 | Q7: =IFERROR(VLOOKUP($B7,'Pos and Incl IMPORT'!$B$2:$S2686,16,FALSE),IFERROR(0/0,"")) -> ABRM396076 | R7: =IFERROR(VLOOKUP($B7,'Pos and Incl IMPORT'!$B$2:$S2686,17,FALSE),IFERROR(0/0,"")) -> ABRM492658 | S7: =IFERROR(VLOOKUP($B7,'Pos and Incl IMPORT'!$B$2:$S2686,18,FALSE),IFERROR(0/0,"")) | T7: =IFERROR(VLOOKUP($B7,'Pos and Incl IMPORT'!$B$2:$S2686,19,FALSE),IFERROR(0/0,"")) | U7: =IF(ISBLANK(Q7),IFERROR(0/0,""),COUNTIF(Q$2:T2691,Q7)) -> 1
B8: =IFERROR(__xludf.DUMMYFUNCTION("""COMPUTED_VALUE"""),"AK9881") -> AK9881 | C8: =IFERROR(__xludf.DUMMYFUNCTION("""COMPUTED_VALUE"""),"RUN-ABRM_2023-03-30_RFR-197") -> RUN-ABRM_2023-03-30_RFR-197 | D8: =IFERROR(__xludf.DUMMYFUNCTION("""COMPUTED_VALUE"""),45015.0) -> 45015 | E8: =IFERROR(__xludf.DUMMYFUNCTION("""COMPUTED_VALUE"""),45015.0) -> 45015 | F8: =IFERROR(__xludf.DUMMYFUNCTION("""COMPUTED_VALUE"""),0.25310185185298906) -> 0.25310185 | G8: =IFERROR(__xludf.DUMMYFUNCTION("""COMPUTED_VALUE"""),"Positive") -> Positive | H8: =IFERROR(VLOOKUP($B9,'Pos and Incl IMPORT'!$B$2:$X2686,4,FALSE),IFERROR(0/0,"")) -> SpABRM128250 | L8: =IFERROR(VLOOKUP($B8,'Pos and Incl IMPORT'!$B$2:$P2686,11,FALSE),IFERROR(0/0,"")) | M8: =IFERROR(VLOOKUP($B8,'Pos and Incl IMPORT'!$B$2:$P2686,12,FALSE),IFERROR(0/0,"")) | N8: =IFERROR(VLOOKUP($B8,'Pos and Incl IMPORT'!$B$2:$P2686,13,FALSE),IFERROR(0/0,"")) | O8: =IFERROR(VLOOKUP($B8,'Pos and Incl IMPORT'!$B$2:$P2686,14,FALSE),IFERROR(0/0,"")) -> 4 | P8: =IFERROR(VLOOKUP($B8,'Pos and Incl IMPORT'!$B$2:$P2686,15,FALSE),IFERROR(0/0,"")) -> 2419 | Q8: =IFERROR(VLOOKUP($B8,'Pos and Incl IMPORT'!$B$2:$S2686,16,FALSE),IFERROR(0/0,"")) -> ABRM624478 | R8: =IFERROR(VLOOKUP($B8,'Pos and Incl IMPORT'!$B$2:$S2686,17,FALSE),IFERROR(0/0,"")) -> ABRM739674 | S8: =IFERROR(VLOOKUP($B8,'Pos and Incl IMPORT'!$B$2:$S2686,18,FALSE),IFERROR(0/0,"")) -> ABRM303158 | T8: =IFERROR(VLOOKUP($B8,'Pos and Incl IMPORT'!$B$2:$S2686,19,FALSE),IFERROR(0/0,"")) | U8: =IF(ISBLANK(Q8),IFERROR(0/0,""),COUNTIF(Q$2:T2692,Q8)) -> 1
B9: =IFERROR(__xludf.DUMMYFUNCTION("""COMPUTED_VALUE"""),"AB9291") -> AB9291 | C9: =IFERROR(__xludf.DUMMYFUNCTION("""COMPUTED_VALUE"""),"RUN-ABRM_2023-05-23_RFR-231") -> RUN-ABRM_2023-05-23_RFR-231 | D9: =IFERROR(__xludf.DUMMYFUNCTION("""COMPUTED_VALUE"""),45069.0) -> 45069 | E9: =IFERROR(__xludf.DUMMYFUNCTION("""COMPUTED_VALUE"""),45069.0) -> 45069 | F9: =IFERROR(__xludf.DUMMYFUNCTION("""COMPUTED_VALUE"""),0.3019560185202863) -> 0.30195602 | G9: =IFERROR(__xludf.DUMMYFUNCTION("""COMPUTED_VALUE"""),"Positive") -> Positive | H9: =IFERROR(VLOOKUP($B10,'Pos and Incl IMPORT'!$B$2:$X2686,4,FALSE),IFERROR(0/0,"")) -> SpABRM655136 | L9: =IFERROR(VLOOKUP($B9,'Pos and Incl IMPORT'!$B$2:$P2686,11,FALSE),IFERROR(0/0,"")) | M9: =IFERROR(VLOOKUP($B9,'Pos and Incl IMPORT'!$B$2:$P2686,12,FALSE),IFERROR(0/0,"")) | N9: =IFERROR(VLOOKUP($B9,'Pos and Incl IMPORT'!$B$2:$P2686,13,FALSE),IFERROR(0/0,"")) | O9: =IFERROR(VLOOKUP($B9,'Pos and Incl IMPORT'!$B$2:$P2686,14,FALSE),IFERROR(0/0,"")) -> 3 | P9: =IFERROR(VLOOKUP($B9,'Pos and Incl IMPORT'!$B$2:$P2686,15,FALSE),IFERROR(0/0,"")) -> 2880 | Q9: =IFERROR(VLOOKUP($B9,'Pos and Incl IMPORT'!$B$2:$S2686,16,FALSE),IFERROR(0/0,"")) -> ABRM362882 | R9: =IFERROR(VLOOKUP($B9,'Pos and Incl IMPORT'!$B$2:$S2686,17,FALSE),IFERROR(0/0,"")) -> ABRM165120 | S9: =IFERROR(VLOOKUP($B9,'Pos and Incl IMPORT'!$B$2:$S2686,18,FALSE),IFERROR(0/0,"")) -> ABRM735457 | T9: =IFERROR(VLOOKUP($B9,'Pos and Incl IMPORT'!$B$2:$S2686,19,FALSE),IFERROR(0/0,"")) | U9: =IF(ISBLANK(Q9),IFERROR(0/0,""),COUNTIF(Q$2:T2693,Q9)) -> 2
B10: =IFERROR(__xludf.DUMMYFUNCTION("""COMPUTED_VALUE"""),"AR1265") -> AR1265 | C10: =IFERROR(__xludf.DUMMYFUNCTION("""COMPUTED_VALUE"""),"RUN-ABRM_2023-05-23_RFR-231") -> RUN-ABRM_2023-05-23_RFR-231 | D10: =IFERROR(__xludf.DUMMYFUNCTION("""COMPUTED_VALUE"""),45069.0) -> 45069 | E10: =IFERROR(__xludf.DUMMYFUNCTION("""COMPUTED_VALUE"""),45069.0) -> 45069 | F10: =IFERROR(__xludf.DUMMYFUNCTION("""COMPUTED_VALUE"""),0.33762731481328956) -> 0.33762731 | G10: =IFERROR(__xludf.DUMMYFUNCTION("""COMPUTED_VALUE"""),"Positive") -> Positive | H10: =IFERROR(VLOOKUP($B11,'Pos and Incl IMPORT'!$B$2:$X2686,4,FALSE),IFERROR(0/0,"")) -> SpABRM655136 | L10: =IFERROR(VLOOKUP($B10,'Pos and Incl IMPORT'!$B$2:$P2686,11,FALSE),IFERROR(0/0,"")) | M10: =IFERROR(VLOOKUP($B10,'Pos and Incl IMPORT'!$B$2:$P2686,12,FALSE),IFERROR(0/0,"")) | N10: =IFERROR(VLOOKUP($B10,'Pos and Incl IMPORT'!$B$2:$P2686,13,FALSE),IFERROR(0/0,"")) | O10: =IFERROR(VLOOKUP($B10,'Pos and Incl IMPORT'!$B$2:$P2686,14,FALSE),IFERROR(0/0,"")) -> 1 | P10: =IFERROR(VLOOKUP($B10,'Pos and Incl IMPORT'!$B$2:$P2686,15,FALSE),IFERROR(0/0,"")) -> 2887 | Q10: =IFERROR(VLOOKUP($B10,'Pos and Incl IMPORT'!$B$2:$S2686,16,FALSE),IFERROR(0/0,"")) -> ABRM362882 | R10: =IFERROR(VLOOKUP($B10,'Pos and Incl IMPORT'!$B$2:$S2686,17,FALSE),IFERROR(0/0,"")) | S10: =IFERROR(VLOOKUP($B10,'Pos and Incl IMPORT'!$B$2:$S2686,18,FALSE),IFERROR(0/0,"")) | T10: =IFERROR(VLOOKUP($B10,'Pos and Incl IMPORT'!$B$2:$S2686,19,FALSE),IFERROR(0/0,"")) | U10: =IF(ISBLANK(Q10),IFERROR(0/0,""),COUNTIF(Q$2:T2694,Q10)) -> 2
B11: =IFERROR(__xludf.DUMMYFUNCTION("""COMPUTED_VALUE"""),"AR15") -> AR15 | C11: =IFERROR(__xludf.DUMMYFUNCTION("""COMPUTED_VALUE"""),"RUN-ABRM_2023-05-23_RFR-231") -> RUN-ABRM_2023-05-23_RFR-231 | D11: =IFERROR(__xludf.DUMMYFUNCTION("""COMPUTED_VALUE"""),45069.0) -> 45069 | E11: =IFERROR(__xludf.DUMMYFUNCTION("""COMPUTED_VALUE"""),45069.0) -> 45069 | F11: =IFERROR(__xludf.DUMMYFUNCTION("""COMPUTED_VALUE"""),0.33835648148306063) -> 0.33835648 | G11: =IFERROR(__xludf.DUMMYFUNCTION("""COMPUTED_VALUE"""),"Positive") -> Positive | H11: =IFERROR(VLOOKUP($B12,'Pos and Incl IMPORT'!$B$2:$X2686,4,FALSE),IFERROR(0/0,"")) -> SpABRM655136 | L11: =IFERROR(VLOOKUP($B11,'Pos and Incl IMPORT'!$B$2:$P2686,11,FALSE),IFERROR(0/0,"")) | M11: =IFERROR(VLOOKUP($B11,'Pos and Incl IMPORT'!$B$2:$P2686,12,FALSE),IFERROR(0/0,"")) | N11: =IFERROR(VLOOKUP($B11,'Pos and Incl IMPORT'!$B$2:$P2686,13,FALSE),IFERROR(0/0,"")) | O11: =IFERROR(VLOOKUP($B11,'Pos and Incl IMPORT'!$B$2:$P2686,14,FALSE),IFERROR(0/0,"")) -> 1 | P11: =IFERROR(VLOOKUP($B11,'Pos and Incl IMPORT'!$B$2:$P2686,15,FALSE),IFERROR(0/0,"")) -> 2888 | Q11: =IFERROR(VLOOKUP($B11,'Pos and Incl IMPORT'!$B$2:$S2686,16,FALSE),IFERROR(0/0,"")) -> ABRM165120 | R11: =IFERROR(VLOOKUP($B11,'Pos and Incl IMPORT'!$B$2:$S2686,17,FALSE),IFERROR(0/0,"")) | S11: =IFERROR(VLOOKUP($B11,'Pos and Incl IMPORT'!$B$2:$S2686,18,FALSE),IFERROR(0/0,"")) | T11: =IFERROR(VLOOKUP($B11,'Pos and Incl IMPORT'!$B$2:$S2686,19,FALSE),IFERROR(0/0,"")) | U11: =IF(ISBLANK(Q11),IFERROR(0/0,""),COUNTIF(Q$2:T2695,Q11)) -> 2
B12: =IFERROR(__xludf.DUMMYFUNCTION("""COMPUTED_VALUE"""),"AK9590") -> AK9590 | C12: =IFERROR(__xludf.DUMMYFUNCTION("""COMPUTED_VALUE"""),"RUN-ABRM_2023-05-23_RFR-231") -> RUN-ABRM_2023-05-23_RFR-231 | D12: =IFERROR(__xludf.DUMMYFUNCTION("""COMPUTED_VALUE"""),45069.0) -> 45069 | E12: =IFERROR(__xludf.DUMMYFUNCTION("""COMPUTED_VALUE"""),45069.0) -> 45069 | F12: =IFERROR(__xludf.DUMMYFUNCTION("""COMPUTED_VALUE"""),0.338761574075761) -> 0.33876157 | G12: =IFERROR(__xludf.DUMMYFUNCTION("""COMPUTED_VALUE"""),"Positive") -> Positive | H12: =IFERROR(VLOOKUP($B13,'Pos and Incl IMPORT'!$B$2:$X2686,4,FALSE),IFERROR(0/0,"")) | L12: =IFERROR(VLOOKUP($B12,'Pos and Incl IMPORT'!$B$2:$P2686,11,FALSE),IFERROR(0/0,"")) | M12: =IFERROR(VLOOKUP($B12,'Pos and Incl IMPORT'!$B$2:$P2686,12,FALSE),IFERROR(0/0,"")) | N12: =IFERROR(VLOOKUP($B12,'Pos and Incl IMPORT'!$B$2:$P2686,13,FALSE),IFERROR(0/0,"")) | O12: =IFERROR(VLOOKUP($B12,'Pos and Incl IMPORT'!$B$2:$P2686,14,FALSE),IFERROR(0/0,"")) -> 1 | P12: =IFERROR(VLOOKUP($B12,'Pos and Incl IMPORT'!$B$2:$P2686,15,FALSE),IFERROR(0/0,"")) -> 2889 | Q12: =IFERROR(VLOOKUP($B12,'Pos and Incl IMPORT'!$B$2:$S2686,16,FALSE),IFERROR(0/0,"")) -> ABRM735457 | R12: =IFERROR(VLOOKUP($B12,'Pos and Incl IMPORT'!$B$2:$S2686,17,FALSE),IFERROR(0/0,"")) | S12: =IFERROR(VLOOKUP($B12,'Pos and Incl IMPORT'!$B$2:$S2686,18,FALSE),IFERROR(0/0,"")) | T12: =IFERROR(VLOOKUP($B12,'Pos and Incl IMPORT'!$B$2:$S2686,19,FALSE),IFERROR(0/0,"")) | U12: =IF(ISBLANK(Q12),IFERROR(0/0,""),COUNTIF(Q$2:T2696,Q12)) -> 2
B13: =IFERROR(__xludf.DUMMYFUNCTION("""COMPUTED_VALUE"""),"ARFABRM013") -> ARFABRM013 | C13: =IFERROR(__xludf.DUMMYFUNCTION("""COMPUTED_VALUE"""),"RUN-ABRM_2023-05-19_RFR-227") -> RUN-ABRM_2023-05-19_RFR-227 | D13: =IFERROR(__xludf.DUMMYFUNCTION("""COMPUTED_VALUE"""),45065.0) -> 45065 | G13: =IFERROR(__xludf.DUMMYFUNCTION("""COMPUTED_VALUE"""),"Positive") -> Positive | H13: =IFERROR(VLOOKUP($B14,'Pos and Incl IMPORT'!$B$2:$X2686,4,FALSE),IFERROR(0/0,"")) | L13: =IFERROR(VLOOKUP($B13,'Pos and Incl IMPORT'!$B$2:$P2686,11,FALSE),IFERROR(0/0,"")) | M13: =IFERROR(VLOOKUP($B13,'Pos and Incl IMPORT'!$B$2:$P2686,12,FALSE),IFERROR(0/0,"")) | N13: =IFERROR(VLOOKUP($B13,'Pos and Incl IMPORT'!$B$2:$P2686,13,FALSE),IFERROR(0/0,"")) | O13: =IFERROR(VLOOKUP($B13,'Pos and Incl IMPORT'!$B$2:$P2686,14,FALSE),IFERROR(0/0,"")) | P13: =IFERROR(VLOOKUP($B13,'Pos and Incl IMPORT'!$B$2:$P2686,15,FALSE),IFERROR(0/0,"")) | Q13: =IFERROR(VLOOKUP($B13,'Pos and Incl IMPORT'!$B$2:$S2686,16,FALSE),IFERROR(0/0,"")) | R13: =IFERROR(VLOOKUP($B13,'Pos and Incl IMPORT'!$B$2:$S2686,17,FALSE),IFERROR(0/0,"")) | S13: =IFERROR(VLOOKUP($B13,'Pos and Incl IMPORT'!$B$2:$S2686,18,FALSE),IFERROR(0/0,"")) | T13: =IFERROR(VLOOKUP($B13,'Pos and Incl IMPORT'!$B$2:$S2686,19,FALSE),IFERROR(0/0,"")) | U13: =IF(ISBLANK(Q13),IFERROR(0/0,""),COUNTIF(Q$2:T2697,Q13))
H14: =IFERROR(VLOOKUP($B15,'Pos and Incl IMPORT'!$B$2:$X2686,4,FALSE),IFERROR(0/0,"")) | L14: =IFERROR(VLOOKUP($B14,'Pos and Incl IMPORT'!$B$2:$P2686,11,FALSE),IFERROR(0/0,"")) | M14: =IFERROR(VLOOKUP($B14,'Pos and Incl IMPORT'!$B$2:$P2686,12,FALSE),IFERROR(0/0,"")) | N14: =IFERROR(VLOOKUP($B14,'Pos and Incl IMPORT'!$B$2:$P2686,13,FALSE),IFERROR(0/0,"")) | O14: =IFERROR(VLOOKUP($B14,'Pos and Incl IMPORT'!$B$2:$P2686,14,FALSE),IFERROR(0/0,"")) | P14: =IFERROR(VLOOKUP($B14,'Pos and Incl IMPORT'!$B$2:$P2686,15,FALSE),IFERROR(0/0,"")) | Q14: =IFERROR(VLOOKUP($B14,'Pos and Incl IMPORT'!$B$2:$S2686,16,FALSE),IFERROR(0/0,"")) | R14: =IFERROR(VLOOKUP($B14,'Pos and Incl IMPORT'!$B$2:$S2686,17,FALSE),IFERROR(0/0,"")) | S14: =IFERROR(VLOOKUP($B14,'Pos and Incl IMPORT'!$B$2:$S2686,18,FALSE),IFERROR(0/0,"")) | T14: =IFERROR(VLOOKUP($B14,'Pos and Incl IMPORT'!$B$2:$S2686,19,FALSE),IFERROR(0/0,"")) | U14: =IF(ISBLANK(Q14),IFERROR(0/0,""),COUNTIF(Q$2:T2698,Q14))
H15: =IFERROR(VLOOKUP($B16,'Pos and Incl IMPORT'!$B$2:$X2686,4,FALSE),IFERROR(0/0,"")) | L15: =IFERROR(VLOOKUP($B15,'Pos and Incl IMPORT'!$B$2:$P2686,11,FALSE),IFERROR(0/0,"")) | M15: =IFERROR(VLOOKUP($B15,'Pos and Incl IMPORT'!$B$2:$P2686,12,FALSE),IFERROR(0/0,"")) | N15: =IFERROR(VLOOKUP($B15,'Pos and Incl IMPORT'!$B$2:$P2686,13,FALSE),IFERROR(0/0,"")) | O15: =IFERROR(VLOOKUP($B15,'Pos and Incl IMPORT'!$B$2:$P2686,14,FALSE),IFERROR(0/0,"")) | P15: =IFERROR(VLOOKUP($B15,'Pos and Incl IMPORT'!$B$2:$P2686,15,FALSE),IFERROR(0/0,"")) | Q15: =IFERROR(VLOOKUP($B15,'Pos and Incl IMPORT'!$B$2:$S2686,16,FALSE),IFERROR(0/0,"")) | R15: =IFERROR(VLOOKUP($B15,'Pos and Incl IMPORT'!$B$2:$S2686,17,FALSE),IFERROR(0/0,"")) | S15: =IFERROR(VLOOKUP($B15,'Pos and Incl IMPORT'!$B$2:$S2686,18,FALSE),IFERROR(0/0,"")) | T15: =IFERROR(VLOOKUP($B15,'Pos and Incl IMPORT'!$B$2:$S2686,19,FALSE),IFERROR(0/0,"")) | U15: =IF(ISBLANK(Q15),IFERROR(0/0,""),COUNTIF(Q$2:T2699,Q15))
H16: =IFERROR(VLOOKUP($B17,'Pos and Incl IMPORT'!$B$2:$X2686,4,FALSE),IFERROR(0/0,"")) | L16: =IFERROR(VLOOKUP($B16,'Pos and Incl IMPORT'!$B$2:$P2686,11,FALSE),IFERROR(0/0,"")) | M16: =IFERROR(VLOOKUP($B16,'Pos and Incl IMPORT'!$B$2:$P2686,12,FALSE),IFERROR(0/0,"")) | N16: =IFERROR(VLOOKUP($B16,'Pos and Incl IMPORT'!$B$2:$P2686,13,FALSE),IFERROR(0/0,"")) | O16: =IFERROR(VLOOKUP($B16,'Pos and Incl IMPORT'!$B$2:$P2686,14,FALSE),IFERROR(0/0,"")) | P16: =IFERROR(VLOOKUP($B16,'Pos and Incl IMPORT'!$B$2:$P2686,15,FALSE),IFERROR(0/0,"")) | Q16: =IFERROR(VLOOKUP($B16,'Pos and Incl IMPORT'!$B$2:$S2686,16,FALSE),IFERROR(0/0,"")) | R16: =IFERROR(VLOOKUP($B16,'Pos and Incl IMPORT'!$B$2:$S2686,17,FALSE),IFERROR(0/0,"")) | S16: =IFERROR(VLOOKUP($B16,'Pos and Incl IMPORT'!$B$2:$S2686,18,FALSE),IFERROR(0/0,"")) | T16: =IFERROR(VLOOKUP($B16,'Pos and Incl IMPORT'!$B$2:$S2686,19,FALSE),IFERROR(0/0,"")) | U16: =IF(ISBLANK(Q16),IFERROR(0/0,""),COUNTIF(Q$2:T2700,Q16))

Sheet Pos and Incl IMPORT
A1: IMPORTS >> URL link below | B1: =IFERROR(__xludf.DUMMYFUNCTION("IMPORTRANGE(A2,""Pos and Incl!A:Z"")"),"TUBE ID") -> TUBE ID | C1: =IFERROR(__xludf.DUMMYFUNCTION("""COMPUTED_VALUE"""),"COLLECTION DATE") -> COLLECTION DATE | D1: =IFERROR(__xludf.DUMMYFUNCTION("""COMPUTED_VALUE"""),"COLLECTION TIME") -> COLLECTION TIME | E1: =IFERROR(__xludf.DUMMYFUNCTION("""COMPUTED_VALUE"""),"SPONSOR PERSON ID") -> SPONSOR PERSON ID | F1: =IFERROR(__xludf.DUMMYFUNCTION("""COMPUTED_VALUE"""),"SPONSOR FIRSTNAME") -> SPONSOR FIRSTNAME | G1: =IFERROR(__xludf.DUMMYFUNCTION("""COMPUTED_VALUE"""),"SPONSOR LASTNAME") -> SPONSOR LASTNAME | H1: =IFERROR(__xludf.DUMMYFUNCTION("""COMPUTED_VALUE"""),"APP RESULT") -> APP RESULT | I1: =IFERROR(__xludf.DUMMYFUNCTION("""COMPUTED_VALUE"""),"FINAL RESULT") -> FINAL RESULT | J1: =IFERROR(__xludf.DUMMYFUNCTION("""COMPUTED_VALUE"""),"RESULT DATE") -> RESULT DATE | K1: =IFERROR(__xludf.DUMMYFUNCTION("""COMPUTED_VALUE"""),"RESULT TIME") -> RESULT TIME | L1: =IFERROR(__xludf.DUMMYFUNCTION("""COMPUTED_VALUE"""),"Result Correct Code") -> Result Correct Code | M1: =IFERROR(__xludf.DUMMYFUNCTION("""COMPUTED_VALUE"""),"Correction Notes") -> Correction Notes | N1: =IFERROR(__xludf.DUMMYFUNCTION("""COMPUTED_VALUE"""),"NOTE") -> NOTE | O1: =IFERROR(__xludf.DUMMYFUNCTION("""COMPUTED_VALUE"""),"NUM SAMPLES (Pool Level)") -> NUM SAMPLES (Pool Level) | P1: =IFERROR(__xludf.DUMMYFUNCTION("""COMPUTED_VALUE"""),"Match Row in APS Data PHI - postDEL") -> Match Row in APS Data PHI - postDEL | Q1: =IFERROR(__xludf.DUMMYFUNCTION("""COMPUTED_VALUE"""),"Sample Person1") -> Sample Person1 | R1: =IFERROR(__xludf.DUMMYFUNCTION("""COMPUTED_VALUE"""),"Sample Person2") -> Sample Person2 | S1: =IFERROR(__xludf.DUMMYFUNCTION("""COMPUTED_VALUE"""),"Sample Person3") -> Sample Person3 | T1: =IFERROR(__xludf.DUMMYFUNCTION("""COMPUTED_VALUE"""),"Sample Person4") -> Sample Person4 | U1: =IFERROR(__xludf.DUMMYFUNCTION("""COMPUTED_VALUE"""),"Case Culster ID") -> Case Culster ID | V1: =IFERROR(__xludf.DUMMYFUNCTION("""COMPUTED_VALUE"""),"Index Tube - First FL Pos/Incl of Case?") -> Index Tube - First FL Pos/Incl of Case? | W1: =IFERROR(__xludf.DUMMYFUNCTION("""COMPUTED_VALUE"""),"Referral Test Result") -> Referral Test Result | X1: =IFERROR(__xludf.DUMMYFUNCTION("""COMPUTED_VALUE"""),"Referral Notes") -> Referral Notes | Y1: =IFERROR(__xludf.DUMMYFUNCTION("""COMPUTED_VALUE"""),"3 ACCOUNTED FOR IN RTR?") -> 3 ACCOUNTED FOR IN RTR? | Z1: =IFERROR(__xludf.DUMMYFUNCTION("""COMPUTED_VALUE"""),"Re-test?") -> Re-test? | AA1: =IFERROR(__xludf.DUMMYFUNCTION("""COMPUTED_VALUE"""),"Pool Deconvolution Indiv Test?") -> Pool Deconvolution Indiv Test?
A2: ABRM_APS_deID_PUB | B2: =IFERROR(__xludf.DUMMYFUNCTION("""COMPUTED_VALUE"""),"AG173") -> AG173 | C2: =IFERROR(__xludf.DUMMYFUNCTION("""COMPUTED_VALUE"""),44903.0) -> 44903 | D2: =IFERROR(__xludf.DUMMYFUNCTION("""COMPUTED_VALUE"""),0.2963078703703704) -> 0.29630787 | E2: =IFERROR(__xludf.DUMMYFUNCTION("""COMPUTED_VALUE"""),"SpABRM367540") -> SpABRM367540 | H2: =IFERROR(__xludf.DUMMYFUNCTION("""COMPUTED_VALUE"""),"Positive") -> Positive | I2: =IFERROR(__xludf.DUMMYFUNCTION("""COMPUTED_VALUE"""),"Positive") -> Positive | J2: =IFERROR(__xludf.DUMMYFUNCTION("""COMPUTED_VALUE"""),44903.0) -> 44903 | K2: =IFERROR(__xludf.DUMMYFUNCTION("""COMPUTED_VALUE"""),0.4659027777777778) -> 0.46590278 | O2: =IFERROR(__xludf.DUMMYFUNCTION("""COMPUTED_VALUE"""),3.0) -> 3 | P2: =IFERROR(__xludf.DUMMYFUNCTION("""COMPUTED_VALUE"""),1393.0) -> 1393 | Q2: =IFERROR(__xludf.DUMMYFUNCTION("""COMPUTED_VALUE"""),"ABRM805764") -> ABRM805764 | R2: =IFERROR(__xludf.DUMMYFUNCTION("""COMPUTED_VALUE"""),"ABRM771013") -> ABRM771013 | S2: =IFERROR(__xludf.DUMMYFUNCTION("""COMPUTED_VALUE"""),"ABRM582390") -> ABRM582390 | U2: =IFERROR(__xludf.DUMMYFUNCTION("""COMPUTED_VALUE"""),1.0) -> 1 | V2: =IFERROR(__xludf.DUMMYFUNCTION("""COMPUTED_VALUE"""),TRUE) -> TRUE | W2: =IFERROR(__xludf.DUMMYFUNCTION("""COMPUTED_VALUE"""),"Positive") -> Positive | Y2: =IFERROR(__xludf.DUMMYFUNCTION("""COMPUTED_VALUE"""),TRUE) -> TRUE
B3: =IFERROR(__xludf.DUMMYFUNCTION("""COMPUTED_VALUE"""),"AH112") -> AH112 | C3: =IFERROR(__xludf.DUMMYFUNCTION("""COMPUTED_VALUE"""),44915.0) -> 44915 | D3: =IFERROR(__xludf.DUMMYFUNCTION("""COMPUTED_VALUE"""),0.32241898148148146) -> 0.32241898 | E3: =IFERROR(__xludf.DUMMYFUNCTION("""COMPUTED_VALUE"""),"SpABRM655136") -> SpABRM655136 | H3: =IFERROR(__xludf.DUMMYFUNCTION("""COMPUTED_VALUE"""),"Positive") -> Positive | I3: =IFERROR(__xludf.DUMMYFUNCTION("""COMPUTED_VALUE"""),"Positive") -> Positive | J3: =IFERROR(__xludf.DUMMYFUNCTION("""COMPUTED_VALUE"""),44915.0) -> 44915 | K3: =IFERROR(__xludf.DUMMYFUNCTION("""COMPUTED_VALUE"""),0.42900462962962965) -> 0.42900463 | O3: =IFERROR(__xludf.DUMMYFUNCTION("""COMPUTED_VALUE"""),1.0) -> 1 | P3: =IFERROR(__xludf.DUMMYFUNCTION("""COMPUTED_VALUE"""),1465.0) -> 1465 | Q3: =IFERROR(__xludf.DUMMYFUNCTION("""COMPUTED_VALUE"""),"ABRM805764") -> ABRM805764 | U3: =IFERROR(__xludf.DUMMYFUNCTION("""COMPUTED_VALUE"""),1.0) -> 1 | W3: =IFERROR(__xludf.DUMMYFUNCTION("""COMPUTED_VALUE"""),"Positive") -> Positive | Y3: =IFERROR(__xludf.DUMMYFUNCTION("""COMPUTED_VALUE"""),TRUE) -> TRUE | Z3: =IFERROR(__xludf.DUMMYFUNCTION("""COMPUTED_VALUE"""),TRUE) -> TRUE
B4: =IFERROR(__xludf.DUMMYFUNCTION("""COMPUTED_VALUE"""),"AJ9480") -> AJ9480 | C4: =IFERROR(__xludf.DUMMYFUNCTION("""COMPUTED_VALUE"""),44915.0) -> 44915 | D4: =IFERROR(__xludf.DUMMYFUNCTION("""COMPUTED_VALUE"""),0.3227083333333333) -> 0.32270833 | E4: =IFERROR(__xludf.DUMMYFUNCTION("""COMPUTED_VALUE"""),"SpABRM655136") -> SpABRM655136 | H4: =IFERROR(__xludf.DUMMYFUNCTION("""COMPUTED_VALUE"""),"Positive") -> Positive | I4: =IFERROR(__xludf.DUMMYFUNCTION("""COMPUTED_VALUE"""),"Positive") -> Positive | J4: =IFERROR(__xludf.DUMMYFUNCTION("""COMPUTED_VALUE"""),44915.0) -> 44915 | K4: =IFERROR(__xludf.DUMMYFUNCTION("""COMPUTED_VALUE"""),0.4290162037037037) -> 0.4290162 | O4: =IFERROR(__xludf.DUMMYFUNCTION("""COMPUTED_VALUE"""),1.0) -> 1 | P4: =IFERROR(__xludf.DUMMYFUNCTION("""COMPUTED_VALUE"""),1466.0) -> 1466 | Q4: =IFERROR(__xludf.DUMMYFUNCTION("""COMPUTED_VALUE"""),"ABRM582390") -> ABRM582390 | U4: =IFERROR(__xludf.DUMMYFUNCTION("""COMPUTED_VALUE"""),1.0) -> 1 | W4: =IFERROR(__xludf.DUMMYFUNCTION("""COMPUTED_VALUE"""),"Positive") -> Positive | Y4: =IFERROR(__xludf.DUMMYFUNCTION("""COMPUTED_VALUE"""),TRUE) -> TRUE | Z4: =IFERROR(__xludf.DUMMYFUNCTION("""COMPUTED_VALUE"""),TRUE) -> TRUE
B5: =IFERROR(__xludf.DUMMYFUNCTION("""COMPUTED_VALUE"""),"AK9881") -> AK9881 | C5: =IFERROR(__xludf.DUMMYFUNCTION("""COMPUTED_VALUE"""),45015.0) -> 45015 | D5: =IFERROR(__xludf.DUMMYFUNCTION("""COMPUTED_VALUE"""),0.25310185185185186) -> 0.25310185 | E5: =IFERROR(__xludf.DUMMYFUNCTION("""COMPUTED_VALUE"""),"SpABRM297307") -> SpABRM297307 | H5: =IFERROR(__xludf.DUMMYFUNCTION("""COMPUTED_VALUE"""),"Positive") -> Positive | I5: =IFERROR(__xludf.DUMMYFUNCTION("""COMPUTED_VALUE"""),"Positive") -> Positive | J5: =IFERROR(__xludf.DUMMYFUNCTION("""COMPUTED_VALUE"""),45015.0) -> 45015 | K5: =IFERROR(__xludf.DUMMYFUNCTION("""COMPUTED_VALUE"""),0.4371412037037037) -> 0.4371412 | O5: =IFERROR(__xludf.DUMMYFUNCTION("""COMPUTED_VALUE"""),4.0) -> 4 | P5: =IFERROR(__xludf.DUMMYFUNCTION("""COMPUTED_VALUE"""),2419.0) -> 2419 | Q5: =IFERROR(__xludf.DUMMYFUNCTION("""COMPUTED_VALUE"""),"ABRM624478") -> ABRM624478 | R5: =IFERROR(__xludf.DUMMYFUNCTION("""COMPUTED_VALUE"""),"ABRM739674") -> ABRM739674 | S5: =IFERROR(__xludf.DUMMYFUNCTION("""COMPUTED_VALUE"""),"ABRM303158") -> ABRM303158 | T5: =IFERROR(__xludf.DUMMYFUNCTION("""COMPUTED_VALUE"""),"ABRM958852") -> ABRM958852 | U5: =IFERROR(__xludf.DUMMYFUNCTION("""COMPUTED_VALUE"""),2.0) -> 2 | W5: =IFERROR(__xludf.DUMMYFUNCTION("""COMPUTED_VALUE"""),"NONE") -> NONE | Y5: =IFERROR(__xludf.DUMMYFUNCTION("""COMPUTED_VALUE"""),FALSE) -> FALSE
B6: =IFERROR(__xludf.DUMMYFUNCTION("""COMPUTED_VALUE"""),"AB9291") -> AB9291 | C6: =IFERROR(__xludf.DUMMYFUNCTION("""COMPUTED_VALUE"""),45069.0) -> 45069 | D6: =IFERROR(__xludf.DUMMYFUNCTION("""COMPUTED_VALUE"""),0.3019560185185185) -> 0.30195602 | E6: =IFERROR(__xludf.DUMMYFUNCTION("""COMPUTED_VALUE"""),"SpABRM128250") -> SpABRM128250 | H6: =IFERROR(__xludf.DUMMYFUNCTION("""COMPUTED_VALUE"""),"Positive") -> Positive | I6: =IFERROR(__xludf.DUMMYFUNCTION("""COMPUTED_VALUE"""),"Positive") -> Positive | J6: =IFERROR(__xludf.DUMMYFUNCTION("""COMPUTED_VALUE"""),45069.0) -> 45069 | K6: =IFERROR(__xludf.DUMMYFUNCTION("""COMPUTED_VALUE"""),0.40076388888888886) -> 0.40076389 | O6: =IFERROR(__xludf.DUMMYFUNCTION("""COMPUTED_VALUE"""),3.0) -> 3 | P6: =IFERROR(__xludf.DUMMYFUNCTION("""COMPUTED_VALUE"""),2880.0) -> 2880 | Q6: =IFERROR(__xludf.DUMMYFUNCTION("""COMPUTED_VALUE"""),"ABRM362882") -> ABRM362882 | R6: =IFERROR(__xludf.DUMMYFUNCTION("""COMPUTED_VALUE"""),"ABRM165120") -> ABRM165120 | S6: =IFERROR(__xludf.DUMMYFUNCTION("""COMPUTED_VALUE"""),"ABRM735457") -> ABRM735457 | U6: =IFERROR(__xludf.DUMMYFUNCTION("""COMPUTED_VALUE"""),3.0) -> 3 | W6: =IFERROR(__xludf.DUMMYFUNCTION("""COMPUTED_VALUE"""),"NONE") -> NONE | Y6: =IFERROR(__xludf.DUMMYFUNCTION("""COMPUTED_VALUE"""),FALSE) -> FALSE
B7: =IFERROR(__xludf.DUMMYFUNCTION("""COMPUTED_VALUE"""),"AR1265") -> AR1265 | C7: =IFERROR(__xludf.DUMMYFUNCTION("""COMPUTED_VALUE"""),45069.0) -> 45069 | D7: =IFERROR(__xludf.DUMMYFUNCTION("""COMPUTED_VALUE"""),0.33762731481481484) -> 0.33762731 | E7: =IFERROR(__xludf.DUMMYFUNCTION("""COMPUTED_VALUE"""),"SpABRM655136") -> SpABRM655136 | H7: =IFERROR(__xludf.DUMMYFUNCTION("""COMPUTED_VALUE"""),"Positive") -> Positive | I7: =IFERROR(__xludf.DUMMYFUNCTION("""COMPUTED_VALUE"""),"Positive") -> Positive | J7: =IFERROR(__xludf.DUMMYFUNCTION("""COMPUTED_VALUE"""),45069.0) -> 45069 | K7: =IFERROR(__xludf.DUMMYFUNCTION("""COMPUTED_VALUE"""),0.40074074074074073) -> 0.40074074 | O7: =IFERROR(__xludf.DUMMYFUNCTION("""COMPUTED_VALUE"""),1.0) -> 1 | P7: =IFERROR(__xludf.DUMMYFUNCTION("""COMPUTED_VALUE"""),2887.0) -> 2887 | Q7: =IFERROR(__xludf.DUMMYFUNCTION("""COMPUTED_VALUE"""),"ABRM362882") -> ABRM362882 | U7: =IFERROR(__xludf.DUMMYFUNCTION("""COMPUTED_VALUE"""),3.0) -> 3 | W7: =IFERROR(__xludf.DUMMYFUNCTION("""COMPUTED_VALUE"""),"NONE") -> NONE | Y7: =IFERROR(__xludf.DUMMYFUNCTION("""COMPUTED_VALUE"""),FALSE) -> FALSE | AA7: =IFERROR(__xludf.DUMMYFUNCTION("""COMPUTED_VALUE"""),TRUE) -> TRUE
B8: =IFERROR(__xludf.DUMMYFUNCTION("""COMPUTED_VALUE"""),"AR15") -> AR15 | C8: =IFERROR(__xludf.DUMMYFUNCTION("""COMPUTED_VALUE"""),45069.0) -> 45069 | D8: =IFERROR(__xludf.DUMMYFUNCTION("""COMPUTED_VALUE"""),0.3383564814814815) -> 0.33835648 | E8: =IFERROR(__xludf.DUMMYFUNCTION("""COMPUTED_VALUE"""),"SpABRM655136") -> SpABRM655136 | H8: =IFERROR(__xludf.DUMMYFUNCTION("""COMPUTED_VALUE"""),"Positive") -> Positive | I8: =IFERROR(__xludf.DUMMYFUNCTION("""COMPUTED_VALUE"""),"Positive") -> Positive | J8: =IFERROR(__xludf.DUMMYFUNCTION("""COMPUTED_VALUE"""),45069.0) -> 45069 | K8: =IFERROR(__xludf.DUMMYFUNCTION("""COMPUTED_VALUE"""),0.4007291666666667) -> 0.40072917 | O8: =IFERROR(__xludf.DUMMYFUNCTION("""COMPUTED_VALUE"""),1.0) -> 1 | P8: =IFERROR(__xludf.DUMMYFUNCTION("""COMPUTED_VALUE"""),2888.0) -> 2888 | Q8: =IFERROR(__xludf.DUMMYFUNCTION("""COMPUTED_VALUE"""),"ABRM165120") -> ABRM165120 | U8: =IFERROR(__xludf.DUMMYFUNCTION("""COMPUTED_VALUE"""),3.0) -> 3 | W8: =IFERROR(__xludf.DUMMYFUNCTION("""COMPUTED_VALUE"""),"NONE") -> NONE | Y8: =IFERROR(__xludf.DUMMYFUNCTION("""COMPUTED_VALUE"""),FALSE) -> FALSE | AA8: =IFERROR(__xludf.DUMMYFUNCTION("""COMPUTED_VALUE"""),TRUE) -> TRUE
B9: =IFERROR(__xludf.DUMMYFUNCTION("""COMPUTED_VALUE"""),"AK9590") -> AK9590 | C9: =IFERROR(__xludf.DUMMYFUNCTION("""COMPUTED_VALUE"""),45069.0) -> 45069 | D9: =IFERROR(__xludf.DUMMYFUNCTION("""COMPUTED_VALUE"""),0.3387615740740741) -> 0.33876157 | E9: =IFERROR(__xludf.DUMMYFUNCTION("""COMPUTED_VALUE"""),"SpABRM655136") -> SpABRM655136 | H9: =IFERROR(__xludf.DUMMYFUNCTION("""COMPUTED_VALUE"""),"Positive") -> Positive | I9: =IFERROR(__xludf.DUMMYFUNCTION("""COMPUTED_VALUE"""),"Positive") -> Positive | J9: =IFERROR(__xludf.DUMMYFUNCTION("""COMPUTED_VALUE"""),45069.0) -> 45069 | K9: =IFERROR(__xludf.DUMMYFUNCTION("""COMPUTED_VALUE"""),0.4007060185185185) -> 0.40070602 | O9: =IFERROR(__xludf.DUMMYFUNCTION("""COMPUTED_VALUE"""),1.0) -> 1 | P9: =IFERROR(__xludf.DUMMYFUNCTION("""COMPUTED_VALUE"""),2889.0) -> 2889 | Q9: =IFERROR(__xludf.DUMMYFUNCTION("""COMPUTED_VALUE"""),"ABRM735457") -> ABRM735457 | U9: =IFERROR(__xludf.DUMMYFUNCTION("""COMPUTED_VALUE"""),3.0) -> 3 | W9: =IFERROR(__xludf.DUMMYFUNCTION("""COMPUTED_VALUE"""),"NONE") -> NONE | Y9: =IFERROR(__xludf.DUMMYFUNCTION("""COMPUTED_VALUE"""),FALSE) -> FALSE | AA9: =IFERROR(__xludf.DUMMYFUNCTION("""COMPUTED_VALUE"""),TRUE) -> TRUE
B10: =IFERROR(__xludf.DUMMYFUNCTION("""COMPUTED_VALUE"""),"AG1417") -> AG1417 | C10: =IFERROR(__xludf.DUMMYFUNCTION("""COMPUTED_VALUE"""),44938.0) -> 44938 | D10: =IFERROR(__xludf.DUMMYFUNCTION("""COMPUTED_VALUE"""),0.25288194444444445) -> 0.25288194 | E10: =IFERROR(__xludf.DUMMYFUNCTION("""COMPUTED_VALUE"""),"SpABRM297307") -> SpABRM297307 | H10: =IFERROR(__xludf.DUMMYFUNCTION("""COMPUTED_VALUE"""),"Inconclusive") -> Inconclusive | I10: =IFERROR(__xludf.DUMMYFUNCTION("""COMPUTED_VALUE"""),"Inconclusive") -> Inconclusive | J10: =IFERROR(__xludf.DUMMYFUNCTION("""COMPUTED_VALUE"""),44938.0) -> 44938 | K10: =IFERROR(__xludf.DUMMYFUNCTION("""COMPUTED_VALUE"""),0.5979282407407407) -> 0.59792824 | O10: =IFERROR(__xludf.DUMMYFUNCTION("""COMPUTED_VALUE"""),3.0) -> 3 | P10: =IFERROR(__xludf.DUMMYFUNCTION("""COMPUTED_VALUE"""),1637.0) -> 1637 | Q10: =IFERROR(__xludf.DUMMYFUNCTION("""COMPUTED_VALUE"""),"ABRM947679") -> ABRM947679 | R10: =IFERROR(__xludf.DUMMYFUNCTION("""COMPUTED_VALUE"""),"ABRM303158") -> ABRM303158 | S10: =IFERROR(__xludf.DUMMYFUNCTION("""COMPUTED_VALUE"""),"ABRM958852") -> ABRM958852 | U10: =IFERROR(__xludf.DUMMYFUNCTION("""COMPUTED_VALUE"""),4.0) -> 4 | W10: =IFERROR(__xludf.DUMMYFUNCTION("""COMPUTED_VALUE"""),"NONE") -> NONE | Y10: =IFERROR(__xludf.DUMMYFUNCTION("""COMPUTED_VALUE"""),FALSE) -> FALSE
B11: =IFERROR(__xludf.DUMMYFUNCTION("""COMPUTED_VALUE"""),"AG1625") -> AG1625 | C11: =IFERROR(__xludf.DUMMYFUNCTION("""COMPUTED_VALUE"""),44939.0) -> 44939 | D11: =IFERROR(__xludf.DUMMYFUNCTION("""COMPUTED_VALUE"""),0.32319444444444445) -> 0.32319444 | E11: =IFERROR(__xludf.DUMMYFUNCTION("""COMPUTED_VALUE"""),"SpABRM814022") -> SpABRM814022 | H11: =IFERROR(__xludf.DUMMYFUNCTION("""COMPUTED_VALUE"""),"Inconclusive") -> Inconclusive | I11: =IFERROR(__xludf.DUMMYFUNCTION("""COMPUTED_VALUE"""),"Inconclusive") -> Inconclusive | J11: =IFERROR(__xludf.DUMMYFUNCTION("""COMPUTED_VALUE"""),44939.0) -> 44939 | K11: =IFERROR(__xludf.DUMMYFUNCTION("""COMPUTED_VALUE"""),0.5109722222222223) -> 0.51097222 | O11: =IFERROR(__xludf.DUMMYFUNCTION("""COMPUTED_VALUE"""),1.0) -> 1 | P11: =IFERROR(__xludf.DUMMYFUNCTION("""COMPUTED_VALUE"""),1655.0) -> 1655 | Q11: =IFERROR(__xludf.DUMMYFUNCTION("""COMPUTED_VALUE"""),"ABRM515295") -> ABRM515295 | U11: =IFERROR(__xludf.DUMMYFUNCTION("""COMPUTED_VALUE"""),5.0) -> 5 | W11: =IFERROR(__xludf.DUMMYFUNCTION("""COMPUTED_VALUE"""),"NONE") -> NONE | Y11: =IFERROR(__xludf.DUMMYFUNCTION("""COMPUTED_VALUE"""),FALSE) -> FALSE
B12: =IFERROR(__xludf.DUMMYFUNCTION("""COMPUTED_VALUE"""),"AJ8942") -> AJ8942 | C12: =IFERROR(__xludf.DUMMYFUNCTION("""COMPUTED_VALUE"""),44946.0) -> 44946 | D12: =IFERROR(__xludf.DUMMYFUNCTION("""COMPUTED_VALUE"""),0.3116435185185185) -> 0.31164352 | E12: =IFERROR(__xludf.DUMMYFUNCTION("""COMPUTED_VALUE"""),"SpABRM655136") -> SpABRM655136 | H12: =IFERROR(__xludf.DUMMYFUNCTION("""COMPUTED_VALUE"""),"Negative") -> Negative | I12: =IFERROR(__xludf.DUMMYFUNCTION("""COMPUTED_VALUE"""),"Inconclusive") -> Inconclusive | J12: =IFERROR(__xludf.DUMMYFUNCTION("""COMPUTED_VALUE"""),44946.0) -> 44946 | K12: =IFERROR(__xludf.DUMMYFUNCTION("""COMPUTED_VALUE"""),0.4196064814814815) -> 0.41960648 | L12: =IFERROR(__xludf.DUMMYFUNCTION("""COMPUTED_VALUE"""),4.1) -> 4.1 | M12: =IFERROR(__xludf.DUMMYFUNCTION("""COMPUTED_VALUE"""),"RT Jan26 - photo and LUM show Incl call") -> RT Jan26 - photo and LUM show Incl call | O12: =IFERROR(__xludf.DUMMYFUNCTION("""COMPUTED_VALUE"""),2.0) -> 2 | P12: =IFERROR(__xludf.DUMMYFUNCTION("""COMPUTED_VALUE"""),1743.0) -> 1743 | Q12: =IFERROR(__xludf.DUMMYFUNCTION("""COMPUTED_VALUE"""),"ABRM396076") -> ABRM396076 | R12: =IFERROR(__xludf.DUMMYFUNCTION("""COMPUTED_VALUE"""),"ABRM492658") -> ABRM492658 | U12: =IFERROR(__xludf.DUMMYFUNCTION("""COMPUTED_VALUE"""),6.0) -> 6 | W12: =IFERROR(__xludf.DUMMYFUNCTION("""COMPUTED_VALUE"""),"NONE") -> NONE | Y12: =IFERROR(__xludf.DUMMYFUNCTION("""COMPUTED_VALUE"""),FALSE) -> FALSE
Q16: =IFERROR(__xludf.DUMMYFUNCTION("""COMPUTED_VALUE"""),5.0) -> 5 | R16: =IFERROR(__xludf.DUMMYFUNCTION("""COMPUTED_VALUE"""),"Unique Names Above with Indiv Pos Tests") -> Unique Names Above with Indiv Pos Tests
Q17: =IFERROR(__xludf.DUMMYFUNCTION("""COMPUTED_VALUE"""),0.0) -> 0 | R17: =IFERROR(__xludf.DUMMYFUNCTION("""COMPUTED_VALUE"""),"Add Confirmed Inconclusives") -> Add Confirmed Inconclusives
Q18: =IFERROR(__xludf.DUMMYFUNCTION("""COMPUTED_VALUE"""),0.0) -> 0 | R18: =IFERROR(__xludf.DUMMYFUNCTION("""COMPUTED_VALUE"""),"Subtract False Positives") -> Subtract False Positives
Q19: =IFERROR(__xludf.DUMMYFUNCTION("""COMPUTED_VALUE"""),5.0) -> 5 | R19: =IFERROR(__xludf.DUMMYFUNCTION("""COMPUTED_VALUE"""),"Unique Positives") -> Unique Positives
Q21: =IFERROR(__xludf.DUMMYFUNCTION("""COMPUTED_VALUE"""),10.0) -> 10 | R21: =IFERROR(__xludf.DUMMYFUNCTION("""COMPUTED_VALUE"""),"Unique Names Above including all in Pools") -> Unique Names Above including all in Pools
Q22: =IFERROR(__xludf.DUMMYFUNCTION("""COMPUTED_VALUE"""),0.0) -> 0 | R22: =IFERROR(__xludf.DUMMYFUNCTION("""COMPUTED_VALUE"""),"Add Confirmed Inconclusives") -> Add Confirmed Inconclusives
Q23: =IFERROR(__xludf.DUMMYFUNCTION("""COMPUTED_VALUE"""),0.0) -> 0 | R23: =IFERROR(__xludf.DUMMYFUNCTION("""COMPUTED_VALUE"""),"Subtract False Positives") -> Subtract False Positives
Q24: =IFERROR(__xludf.DUMMYFUNCTION("""COMPUTED_VALUE"""),10.0) -> 10 | R24: =IFERROR(__xludf.DUMMYFUNCTION("""COMPUTED_VALUE"""),"Unique Positives including all in Pools") -> Unique Positives including all in Pools

Sheet Referral Source Info PHI
A1: Links
A2: gdoc in Abrome PHI: | C2: Copy of Case study: Abrome positive case detection v3 (for FloodlAMP review)
A7: See Notes in this tab in PHI version - copied into the gdoc: Positive Case Notes - from Referral Source Info PHI tab of RFR

Sheet Process
C1: Step
B3: TRUE | C3: Gather primary information / sources in the deployment Raw data folder on the PHI drive
B4: TRUE | C4: Copy RTR Correction Template into deployment folder on PHI drive, name according to Prog4Chars_RTR_PHI_vN.N
B5: TRUE | C5: Copy primary / source information into the Source Data tabs and/or use these tabs to provide links to external source files, give these tabs short descriptive names
B6: TRUE | C6: Use the Processed Info tab to perform any process, resolution, and organization steps needed to prepare the data to be entered into the table on the Referral tab
B7: TRUE | D7: Organize and label the data so that traceability between the Processed Info tab and the Referral tab can be made clear (use Source Notes column on Referral tab to establish this connection where needed)
B8: TRUE | D8: List and describe the Process Substeps used during this step below
B9: TRUE | C9: Use the Processed Info and/or Source Data to fill out the columns on the Referral tab
B10: TRUE | C10: Fill out the Person ID column on the Referral tab using the DeID Key in the APS file for this deployment
B11: TRUE | C11: Copy the non-PHI column data into the columns on the CD RTR tab
B12: TRUE | C12: Move CD RTR to Main > Data drive
C15: Process Substeps
B17: TRUE | C17: Referral table filled out directly from Source Data Notes (Hamilton/Bowers case tab) - no processing or organizational steps needed
