Workbook
Name nondeleteRange: #REF!

Sheet Stats
A1: NDHM_RFR_deID_PUB | B1: RFR File
A2: NONE | B2: RTR File
A3: NONE | B3: RSR File | N3: 1-14 1143
B4: Overall | C4: Details | D4: Comments | M4: =COUNTIF(M5:M1019, FALSE) -> 1 | N4: VALUES
A5: =IFERROR(__xludf.DUMMYFUNCTION("IMPORTRANGE($A$1,""Runs Compare!C1"") "),80.0) -> 80 | B5: Number of Tubes Tested (initial only - no re-runs) | C5: initial run tubes only so excludes re-runs | M5: =IF(NOT(ISBLANK(N5)),A5=N5,IFERROR(0/0,"")) -> TRUE | N5: 80
A6: =A5+A17 -> 85 | B6: Number of Tube Tests Run (includes re-runs) | C6: includes re-runs | M6: =IF(NOT(ISBLANK(N6)),A6=N6,IFERROR(0/0,"")) -> TRUE | N6: 85
A7: =IFERROR(__xludf.DUMMYFUNCTION("IMPORTRANGE($A$1,""Runs Compare!B1"") "),15.0) -> 15 | B7: Number of Initial Runs | M7: =IF(NOT(ISBLANK(N7)),A7=N7,IFERROR(0/0,"")) -> TRUE | N7: 15
A8: =IFERROR(__xludf.DUMMYFUNCTION("IMPORTRANGE($A$1,""Run Reconcile!AE1"") "),0.0) -> 0 | B8: Number of APS Only Tubes run | M8: =IF(NOT(ISBLANK(N8)),A8=N8,IFERROR(0/0,"")) -> TRUE | N8: 0
A9: =IFERROR(__xludf.DUMMYFUNCTION("SUM(IMPORTRANGE($A$1,""RFR Data - preExcl!AC2:AC""))+A8 +A8"),109.0) -> 109 | B9: Number of Test Reactions (RFR plus APS only tubes run) | C9: includes technical replicates (the same tube sample in multiple reactions in the same run) | M9: =IF(NOT(ISBLANK(N9)),A9=N9,IFERROR(0/0,"")) -> TRUE | N9: 109
M10: =IF(NOT(ISBLANK(N10)),A10=N10,IFERROR(0/0,""))
A11: =COUNTA(postDEL!A2:A1019) -> 190 | B11: Number of Participant Results | C11: counts individual samples in pools and excludes re-runs | M11: =IF(NOT(ISBLANK(N11)),A11=N11,IFERROR(0/0,"")) -> TRUE | N11: 190
A12: =IFERROR(__xludf.DUMMYFUNCTION("COUNTA(IMPORTRANGE($A$1,""ARF Tubes!M2:M""))"),2.0) -> 2 | B12: Number of ARF Tubes | C12: tubes run and present in RFR but not in Appivo - created tube IDs that start with ARF | M12: =IF(NOT(ISBLANK(N12)),A12=N12,IFERROR(0/0,"")) -> TRUE | N12: 2
A13: =A12+A11 -> 192 | B13: Sum of Participant Results plus ARF Tubes | C13: Will be equal to the number of tubes tested if no pooling. | M13: =IF(NOT(ISBLANK(N13)),A13=N13,IFERROR(0/0,"")) -> TRUE | N13: 192
A14: =A11/(A5-A12) -> 2.4358974 | B14: Average Pool Level (excludes ARF) | M14: =IF(NOT(ISBLANK(N14)),A14=N14,IFERROR(0/0,"")) -> FALSE | N14: 2.4
M15: =IF(NOT(ISBLANK(N15)),A15=N15,IFERROR(0/0,""))
B16: Re-runs | C16: section | M16: =IF(NOT(ISBLANK(N16)),A16=N16,IFERROR(0/0,""))
A17: =IFERROR(__xludf.DUMMYFUNCTION("SUM(IMPORTRANGE($A$1,""Run Reconcile!AB2:AB"")) "),5.0) -> 5 | B17: Number of Run Tubes (re-runs only) | C17: from RFR Audit Num Run Tubes | M17: =IF(NOT(ISBLANK(N17)),A17=N17,IFERROR(0/0,"")) -> TRUE | N17: 5
A18: =IFERROR(__xludf.DUMMYFUNCTION("SUM(IMPORTRANGE($A$1,""Run Reconcile!AA2:AA"")) "),18.0) -> 18 | B18: Number of Reactions (re-runs only) | C18: from RFR Audit Num rxns (excl ctrls) | M18: =IF(NOT(ISBLANK(N18)),A18=N18,IFERROR(0/0,"")) -> TRUE | N18: 18
A19: =A17/A5 -> 0.0625 | B19: Re-run % of Tubes | C19: re-run / initial | M19: =IF(NOT(ISBLANK(N19)),A19=N19,IFERROR(0/0,"")) -> TRUE | N19: 0.0625
A20: =IFERROR(__xludf.DUMMYFUNCTION("IMPORTRANGE($A$1,""Run Reconcile!Z1"")"),3.0) -> 3 | B20: Number of Initial Runs with Re-runs | M20: =IF(NOT(ISBLANK(N20)),A20=N20,IFERROR(0/0,"")) -> TRUE | N20: 3
A21: =A20/A7 -> 0.2 | B21: % Initial Runs with Re-runs | M21: =IF(NOT(ISBLANK(N21)),A21=N21,IFERROR(0/0,"")) -> TRUE | N21: 0.2
M22: =IF(NOT(ISBLANK(N22)),A22=N22,IFERROR(0/0,""))
B23: Positives | C23: section | M23: =IF(NOT(ISBLANK(N23)),A23=N23,IFERROR(0/0,""))
A24: =COUNTIF('Pos and Incl'!H$2:H1019,"Positive") -> 0 | B24: Number of Tubes with Final Result Positive | M24: =IF(NOT(ISBLANK(N24)),A24=N24,IFERROR(0/0,"")) -> TRUE | N24: 0
B25: % of Tubes Positives (Final Result) | M25: =IF(NOT(ISBLANK(N25)),A25=N25,IFERROR(0/0,""))
A26: 0 | B26: Number of Cases with Final Result Positive (Indiv or Pool) | C26: Subtract off Re-tests | M26: =IF(NOT(ISBLANK(N26)),A26=N26,IFERROR(0/0,"")) -> TRUE | N26: 0
A27: 0 | B27: Known Positive Cases | C27: Previous tested (including by FloodLAMP test) or reported positive | M27: =IF(NOT(ISBLANK(N27)),A27=N27,IFERROR(0/0,"")) -> TRUE | N27: 0
A28: =A26-A27 -> 0 | B28: Unknown Positive Cases | M28: =IF(NOT(ISBLANK(N28)),A28=N28,IFERROR(0/0,"")) -> TRUE | N28: 0
M29: =IF(NOT(ISBLANK(N29)),A29=N29,IFERROR(0/0,""))
B30: Inconclusives | C30: section | M30: =IF(NOT(ISBLANK(N30)),A30=N30,IFERROR(0/0,""))
A31: =COUNTIF('Pos and Incl'!H$2:H1019,"Inconclusive") -> 0 | B31: Number of Tubes with Final Result Inconclusive | M31: =IF(NOT(ISBLANK(N31)),A31=N31,IFERROR(0/0,"")) -> TRUE | N31: 0
A32: 0 | B32: Number of Tubes in RFR Audit Inconclusive not in Appivo Final Results | M32: =IF(NOT(ISBLANK(N32)),A32=N32,IFERROR(0/0,"")) -> TRUE | N32: 0
A33: 0 | B33: Total Number of Inconclusive Tubes | M33: =IF(NOT(ISBLANK(N33)),A33=N33,IFERROR(0/0,"")) -> TRUE | N33: 0
B34: % of Tubes Inconclusive | M34: =IF(NOT(ISBLANK(N34)),A34=N34,IFERROR(0/0,""))
A35: 0 | B35: Number of Inconclusive Tubes resolved Positive by Referral Test or Correspondence | M35: =IF(NOT(ISBLANK(N35)),A35=N35,IFERROR(0/0,"")) -> TRUE | N35: 0
A36: =IF(A33<>0,A35/A33,IFERROR(0/0,"")) | B36: % Inconclusives resolved Positive by Referral Tests | M36: =IF(NOT(ISBLANK(N36)),A36=N36,IFERROR(0/0,""))
A37: =A33-A35 -> 0 | B37: Number of Inconclusive Tubes with Referral Test or Correspondence Negative | M37: =IF(NOT(ISBLANK(N37)),A37=N37,IFERROR(0/0,"")) -> TRUE | N37: 0
A38: =A33-A35-A37 -> 0 | B38: Number of Inconclusive Tubes with no Referral Test result or Correspondence | M38: =IF(NOT(ISBLANK(N38)),A38=N38,IFERROR(0/0,"")) -> TRUE | N38: 0
A39: 3 | B39: Number of Tubes with Initial Inconclusives and Re-run Negative | C39: Count Result Correction Code=2.5 in preDel col AJ, or from RFR preExcl if not resulted as Incl in App | M39: =IF(NOT(ISBLANK(N39)),A39=N39,IFERROR(0/0,"")) -> TRUE | N39: 3
A40: 4 | B40: Number of Inconclusive Test Run Calls | C40: includes re-runs - from RFR Audit only and excludes any APS only resulted inconclusives | M40: =IF(NOT(ISBLANK(N40)),A40=N40,IFERROR(0/0,"")) -> TRUE | N40: 4
A41: =A40/A6 -> 0.047058824 | B41: % Tube Tests Run Called Inconclusive | C41: includes re-runs | M41: =IF(NOT(ISBLANK(N41)),A41=N41,IFERROR(0/0,"")) -> TRUE | N41: 0.047058824
M42: =IF(NOT(ISBLANK(N42)),A42=N42,IFERROR(0/0,""))
A43: No Positives | B43: Referrals and Correspondence | C43: section | M43: =IF(NOT(ISBLANK(N43)),A43=N43,IFERROR(0/0,""))
A44: 0 | B44: Number of FloodLAMP Cases with Referral Tests or Correspondence | C44: Indiv or Pool, Cases used instead of Person to account for people being contracting COVID multiple times, and instead of Results to exclude re-tests | M44: =IF(NOT(ISBLANK(N44)),A44=N44,IFERROR(0/0,"")) -> TRUE | N44: 0
A45: 0 | B45: Number of Referral Confirmed FloodLAMP Positives | C45: Sometimes also termed Agree Positives - Include initial Inconclusive with Referral or Correspondence Positive | M45: =IF(NOT(ISBLANK(N45)),A45=N45,IFERROR(0/0,"")) -> TRUE | N45: 0
A46: 0 | B46: FL Inconclusives with Referral / Correspondence Positive | M46: =IF(NOT(ISBLANK(N46)),A46=N46,IFERROR(0/0,"")) -> TRUE | N46: 0
A47: =IF(A44<>0,(A45+A46)/A44,IFERROR(0/0,"")) | B47: % FloodLAMP Positive or Inconclusive with Referral / Correspondence Positive | D47: denom zero | M47: =IF(NOT(ISBLANK(N47)),A47=N47,IFERROR(0/0,"")) -> TRUE | N47: 0
A48: 0 | B48: FL Inconclusives but Referral / Correspondence Negative | M48: =IF(NOT(ISBLANK(N48)),A48=N48,IFERROR(0/0,"")) -> TRUE | N48: 0
A49: 0 | B49: FL Inconclusives with No Referral Tests or Correspondence | M49: =IF(NOT(ISBLANK(N49)),A49=N49,IFERROR(0/0,"")) -> TRUE | N49: 0
M50: =IF(NOT(ISBLANK(N50)),A50=N50,IFERROR(0/0,""))
A51: Not Applicable | B51: Comparison to Antigen | C51: section | M51: =IF(NOT(ISBLANK(N51)),A51=N51,IFERROR(0/0,""))
B52: Number of FloodLAMP Test Person Cases with Referral Antigen Tests (including non-Same Day) | D52: Not Applicable - no positives | M52: =IF(NOT(ISBLANK(N52)),A52=N52,IFERROR(0/0,""))
B53: Number of FloodLAMP Test Person Cases with Same Day Referral Antigen Tests | D53: Not Applicable - no positives | M53: =IF(NOT(ISBLANK(N53)),A53=N53,IFERROR(0/0,""))
B54: Number of FloodLAMP Positive Test Person Cases with Same Day Antigen Negative | C54: Agree with Referral Test Positive (usually PCR or later Antigen) but Initial Antigen Negative | D54: Not Applicable - no positives | M54: =IF(NOT(ISBLANK(N54)),A54=N54,IFERROR(0/0,""))
B55: % Confirmed FloodLAMP Positives with Same Day Antigen Negative | D55: Not Applicable - no positives | M55: =IF(NOT(ISBLANK(N55)),A55=N55,IFERROR(0/0,""))
B56: Number of FloodLAMP Positive Test Person Cases confirmed with Referral Tests but Antigen and Other Non-Antigen Test Negative | D56: Not Applicable - no positives | M56: =IF(NOT(ISBLANK(N56)),A56=N56,IFERROR(0/0,""))
B57: % Confirmed FloodLAMP Positives that were Antigen and Other Non-Antigen Test Negative | M57: =IF(NOT(ISBLANK(N57)),A57=N57,IFERROR(0/0,""))
M58: =IF(NOT(ISBLANK(N58)),A58=N58,IFERROR(0/0,""))
B59: False Calls | C59: section | M59: =IF(NOT(ISBLANK(N59)),A59=N59,IFERROR(0/0,""))
A60: 0 | B60: False Positives Final Results | C60: From reviewing APS/Pos and Incl tab Unconfirmed FL Positives | M60: =IF(NOT(ISBLANK(N60)),A60=N60,IFERROR(0/0,"")) -> TRUE | N60: 0
A61: 0 | B61: False Negative Final Results (Suspected) | C61: From reviewing Referral Tests by Person and correspondence with Program Admin | M61: =IF(NOT(ISBLANK(N61)),A61=N61,IFERROR(0/0,"")) -> TRUE | N61: 0
M62: =IF(NOT(ISBLANK(N62)),A62=N62,IFERROR(0/0,""))
B63: People | C63: section | M63: =IF(NOT(ISBLANK(N63)),A63=N63,IFERROR(0/0,""))
A64: =COUNTA(Person!$E$2:$E1019) -> 130 | B64: Number of Unique Individuals Tested | C64: Includes UnknownPerson additions but not ARF tubes | M64: =IF(NOT(ISBLANK(N64)),A64=N64,IFERROR(0/0,"")) -> TRUE | N64: 130
A65: =COUNTA(Person!$AQ$2:$AQ1019) -> 19 | B65: Number of Unique Sponsors | C65: People who collect using the app | M65: =IF(NOT(ISBLANK(N65)),A65=N65,IFERROR(0/0,"")) -> TRUE | N65: 19
M66: =IF(NOT(ISBLANK(N66)),A66=N66,IFERROR(0/0,""))
B67: Positivity | C67: section | M67: =IF(NOT(ISBLANK(N67)),A67=N67,IFERROR(0/0,""))
A68: 0 | B68: Number of Unique Individual Tested FloodLAMP Positive | C68: includes Inconclusive FloodLAMP result confirmed Positive by follow-up or Referral | M68: =IF(NOT(ISBLANK(N68)),A68=N68,IFERROR(0/0,"")) -> TRUE | N68: 0
A69: =A68/A$64 -> 0 | B69: % of Population FloodLAMP Positive (excluding pools not deconv) | M69: =IF(NOT(ISBLANK(N69)),A69=N69,IFERROR(0/0,"")) -> TRUE | N69: 0
A70: =A68 -> 0 | B70: Number of Unique Individual Tested FloodLAMP Positive (including if in a positive pool) | M70: =IF(NOT(ISBLANK(N70)),A70=N70,IFERROR(0/0,"")) -> TRUE | N70: 0
A71: =A70/A$64 -> 0 | B71: % of Population FloodLAMP Positive (including everyone in a positive pool) | M71: =IF(NOT(ISBLANK(N71)),A71=N71,IFERROR(0/0,"")) -> TRUE | N71: 0
M72: =IF(NOT(ISBLANK(N72)),A72=N72,IFERROR(0/0,""))
B73: Dates | C73: section | M73: =IF(NOT(ISBLANK(N73)),A73=N73,IFERROR(0/0,""))
A74: =IFERROR(__xludf.DUMMYFUNCTION("MIN(IMPORTRANGE($A$1,""ALL Tube Results!$C2:C"") )"),44683.0) -> 44683 | B74: Start Run Date | M74: =IF(NOT(ISBLANK(N74)),A74=N74,IFERROR(0/0,"")) -> TRUE | N74: 44683
A75: =IFERROR(__xludf.DUMMYFUNCTION("MAX(IMPORTRANGE($A$1,""ALL Tube Results!$C2:C""))"),44837.0) -> 44837 | B75: End Run Date | M75: =IF(NOT(ISBLANK(N75)),A75=N75,IFERROR(0/0,"")) -> TRUE | N75: 44837
M76: =IF(NOT(ISBLANK(N76)),A76=N76,IFERROR(0/0,""))
B77: Info | C77: section | M77: =IF(NOT(ISBLANK(N77)),A77=N77,IFERROR(0/0,""))
A78: Needham Beth Shalom School | B78: Test Operator | C78: Who ran the actual testing (running LAMP reactions) | M78: =IF(NOT(ISBLANK(N78)),A88=N78,IFERROR(0/0,"")) -> TRUE | N78: K-12 School
A79: Office Space | B79: Test Processing Site | C79: Where the test processing (running LAMP reactions) was done | M79: =IF(NOT(ISBLANK(N79)),A78=N79,IFERROR(0/0,"")) -> TRUE | N79: Needham Beth Shalom School
A80: Students, Staff, Families | B80: Population Tested | C80: Description of the participants | M80: =IF(NOT(ISBLANK(N80)),A79=N80,IFERROR(0/0,"")) -> TRUE | N80: Office Space
A81: Standard | B81: Configuration | C81: Equipment set used for test processing (relates to throughput and type of test tube used) | M81: =IF(NOT(ISBLANK(N81)),A80=N81,IFERROR(0/0,"")) -> TRUE | N81: Students, Staff, Families
A82: Pooled Household | B82: Collection Type | C82: Pooled, Individual, or Both | M82: =IF(NOT(ISBLANK(N82)),A81=N82,IFERROR(0/0,"")) -> TRUE | N82: Standard
A83: Self | B83: Self or HCW Collected | C83: HCW is Health Care Worker | M83: =IF(NOT(ISBLANK(N83)),A82=N83,IFERROR(0/0,"")) -> TRUE | N83: Pooled Household
A84: Yes | B84: App Used? | C84: Was the FloodLAMP Mobile App and Admin Portal utilized in the program | M84: =IF(NOT(ISBLANK(N84)),A83=N84,IFERROR(0/0,"")) -> TRUE | N84: Self
A85: In Person & Remote | B85: Bring-up Type | C85: How the initial setup and validation of the testing site was done | M85: =IF(NOT(ISBLANK(N85)),A84=N85,IFERROR(0/0,"")) -> TRUE | N85: Yes
A86: Needham | B86: Program Name | C86: Shorthand name used internally at FloodLAMP and in other documents for this program | M86: =IF(NOT(ISBLANK(N86)),A85=N86,IFERROR(0/0,"")) -> TRUE | N86: In Person & Remote
A87: Needham Beth Shalom School | B87: Site | C87: Broader physical space where the testing was done and/or where participants congregated
A88: K-12 School | B88: Site Type | C88: Type of entity or organization receiving the testing program
A89: Needham, MA | B89: Location | C89: Geographical location of where the FloodLAMP testing program occurred

Sheet REF Weekly
A1: =IFERROR(__xludf.DUMMYFUNCTION("IMPORTRANGE(Stats!$A$1,""Weekly!A1:G"")"),"Week Start Date") -> Week Start Date | B1: =IFERROR(__xludf.DUMMYFUNCTION("""COMPUTED_VALUE"""),"Week End Date") -> Week End Date | C1: =IFERROR(__xludf.DUMMYFUNCTION("""COMPUTED_VALUE"""),"Weekly Participants 190") -> Weekly Participants 190 | D1: =IFERROR(__xludf.DUMMYFUNCTION("""COMPUTED_VALUE"""),"Weekly Tubes Run 80") -> Weekly Tubes Run 80 | E1: =IFERROR(__xludf.DUMMYFUNCTION("""COMPUTED_VALUE"""),"Weekly Positive Tubes 0") -> Weekly Positive Tubes 0 | F1: =IFERROR(__xludf.DUMMYFUNCTION("""COMPUTED_VALUE"""),"Weekly Inconclusive Tubes 0") -> Weekly Inconclusive Tubes 0 | G1: =IFERROR(__xludf.DUMMYFUNCTION("""COMPUTED_VALUE"""),"% Positive") -> % Positive
A2: =IFERROR(__xludf.DUMMYFUNCTION("""COMPUTED_VALUE"""),44683.0) -> 44683 | B2: =IFERROR(__xludf.DUMMYFUNCTION("""COMPUTED_VALUE"""),44689.0) -> 44689 | C2: =IFERROR(__xludf.DUMMYFUNCTION("""COMPUTED_VALUE"""),34.0) -> 34 | D2: =IFERROR(__xludf.DUMMYFUNCTION("""COMPUTED_VALUE"""),17.0) -> 17 | E2: =IFERROR(__xludf.DUMMYFUNCTION("""COMPUTED_VALUE"""),0.0) -> 0 | F2: =IFERROR(__xludf.DUMMYFUNCTION("""COMPUTED_VALUE"""),0.0) -> 0 | G2: =IFERROR(__xludf.DUMMYFUNCTION("""COMPUTED_VALUE"""),0.0) -> 0
A3: =IFERROR(__xludf.DUMMYFUNCTION("""COMPUTED_VALUE"""),44690.0) -> 44690 | B3: =IFERROR(__xludf.DUMMYFUNCTION("""COMPUTED_VALUE"""),44696.0) -> 44696 | C3: =IFERROR(__xludf.DUMMYFUNCTION("""COMPUTED_VALUE"""),22.0) -> 22 | D3: =IFERROR(__xludf.DUMMYFUNCTION("""COMPUTED_VALUE"""),9.0) -> 9 | E3: =IFERROR(__xludf.DUMMYFUNCTION("""COMPUTED_VALUE"""),0.0) -> 0 | F3: =IFERROR(__xludf.DUMMYFUNCTION("""COMPUTED_VALUE"""),0.0) -> 0 | G3: =IFERROR(__xludf.DUMMYFUNCTION("""COMPUTED_VALUE"""),0.0) -> 0
A4: =IFERROR(__xludf.DUMMYFUNCTION("""COMPUTED_VALUE"""),44697.0) -> 44697 | B4: =IFERROR(__xludf.DUMMYFUNCTION("""COMPUTED_VALUE"""),44703.0) -> 44703 | C4: =IFERROR(__xludf.DUMMYFUNCTION("""COMPUTED_VALUE"""),26.0) -> 26 | D4: =IFERROR(__xludf.DUMMYFUNCTION("""COMPUTED_VALUE"""),10.0) -> 10 | E4: =IFERROR(__xludf.DUMMYFUNCTION("""COMPUTED_VALUE"""),0.0) -> 0 | F4: =IFERROR(__xludf.DUMMYFUNCTION("""COMPUTED_VALUE"""),0.0) -> 0 | G4: =IFERROR(__xludf.DUMMYFUNCTION("""COMPUTED_VALUE"""),0.0) -> 0
A5: =IFERROR(__xludf.DUMMYFUNCTION("""COMPUTED_VALUE"""),44704.0) -> 44704 | B5: =IFERROR(__xludf.DUMMYFUNCTION("""COMPUTED_VALUE"""),44710.0) -> 44710 | C5: =IFERROR(__xludf.DUMMYFUNCTION("""COMPUTED_VALUE"""),22.0) -> 22 | D5: =IFERROR(__xludf.DUMMYFUNCTION("""COMPUTED_VALUE"""),8.0) -> 8 | E5: =IFERROR(__xludf.DUMMYFUNCTION("""COMPUTED_VALUE"""),0.0) -> 0 | F5: =IFERROR(__xludf.DUMMYFUNCTION("""COMPUTED_VALUE"""),0.0) -> 0 | G5: =IFERROR(__xludf.DUMMYFUNCTION("""COMPUTED_VALUE"""),0.0) -> 0
A6: =IFERROR(__xludf.DUMMYFUNCTION("""COMPUTED_VALUE"""),44711.0) -> 44711 | B6: =IFERROR(__xludf.DUMMYFUNCTION("""COMPUTED_VALUE"""),44717.0) -> 44717 | C6: =IFERROR(__xludf.DUMMYFUNCTION("""COMPUTED_VALUE"""),28.0) -> 28 | D6: =IFERROR(__xludf.DUMMYFUNCTION("""COMPUTED_VALUE"""),13.0) -> 13 | E6: =IFERROR(__xludf.DUMMYFUNCTION("""COMPUTED_VALUE"""),0.0) -> 0 | F6: =IFERROR(__xludf.DUMMYFUNCTION("""COMPUTED_VALUE"""),0.0) -> 0 | G6: =IFERROR(__xludf.DUMMYFUNCTION("""COMPUTED_VALUE"""),0.0) -> 0
A7: =IFERROR(__xludf.DUMMYFUNCTION("""COMPUTED_VALUE"""),44718.0) -> 44718 | B7: =IFERROR(__xludf.DUMMYFUNCTION("""COMPUTED_VALUE"""),44724.0) -> 44724 | C7: =IFERROR(__xludf.DUMMYFUNCTION("""COMPUTED_VALUE"""),19.0) -> 19 | D7: =IFERROR(__xludf.DUMMYFUNCTION("""COMPUTED_VALUE"""),8.0) -> 8 | E7: =IFERROR(__xludf.DUMMYFUNCTION("""COMPUTED_VALUE"""),0.0) -> 0 | F7: =IFERROR(__xludf.DUMMYFUNCTION("""COMPUTED_VALUE"""),0.0) -> 0 | G7: =IFERROR(__xludf.DUMMYFUNCTION("""COMPUTED_VALUE"""),0.0) -> 0
A8: =IFERROR(__xludf.DUMMYFUNCTION("""COMPUTED_VALUE"""),44725.0) -> 44725 | B8: =IFERROR(__xludf.DUMMYFUNCTION("""COMPUTED_VALUE"""),44731.0) -> 44731 | C8: =IFERROR(__xludf.DUMMYFUNCTION("""COMPUTED_VALUE"""),12.0) -> 12 | D8: =IFERROR(__xludf.DUMMYFUNCTION("""COMPUTED_VALUE"""),4.0) -> 4 | E8: =IFERROR(__xludf.DUMMYFUNCTION("""COMPUTED_VALUE"""),0.0) -> 0 | F8: =IFERROR(__xludf.DUMMYFUNCTION("""COMPUTED_VALUE"""),0.0) -> 0 | G8: =IFERROR(__xludf.DUMMYFUNCTION("""COMPUTED_VALUE"""),0.0) -> 0
A9: =IFERROR(__xludf.DUMMYFUNCTION("""COMPUTED_VALUE"""),44732.0) -> 44732 | B9: =IFERROR(__xludf.DUMMYFUNCTION("""COMPUTED_VALUE"""),44738.0) -> 44738 | C9: =IFERROR(__xludf.DUMMYFUNCTION("""COMPUTED_VALUE"""),4.0) -> 4 | D9: =IFERROR(__xludf.DUMMYFUNCTION("""COMPUTED_VALUE"""),2.0) -> 2 | E9: =IFERROR(__xludf.DUMMYFUNCTION("""COMPUTED_VALUE"""),0.0) -> 0 | F9: =IFERROR(__xludf.DUMMYFUNCTION("""COMPUTED_VALUE"""),0.0) -> 0 | G9: =IFERROR(__xludf.DUMMYFUNCTION("""COMPUTED_VALUE"""),0.0) -> 0
A10: =IFERROR(__xludf.DUMMYFUNCTION("""COMPUTED_VALUE"""),44739.0) -> 44739 | B10: =IFERROR(__xludf.DUMMYFUNCTION("""COMPUTED_VALUE"""),44745.0) -> 44745 | C10: =IFERROR(__xludf.DUMMYFUNCTION("""COMPUTED_VALUE"""),3.0) -> 3 | D10: =IFERROR(__xludf.DUMMYFUNCTION("""COMPUTED_VALUE"""),1.0) -> 1 | E10: =IFERROR(__xludf.DUMMYFUNCTION("""COMPUTED_VALUE"""),0.0) -> 0 | F10: =IFERROR(__xludf.DUMMYFUNCTION("""COMPUTED_VALUE"""),0.0) -> 0 | G10: =IFERROR(__xludf.DUMMYFUNCTION("""COMPUTED_VALUE"""),0.0) -> 0
A11: =IFERROR(__xludf.DUMMYFUNCTION("""COMPUTED_VALUE"""),44746.0) -> 44746 | B11: =IFERROR(__xludf.DUMMYFUNCTION("""COMPUTED_VALUE"""),44752.0) -> 44752 | C11: =IFERROR(__xludf.DUMMYFUNCTION("""COMPUTED_VALUE"""),0.0) -> 0 | D11: =IFERROR(__xludf.DUMMYFUNCTION("""COMPUTED_VALUE"""),0.0) -> 0 | E11: =IFERROR(__xludf.DUMMYFUNCTION("""COMPUTED_VALUE"""),0.0) -> 0 | F11: =IFERROR(__xludf.DUMMYFUNCTION("""COMPUTED_VALUE"""),0.0) -> 0
A12: =IFERROR(__xludf.DUMMYFUNCTION("""COMPUTED_VALUE"""),44753.0) -> 44753 | B12: =IFERROR(__xludf.DUMMYFUNCTION("""COMPUTED_VALUE"""),44759.0) -> 44759 | C12: =IFERROR(__xludf.DUMMYFUNCTION("""COMPUTED_VALUE"""),2.0) -> 2 | D12: =IFERROR(__xludf.DUMMYFUNCTION("""COMPUTED_VALUE"""),1.0) -> 1 | E12: =IFERROR(__xludf.DUMMYFUNCTION("""COMPUTED_VALUE"""),0.0) -> 0 | F12: =IFERROR(__xludf.DUMMYFUNCTION("""COMPUTED_VALUE"""),0.0) -> 0 | G12: =IFERROR(__xludf.DUMMYFUNCTION("""COMPUTED_VALUE"""),0.0) -> 0
A13: =IFERROR(__xludf.DUMMYFUNCTION("""COMPUTED_VALUE"""),44760.0) -> 44760 | B13: =IFERROR(__xludf.DUMMYFUNCTION("""COMPUTED_VALUE"""),44766.0) -> 44766 | C13: =IFERROR(__xludf.DUMMYFUNCTION("""COMPUTED_VALUE"""),2.0) -> 2 | D13: =IFERROR(__xludf.DUMMYFUNCTION("""COMPUTED_VALUE"""),1.0) -> 1 | E13: =IFERROR(__xludf.DUMMYFUNCTION("""COMPUTED_VALUE"""),0.0) -> 0 | F13: =IFERROR(__xludf.DUMMYFUNCTION("""COMPUTED_VALUE"""),0.0) -> 0 | G13: =IFERROR(__xludf.DUMMYFUNCTION("""COMPUTED_VALUE"""),0.0) -> 0
A14: =IFERROR(__xludf.DUMMYFUNCTION("""COMPUTED_VALUE"""),44767.0) -> 44767 | B14: =IFERROR(__xludf.DUMMYFUNCTION("""COMPUTED_VALUE"""),44773.0) -> 44773 | C14: =IFERROR(__xludf.DUMMYFUNCTION("""COMPUTED_VALUE"""),6.0) -> 6 | D14: =IFERROR(__xludf.DUMMYFUNCTION("""COMPUTED_VALUE"""),3.0) -> 3 | E14: =IFERROR(__xludf.DUMMYFUNCTION("""COMPUTED_VALUE"""),0.0) -> 0 | F14: =IFERROR(__xludf.DUMMYFUNCTION("""COMPUTED_VALUE"""),0.0) -> 0 | G14: =IFERROR(__xludf.DUMMYFUNCTION("""COMPUTED_VALUE"""),0.0) -> 0
A15: =IFERROR(__xludf.DUMMYFUNCTION("""COMPUTED_VALUE"""),44774.0) -> 44774 | B15: =IFERROR(__xludf.DUMMYFUNCTION("""COMPUTED_VALUE"""),44780.0) -> 44780 | C15: =IFERROR(__xludf.DUMMYFUNCTION("""COMPUTED_VALUE"""),3.0) -> 3 | D15: =IFERROR(__xludf.DUMMYFUNCTION("""COMPUTED_VALUE"""),1.0) -> 1 | E15: =IFERROR(__xludf.DUMMYFUNCTION("""COMPUTED_VALUE"""),0.0) -> 0 | F15: =IFERROR(__xludf.DUMMYFUNCTION("""COMPUTED_VALUE"""),0.0) -> 0 | G15: =IFERROR(__xludf.DUMMYFUNCTION("""COMPUTED_VALUE"""),0.0) -> 0
A16: =IFERROR(__xludf.DUMMYFUNCTION("""COMPUTED_VALUE"""),44781.0) -> 44781 | B16: =IFERROR(__xludf.DUMMYFUNCTION("""COMPUTED_VALUE"""),44787.0) -> 44787 | C16: =IFERROR(__xludf.DUMMYFUNCTION("""COMPUTED_VALUE"""),0.0) -> 0 | D16: =IFERROR(__xludf.DUMMYFUNCTION("""COMPUTED_VALUE"""),0.0) -> 0 | E16: =IFERROR(__xludf.DUMMYFUNCTION("""COMPUTED_VALUE"""),0.0) -> 0 | F16: =IFERROR(__xludf.DUMMYFUNCTION("""COMPUTED_VALUE"""),0.0) -> 0
A17: =IFERROR(__xludf.DUMMYFUNCTION("""COMPUTED_VALUE"""),44788.0) -> 44788 | B17: =IFERROR(__xludf.DUMMYFUNCTION("""COMPUTED_VALUE"""),44794.0) -> 44794 | C17: =IFERROR(__xludf.DUMMYFUNCTION("""COMPUTED_VALUE"""),0.0) -> 0 | D17: =IFERROR(__xludf.DUMMYFUNCTION("""COMPUTED_VALUE"""),0.0) -> 0 | E17: =IFERROR(__xludf.DUMMYFUNCTION("""COMPUTED_VALUE"""),0.0) -> 0 | F17: =IFERROR(__xludf.DUMMYFUNCTION("""COMPUTED_VALUE"""),0.0) -> 0
A18: =IFERROR(__xludf.DUMMYFUNCTION("""COMPUTED_VALUE"""),44795.0) -> 44795 | B18: =IFERROR(__xludf.DUMMYFUNCTION("""COMPUTED_VALUE"""),44801.0) -> 44801 | C18: =IFERROR(__xludf.DUMMYFUNCTION("""COMPUTED_VALUE"""),0.0) -> 0 | D18: =IFERROR(__xludf.DUMMYFUNCTION("""COMPUTED_VALUE"""),0.0) -> 0 | E18: =IFERROR(__xludf.DUMMYFUNCTION("""COMPUTED_VALUE"""),0.0) -> 0 | F18: =IFERROR(__xludf.DUMMYFUNCTION("""COMPUTED_VALUE"""),0.0) -> 0
A19: =IFERROR(__xludf.DUMMYFUNCTION("""COMPUTED_VALUE"""),44802.0) -> 44802 | B19: =IFERROR(__xludf.DUMMYFUNCTION("""COMPUTED_VALUE"""),44808.0) -> 44808 | C19: =IFERROR(__xludf.DUMMYFUNCTION("""COMPUTED_VALUE"""),0.0) -> 0 | D19: =IFERROR(__xludf.DUMMYFUNCTION("""COMPUTED_VALUE"""),0.0) -> 0 | E19: =IFERROR(__xludf.DUMMYFUNCTION("""COMPUTED_VALUE"""),0.0) -> 0 | F19: =IFERROR(__xludf.DUMMYFUNCTION("""COMPUTED_VALUE"""),0.0) -> 0
A20: =IFERROR(__xludf.DUMMYFUNCTION("""COMPUTED_VALUE"""),44809.0) -> 44809 | B20: =IFERROR(__xludf.DUMMYFUNCTION("""COMPUTED_VALUE"""),44815.0) -> 44815 | C20: =IFERROR(__xludf.DUMMYFUNCTION("""COMPUTED_VALUE"""),0.0) -> 0 | D20: =IFERROR(__xludf.DUMMYFUNCTION("""COMPUTED_VALUE"""),0.0) -> 0 | E20: =IFERROR(__xludf.DUMMYFUNCTION("""COMPUTED_VALUE"""),0.0) -> 0 | F20: =IFERROR(__xludf.DUMMYFUNCTION("""COMPUTED_VALUE"""),0.0) -> 0
A21: =IFERROR(__xludf.DUMMYFUNCTION("""COMPUTED_VALUE"""),44816.0) -> 44816 | B21: =IFERROR(__xludf.DUMMYFUNCTION("""COMPUTED_VALUE"""),44822.0) -> 44822 | C21: =IFERROR(__xludf.DUMMYFUNCTION("""COMPUTED_VALUE"""),4.0) -> 4 | D21: =IFERROR(__xludf.DUMMYFUNCTION("""COMPUTED_VALUE"""),1.0) -> 1 | E21: =IFERROR(__xludf.DUMMYFUNCTION("""COMPUTED_VALUE"""),0.0) -> 0 | F21: =IFERROR(__xludf.DUMMYFUNCTION("""COMPUTED_VALUE"""),0.0) -> 0 | G21: =IFERROR(__xludf.DUMMYFUNCTION("""COMPUTED_VALUE"""),0.0) -> 0
A22: =IFERROR(__xludf.DUMMYFUNCTION("""COMPUTED_VALUE"""),44823.0) -> 44823 | B22: =IFERROR(__xludf.DUMMYFUNCTION("""COMPUTED_VALUE"""),44829.0) -> 44829 | C22: =IFERROR(__xludf.DUMMYFUNCTION("""COMPUTED_VALUE"""),0.0) -> 0 | D22: =IFERROR(__xludf.DUMMYFUNCTION("""COMPUTED_VALUE"""),0.0) -> 0 | E22: =IFERROR(__xludf.DUMMYFUNCTION("""COMPUTED_VALUE"""),0.0) -> 0 | F22: =IFERROR(__xludf.DUMMYFUNCTION("""COMPUTED_VALUE"""),0.0) -> 0
A23: =IFERROR(__xludf.DUMMYFUNCTION("""COMPUTED_VALUE"""),44830.0) -> 44830 | B23: =IFERROR(__xludf.DUMMYFUNCTION("""COMPUTED_VALUE"""),44836.0) -> 44836 | C23: =IFERROR(__xludf.DUMMYFUNCTION("""COMPUTED_VALUE"""),0.0) -> 0 | D23: =IFERROR(__xludf.DUMMYFUNCTION("""COMPUTED_VALUE"""),0.0) -> 0 | E23: =IFERROR(__xludf.DUMMYFUNCTION("""COMPUTED_VALUE"""),0.0) -> 0 | F23: =IFERROR(__xludf.DUMMYFUNCTION("""COMPUTED_VALUE"""),0.0) -> 0
A24: =IFERROR(__xludf.DUMMYFUNCTION("""COMPUTED_VALUE"""),44837.0) -> 44837 | B24: =IFERROR(__xludf.DUMMYFUNCTION("""COMPUTED_VALUE"""),44843.0) -> 44843 | C24: =IFERROR(__xludf.DUMMYFUNCTION("""COMPUTED_VALUE"""),3.0) -> 3 | D24: =IFERROR(__xludf.DUMMYFUNCTION("""COMPUTED_VALUE"""),1.0) -> 1 | E24: =IFERROR(__xludf.DUMMYFUNCTION("""COMPUTED_VALUE"""),0.0) -> 0 | F24: =IFERROR(__xludf.DUMMYFUNCTION("""COMPUTED_VALUE"""),0.0) -> 0 | G24: =IFERROR(__xludf.DUMMYFUNCTION("""COMPUTED_VALUE"""),0.0) -> 0

Sheet Pos and Incl
A1: {='APS Tubes'!A1:O1} -> TUBE ID | B1: COLLECTION DATE | C1: COLLECTION TIME | D1: SPONSOR PERSON ID | E1: SPONSOR FIRSTNAME | F1: SPONSOR LASTNAME | G1: APP RESULT | H1: FINAL RESULT | I1: RESULT DATE | J1: RESULT TIME | K1: Result Correct Code | L1: Correction Notes | M1: NOTE | N1: NUM SAMPLES (Pool Level) | O1: Match Row in APS Data PHI - postDEL | P1: Sample Person1 | Q1: Sample Person2 | R1: Sample Person3 | S1: Sample Person4 | T1: CaseC ID | U1: First FL Positive of Case? | V1: Referral Test Result | W1: Referral Notes
Q2: {=IF($N2>1, INDEX(postDEL!$A$2:$AR4717,$O2+1,44),IFERROR(0/0,""))} | R2: {=IF($N2>2, INDEX(postDEL!$A$2:$AR4717,$O2+2,44),IFERROR(0/0,""))} | S2: {=IF($N2>3, INDEX(postDEL!$A$2:$AR4717,$O2+3,44),IFERROR(0/0,""))}
Q3: {=IF($N3>1, INDEX(postDEL!$A$2:$AR4717,$O3+1,44),IFERROR(0/0,""))} | R3: {=IF($N3>2, INDEX(postDEL!$A$2:$AR4717,$O3+2,44),IFERROR(0/0,""))} | S3: {=IF($N3>3, INDEX(postDEL!$A$2:$AR4717,$O3+3,44),IFERROR(0/0,""))}
Q4: {=IF($N4>1, INDEX(postDEL!$A$2:$AR4717,$O4+1,44),IFERROR(0/0,""))} | R4: {=IF($N4>2, INDEX(postDEL!$A$2:$AR4717,$O4+2,44),IFERROR(0/0,""))} | S4: {=IF($N4>3, INDEX(postDEL!$A$2:$AR4717,$O4+3,44),IFERROR(0/0,""))}
Q5: {=IF($N5>1, INDEX(postDEL!$A$2:$AR4717,$O5+1,44),IFERROR(0/0,""))} | R5: {=IF($N5>2, INDEX(postDEL!$A$2:$AR4717,$O5+2,44),IFERROR(0/0,""))} | S5: {=IF($N5>3, INDEX(postDEL!$A$2:$AR4717,$O5+3,44),IFERROR(0/0,""))}
Q6: {=IF($N6>1, INDEX(postDEL!$A$2:$AR4717,$O6+1,44),IFERROR(0/0,""))} | R6: {=IF($N6>2, INDEX(postDEL!$A$2:$AR4717,$O6+2,44),IFERROR(0/0,""))} | S6: {=IF($N6>3, INDEX(postDEL!$A$2:$AR4717,$O6+3,44),IFERROR(0/0,""))}
Q7: {=IF($N7>1, INDEX(postDEL!$A$2:$AR4717,$O7+1,44),IFERROR(0/0,""))} | R7: {=IF($N7>2, INDEX(postDEL!$A$2:$AR4717,$O7+2,44),IFERROR(0/0,""))} | S7: {=IF($N7>3, INDEX(postDEL!$A$2:$AR4717,$O7+3,44),IFERROR(0/0,""))}
A8: No Positive or Inconclusive tubes | Q8: {=IF($N8>1, INDEX(postDEL!$A$2:$AR4717,$O8+1,44),IFERROR(0/0,""))} | R8: {=IF($N8>2, INDEX(postDEL!$A$2:$AR4717,$O8+2,44),IFERROR(0/0,""))} | S8: {=IF($N8>3, INDEX(postDEL!$A$2:$AR4717,$O8+3,44),IFERROR(0/0,""))}
Q9: {=IF($N9>1, INDEX(postDEL!$A$2:$AR4717,$O9+1,44),IFERROR(0/0,""))} | R9: {=IF($N9>2, INDEX(postDEL!$A$2:$AR4717,$O9+2,44),IFERROR(0/0,""))} | S9: {=IF($N9>3, INDEX(postDEL!$A$2:$AR4717,$O9+3,44),IFERROR(0/0,""))}
Q10: {=IF($N10>1, INDEX(postDEL!$A$2:$AR4717,$O10+1,44),IFERROR(0/0,""))} | R10: {=IF($N10>2, INDEX(postDEL!$A$2:$AR4717,$O10+2,44),IFERROR(0/0,""))} | S10: {=IF($N10>3, INDEX(postDEL!$A$2:$AR4717,$O10+3,44),IFERROR(0/0,""))}
Q11: {=IF($N11>1, INDEX(postDEL!$A$2:$AR4717,$O11+1,44),IFERROR(0/0,""))} | R11: {=IF($N11>2, INDEX(postDEL!$A$2:$AR4717,$O11+2,44),IFERROR(0/0,""))} | S11: {=IF($N11>3, INDEX(postDEL!$A$2:$AR4717,$O11+3,44),IFERROR(0/0,""))}
Q12: {=IF($N12>1, INDEX(postDEL!$A$2:$AR4717,$O12+1,44),IFERROR(0/0,""))} | R12: {=IF($N12>2, INDEX(postDEL!$A$2:$AR4717,$O12+2,44),IFERROR(0/0,""))} | S12: {=IF($N12>3, INDEX(postDEL!$A$2:$AR4717,$O12+3,44),IFERROR(0/0,""))}
Q13: {=IF($N13>1, INDEX(postDEL!$A$2:$AR4717,$O13+1,44),IFERROR(0/0,""))} | R13: {=IF($N13>2, INDEX(postDEL!$A$2:$AR4717,$O13+2,44),IFERROR(0/0,""))} | S13: {=IF($N13>3, INDEX(postDEL!$A$2:$AR4717,$O13+3,44),IFERROR(0/0,""))}
Q14: {=IF($N14>1, INDEX(postDEL!$A$2:$AR4717,$O14+1,44),IFERROR(0/0,""))} | R14: {=IF($N14>2, INDEX(postDEL!$A$2:$AR4717,$O14+2,44),IFERROR(0/0,""))} | S14: {=IF($N14>3, INDEX(postDEL!$A$2:$AR4717,$O14+3,44),IFERROR(0/0,""))}
Q15: {=IF($N15>1, INDEX(postDEL!$A$2:$AR4717,$O15+1,44),IFERROR(0/0,""))} | R15: {=IF($N15>2, INDEX(postDEL!$A$2:$AR4717,$O15+2,44),IFERROR(0/0,""))} | S15: {=IF($N15>3, INDEX(postDEL!$A$2:$AR4717,$O15+3,44),IFERROR(0/0,""))}
Q16: {=IF($N16>1, INDEX(postDEL!$A$2:$AR4717,$O16+1,44),IFERROR(0/0,""))} | R16: {=IF($N16>2, INDEX(postDEL!$A$2:$AR4717,$O16+2,44),IFERROR(0/0,""))} | S16: {=IF($N16>3, INDEX(postDEL!$A$2:$AR4717,$O16+3,44),IFERROR(0/0,""))}
Q17: {=IF($N17>1, INDEX(postDEL!$A$2:$AR4717,$O17+1,44),IFERROR(0/0,""))} | R17: {=IF($N17>2, INDEX(postDEL!$A$2:$AR4717,$O17+2,44),IFERROR(0/0,""))} | S17: {=IF($N17>3, INDEX(postDEL!$A$2:$AR4717,$O17+3,44),IFERROR(0/0,""))}
Q18: {=IF($N18>1, INDEX(postDEL!$A$2:$AR4717,$O18+1,44),IFERROR(0/0,""))} | R18: {=IF($N18>2, INDEX(postDEL!$A$2:$AR4717,$O18+2,44),IFERROR(0/0,""))} | S18: {=IF($N18>3, INDEX(postDEL!$A$2:$AR4717,$O18+3,44),IFERROR(0/0,""))}
Q19: {=IF($N19>1, INDEX(postDEL!$A$2:$AR4717,$O19+1,44),IFERROR(0/0,""))} | R19: {=IF($N19>2, INDEX(postDEL!$A$2:$AR4717,$O19+2,44),IFERROR(0/0,""))} | S19: {=IF($N19>3, INDEX(postDEL!$A$2:$AR4717,$O19+3,44),IFERROR(0/0,""))}
Q20: {=IF($N20>1, INDEX(postDEL!$A$2:$AR4717,$O20+1,44),IFERROR(0/0,""))} | R20: {=IF($N20>2, INDEX(postDEL!$A$2:$AR4717,$O20+2,44),IFERROR(0/0,""))} | S20: {=IF($N20>3, INDEX(postDEL!$A$2:$AR4717,$O20+3,44),IFERROR(0/0,""))}
Q21: {=IF($N21>1, INDEX(postDEL!$A$2:$AR4717,$O21+1,44),IFERROR(0/0,""))} | R21: {=IF($N21>2, INDEX(postDEL!$A$2:$AR4717,$O21+2,44),IFERROR(0/0,""))} | S21: {=IF($N21>3, INDEX(postDEL!$A$2:$AR4717,$O21+3,44),IFERROR(0/0,""))}
Q22: {=IF($N22>1, INDEX(postDEL!$A$2:$AR4717,$O22+1,44),IFERROR(0/0,""))} | R22: {=IF($N22>2, INDEX(postDEL!$A$2:$AR4717,$O22+2,44),IFERROR(0/0,""))} | S22: {=IF($N22>3, INDEX(postDEL!$A$2:$AR4717,$O22+3,44),IFERROR(0/0,""))}
Q23: {=IF($N23>1, INDEX(postDEL!$A$2:$AR4717,$O23+1,44),IFERROR(0/0,""))} | R23: {=IF($N23>2, INDEX(postDEL!$A$2:$AR4717,$O23+2,44),IFERROR(0/0,""))} | S23: {=IF($N23>3, INDEX(postDEL!$A$2:$AR4717,$O23+3,44),IFERROR(0/0,""))}
Q24: {=IF($N24>1, INDEX(postDEL!$A$2:$AR4717,$O24+1,44),IFERROR(0/0,""))} | R24: {=IF($N24>2, INDEX(postDEL!$A$2:$AR4717,$O24+2,44),IFERROR(0/0,""))} | S24: {=IF($N24>3, INDEX(postDEL!$A$2:$AR4717,$O24+3,44),IFERROR(0/0,""))}
Q25: {=IF($N25>1, INDEX(postDEL!$A$2:$AR4717,$O25+1,44),IFERROR(0/0,""))} | R25: {=IF($N25>2, INDEX(postDEL!$A$2:$AR4717,$O25+2,44),IFERROR(0/0,""))} | S25: {=IF($N25>3, INDEX(postDEL!$A$2:$AR4717,$O25+3,44),IFERROR(0/0,""))}
Q26: {=IF($N26>1, INDEX(postDEL!$A$2:$AR4717,$O26+1,44),IFERROR(0/0,""))} | R26: {=IF($N26>2, INDEX(postDEL!$A$2:$AR4717,$O26+2,44),IFERROR(0/0,""))} | S26: {=IF($N26>3, INDEX(postDEL!$A$2:$AR4717,$O26+3,44),IFERROR(0/0,""))}
Q27: {=IF($N27>1, INDEX(postDEL!$A$2:$AR4717,$O27+1,44),IFERROR(0/0,""))} | R27: {=IF($N27>2, INDEX(postDEL!$A$2:$AR4717,$O27+2,44),IFERROR(0/0,""))} | S27: {=IF($N27>3, INDEX(postDEL!$A$2:$AR4717,$O27+3,44),IFERROR(0/0,""))}
Q28: {=IF($N28>1, INDEX(postDEL!$A$2:$AR4717,$O28+1,44),IFERROR(0/0,""))} | R28: {=IF($N28>2, INDEX(postDEL!$A$2:$AR4717,$O28+2,44),IFERROR(0/0,""))} | S28: {=IF($N28>3, INDEX(postDEL!$A$2:$AR4717,$O28+3,44),IFERROR(0/0,""))}
Q29: {=IF($N29>1, INDEX(postDEL!$A$2:$AR4717,$O29+1,44),IFERROR(0/0,""))} | R29: {=IF($N29>2, INDEX(postDEL!$A$2:$AR4717,$O29+2,44),IFERROR(0/0,""))} | S29: {=IF($N29>3, INDEX(postDEL!$A$2:$AR4717,$O29+3,44),IFERROR(0/0,""))}
Q30: {=IF($N30>1, INDEX(postDEL!$A$2:$AR4717,$O30+1,44),IFERROR(0/0,""))} | R30: {=IF($N30>2, INDEX(postDEL!$A$2:$AR4717,$O30+2,44),IFERROR(0/0,""))} | S30: {=IF($N30>3, INDEX(postDEL!$A$2:$AR4717,$O30+3,44),IFERROR(0/0,""))}
Q31: {=IF($N31>1, INDEX(postDEL!$A$2:$AR4717,$O31+1,44),IFERROR(0/0,""))} | R31: {=IF($N31>2, INDEX(postDEL!$A$2:$AR4717,$O31+2,44),IFERROR(0/0,""))} | S31: {=IF($N31>3, INDEX(postDEL!$A$2:$AR4717,$O31+3,44),IFERROR(0/0,""))}
Q32: {=IF($N32>1, INDEX(postDEL!$A$2:$AR4717,$O32+1,44),IFERROR(0/0,""))} | R32: {=IF($N32>2, INDEX(postDEL!$A$2:$AR4717,$O32+2,44),IFERROR(0/0,""))} | S32: {=IF($N32>3, INDEX(postDEL!$A$2:$AR4717,$O32+3,44),IFERROR(0/0,""))}
Q33: {=IF($N33>1, INDEX(postDEL!$A$2:$AR4717,$O33+1,44),IFERROR(0/0,""))} | R33: {=IF($N33>2, INDEX(postDEL!$A$2:$AR4717,$O33+2,44),IFERROR(0/0,""))} | S33: {=IF($N33>3, INDEX(postDEL!$A$2:$AR4717,$O33+3,44),IFERROR(0/0,""))}
Q34: {=IF($N34>1, INDEX(postDEL!$A$2:$AR4717,$O34+1,44),IFERROR(0/0,""))} | R34: {=IF($N34>2, INDEX(postDEL!$A$2:$AR4717,$O34+2,44),IFERROR(0/0,""))} | S34: {=IF($N34>3, INDEX(postDEL!$A$2:$AR4717,$O34+3,44),IFERROR(0/0,""))}
Q35: {=IF($N35>1, INDEX(postDEL!$A$2:$AR4717,$O35+1,44),IFERROR(0/0,""))} | R35: {=IF($N35>2, INDEX(postDEL!$A$2:$AR4717,$O35+2,44),IFERROR(0/0,""))} | S35: {=IF($N35>3, INDEX(postDEL!$A$2:$AR4717,$O35+3,44),IFERROR(0/0,""))}
Q36: {=IF($N36>1, INDEX(postDEL!$A$2:$AR4717,$O36+1,44),IFERROR(0/0,""))} | R36: {=IF($N36>2, INDEX(postDEL!$A$2:$AR4717,$O36+2,44),IFERROR(0/0,""))} | S36: {=IF($N36>3, INDEX(postDEL!$A$2:$AR4717,$O36+3,44),IFERROR(0/0,""))}
Q37: {=IF($N37>1, INDEX(postDEL!$A$2:$AR4717,$O37+1,44),IFERROR(0/0,""))} | R37: {=IF($N37>2, INDEX(postDEL!$A$2:$AR4717,$O37+2,44),IFERROR(0/0,""))} | S37: {=IF($N37>3, INDEX(postDEL!$A$2:$AR4717,$O37+3,44),IFERROR(0/0,""))}
Q38: {=IF($N38>1, INDEX(postDEL!$A$2:$AR4717,$O38+1,44),IFERROR(0/0,""))} | R38: {=IF($N38>2, INDEX(postDEL!$A$2:$AR4717,$O38+2,44),IFERROR(0/0,""))} | S38: {=IF($N38>3, INDEX(postDEL!$A$2:$AR4717,$O38+3,44),IFERROR(0/0,""))}
Q39: {=IF($N39>1, INDEX(postDEL!$A$2:$AR4717,$O39+1,44),IFERROR(0/0,""))} | R39: {=IF($N39>2, INDEX(postDEL!$A$2:$AR4717,$O39+2,44),IFERROR(0/0,""))} | S39: {=IF($N39>3, INDEX(postDEL!$A$2:$AR4717,$O39+3,44),IFERROR(0/0,""))}
Q40: {=IF($N40>1, INDEX(postDEL!$A$2:$AR4717,$O40+1,44),IFERROR(0/0,""))} | R40: {=IF($N40>2, INDEX(postDEL!$A$2:$AR4717,$O40+2,44),IFERROR(0/0,""))} | S40: {=IF($N40>3, INDEX(postDEL!$A$2:$AR4717,$O40+3,44),IFERROR(0/0,""))}
Q41: {=IF($N41>1, INDEX(postDEL!$A$2:$AR4717,$O41+1,44),IFERROR(0/0,""))} | R41: {=IF($N41>2, INDEX(postDEL!$A$2:$AR4717,$O41+2,44),IFERROR(0/0,""))} | S41: {=IF($N41>3, INDEX(postDEL!$A$2:$AR4717,$O41+3,44),IFERROR(0/0,""))}
Q42: {=IF($N42>1, INDEX(postDEL!$A$2:$AR4717,$O42+1,44),IFERROR(0/0,""))} | R42: {=IF($N42>2, INDEX(postDEL!$A$2:$AR4717,$O42+2,44),IFERROR(0/0,""))} | S42: {=IF($N42>3, INDEX(postDEL!$A$2:$AR4717,$O42+3,44),IFERROR(0/0,""))}
Q43: {=IF($N43>1, INDEX(postDEL!$A$2:$AR4717,$O43+1,44),IFERROR(0/0,""))} | R43: {=IF($N43>2, INDEX(postDEL!$A$2:$AR4717,$O43+2,44),IFERROR(0/0,""))} | S43: {=IF($N43>3, INDEX(postDEL!$A$2:$AR4717,$O43+3,44),IFERROR(0/0,""))}
Q44: {=IF($N44>1, INDEX(postDEL!$A$2:$AR4717,$O44+1,44),IFERROR(0/0,""))} | R44: {=IF($N44>2, INDEX(postDEL!$A$2:$AR4717,$O44+2,44),IFERROR(0/0,""))} | S44: {=IF($N44>3, INDEX(postDEL!$A$2:$AR4717,$O44+3,44),IFERROR(0/0,""))}
Q45: {=IF($N45>1, INDEX(postDEL!$A$2:$AR4717,$O45+1,44),IFERROR(0/0,""))} | R45: {=IF($N45>2, INDEX(postDEL!$A$2:$AR4717,$O45+2,44),IFERROR(0/0,""))} | S45: {=IF($N45>3, INDEX(postDEL!$A$2:$AR4717,$O45+3,44),IFERROR(0/0,""))}
Q46: {=IF($N46>1, INDEX(postDEL!$A$2:$AR4717,$O46+1,44),IFERROR(0/0,""))} | R46: {=IF($N46>2, INDEX(postDEL!$A$2:$AR4717,$O46+2,44),IFERROR(0/0,""))} | S46: {=IF($N46>3, INDEX(postDEL!$A$2:$AR4717,$O46+3,44),IFERROR(0/0,""))}
Q47: {=IF($N47>1, INDEX(postDEL!$A$2:$AR4717,$O47+1,44),IFERROR(0/0,""))} | R47: {=IF($N47>2, INDEX(postDEL!$A$2:$AR4717,$O47+2,44),IFERROR(0/0,""))} | S47: {=IF($N47>3, INDEX(postDEL!$A$2:$AR4717,$O47+3,44),IFERROR(0/0,""))}
Q48: {=IF($N48>1, INDEX(postDEL!$A$2:$AR4717,$O48+1,44),IFERROR(0/0,""))} | R48: {=IF($N48>2, INDEX(postDEL!$A$2:$AR4717,$O48+2,44),IFERROR(0/0,""))} | S48: {=IF($N48>3, INDEX(postDEL!$A$2:$AR4717,$O48+3,44),IFERROR(0/0,""))}
Q49: {=IF($N49>1, INDEX(postDEL!$A$2:$AR4717,$O49+1,44),IFERROR(0/0,""))} | R49: {=IF($N49>2, INDEX(postDEL!$A$2:$AR4717,$O49+2,44),IFERROR(0/0,""))} | S49: {=IF($N49>3, INDEX(postDEL!$A$2:$AR4717,$O49+3,44),IFERROR(0/0,""))}
Q50: {=IF($N50>1, INDEX(postDEL!$A$2:$AR4717,$O50+1,44),IFERROR(0/0,""))} | R50: {=IF($N50>2, INDEX(postDEL!$A$2:$AR4717,$O50+2,44),IFERROR(0/0,""))} | S50: {=IF($N50>3, INDEX(postDEL!$A$2:$AR4717,$O50+3,44),IFERROR(0/0,""))}
Q51: {=IF($N51>1, INDEX(postDEL!$A$2:$AR4717,$O51+1,44),IFERROR(0/0,""))} | R51: {=IF($N51>2, INDEX(postDEL!$A$2:$AR4717,$O51+2,44),IFERROR(0/0,""))} | S51: {=IF($N51>3, INDEX(postDEL!$A$2:$AR4717,$O51+3,44),IFERROR(0/0,""))}
Q52: {=IF($N52>1, INDEX(postDEL!$A$2:$AR4717,$O52+1,44),IFERROR(0/0,""))} | R52: {=IF($N52>2, INDEX(postDEL!$A$2:$AR4717,$O52+2,44),IFERROR(0/0,""))} | S52: {=IF($N52>3, INDEX(postDEL!$A$2:$AR4717,$O52+3,44),IFERROR(0/0,""))}
Q53: {=IF($N53>1, INDEX(postDEL!$A$2:$AR4717,$O53+1,44),IFERROR(0/0,""))} | R53: {=IF($N53>2, INDEX(postDEL!$A$2:$AR4717,$O53+2,44),IFERROR(0/0,""))} | S53: {=IF($N53>3, INDEX(postDEL!$A$2:$AR4717,$O53+3,44),IFERROR(0/0,""))}
Q54: {=IF($N54>1, INDEX(postDEL!$A$2:$AR4717,$O54+1,44),IFERROR(0/0,""))} | R54: {=IF($N54>2, INDEX(postDEL!$A$2:$AR4717,$O54+2,44),IFERROR(0/0,""))} | S54: {=IF($N54>3, INDEX(postDEL!$A$2:$AR4717,$O54+3,44),IFERROR(0/0,""))}
R55: {=IF($N55>2, INDEX(postDEL!$A$2:$AR4717,$O55+2,44),IFERROR(0/0,""))} | S55: {=IF($N55>3, INDEX(postDEL!$A$2:$AR4717,$O55+3,44),IFERROR(0/0,""))}
R56: {=IF($N56>2, INDEX(postDEL!$A$2:$AR4717,$O56+2,44),IFERROR(0/0,""))} | S56: {=IF($N56>3, INDEX(postDEL!$A$2:$AR4717,$O56+3,44),IFERROR(0/0,""))}
R57: {=IF($N57>2, INDEX(postDEL!$A$2:$AR4717,$O57+2,44),IFERROR(0/0,""))} | S57: {=IF($N57>3, INDEX(postDEL!$A$2:$AR4717,$O57+3,44),IFERROR(0/0,""))}

Sheet preDEL
A1: TUBE ID | B1: COLLECTION DATE | C1: COLLECTION TIME | D1: SPONSOR FIRSTNAME | E1: SPONSOR LASTNAME | F1: PARTICIPANT FIRSTNAME | G1: PARTICIPANT LASTNAME | H1: PARTICIPANT EMAIL | I1: MINOR FIRSTNAME | J1: MINOR LASTNAME | K1: APP RESULT | L1: RESULT DATE | M1: RESULT TIME | N1: APP GROUP | O1: NOTE | P1: REPS IN RAW_APT? | Q1: STATUS | R1: Tube ID First Row? | S1: Num Tube IDs | T1: Add N Names | U1: NOTE FIRSTNAME | V1: NOTE LASTNAME | W1: Names Adjust | X1: =IF(ISNA(MATCH("ER - LAST ONLY",$X$2:$X264,0)),"Note Name?","ERROR!! Note Name?") -> Note Name? | Y1: FRAN | Z1: >4 Samples | AA1: Has Note? | AB1: Preserve Note | AC1: Initial Order | AD1: Added from APT? | AE1: Minutes Col to Result | AF1: =IF(COUNTIF($AF2:$AF264,TRUE)=0,"Tube IDs w Diff Times?",CONCATENATE("ERROR!! Tube IDs w Diff Times? ",COUNTIF($AF2:$AF264,TRUE))) -> Tube IDs w Diff Times? | AG1: Delete? | AH1: Delete Code | AI1: Basic Correct Code | AJ1: Result Correct Code | AK1: FINAL RESULT | AL1: Correction Notes | AM1: Sponsor ID | AN1: Participant ID | AO1: Sponsor FullName | AP1: Combined Participant Firstname | AQ1: Combined Participant Lastname | AR1: Combined Participant Fullname | AS1: FINAL GROUP | AT1: =(IF(COUNTIF($AT2:$AT264,FALSE)=0,"NAME COLS CHECK?",CONCATENATE("ERROR!! NAME COLS CHECK? ",COUNTIF($AT2:$AT264,FALSE)))) -> ERROR!! NAME COLS CHECK? 182 | AU1: PARTCIP NAME COLS | AV1: MINOR NAME COLS | AW1: NOTE NAME COLS | AX1: Note Name Extras - Rows Added Not Orig Tube ID Row | AY1: =SUM($AX2:$AX264) -> 7 | AZ1: END | BA1: =CONCATENATE("CURRENT BOOL TRUE = ",COUNTIF(BA$2:BA264,TRUE)) -> CURRENT BOOL TRUE = 0 | BB1: CURRENT BOOL History1 | BC1: CURRENT BOOL History2 | BD1: Rep Cols | BE1: =CONCATENATE("Rep Tube IDs Sorted = ",COUNTA(BL3:BL264)) -> Rep Tube IDs Sorted = 0 | BF1: 3 Num Rep Rows | BG1: 1 Tube Samecols Not Deleted | BH1: 3 Tube ID in Reps? | BI1: 2 SORTED Tube Timestamp | BJ1: 2 TUBE ID ONLY | BK1: 2 Replicate Tube ID? (First Row) | BL1: 2 Rep Tube IDs Not Sorted | BM1: END | BN1: =CONCATENATE("Blank or Whitespace ", COUNTIF(BN2:BN264, TRUE)) -> Blank or Whitespace 190 | BO1: =CONCATENATE("Blank ", COUNTIF(BO2:BO264, TRUE)) -> Blank 0 | BP1: =CONCATENATE("Whitespace ", COUNTIF(BP2:BP264, TRUE)) -> Whitespace 190 | BR1: pre-Sync Values FINAL RESULT | BS1: =COUNTIF(BS2:BS264,FALSE) -> 0
A2: AH8765 | B2: 44659 | C2: 0.38612269 | K2: Null | P2: =IFNA(IF(VLOOKUP($A2,'Add from APT'!$AA$2:$AC264,3,FALSE)>0,TRUE,FALSE),"ER - NOT IN APT") -> FALSE | Q2: =IF(ISLOGICAL(P2),IF(P2,"ER - REPS IN APT", IFNA(VLOOKUP($A2,RAW_APT!$A$3:$M264,7,FALSE),"ER - NOT IN APT")),P2) -> Collected | R2: =IF(EXACT($A2,$A1),FALSE,TRUE) -> TRUE | S2: =COUNTIF($A$2:$A264,$A2) -> 1 | X2: =IF(ISBLANK($U2),IF(ISBLANK($V2),FALSE,"ER - LAST ONLY"),TRUE) -> FALSE | Z2: =IF($S2>4,TRUE,IFERROR(0/0,"")) | AA2: =IF(ISBLANK($O2),FALSE,TRUE) -> FALSE | AC2: 228 | AE2: =IFERROR(IF(EXACT($L2,$B2),(TIMEVALUE($M2)-TIMEVALUE($C2))*24*60,IFERROR(0/0,"")),IFERROR(0/0,"")) | AF2: =OR(AND(NOT($AG2),IFERROR(NOT($AG3),""),EXACT($A2,$A3),NOT(EXACT(CONCATENATE($B2,$C2),CONCATENATE($B3,$C3)))),AND(NOT($AG2),IFERROR(NOT($AG1),""),EXACT($A2,$A1),NOT(EXACT(CONCATENATE($B2,$C2),CONCATENATE($B1,$C1))))) -> FALSE | AG2: =IF($AH2>0,TRUE,FALSE) -> TRUE | AH2: 1 | AK2: =IFS(AND($AJ2>=2,$AJ2<3),"Negative",AND($AJ2>=3,$AJ2<4),"Positive",AND($AJ2>=4,$AJ2<5),"Inconclusive",$AJ2=5,"MANUAL FILL",$AG2,"DELETED",TRUE,$K2) -> DELETED | AM2: DELETED | AN2: DELETED | AO2: =IFERROR(__xludf.DUMMYFUNCTION("IF($AG2, ""DELETED"",TRIM(JOIN("" "",D2:E2)))"),"DELETED") -> DELETED | AP2: =IF($AG2, "DELETED", TRIM(CONCATENATE(F2,I2,U2))) -> DELETED | AQ2: =IF($AG2, "DELETED", TRIM(CONCATENATE(G2,J2,V2))) -> DELETED | AR2: =IFERROR(__xludf.DUMMYFUNCTION("IF($AG2, ""DELETED"", TRIM(JOIN("" "",AP2,AQ2)))"),"DELETED") -> DELETED | AT2: =IF(OR($AG2,SUM($AU2:$AW2)=1),TRUE,FALSE) -> TRUE | AU2: =IF($AG2,IFERROR(0/0,""),IF(ISBLANK($F2),IF(ISBLANK($G2),IFERROR(0/0,""),2),1)) | AV2: =IF($AG2,IFERROR(0/0,""),IF(ISBLANK($I2),IF(ISBLANK($J2),IFERROR(0/0,""),2),1)) | AW2: =IF($AG2,IFERROR(0/0,""),IF(ISBLANK($U2),IF(ISBLANK($V2),IFERROR(0/0,""),2),1)) | AX2: =IF(AND($X2,$A3=$A2),1,IFERROR(0/0,"")) | BA2: =IF(AG2,IFERROR(0/0,""),IF(EXACT(UPPER(A2),A2),IFERROR(0/0,""),TRUE)) | BE2: {=SORT(BL$2:BL264,1,TRUE)} | BF2: =IF(COUNTIF(BJ$2:BJ264,BE2)>0,COUNTIF(BJ$2:BJ264,BE2),IFERROR(0/0,"")) | BG2: =IF($AG2,IFERROR(0/0,""),CONCATENATE($A2,"__",$B2,"_",$C2,"_",$D2,"_",$E2,"_",$K2,"_",$L2,"_",$M2,"_",$O2)) | BH2: =IF(ISBLANK(IFERROR(MATCH(LEFT(BG2, FIND("__",BG2)-1),BE$2:BE264,0),"")),IFERROR(0/0,""),TRUE) | BI2: {=SORT(UNIQUE(BG$2:BG264),1,TRUE)} -> AG1103__44697_0.190300925925926___Negative_44697_0.361099537037037_ | BJ2: =IFERROR(LEFT(BI2, FIND("__",BI2)-1),"") -> AG1103 | BK2: =IFERROR(AND(EXACT(BJ3,BJ2),NOT(EXACT(BJ2,BJ1))),"") -> FALSE | BL2: =IF(BK2,BJ2,IFERROR(0/0,"")) | BN2: =OR(BO2,BP2) -> FALSE | BO2: =ISBLANK($AR2) -> FALSE | BP2: =IF(TRIM($AR2)="",TRUE,FALSE) -> FALSE | BR2: DELETED | BS2: =EXACT(BR2,$AK2) -> TRUE
A3: AH8073 | B3: 44659 | C3: 0.38662037 | K3: Null | L3: 44861 | M3: 0.48483796 | N3: primary | P3: =IFNA(IF(VLOOKUP($A3,'Add from APT'!$AA$2:$AC264,3,FALSE)>0,TRUE,FALSE),"ER - NOT IN APT") -> FALSE | Q3: =IF(ISLOGICAL(P3),IF(P3,"ER - REPS IN APT", IFNA(VLOOKUP($A3,RAW_APT!$A$3:$M264,7,FALSE),"ER - NOT IN APT")),P3) -> Collected | R3: =IF(EXACT($A3,$A2),FALSE,TRUE) -> TRUE | S3: =COUNTIF($A$2:$A265,$A3) -> 1 | X3: =IF(ISBLANK($U3),IF(ISBLANK($V3),FALSE,"ER - LAST ONLY"),TRUE) -> FALSE | Z3: =IF($S3>4,TRUE,IFERROR(0/0,"")) | AA3: =IF(ISBLANK($O3),FALSE,TRUE) -> FALSE | AC3: 229 | AE3: =IFERROR(IF(EXACT($L3,$B3),(TIMEVALUE($M3)-TIMEVALUE($C3))*24*60,IFERROR(0/0,"")),IFERROR(0/0,"")) | AF3: =OR(AND(NOT($AG3),IFERROR(NOT($AG4),""),EXACT($A3,$A4),NOT(EXACT(CONCATENATE($B3,$C3),CONCATENATE($B4,$C4)))),AND(NOT($AG3),IFERROR(NOT($AG2),""),EXACT($A3,$A2),NOT(EXACT(CONCATENATE($B3,$C3),CONCATENATE($B2,$C2))))) -> FALSE | AG3: =IF($AH3>0,TRUE,FALSE) -> TRUE | AH3: 1 | AK3: =IFS(AND($AJ3>=2,$AJ3<3),"Negative",AND($AJ3>=3,$AJ3<4),"Positive",AND($AJ3>=4,$AJ3<5),"Inconclusive",$AJ3=5,"MANUAL FILL",$AG3,"DELETED",TRUE,$K3) -> DELETED | AM3: DELETED | AN3: DELETED | AO3: =IFERROR(__xludf.DUMMYFUNCTION("IF($AG3, ""DELETED"",TRIM(JOIN("" "",D3:E3)))"),"DELETED") -> DELETED | AP3: =IF($AG3, "DELETED", TRIM(CONCATENATE(F3,I3,U3))) -> DELETED | AQ3: =IF($AG3, "DELETED", TRIM(CONCATENATE(G3,J3,V3))) -> DELETED | AR3: =IFERROR(__xludf.DUMMYFUNCTION("IF($AG3, ""DELETED"", TRIM(JOIN("" "",AP3,AQ3)))"),"DELETED") -> DELETED | AT3: =IF(OR($AG3,SUM($AU3:$AW3)=1),TRUE,FALSE) -> TRUE | AU3: =IF($AG3,IFERROR(0/0,""),IF(ISBLANK($F3),IF(ISBLANK($G3),IFERROR(0/0,""),2),1)) | AV3: =IF($AG3,IFERROR(0/0,""),IF(ISBLANK($I3),IF(ISBLANK($J3),IFERROR(0/0,""),2),1)) | AW3: =IF($AG3,IFERROR(0/0,""),IF(ISBLANK($U3),IF(ISBLANK($V3),IFERROR(0/0,""),2),1)) | AX3: =IF(AND($X3,$A4=$A3),1,IFERROR(0/0,"")) | BA3: =IF(AG3,IFERROR(0/0,""),IF(EXACT(UPPER(A3),A3),IFERROR(0/0,""),TRUE)) | BF3: =IF(COUNTIF(BJ$2:BJ265,BE3)>0,COUNTIF(BJ$2:BJ265,BE3),IFERROR(0/0,"")) | BG3: =IF($AG3,IFERROR(0/0,""),CONCATENATE($A3,"__",$B3,"_",$C3,"_",$D3,"_",$E3,"_",$K3,"_",$L3,"_",$M3,"_",$O3)) | BH3: =IF(ISBLANK(IFERROR(MATCH(LEFT(BG3, FIND("__",BG3)-1),BE$2:BE265,0),"")),IFERROR(0/0,""),TRUE) | BI3: AG1224__44767_0.378877314814815___Negative_44767_0.432939814814815_ | BJ3: =IFERROR(LEFT(BI3, FIND("__",BI3)-1),"") -> AG1224 | BK3: =IFERROR(AND(EXACT(BJ4,BJ3),NOT(EXACT(BJ3,BJ2))),"") -> FALSE | BL3: =IF(BK3,BJ3,IFERROR(0/0,"")) | BN3: =OR(BO3,BP3) -> FALSE | BO3: =ISBLANK($AR3) -> FALSE | BP3: =IF(TRIM($AR3)="",TRUE,FALSE) -> FALSE | BR3: DELETED | BS3: =EXACT(BR3,$AK3) -> TRUE
A4: 72782051679 | B4: 44659 | C4: 0.55017361 | K4: Null | P4: =IFNA(IF(VLOOKUP($A4,'Add from APT'!$AA$2:$AC264,3,FALSE)>0,TRUE,FALSE),"ER - NOT IN APT") -> ER - NOT IN APT | Q4: =IF(ISLOGICAL(P4),IF(P4,"ER - REPS IN APT", IFNA(VLOOKUP($A4,RAW_APT!$A$3:$M264,7,FALSE),"ER - NOT IN APT")),P4) -> ER - NOT IN APT | R4: =IF(EXACT($A4,$A3),FALSE,TRUE) -> TRUE | S4: =COUNTIF($A$2:$A266,$A4) -> 2 | X4: =IF(ISBLANK($U4),IF(ISBLANK($V4),FALSE,"ER - LAST ONLY"),TRUE) -> FALSE | Z4: =IF($S4>4,TRUE,IFERROR(0/0,"")) | AA4: =IF(ISBLANK($O4),FALSE,TRUE) -> FALSE | AC4: 231 | AE4: =IFERROR(IF(EXACT($L4,$B4),(TIMEVALUE($M4)-TIMEVALUE($C4))*24*60,IFERROR(0/0,"")),IFERROR(0/0,"")) | AF4: =OR(AND(NOT($AG4),IFERROR(NOT($AG5),""),EXACT($A4,$A5),NOT(EXACT(CONCATENATE($B4,$C4),CONCATENATE($B5,$C5)))),AND(NOT($AG4),IFERROR(NOT($AG3),""),EXACT($A4,$A3),NOT(EXACT(CONCATENATE($B4,$C4),CONCATENATE($B3,$C3))))) -> FALSE | AG4: =IF($AH4>0,TRUE,FALSE) -> TRUE | AH4: 1 | AK4: =IFS(AND($AJ4>=2,$AJ4<3),"Negative",AND($AJ4>=3,$AJ4<4),"Positive",AND($AJ4>=4,$AJ4<5),"Inconclusive",$AJ4=5,"MANUAL FILL",$AG4,"DELETED",TRUE,$K4) -> DELETED | AM4: DELETED | AN4: DELETED | AO4: =IFERROR(__xludf.DUMMYFUNCTION("IF($AG4, ""DELETED"",TRIM(JOIN("" "",D4:E4)))"),"DELETED") -> DELETED | AP4: =IF($AG4, "DELETED", TRIM(CONCATENATE(F4,I4,U4))) -> DELETED | AQ4: =IF($AG4, "DELETED", TRIM(CONCATENATE(G4,J4,V4))) -> DELETED | AR4: =IFERROR(__xludf.DUMMYFUNCTION("IF($AG4, ""DELETED"", TRIM(JOIN("" "",AP4,AQ4)))"),"DELETED") -> DELETED | AT4: =IF(OR($AG4,SUM($AU4:$AW4)=1),TRUE,FALSE) -> TRUE | AU4: =IF($AG4,IFERROR(0/0,""),IF(ISBLANK($F4),IF(ISBLANK($G4),IFERROR(0/0,""),2),1)) | AV4: =IF($AG4,IFERROR(0/0,""),IF(ISBLANK($I4),IF(ISBLANK($J4),IFERROR(0/0,""),2),1)) | AW4: =IF($AG4,IFERROR(0/0,""),IF(ISBLANK($U4),IF(ISBLANK($V4),IFERROR(0/0,""),2),1)) | AX4: =IF(AND($X4,$A5=$A4),1,IFERROR(0/0,"")) | BA4: =IF(AG4,IFERROR(0/0,""),IF(EXACT(UPPER(A4),A4),IFERROR(0/0,""),TRUE)) | BF4: =IF(COUNTIF(BJ$2:BJ266,BE4)>0,COUNTIF(BJ$2:BJ266,BE4),IFERROR(0/0,"")) | BG4: =IF($AG4,IFERROR(0/0,""),CONCATENATE($A4,"__",$B4,"_",$C4,"_",$D4,"_",$E4,"_",$K4,"_",$L4,"_",$M4,"_",$O4)) | BH4: =IF(ISBLANK(IFERROR(MATCH(LEFT(BG4, FIND("__",BG4)-1),BE$2:BE266,0),"")),IFERROR(0/0,""),TRUE) | BI4: AG1259__44753_0.252719907407407___Negative_44753_0.398402777777778_ | BJ4: =IFERROR(LEFT(BI4, FIND("__",BI4)-1),"") -> AG1259 | BK4: =IFERROR(AND(EXACT(BJ5,BJ4),NOT(EXACT(BJ4,BJ3))),"") -> FALSE | BL4: =IF(BK4,BJ4,IFERROR(0/0,"")) | BN4: =OR(BO4,BP4) -> FALSE | BO4: =ISBLANK($AR4) -> FALSE | BP4: =IF(TRIM($AR4)="",TRUE,FALSE) -> FALSE | BR4: DELETED | BS4: =EXACT(BR4,$AK4) -> TRUE
A5: 72782051679 | B5: 44659 | C5: 0.55017361 | K5: Null | P5: =IFNA(IF(VLOOKUP($A5,'Add from APT'!$AA$2:$AC264,3,FALSE)>0,TRUE,FALSE),"ER - NOT IN APT") -> ER - NOT IN APT | Q5: =IF(ISLOGICAL(P5),IF(P5,"ER - REPS IN APT", IFNA(VLOOKUP($A5,RAW_APT!$A$3:$M264,7,FALSE),"ER - NOT IN APT")),P5) -> ER - NOT IN APT | R5: =IF(EXACT($A5,$A4),FALSE,TRUE) -> FALSE | S5: =COUNTIF($A$2:$A267,$A5) -> 2 | X5: =IF(ISBLANK($U5),IF(ISBLANK($V5),FALSE,"ER - LAST ONLY"),TRUE) -> FALSE | Z5: =IF($S5>4,TRUE,IFERROR(0/0,"")) | AA5: =IF(ISBLANK($O5),FALSE,TRUE) -> FALSE | AC5: 230 | AE5: =IFERROR(IF(EXACT($L5,$B5),(TIMEVALUE($M5)-TIMEVALUE($C5))*24*60,IFERROR(0/0,"")),IFERROR(0/0,"")) | AF5: =OR(AND(NOT($AG5),IFERROR(NOT($AG6),""),EXACT($A5,$A6),NOT(EXACT(CONCATENATE($B5,$C5),CONCATENATE($B6,$C6)))),AND(NOT($AG5),IFERROR(NOT($AG4),""),EXACT($A5,$A4),NOT(EXACT(CONCATENATE($B5,$C5),CONCATENATE($B4,$C4))))) -> FALSE | AG5: =IF($AH5>0,TRUE,FALSE) -> TRUE | AH5: 1 | AK5: =IFS(AND($AJ5>=2,$AJ5<3),"Negative",AND($AJ5>=3,$AJ5<4),"Positive",AND($AJ5>=4,$AJ5<5),"Inconclusive",$AJ5=5,"MANUAL FILL",$AG5,"DELETED",TRUE,$K5) -> DELETED | AM5: DELETED | AN5: DELETED | AO5: =IFERROR(__xludf.DUMMYFUNCTION("IF($AG5, ""DELETED"",TRIM(JOIN("" "",D5:E5)))"),"DELETED") -> DELETED | AP5: =IF($AG5, "DELETED", TRIM(CONCATENATE(F5,I5,U5))) -> DELETED | AQ5: =IF($AG5, "DELETED", TRIM(CONCATENATE(G5,J5,V5))) -> DELETED | AR5: =IFERROR(__xludf.DUMMYFUNCTION("IF($AG5, ""DELETED"", TRIM(JOIN("" "",AP5,AQ5)))"),"DELETED") -> DELETED | AT5: =IF(OR($AG5,SUM($AU5:$AW5)=1),TRUE,FALSE) -> TRUE | AU5: =IF($AG5,IFERROR(0/0,""),IF(ISBLANK($F5),IF(ISBLANK($G5),IFERROR(0/0,""),2),1)) | AV5: =IF($AG5,IFERROR(0/0,""),IF(ISBLANK($I5),IF(ISBLANK($J5),IFERROR(0/0,""),2),1)) | AW5: =IF($AG5,IFERROR(0/0,""),IF(ISBLANK($U5),IF(ISBLANK($V5),IFERROR(0/0,""),2),1)) | AX5: =IF(AND($X5,$A6=$A5),1,IFERROR(0/0,"")) | BA5: =IF(AG5,IFERROR(0/0,""),IF(EXACT(UPPER(A5),A5),IFERROR(0/0,""),TRUE)) | BF5: =IF(COUNTIF(BJ$2:BJ267,BE5)>0,COUNTIF(BJ$2:BJ267,BE5),IFERROR(0/0,"")) | BG5: =IF($AG5,IFERROR(0/0,""),CONCATENATE($A5,"__",$B5,"_",$C5,"_",$D5,"_",$E5,"_",$K5,"_",$L5,"_",$M5,"_",$O5)) | BH5: =IF(ISBLANK(IFERROR(MATCH(LEFT(BG5, FIND("__",BG5)-1),BE$2:BE267,0),"")),IFERROR(0/0,""),TRUE) | BI5: AG1419__44683_0.17806712962963___Negative_44683_0.3578125_ | BJ5: =IFERROR(LEFT(BI5, FIND("__",BI5)-1),"") -> AG1419 | BK5: =IFERROR(AND(EXACT(BJ6,BJ5),NOT(EXACT(BJ5,BJ4))),"") -> FALSE | BL5: =IF(BK5,BJ5,IFERROR(0/0,"")) | BN5: =OR(BO5,BP5) -> FALSE | BO5: =ISBLANK($AR5) -> FALSE | BP5: =IF(TRIM($AR5)="",TRUE,FALSE) -> FALSE | BR5: DELETED | BS5: =EXACT(BR5,$AK5) -> TRUE
A6: AK5401 | B6: 44666 | C6: 0.496875 | K6: Null | P6: =IFNA(IF(VLOOKUP($A6,'Add from APT'!$AA$2:$AC264,3,FALSE)>0,TRUE,FALSE),"ER - NOT IN APT") -> FALSE | Q6: =IF(ISLOGICAL(P6),IF(P6,"ER - REPS IN APT", IFNA(VLOOKUP($A6,RAW_APT!$A$3:$M264,7,FALSE),"ER - NOT IN APT")),P6) -> Collected | R6: =IF(EXACT($A6,$A5),FALSE,TRUE) -> TRUE | S6: =COUNTIF($A$2:$A268,$A6) -> 1 | X6: =IF(ISBLANK($U6),IF(ISBLANK($V6),FALSE,"ER - LAST ONLY"),TRUE) -> FALSE | Z6: =IF($S6>4,TRUE,IFERROR(0/0,"")) | AA6: =IF(ISBLANK($O6),FALSE,TRUE) -> FALSE | AC6: 227 | AE6: =IFERROR(IF(EXACT($L6,$B6),(TIMEVALUE($M6)-TIMEVALUE($C6))*24*60,IFERROR(0/0,"")),IFERROR(0/0,"")) | AF6: =OR(AND(NOT($AG6),IFERROR(NOT($AG7),""),EXACT($A6,$A7),NOT(EXACT(CONCATENATE($B6,$C6),CONCATENATE($B7,$C7)))),AND(NOT($AG6),IFERROR(NOT($AG5),""),EXACT($A6,$A5),NOT(EXACT(CONCATENATE($B6,$C6),CONCATENATE($B5,$C5))))) -> FALSE | AG6: =IF($AH6>0,TRUE,FALSE) -> TRUE | AH6: 1 | AK6: =IFS(AND($AJ6>=2,$AJ6<3),"Negative",AND($AJ6>=3,$AJ6<4),"Positive",AND($AJ6>=4,$AJ6<5),"Inconclusive",$AJ6=5,"MANUAL FILL",$AG6,"DELETED",TRUE,$K6) -> DELETED | AM6: DELETED | AN6: DELETED | AO6: =IFERROR(__xludf.DUMMYFUNCTION("IF($AG6, ""DELETED"",TRIM(JOIN("" "",D6:E6)))"),"DELETED") -> DELETED | AP6: =IF($AG6, "DELETED", TRIM(CONCATENATE(F6,I6,U6))) -> DELETED | AQ6: =IF($AG6, "DELETED", TRIM(CONCATENATE(G6,J6,V6))) -> DELETED | AR6: =IFERROR(__xludf.DUMMYFUNCTION("IF($AG6, ""DELETED"", TRIM(JOIN("" "",AP6,AQ6)))"),"DELETED") -> DELETED | AT6: =IF(OR($AG6,SUM($AU6:$AW6)=1),TRUE,FALSE) -> TRUE | AU6: =IF($AG6,IFERROR(0/0,""),IF(ISBLANK($F6),IF(ISBLANK($G6),IFERROR(0/0,""),2),1)) | AV6: =IF($AG6,IFERROR(0/0,""),IF(ISBLANK($I6),IF(ISBLANK($J6),IFERROR(0/0,""),2),1)) | AW6: =IF($AG6,IFERROR(0/0,""),IF(ISBLANK($U6),IF(ISBLANK($V6),IFERROR(0/0,""),2),1)) | AX6: =IF(AND($X6,$A7=$A6),1,IFERROR(0/0,"")) | BA6: =IF(AG6,IFERROR(0/0,""),IF(EXACT(UPPER(A6),A6),IFERROR(0/0,""),TRUE)) | BF6: =IF(COUNTIF(BJ$2:BJ268,BE6)>0,COUNTIF(BJ$2:BJ268,BE6),IFERROR(0/0,"")) | BG6: =IF($AG6,IFERROR(0/0,""),CONCATENATE($A6,"__",$B6,"_",$C6,"_",$D6,"_",$E6,"_",$K6,"_",$L6,"_",$M6,"_",$O6)) | BH6: =IF(ISBLANK(IFERROR(MATCH(LEFT(BG6, FIND("__",BG6)-1),BE$2:BE268,0),"")),IFERROR(0/0,""),TRUE) | BI6: AG1523__44690_0.279513888888889___Negative_44690_0.323252314814815_ | BJ6: =IFERROR(LEFT(BI6, FIND("__",BI6)-1),"") -> AG1523 | BK6: =IFERROR(AND(EXACT(BJ7,BJ6),NOT(EXACT(BJ6,BJ5))),"") -> FALSE | BL6: =IF(BK6,BJ6,IFERROR(0/0,"")) | BN6: =OR(BO6,BP6) -> FALSE | BO6: =ISBLANK($AR6) -> FALSE | BP6: =IF(TRIM($AR6)="",TRUE,FALSE) -> FALSE | BR6: DELETED | BS6: =EXACT(BR6,$AK6) -> TRUE
A7: TEST_0419-1 | B7: 44670 | C7: 0.46875 | K7: Positive | L7: 44670 | M7: 0.50042824 | P7: =IFNA(IF(VLOOKUP($A7,'Add from APT'!$AA$2:$AC264,3,FALSE)>0,TRUE,FALSE),"ER - NOT IN APT") -> FALSE | Q7: =IF(ISLOGICAL(P7),IF(P7,"ER - REPS IN APT", IFNA(VLOOKUP($A7,RAW_APT!$A$3:$M264,7,FALSE),"ER - NOT IN APT")),P7) -> Result | R7: =IF(EXACT($A7,$A6),FALSE,TRUE) -> TRUE | S7: =COUNTIF($A$2:$A269,$A7) -> 3 | X7: =IF(ISBLANK($U7),IF(ISBLANK($V7),FALSE,"ER - LAST ONLY"),TRUE) -> FALSE | Z7: =IF($S7>4,TRUE,IFERROR(0/0,"")) | AA7: =IF(ISBLANK($O7),FALSE,TRUE) -> FALSE | AC7: 215 | AE7: =IFERROR(IF(EXACT($L7,$B7),(TIMEVALUE($M7)-TIMEVALUE($C7))*24*60,IFERROR(0/0,"")),IFERROR(0/0,"")) -> 45.616667 | AF7: =OR(AND(NOT($AG7),IFERROR(NOT($AG8),""),EXACT($A7,$A8),NOT(EXACT(CONCATENATE($B7,$C7),CONCATENATE($B8,$C8)))),AND(NOT($AG7),IFERROR(NOT($AG6),""),EXACT($A7,$A6),NOT(EXACT(CONCATENATE($B7,$C7),CONCATENATE($B6,$C6))))) -> FALSE | AG7: =IF($AH7>0,TRUE,FALSE) -> TRUE | AH7: 2 | AK7: =IFS(AND($AJ7>=2,$AJ7<3),"Negative",AND($AJ7>=3,$AJ7<4),"Positive",AND($AJ7>=4,$AJ7<5),"Inconclusive",$AJ7=5,"MANUAL FILL",$AG7,"DELETED",TRUE,$K7) -> DELETED | AM7: DELETED | AN7: DELETED | AO7: =IFERROR(__xludf.DUMMYFUNCTION("IF($AG7, ""DELETED"",TRIM(JOIN("" "",D7:E7)))"),"DELETED") -> DELETED | AP7: =IF($AG7, "DELETED", TRIM(CONCATENATE(F7,I7,U7))) -> DELETED | AQ7: =IF($AG7, "DELETED", TRIM(CONCATENATE(G7,J7,V7))) -> DELETED | AR7: =IFERROR(__xludf.DUMMYFUNCTION("IF($AG7, ""DELETED"", TRIM(JOIN("" "",AP7,AQ7)))"),"DELETED") -> DELETED | AT7: =IF(OR($AG7,SUM($AU7:$AW7)=1),TRUE,FALSE) -> TRUE | AU7: =IF($AG7,IFERROR(0/0,""),IF(ISBLANK($F7),IF(ISBLANK($G7),IFERROR(0/0,""),2),1)) | AV7: =IF($AG7,IFERROR(0/0,""),IF(ISBLANK($I7),IF(ISBLANK($J7),IFERROR(0/0,""),2),1)) | AW7: =IF($AG7,IFERROR(0/0,""),IF(ISBLANK($U7),IF(ISBLANK($V7),IFERROR(0/0,""),2),1)) | AX7: =IF(AND($X7,$A8=$A7),1,IFERROR(0/0,"")) | BA7: =IF(AG7,IFERROR(0/0,""),IF(EXACT(UPPER(A7),A7),IFERROR(0/0,""),TRUE)) | BF7: =IF(COUNTIF(BJ$2:BJ269,BE7)>0,COUNTIF(BJ$2:BJ269,BE7),IFERROR(0/0,"")) | BG7: =IF($AG7,IFERROR(0/0,""),CONCATENATE($A7,"__",$B7,"_",$C7,"_",$D7,"_",$E7,"_",$K7,"_",$L7,"_",$M7,"_",$O7)) | BH7: =IF(ISBLANK(IFERROR(MATCH(LEFT(BG7, FIND("__",BG7)-1),BE$2:BE269,0),"")),IFERROR(0/0,""),TRUE) | BI7: AG1608__44718_0.156921296296296___Negative_44718_0.364976851851852_ | BJ7: =IFERROR(LEFT(BI7, FIND("__",BI7)-1),"") -> AG1608 | BK7: =IFERROR(AND(EXACT(BJ8,BJ7),NOT(EXACT(BJ7,BJ6))),"") -> FALSE | BL7: =IF(BK7,BJ7,IFERROR(0/0,"")) | BN7: =OR(BO7,BP7) -> FALSE | BO7: =ISBLANK($AR7) -> FALSE | BP7: =IF(TRIM($AR7)="",TRUE,FALSE) -> FALSE | BR7: DELETED | BS7: =EXACT(BR7,$AK7) -> TRUE
A8: TEST_0419-1 | B8: 44670 | C8: 0.46875 | K8: Positive | L8: 44670 | M8: 0.50042824 | P8: =IFNA(IF(VLOOKUP($A8,'Add from APT'!$AA$2:$AC264,3,FALSE)>0,TRUE,FALSE),"ER - NOT IN APT") -> FALSE | Q8: =IF(ISLOGICAL(P8),IF(P8,"ER - REPS IN APT", IFNA(VLOOKUP($A8,RAW_APT!$A$3:$M264,7,FALSE),"ER - NOT IN APT")),P8) -> Result | R8: =IF(EXACT($A8,$A7),FALSE,TRUE) -> FALSE | S8: =COUNTIF($A$2:$A270,$A8) -> 3 | X8: =IF(ISBLANK($U8),IF(ISBLANK($V8),FALSE,"ER - LAST ONLY"),TRUE) -> FALSE | Z8: =IF($S8>4,TRUE,IFERROR(0/0,"")) | AA8: =IF(ISBLANK($O8),FALSE,TRUE) -> FALSE | AC8: 216 | AE8: =IFERROR(IF(EXACT($L8,$B8),(TIMEVALUE($M8)-TIMEVALUE($C8))*24*60,IFERROR(0/0,"")),IFERROR(0/0,"")) -> 45.616667 | AF8: =OR(AND(NOT($AG8),IFERROR(NOT($AG9),""),EXACT($A8,$A9),NOT(EXACT(CONCATENATE($B8,$C8),CONCATENATE($B9,$C9)))),AND(NOT($AG8),IFERROR(NOT($AG7),""),EXACT($A8,$A7),NOT(EXACT(CONCATENATE($B8,$C8),CONCATENATE($B7,$C7))))) -> FALSE | AG8: =IF($AH8>0,TRUE,FALSE) -> TRUE | AH8: 2 | AK8: =IFS(AND($AJ8>=2,$AJ8<3),"Negative",AND($AJ8>=3,$AJ8<4),"Positive",AND($AJ8>=4,$AJ8<5),"Inconclusive",$AJ8=5,"MANUAL FILL",$AG8,"DELETED",TRUE,$K8) -> DELETED | AM8: DELETED | AN8: DELETED | AO8: =IFERROR(__xludf.DUMMYFUNCTION("IF($AG8, ""DELETED"",TRIM(JOIN("" "",D8:E8)))"),"DELETED") -> DELETED | AP8: =IF($AG8, "DELETED", TRIM(CONCATENATE(F8,I8,U8))) -> DELETED | AQ8: =IF($AG8, "DELETED", TRIM(CONCATENATE(G8,J8,V8))) -> DELETED | AR8: =IFERROR(__xludf.DUMMYFUNCTION("IF($AG8, ""DELETED"", TRIM(JOIN("" "",AP8,AQ8)))"),"DELETED") -> DELETED | AT8: =IF(OR($AG8,SUM($AU8:$AW8)=1),TRUE,FALSE) -> TRUE | AU8: =IF($AG8,IFERROR(0/0,""),IF(ISBLANK($F8),IF(ISBLANK($G8),IFERROR(0/0,""),2),1)) | AV8: =IF($AG8,IFERROR(0/0,""),IF(ISBLANK($I8),IF(ISBLANK($J8),IFERROR(0/0,""),2),1)) | AW8: =IF($AG8,IFERROR(0/0,""),IF(ISBLANK($U8),IF(ISBLANK($V8),IFERROR(0/0,""),2),1)) | AX8: =IF(AND($X8,$A9=$A8),1,IFERROR(0/0,"")) | BA8: =IF(AG8,IFERROR(0/0,""),IF(EXACT(UPPER(A8),A8),IFERROR(0/0,""),TRUE)) | BF8: =IF(COUNTIF(BJ$2:BJ270,BE8)>0,COUNTIF(BJ$2:BJ270,BE8),IFERROR(0/0,"")) | BG8: =IF($AG8,IFERROR(0/0,""),CONCATENATE($A8,"__",$B8,"_",$C8,"_",$D8,"_",$E8,"_",$K8,"_",$L8,"_",$M8,"_",$O8)) | BH8: =IF(ISBLANK(IFERROR(MATCH(LEFT(BG8, FIND("__",BG8)-1),BE$2:BE270,0),"")),IFERROR(0/0,""),TRUE) | BI8: AG1637__44697_0.176759259259259___Negative_44697_0.361099537037037_ | BJ8: =IFERROR(LEFT(BI8, FIND("__",BI8)-1),"") -> AG1637 | BK8: =IFERROR(AND(EXACT(BJ9,BJ8),NOT(EXACT(BJ8,BJ7))),"") -> FALSE | BL8: =IF(BK8,BJ8,IFERROR(0/0,"")) | BN8: =OR(BO8,BP8) -> FALSE | BO8: =ISBLANK($AR8) -> FALSE | BP8: =IF(TRIM($AR8)="",TRUE,FALSE) -> FALSE | BR8: DELETED | BS8: =EXACT(BR8,$AK8) -> TRUE
A9: TEST_0419-1 | B9: 44670 | C9: 0.46875 | K9: Positive | L9: 44670 | M9: 0.50042824 | P9: =IFNA(IF(VLOOKUP($A9,'Add from APT'!$AA$2:$AC264,3,FALSE)>0,TRUE,FALSE),"ER - NOT IN APT") -> FALSE | Q9: =IF(ISLOGICAL(P9),IF(P9,"ER - REPS IN APT", IFNA(VLOOKUP($A9,RAW_APT!$A$3:$M264,7,FALSE),"ER - NOT IN APT")),P9) -> Result | R9: =IF(EXACT($A9,$A8),FALSE,TRUE) -> FALSE | S9: =COUNTIF($A$2:$A271,$A9) -> 3 | X9: =IF(ISBLANK($U9),IF(ISBLANK($V9),FALSE,"ER - LAST ONLY"),TRUE) -> FALSE | Z9: =IF($S9>4,TRUE,IFERROR(0/0,"")) | AA9: =IF(ISBLANK($O9),FALSE,TRUE) -> FALSE | AC9: 214 | AE9: =IFERROR(IF(EXACT($L9,$B9),(TIMEVALUE($M9)-TIMEVALUE($C9))*24*60,IFERROR(0/0,"")),IFERROR(0/0,"")) -> 45.616667 | AF9: =OR(AND(NOT($AG9),IFERROR(NOT($AG10),""),EXACT($A9,$A10),NOT(EXACT(CONCATENATE($B9,$C9),CONCATENATE($B10,$C10)))),AND(NOT($AG9),IFERROR(NOT($AG8),""),EXACT($A9,$A8),NOT(EXACT(CONCATENATE($B9,$C9),CONCATENATE($B8,$C8))))) -> FALSE | AG9: =IF($AH9>0,TRUE,FALSE) -> TRUE | AH9: 2 | AK9: =IFS(AND($AJ9>=2,$AJ9<3),"Negative",AND($AJ9>=3,$AJ9<4),"Positive",AND($AJ9>=4,$AJ9<5),"Inconclusive",$AJ9=5,"MANUAL FILL",$AG9,"DELETED",TRUE,$K9) -> DELETED | AM9: DELETED | AN9: DELETED | AO9: =IFERROR(__xludf.DUMMYFUNCTION("IF($AG9, ""DELETED"",TRIM(JOIN("" "",D9:E9)))"),"DELETED") -> DELETED | AP9: =IF($AG9, "DELETED", TRIM(CONCATENATE(F9,I9,U9))) -> DELETED | AQ9: =IF($AG9, "DELETED", TRIM(CONCATENATE(G9,J9,V9))) -> DELETED | AR9: =IFERROR(__xludf.DUMMYFUNCTION("IF($AG9, ""DELETED"", TRIM(JOIN("" "",AP9,AQ9)))"),"DELETED") -> DELETED | AT9: =IF(OR($AG9,SUM($AU9:$AW9)=1),TRUE,FALSE) -> TRUE | AU9: =IF($AG9,IFERROR(0/0,""),IF(ISBLANK($F9),IF(ISBLANK($G9),IFERROR(0/0,""),2),1)) | AV9: =IF($AG9,IFERROR(0/0,""),IF(ISBLANK($I9),IF(ISBLANK($J9),IFERROR(0/0,""),2),1)) | AW9: =IF($AG9,IFERROR(0/0,""),IF(ISBLANK($U9),IF(ISBLANK($V9),IFERROR(0/0,""),2),1)) | AX9: =IF(AND($X9,$A10=$A9),1,IFERROR(0/0,"")) | BA9: =IF(AG9,IFERROR(0/0,""),IF(EXACT(UPPER(A9),A9),IFERROR(0/0,""),TRUE)) | BF9: =IF(COUNTIF(BJ$2:BJ271,BE9)>0,COUNTIF(BJ$2:BJ271,BE9),IFERROR(0/0,"")) | BG9: =IF($AG9,IFERROR(0/0,""),CONCATENATE($A9,"__",$B9,"_",$C9,"_",$D9,"_",$E9,"_",$K9,"_",$L9,"_",$M9,"_",$O9)) | BH9: =IF(ISBLANK(IFERROR(MATCH(LEFT(BG9, FIND("__",BG9)-1),BE$2:BE271,0),"")),IFERROR(0/0,""),TRUE) | BI9: AG1640__44704_0.190543981481482___Negative_44704_0.394907407407407_ | BJ9: =IFERROR(LEFT(BI9, FIND("__",BI9)-1),"") -> AG1640 | BK9: =IFERROR(AND(EXACT(BJ10,BJ9),NOT(EXACT(BJ9,BJ8))),"") -> FALSE | BL9: =IF(BK9,BJ9,IFERROR(0/0,"")) | BN9: =OR(BO9,BP9) -> FALSE | BO9: =ISBLANK($AR9) -> FALSE | BP9: =IF(TRIM($AR9)="",TRUE,FALSE) -> FALSE | BR9: DELETED | BS9: =EXACT(BR9,$AK9) -> TRUE
A10: TEST_0419-2 | B10: 44670 | C10: 0.46928241 | K10: Null | P10: =IFNA(IF(VLOOKUP($A10,'Add from APT'!$AA$2:$AC264,3,FALSE)>0,TRUE,FALSE),"ER - NOT IN APT") -> FALSE | Q10: =IF(ISLOGICAL(P10),IF(P10,"ER - REPS IN APT", IFNA(VLOOKUP($A10,RAW_APT!$A$3:$M264,7,FALSE),"ER - NOT IN APT")),P10) -> Collected | R10: =IF(EXACT($A10,$A9),FALSE,TRUE) -> TRUE | S10: =COUNTIF($A$2:$A272,$A10) -> 3 | X10: =IF(ISBLANK($U10),IF(ISBLANK($V10),FALSE,"ER - LAST ONLY"),TRUE) -> FALSE | Z10: =IF($S10>4,TRUE,IFERROR(0/0,"")) | AA10: =IF(ISBLANK($O10),FALSE,TRUE) -> FALSE | AC10: 218 | AE10: =IFERROR(IF(EXACT($L10,$B10),(TIMEVALUE($M10)-TIMEVALUE($C10))*24*60,IFERROR(0/0,"")),IFERROR(0/0,"")) | AF10: =OR(AND(NOT($AG10),IFERROR(NOT($AG11),""),EXACT($A10,$A11),NOT(EXACT(CONCATENATE($B10,$C10),CONCATENATE($B11,$C11)))),AND(NOT($AG10),IFERROR(NOT($AG9),""),EXACT($A10,$A9),NOT(EXACT(CONCATENATE($B10,$C10),CONCATENATE($B9,$C9))))) -> FALSE | AG10: =IF($AH10>0,TRUE,FALSE) -> TRUE | AH10: 2 | AK10: =IFS(AND($AJ10>=2,$AJ10<3),"Negative",AND($AJ10>=3,$AJ10<4),"Positive",AND($AJ10>=4,$AJ10<5),"Inconclusive",$AJ10=5,"MANUAL FILL",$AG10,"DELETED",TRUE,$K10) -> DELETED | AM10: DELETED | AN10: DELETED | AO10: =IFERROR(__xludf.DUMMYFUNCTION("IF($AG10, ""DELETED"",TRIM(JOIN("" "",D10:E10)))"),"DELETED") -> DELETED | AP10: =IF($AG10, "DELETED", TRIM(CONCATENATE(F10,I10,U10))) -> DELETED | AQ10: =IF($AG10, "DELETED", TRIM(CONCATENATE(G10,J10,V10))) -> DELETED | AR10: =IFERROR(__xludf.DUMMYFUNCTION("IF($AG10, ""DELETED"", TRIM(JOIN("" "",AP10,AQ10)))"),"DELETED") -> DELETED | AT10: =IF(OR($AG10,SUM($AU10:$AW10)=1),TRUE,FALSE) -> TRUE | AU10: =IF($AG10,IFERROR(0/0,""),IF(ISBLANK($F10),IF(ISBLANK($G10),IFERROR(0/0,""),2),1)) | AV10: =IF($AG10,IFERROR(0/0,""),IF(ISBLANK($I10),IF(ISBLANK($J10),IFERROR(0/0,""),2),1)) | AW10: =IF($AG10,IFERROR(0/0,""),IF(ISBLANK($U10),IF(ISBLANK($V10),IFERROR(0/0,""),2),1)) | AX10: =IF(AND($X10,$A11=$A10),1,IFERROR(0/0,"")) | BA10: =IF(AG10,IFERROR(0/0,""),IF(EXACT(UPPER(A10),A10),IFERROR(0/0,""),TRUE)) | BF10: =IF(COUNTIF(BJ$2:BJ272,BE10)>0,COUNTIF(BJ$2:BJ272,BE10),IFERROR(0/0,"")) | BG10: =IF($AG10,IFERROR(0/0,""),CONCATENATE($A10,"__",$B10,"_",$C10,"_",$D10,"_",$E10,"_",$K10,"_",$L10,"_",$M10,"_",$O10)) | BH10: =IF(ISBLANK(IFERROR(MATCH(LEFT(BG10, FIND("__",BG10)-1),BE$2:BE272,0),"")),IFERROR(0/0,""),TRUE) | BI10: AG1713__44683_0.212569444444444___Negative_44683_0.357824074074074_ | BJ10: =IFERROR(LEFT(BI10, FIND("__",BI10)-1),"") -> AG1713 | BK10: =IFERROR(AND(EXACT(BJ11,BJ10),NOT(EXACT(BJ10,BJ9))),"") -> FALSE | BL10: =IF(BK10,BJ10,IFERROR(0/0,"")) | BN10: =OR(BO10,BP10) -> FALSE | BO10: =ISBLANK($AR10) -> FALSE | BP10: =IF(TRIM($AR10)="",TRUE,FALSE) -> FALSE | BR10: DELETED | BS10: =EXACT(BR10,$AK10) -> TRUE
A11: TEST_0419-2 | B11: 44670 | C11: 0.46928241 | K11: Null | P11: =IFNA(IF(VLOOKUP($A11,'Add from APT'!$AA$2:$AC264,3,FALSE)>0,TRUE,FALSE),"ER - NOT IN APT") -> FALSE | Q11: =IF(ISLOGICAL(P11),IF(P11,"ER - REPS IN APT", IFNA(VLOOKUP($A11,RAW_APT!$A$3:$M264,7,FALSE),"ER - NOT IN APT")),P11) -> Collected | R11: =IF(EXACT($A11,$A10),FALSE,TRUE) -> FALSE | S11: =COUNTIF($A$2:$A273,$A11) -> 3 | X11: =IF(ISBLANK($U11),IF(ISBLANK($V11),FALSE,"ER - LAST ONLY"),TRUE) -> FALSE | Z11: =IF($S11>4,TRUE,IFERROR(0/0,"")) | AA11: =IF(ISBLANK($O11),FALSE,TRUE) -> FALSE | AC11: 217 | AE11: =IFERROR(IF(EXACT($L11,$B11),(TIMEVALUE($M11)-TIMEVALUE($C11))*24*60,IFERROR(0/0,"")),IFERROR(0/0,"")) | AF11: =OR(AND(NOT($AG11),IFERROR(NOT($AG12),""),EXACT($A11,$A12),NOT(EXACT(CONCATENATE($B11,$C11),CONCATENATE($B12,$C12)))),AND(NOT($AG11),IFERROR(NOT($AG10),""),EXACT($A11,$A10),NOT(EXACT(CONCATENATE($B11,$C11),CONCATENATE($B10,$C10))))) -> FALSE | AG11: =IF($AH11>0,TRUE,FALSE) -> TRUE | AH11: 2 | AK11: =IFS(AND($AJ11>=2,$AJ11<3),"Negative",AND($AJ11>=3,$AJ11<4),"Positive",AND($AJ11>=4,$AJ11<5),"Inconclusive",$AJ11=5,"MANUAL FILL",$AG11,"DELETED",TRUE,$K11) -> DELETED | AM11: DELETED | AN11: DELETED | AO11: =IFERROR(__xludf.DUMMYFUNCTION("IF($AG11, ""DELETED"",TRIM(JOIN("" "",D11:E11)))"),"DELETED") -> DELETED | AP11: =IF($AG11, "DELETED", TRIM(CONCATENATE(F11,I11,U11))) -> DELETED | AQ11: =IF($AG11, "DELETED", TRIM(CONCATENATE(G11,J11,V11))) -> DELETED | AR11: =IFERROR(__xludf.DUMMYFUNCTION("IF($AG11, ""DELETED"", TRIM(JOIN("" "",AP11,AQ11)))"),"DELETED") -> DELETED | AT11: =IF(OR($AG11,SUM($AU11:$AW11)=1),TRUE,FALSE) -> TRUE | AU11: =IF($AG11,IFERROR(0/0,""),IF(ISBLANK($F11),IF(ISBLANK($G11),IFERROR(0/0,""),2),1)) | AV11: =IF($AG11,IFERROR(0/0,""),IF(ISBLANK($I11),IF(ISBLANK($J11),IFERROR(0/0,""),2),1)) | AW11: =IF($AG11,IFERROR(0/0,""),IF(ISBLANK($U11),IF(ISBLANK($V11),IFERROR(0/0,""),2),1)) | AX11: =IF(AND($X11,$A12=$A11),1,IFERROR(0/0,"")) | BA11: =IF(AG11,IFERROR(0/0,""),IF(EXACT(UPPER(A11),A11),IFERROR(0/0,""),TRUE)) | BF11: =IF(COUNTIF(BJ$2:BJ273,BE11)>0,COUNTIF(BJ$2:BJ273,BE11),IFERROR(0/0,"")) | BG11: =IF($AG11,IFERROR(0/0,""),CONCATENATE($A11,"__",$B11,"_",$C11,"_",$D11,"_",$E11,"_",$K11,"_",$L11,"_",$M11,"_",$O11)) | BH11: =IF(ISBLANK(IFERROR(MATCH(LEFT(BG11, FIND("__",BG11)-1),BE$2:BE273,0),"")),IFERROR(0/0,""),TRUE) | BI11: AG1821__44713_0.200763888888889___Negative_44713_0.341493055555556_ | BJ11: =IFERROR(LEFT(BI11, FIND("__",BI11)-1),"") -> AG1821 | BK11: =IFERROR(AND(EXACT(BJ12,BJ11),NOT(EXACT(BJ11,BJ10))),"") -> FALSE | BL11: =IF(BK11,BJ11,IFERROR(0/0,"")) | BN11: =OR(BO11,BP11) -> FALSE | BO11: =ISBLANK($AR11) -> FALSE | BP11: =IF(TRIM($AR11)="",TRUE,FALSE) -> FALSE | BR11: DELETED | BS11: =EXACT(BR11,$AK11) -> TRUE
A12: TEST_0419-2 | B12: 44670 | C12: 0.46928241 | K12: Null | P12: =IFNA(IF(VLOOKUP($A12,'Add from APT'!$AA$2:$AC264,3,FALSE)>0,TRUE,FALSE),"ER - NOT IN APT") -> FALSE | Q12: =IF(ISLOGICAL(P12),IF(P12,"ER - REPS IN APT", IFNA(VLOOKUP($A12,RAW_APT!$A$3:$M264,7,FALSE),"ER - NOT IN APT")),P12) -> Collected | R12: =IF(EXACT($A12,$A11),FALSE,TRUE) -> FALSE | S12: =COUNTIF($A$2:$A274,$A12) -> 3 | X12: =IF(ISBLANK($U12),IF(ISBLANK($V12),FALSE,"ER - LAST ONLY"),TRUE) -> FALSE | Z12: =IF($S12>4,TRUE,IFERROR(0/0,"")) | AA12: =IF(ISBLANK($O12),FALSE,TRUE) -> FALSE | AC12: 219 | AE12: =IFERROR(IF(EXACT($L12,$B12),(TIMEVALUE($M12)-TIMEVALUE($C12))*24*60,IFERROR(0/0,"")),IFERROR(0/0,"")) | AF12: =OR(AND(NOT($AG12),IFERROR(NOT($AG13),""),EXACT($A12,$A13),NOT(EXACT(CONCATENATE($B12,$C12),CONCATENATE($B13,$C13)))),AND(NOT($AG12),IFERROR(NOT($AG11),""),EXACT($A12,$A11),NOT(EXACT(CONCATENATE($B12,$C12),CONCATENATE($B11,$C11))))) -> FALSE | AG12: =IF($AH12>0,TRUE,FALSE) -> TRUE | AH12: 2 | AK12: =IFS(AND($AJ12>=2,$AJ12<3),"Negative",AND($AJ12>=3,$AJ12<4),"Positive",AND($AJ12>=4,$AJ12<5),"Inconclusive",$AJ12=5,"MANUAL FILL",$AG12,"DELETED",TRUE,$K12) -> DELETED | AM12: DELETED | AN12: DELETED | AO12: =IFERROR(__xludf.DUMMYFUNCTION("IF($AG12, ""DELETED"",TRIM(JOIN("" "",D12:E12)))"),"DELETED") -> DELETED | AP12: =IF($AG12, "DELETED", TRIM(CONCATENATE(F12,I12,U12))) -> DELETED | AQ12: =IF($AG12, "DELETED", TRIM(CONCATENATE(G12,J12,V12))) -> DELETED | AR12: =IFERROR(__xludf.DUMMYFUNCTION("IF($AG12, ""DELETED"", TRIM(JOIN("" "",AP12,AQ12)))"),"DELETED") -> DELETED | AT12: =IF(OR($AG12,SUM($AU12:$AW12)=1),TRUE,FALSE) -> TRUE | AU12: =IF($AG12,IFERROR(0/0,""),IF(ISBLANK($F12),IF(ISBLANK($G12),IFERROR(0/0,""),2),1)) | AV12: =IF($AG12,IFERROR(0/0,""),IF(ISBLANK($I12),IF(ISBLANK($J12),IFERROR(0/0,""),2),1)) | AW12: =IF($AG12,IFERROR(0/0,""),IF(ISBLANK($U12),IF(ISBLANK($V12),IFERROR(0/0,""),2),1)) | AX12: =IF(AND($X12,$A13=$A12),1,IFERROR(0/0,"")) | BA12: =IF(AG12,IFERROR(0/0,""),IF(EXACT(UPPER(A12),A12),IFERROR(0/0,""),TRUE)) | BF12: =IF(COUNTIF(BJ$2:BJ274,BE12)>0,COUNTIF(BJ$2:BJ274,BE12),IFERROR(0/0,"")) | BG12: =IF($AG12,IFERROR(0/0,""),CONCATENATE($A12,"__",$B12,"_",$C12,"_",$D12,"_",$E12,"_",$K12,"_",$L12,"_",$M12,"_",$O12)) | BH12: =IF(ISBLANK(IFERROR(MATCH(LEFT(BG12, FIND("__",BG12)-1),BE$2:BE274,0),"")),IFERROR(0/0,""),TRUE) | BI12: AG1828__44704_0.224467592592593___Negative_44704_0.394918981481481_ | BJ12: =IFERROR(LEFT(BI12, FIND("__",BI12)-1),"") -> AG1828 | BK12: =IFERROR(AND(EXACT(BJ13,BJ12),NOT(EXACT(BJ12,BJ11))),"") -> FALSE | BL12: =IF(BK12,BJ12,IFERROR(0/0,"")) | BN12: =OR(BO12,BP12) -> FALSE | BO12: =ISBLANK($AR12) -> FALSE | BP12: =IF(TRIM($AR12)="",TRUE,FALSE) -> FALSE | BR12: DELETED | BS12: =EXACT(BR12,$AK12) -> TRUE
A13: TEST_0419-3 | B13: 44670 | C13: 0.46993056 | K13: Null | P13: =IFNA(IF(VLOOKUP($A13,'Add from APT'!$AA$2:$AC264,3,FALSE)>0,TRUE,FALSE),"ER - NOT IN APT") -> FALSE | Q13: =IF(ISLOGICAL(P13),IF(P13,"ER - REPS IN APT", IFNA(VLOOKUP($A13,RAW_APT!$A$3:$M264,7,FALSE),"ER - NOT IN APT")),P13) -> Collected | R13: =IF(EXACT($A13,$A12),FALSE,TRUE) -> TRUE | S13: =COUNTIF($A$2:$A275,$A13) -> 3 | X13: =IF(ISBLANK($U13),IF(ISBLANK($V13),FALSE,"ER - LAST ONLY"),TRUE) -> FALSE | Z13: =IF($S13>4,TRUE,IFERROR(0/0,"")) | AA13: =IF(ISBLANK($O13),FALSE,TRUE) -> FALSE | AC13: 222 | AE13: =IFERROR(IF(EXACT($L13,$B13),(TIMEVALUE($M13)-TIMEVALUE($C13))*24*60,IFERROR(0/0,"")),IFERROR(0/0,"")) | AF13: =OR(AND(NOT($AG13),IFERROR(NOT($AG14),""),EXACT($A13,$A14),NOT(EXACT(CONCATENATE($B13,$C13),CONCATENATE($B14,$C14)))),AND(NOT($AG13),IFERROR(NOT($AG12),""),EXACT($A13,$A12),NOT(EXACT(CONCATENATE($B13,$C13),CONCATENATE($B12,$C12))))) -> FALSE | AG13: =IF($AH13>0,TRUE,FALSE) -> TRUE | AH13: 2 | AK13: =IFS(AND($AJ13>=2,$AJ13<3),"Negative",AND($AJ13>=3,$AJ13<4),"Positive",AND($AJ13>=4,$AJ13<5),"Inconclusive",$AJ13=5,"MANUAL FILL",$AG13,"DELETED",TRUE,$K13) -> DELETED | AM13: DELETED | AN13: DELETED | AO13: =IFERROR(__xludf.DUMMYFUNCTION("IF($AG13, ""DELETED"",TRIM(JOIN("" "",D13:E13)))"),"DELETED") -> DELETED | AP13: =IF($AG13, "DELETED", TRIM(CONCATENATE(F13,I13,U13))) -> DELETED | AQ13: =IF($AG13, "DELETED", TRIM(CONCATENATE(G13,J13,V13))) -> DELETED | AR13: =IFERROR(__xludf.DUMMYFUNCTION("IF($AG13, ""DELETED"", TRIM(JOIN("" "",AP13,AQ13)))"),"DELETED") -> DELETED | AT13: =IF(OR($AG13,SUM($AU13:$AW13)=1),TRUE,FALSE) -> TRUE | AU13: =IF($AG13,IFERROR(0/0,""),IF(ISBLANK($F13),IF(ISBLANK($G13),IFERROR(0/0,""),2),1)) | AV13: =IF($AG13,IFERROR(0/0,""),IF(ISBLANK($I13),IF(ISBLANK($J13),IFERROR(0/0,""),2),1)) | AW13: =IF($AG13,IFERROR(0/0,""),IF(ISBLANK($U13),IF(ISBLANK($V13),IFERROR(0/0,""),2),1)) | AX13: =IF(AND($X13,$A14=$A13),1,IFERROR(0/0,"")) | BA13: =IF(AG13,IFERROR(0/0,""),IF(EXACT(UPPER(A13),A13),IFERROR(0/0,""),TRUE)) | BF13: =IF(COUNTIF(BJ$2:BJ275,BE13)>0,COUNTIF(BJ$2:BJ275,BE13),IFERROR(0/0,"")) | BG13: =IF($AG13,IFERROR(0/0,""),CONCATENATE($A13,"__",$B13,"_",$C13,"_",$D13,"_",$E13,"_",$K13,"_",$L13,"_",$M13,"_",$O13)) | BH13: =IF(ISBLANK(IFERROR(MATCH(LEFT(BG13, FIND("__",BG13)-1),BE$2:BE275,0),"")),IFERROR(0/0,""),TRUE) | BI13: AG1844__44725_0.225231481481481___Negative_44725_0.41224537037037_ | BJ13: =IFERROR(LEFT(BI13, FIND("__",BI13)-1),"") -> AG1844 | BK13: =IFERROR(AND(EXACT(BJ14,BJ13),NOT(EXACT(BJ13,BJ12))),"") -> FALSE | BL13: =IF(BK13,BJ13,IFERROR(0/0,"")) | BN13: =OR(BO13,BP13) -> FALSE | BO13: =ISBLANK($AR13) -> FALSE | BP13: =IF(TRIM($AR13)="",TRUE,FALSE) -> FALSE | BR13: DELETED | BS13: =EXACT(BR13,$AK13) -> TRUE
A14: TEST_0419-3 | B14: 44670 | C14: 0.46993056 | K14: Null | P14: =IFNA(IF(VLOOKUP($A14,'Add from APT'!$AA$2:$AC264,3,FALSE)>0,TRUE,FALSE),"ER - NOT IN APT") -> FALSE | Q14: =IF(ISLOGICAL(P14),IF(P14,"ER - REPS IN APT", IFNA(VLOOKUP($A14,RAW_APT!$A$3:$M264,7,FALSE),"ER - NOT IN APT")),P14) -> Collected | R14: =IF(EXACT($A14,$A13),FALSE,TRUE) -> FALSE | S14: =COUNTIF($A$2:$A276,$A14) -> 3 | X14: =IF(ISBLANK($U14),IF(ISBLANK($V14),FALSE,"ER - LAST ONLY"),TRUE) -> FALSE | Z14: =IF($S14>4,TRUE,IFERROR(0/0,"")) | AA14: =IF(ISBLANK($O14),FALSE,TRUE) -> FALSE | AC14: 220 | AE14: =IFERROR(IF(EXACT($L14,$B14),(TIMEVALUE($M14)-TIMEVALUE($C14))*24*60,IFERROR(0/0,"")),IFERROR(0/0,"")) | AF14: =OR(AND(NOT($AG14),IFERROR(NOT($AG15),""),EXACT($A14,$A15),NOT(EXACT(CONCATENATE($B14,$C14),CONCATENATE($B15,$C15)))),AND(NOT($AG14),IFERROR(NOT($AG13),""),EXACT($A14,$A13),NOT(EXACT(CONCATENATE($B14,$C14),CONCATENATE($B13,$C13))))) -> FALSE | AG14: =IF($AH14>0,TRUE,FALSE) -> TRUE | AH14: 2 | AK14: =IFS(AND($AJ14>=2,$AJ14<3),"Negative",AND($AJ14>=3,$AJ14<4),"Positive",AND($AJ14>=4,$AJ14<5),"Inconclusive",$AJ14=5,"MANUAL FILL",$AG14,"DELETED",TRUE,$K14) -> DELETED | AM14: DELETED | AN14: DELETED | AO14: =IFERROR(__xludf.DUMMYFUNCTION("IF($AG14, ""DELETED"",TRIM(JOIN("" "",D14:E14)))"),"DELETED") -> DELETED | AP14: =IF($AG14, "DELETED", TRIM(CONCATENATE(F14,I14,U14))) -> DELETED | AQ14: =IF($AG14, "DELETED", TRIM(CONCATENATE(G14,J14,V14))) -> DELETED | AR14: =IFERROR(__xludf.DUMMYFUNCTION("IF($AG14, ""DELETED"", TRIM(JOIN("" "",AP14,AQ14)))"),"DELETED") -> DELETED | AT14: =IF(OR($AG14,SUM($AU14:$AW14)=1),TRUE,FALSE) -> TRUE | AU14: =IF($AG14,IFERROR(0/0,""),IF(ISBLANK($F14),IF(ISBLANK($G14),IFERROR(0/0,""),2),1)) | AV14: =IF($AG14,IFERROR(0/0,""),IF(ISBLANK($I14),IF(ISBLANK($J14),IFERROR(0/0,""),2),1)) | AW14: =IF($AG14,IFERROR(0/0,""),IF(ISBLANK($U14),IF(ISBLANK($V14),IFERROR(0/0,""),2),1)) | AX14: =IF(AND($X14,$A15=$A14),1,IFERROR(0/0,"")) | BA14: =IF(AG14,IFERROR(0/0,""),IF(EXACT(UPPER(A14),A14),IFERROR(0/0,""),TRUE)) | BF14: =IF(COUNTIF(BJ$2:BJ276,BE14)>0,COUNTIF(BJ$2:BJ276,BE14),IFERROR(0/0,"")) | BG14: =IF($AG14,IFERROR(0/0,""),CONCATENATE($A14,"__",$B14,"_",$C14,"_",$D14,"_",$E14,"_",$K14,"_",$L14,"_",$M14,"_",$O14)) | BH14: =IF(ISBLANK(IFERROR(MATCH(LEFT(BG14, FIND("__",BG14)-1),BE$2:BE276,0),"")),IFERROR(0/0,""),TRUE) | BI14: AG1858__44816_0.169016203703704___Negative_44816_0.393981481481482_ | BJ14: =IFERROR(LEFT(BI14, FIND("__",BI14)-1),"") -> AG1858 | BK14: =IFERROR(AND(EXACT(BJ15,BJ14),NOT(EXACT(BJ14,BJ13))),"") -> FALSE | BL14: =IF(BK14,BJ14,IFERROR(0/0,"")) | BN14: =OR(BO14,BP14) -> FALSE | BO14: =ISBLANK($AR14) -> FALSE | BP14: =IF(TRIM($AR14)="",TRUE,FALSE) -> FALSE | BR14: DELETED | BS14: =EXACT(BR14,$AK14) -> TRUE
A15: TEST_0419-3 | B15: 44670 | C15: 0.46993056 | K15: Null | P15: =IFNA(IF(VLOOKUP($A15,'Add from APT'!$AA$2:$AC264,3,FALSE)>0,TRUE,FALSE),"ER - NOT IN APT") -> FALSE | Q15: =IF(ISLOGICAL(P15),IF(P15,"ER - REPS IN APT", IFNA(VLOOKUP($A15,RAW_APT!$A$3:$M264,7,FALSE),"ER - NOT IN APT")),P15) -> Collected | R15: =IF(EXACT($A15,$A14),FALSE,TRUE) -> FALSE | S15: =COUNTIF($A$2:$A277,$A15) -> 3 | X15: =IF(ISBLANK($U15),IF(ISBLANK($V15),FALSE,"ER - LAST ONLY"),TRUE) -> FALSE | Z15: =IF($S15>4,TRUE,IFERROR(0/0,"")) | AA15: =IF(ISBLANK($O15),FALSE,TRUE) -> FALSE | AC15: 221 | AE15: =IFERROR(IF(EXACT($L15,$B15),(TIMEVALUE($M15)-TIMEVALUE($C15))*24*60,IFERROR(0/0,"")),IFERROR(0/0,"")) | AF15: =OR(AND(NOT($AG15),IFERROR(NOT($AG16),""),EXACT($A15,$A16),NOT(EXACT(CONCATENATE($B15,$C15),CONCATENATE($B16,$C16)))),AND(NOT($AG15),IFERROR(NOT($AG14),""),EXACT($A15,$A14),NOT(EXACT(CONCATENATE($B15,$C15),CONCATENATE($B14,$C14))))) -> FALSE | AG15: =IF($AH15>0,TRUE,FALSE) -> TRUE | AH15: 2 | AK15: =IFS(AND($AJ15>=2,$AJ15<3),"Negative",AND($AJ15>=3,$AJ15<4),"Positive",AND($AJ15>=4,$AJ15<5),"Inconclusive",$AJ15=5,"MANUAL FILL",$AG15,"DELETED",TRUE,$K15) -> DELETED | AM15: DELETED | AN15: DELETED | AO15: =IFERROR(__xludf.DUMMYFUNCTION("IF($AG15, ""DELETED"",TRIM(JOIN("" "",D15:E15)))"),"DELETED") -> DELETED | AP15: =IF($AG15, "DELETED", TRIM(CONCATENATE(F15,I15,U15))) -> DELETED | AQ15: =IF($AG15, "DELETED", TRIM(CONCATENATE(G15,J15,V15))) -> DELETED | AR15: =IFERROR(__xludf.DUMMYFUNCTION("IF($AG15, ""DELETED"", TRIM(JOIN("" "",AP15,AQ15)))"),"DELETED") -> DELETED | AT15: =IF(OR($AG15,SUM($AU15:$AW15)=1),TRUE,FALSE) -> TRUE | AU15: =IF($AG15,IFERROR(0/0,""),IF(ISBLANK($F15),IF(ISBLANK($G15),IFERROR(0/0,""),2),1)) | AV15: =IF($AG15,IFERROR(0/0,""),IF(ISBLANK($I15),IF(ISBLANK($J15),IFERROR(0/0,""),2),1)) | AW15: =IF($AG15,IFERROR(0/0,""),IF(ISBLANK($U15),IF(ISBLANK($V15),IFERROR(0/0,""),2),1)) | AX15: =IF(AND($X15,$A16=$A15),1,IFERROR(0/0,"")) | BA15: =IF(AG15,IFERROR(0/0,""),IF(EXACT(UPPER(A15),A15),IFERROR(0/0,""),TRUE)) | BF15: =IF(COUNTIF(BJ$2:BJ277,BE15)>0,COUNTIF(BJ$2:BJ277,BE15),IFERROR(0/0,"")) | BG15: =IF($AG15,IFERROR(0/0,""),CONCATENATE($A15,"__",$B15,"_",$C15,"_",$D15,"_",$E15,"_",$K15,"_",$L15,"_",$M15,"_",$O15)) | BH15: =IF(ISBLANK(IFERROR(MATCH(LEFT(BG15, FIND("__",BG15)-1),BE$2:BE277,0),"")),IFERROR(0/0,""),TRUE) | BI15: AG1866__44683_0.384201388888889___Negative_44683_0.637395833333333_ | BJ15: =IFERROR(LEFT(BI15, FIND("__",BI15)-1),"") -> AG1866 | BK15: =IFERROR(AND(EXACT(BJ16,BJ15),NOT(EXACT(BJ15,BJ14))),"") -> FALSE | BL15: =IF(BK15,BJ15,IFERROR(0/0,"")) | BN15: =OR(BO15,BP15) -> FALSE | BO15: =ISBLANK($AR15) -> FALSE | BP15: =IF(TRIM($AR15)="",TRUE,FALSE) -> FALSE | BR15: DELETED | BS15: =EXACT(BR15,$AK15) -> TRUE
A16: AJ8406 | B16: 44670 | C16: 0.48736111 | K16: Negative | L16: 44670 | M16: 0.50042824 | P16: =IFNA(IF(VLOOKUP($A16,'Add from APT'!$AA$2:$AC264,3,FALSE)>0,TRUE,FALSE),"ER - NOT IN APT") -> FALSE | Q16: =IF(ISLOGICAL(P16),IF(P16,"ER - REPS IN APT", IFNA(VLOOKUP($A16,RAW_APT!$A$3:$M264,7,FALSE),"ER - NOT IN APT")),P16) -> Result | R16: =IF(EXACT($A16,$A15),FALSE,TRUE) -> TRUE | S16: =COUNTIF($A$2:$A278,$A16) -> 4 | X16: =IF(ISBLANK($U16),IF(ISBLANK($V16),FALSE,"ER - LAST ONLY"),TRUE) -> FALSE | Z16: =IF($S16>4,TRUE,IFERROR(0/0,"")) | AA16: =IF(ISBLANK($O16),FALSE,TRUE) -> FALSE | AC16: 225 | AE16: =IFERROR(IF(EXACT($L16,$B16),(TIMEVALUE($M16)-TIMEVALUE($C16))*24*60,IFERROR(0/0,"")),IFERROR(0/0,"")) -> 18.816667 | AF16: =OR(AND(NOT($AG16),IFERROR(NOT($AG17),""),EXACT($A16,$A17),NOT(EXACT(CONCATENATE($B16,$C16),CONCATENATE($B17,$C17)))),AND(NOT($AG16),IFERROR(NOT($AG15),""),EXACT($A16,$A15),NOT(EXACT(CONCATENATE($B16,$C16),CONCATENATE($B15,$C15))))) -> FALSE | AG16: =IF($AH16>0,TRUE,FALSE) -> TRUE | AH16: 2 | AK16: =IFS(AND($AJ16>=2,$AJ16<3),"Negative",AND($AJ16>=3,$AJ16<4),"Positive",AND($AJ16>=4,$AJ16<5),"Inconclusive",$AJ16=5,"MANUAL FILL",$AG16,"DELETED",TRUE,$K16) -> DELETED | AM16: DELETED | AN16: DELETED | AO16: =IFERROR(__xludf.DUMMYFUNCTION("IF($AG16, ""DELETED"",TRIM(JOIN("" "",D16:E16)))"),"DELETED") -> DELETED | AP16: =IF($AG16, "DELETED", TRIM(CONCATENATE(F16,I16,U16))) -> DELETED | AQ16: =IF($AG16, "DELETED", TRIM(CONCATENATE(G16,J16,V16))) -> DELETED | AR16: =IFERROR(__xludf.DUMMYFUNCTION("IF($AG16, ""DELETED"", TRIM(JOIN("" "",AP16,AQ16)))"),"DELETED") -> DELETED | AT16: =IF(OR($AG16,SUM($AU16:$AW16)=1),TRUE,FALSE) -> TRUE | AU16: =IF($AG16,IFERROR(0/0,""),IF(ISBLANK($F16),IF(ISBLANK($G16),IFERROR(0/0,""),2),1)) | AV16: =IF($AG16,IFERROR(0/0,""),IF(ISBLANK($I16),IF(ISBLANK($J16),IFERROR(0/0,""),2),1)) | AW16: =IF($AG16,IFERROR(0/0,""),IF(ISBLANK($U16),IF(ISBLANK($V16),IFERROR(0/0,""),2),1)) | AX16: =IF(AND($X16,$A17=$A16),1,IFERROR(0/0,"")) | BA16: =IF(AG16,IFERROR(0/0,""),IF(EXACT(UPPER(A16),A16),IFERROR(0/0,""),TRUE)) | BF16: =IF(COUNTIF(BJ$2:BJ278,BE16)>0,COUNTIF(BJ$2:BJ278,BE16),IFERROR(0/0,"")) | BG16: =IF($AG16,IFERROR(0/0,""),CONCATENATE($A16,"__",$B16,"_",$C16,"_",$D16,"_",$E16,"_",$K16,"_",$L16,"_",$M16,"_",$O16)) | BH16: =IF(ISBLANK(IFERROR(MATCH(LEFT(BG16, FIND("__",BG16)-1),BE$2:BE278,0),"")),IFERROR(0/0,""),TRUE) | BI16: AG213__44683_0.238263888888889___Negative_44683_0.357824074074074_ | BJ16: =IFERROR(LEFT(BI16, FIND("__",BI16)-1),"") -> AG213 | BK16: =IFERROR(AND(EXACT(BJ17,BJ16),NOT(EXACT(BJ16,BJ15))),"") -> FALSE | BL16: =IF(BK16,BJ16,IFERROR(0/0,"")) | BN16: =OR(BO16,BP16) -> FALSE | BO16: =ISBLANK($AR16) -> FALSE | BP16: =IF(TRIM($AR16)="",TRUE,FALSE) -> FALSE | BR16: DELETED | BS16: =EXACT(BR16,$AK16) -> TRUE
A17: AJ8406 | B17: 44670 | C17: 0.48736111 | K17: Negative | L17: 44670 | M17: 0.50042824 | P17: =IFNA(IF(VLOOKUP($A17,'Add from APT'!$AA$2:$AC264,3,FALSE)>0,TRUE,FALSE),"ER - NOT IN APT") -> FALSE | Q17: =IF(ISLOGICAL(P17),IF(P17,"ER - REPS IN APT", IFNA(VLOOKUP($A17,RAW_APT!$A$3:$M264,7,FALSE),"ER - NOT IN APT")),P17) -> Result | R17: =IF(EXACT($A17,$A16),FALSE,TRUE) -> FALSE | S17: =COUNTIF($A$2:$A279,$A17) -> 4 | X17: =IF(ISBLANK($U17),IF(ISBLANK($V17),FALSE,"ER - LAST ONLY"),TRUE) -> FALSE | Z17: =IF($S17>4,TRUE,IFERROR(0/0,"")) | AA17: =IF(ISBLANK($O17),FALSE,TRUE) -> FALSE | AC17: 224 | AE17: =IFERROR(IF(EXACT($L17,$B17),(TIMEVALUE($M17)-TIMEVALUE($C17))*24*60,IFERROR(0/0,"")),IFERROR(0/0,"")) -> 18.816667 | AF17: =OR(AND(NOT($AG17),IFERROR(NOT($AG18),""),EXACT($A17,$A18),NOT(EXACT(CONCATENATE($B17,$C17),CONCATENATE($B18,$C18)))),AND(NOT($AG17),IFERROR(NOT($AG16),""),EXACT($A17,$A16),NOT(EXACT(CONCATENATE($B17,$C17),CONCATENATE($B16,$C16))))) -> FALSE | AG17: =IF($AH17>0,TRUE,FALSE) -> TRUE | AH17: 2 | AK17: =IFS(AND($AJ17>=2,$AJ17<3),"Negative",AND($AJ17>=3,$AJ17<4),"Positive",AND($AJ17>=4,$AJ17<5),"Inconclusive",$AJ17=5,"MANUAL FILL",$AG17,"DELETED",TRUE,$K17) -> DELETED | AM17: DELETED | AN17: DELETED | AO17: =IFERROR(__xludf.DUMMYFUNCTION("IF($AG17, ""DELETED"",TRIM(JOIN("" "",D17:E17)))"),"DELETED") -> DELETED | AP17: =IF($AG17, "DELETED", TRIM(CONCATENATE(F17,I17,U17))) -> DELETED | AQ17: =IF($AG17, "DELETED", TRIM(CONCATENATE(G17,J17,V17))) -> DELETED | AR17: =IFERROR(__xludf.DUMMYFUNCTION("IF($AG17, ""DELETED"", TRIM(JOIN("" "",AP17,AQ17)))"),"DELETED") -> DELETED | AT17: =IF(OR($AG17,SUM($AU17:$AW17)=1),TRUE,FALSE) -> TRUE | AU17: =IF($AG17,IFERROR(0/0,""),IF(ISBLANK($F17),IF(ISBLANK($G17),IFERROR(0/0,""),2),1)) | AV17: =IF($AG17,IFERROR(0/0,""),IF(ISBLANK($I17),IF(ISBLANK($J17),IFERROR(0/0,""),2),1)) | AW17: =IF($AG17,IFERROR(0/0,""),IF(ISBLANK($U17),IF(ISBLANK($V17),IFERROR(0/0,""),2),1)) | AX17: =IF(AND($X17,$A18=$A17),1,IFERROR(0/0,"")) | BA17: =IF(AG17,IFERROR(0/0,""),IF(EXACT(UPPER(A17),A17),IFERROR(0/0,""),TRUE)) | BF17: =IF(COUNTIF(BJ$2:BJ279,BE17)>0,COUNTIF(BJ$2:BJ279,BE17),IFERROR(0/0,"")) | BG17: =IF($AG17,IFERROR(0/0,""),CONCATENATE($A17,"__",$B17,"_",$C17,"_",$D17,"_",$E17,"_",$K17,"_",$L17,"_",$M17,"_",$O17)) | BH17: =IF(ISBLANK(IFERROR(MATCH(LEFT(BG17, FIND("__",BG17)-1),BE$2:BE279,0),"")),IFERROR(0/0,""),TRUE) | BI17: AG2159__44697_0.322152777777778___Negative_44697_0.361122685185185_ | BJ17: =IFERROR(LEFT(BI17, FIND("__",BI17)-1),"") -> AG2159 | BK17: =IFERROR(AND(EXACT(#REF!,BJ17),NOT(EXACT(BJ17,BJ16))),"") | BL17: =IF(BK17,BJ17,IFERROR(0/0,"")) | BN17: =OR(BO17,BP17) -> FALSE | BO17: =ISBLANK($AR17) -> FALSE | BP17: =IF(TRIM($AR17)="",TRUE,FALSE) -> FALSE | BR17: DELETED | BS17: =EXACT(BR17,$AK17) -> TRUE
A18: AJ8406 | B18: 44670 | C18: 0.48736111 | K18: Negative | L18: 44670 | M18: 0.50042824 | P18: =IFNA(IF(VLOOKUP($A18,'Add from APT'!$AA$2:$AC264,3,FALSE)>0,TRUE,FALSE),"ER - NOT IN APT") -> FALSE | Q18: =IF(ISLOGICAL(P18),IF(P18,"ER - REPS IN APT", IFNA(VLOOKUP($A18,RAW_APT!$A$3:$M264,7,FALSE),"ER - NOT IN APT")),P18) -> Result | R18: =IF(EXACT($A18,$A17),FALSE,TRUE) -> FALSE | S18: =COUNTIF($A$2:$A280,$A18) -> 4 | X18: =IF(ISBLANK($U18),IF(ISBLANK($V18),FALSE,"ER - LAST ONLY"),TRUE) -> FALSE | Z18: =IF($S18>4,TRUE,IFERROR(0/0,"")) | AA18: =IF(ISBLANK($O18),FALSE,TRUE) -> FALSE | AC18: 223 | AE18: =IFERROR(IF(EXACT($L18,$B18),(TIMEVALUE($M18)-TIMEVALUE($C18))*24*60,IFERROR(0/0,"")),IFERROR(0/0,"")) -> 18.816667 | AF18: =OR(AND(NOT($AG18),IFERROR(NOT($AG19),""),EXACT($A18,$A19),NOT(EXACT(CONCATENATE($B18,$C18),CONCATENATE($B19,$C19)))),AND(NOT($AG18),IFERROR(NOT($AG17),""),EXACT($A18,$A17),NOT(EXACT(CONCATENATE($B18,$C18),CONCATENATE($B17,$C17))))) -> FALSE | AG18: =IF($AH18>0,TRUE,FALSE) -> TRUE | AH18: 2 | AK18: =IFS(AND($AJ18>=2,$AJ18<3),"Negative",AND($AJ18>=3,$AJ18<4),"Positive",AND($AJ18>=4,$AJ18<5),"Inconclusive",$AJ18=5,"MANUAL FILL",$AG18,"DELETED",TRUE,$K18) -> DELETED | AM18: DELETED | AN18: DELETED | AO18: =IFERROR(__xludf.DUMMYFUNCTION("IF($AG18, ""DELETED"",TRIM(JOIN("" "",D18:E18)))"),"DELETED") -> DELETED | AP18: =IF($AG18, "DELETED", TRIM(CONCATENATE(F18,I18,U18))) -> DELETED | AQ18: =IF($AG18, "DELETED", TRIM(CONCATENATE(G18,J18,V18))) -> DELETED | AR18: =IFERROR(__xludf.DUMMYFUNCTION("IF($AG18, ""DELETED"", TRIM(JOIN("" "",AP18,AQ18)))"),"DELETED") -> DELETED | AT18: =IF(OR($AG18,SUM($AU18:$AW18)=1),TRUE,FALSE) -> TRUE | AU18: =IF($AG18,IFERROR(0/0,""),IF(ISBLANK($F18),IF(ISBLANK($G18),IFERROR(0/0,""),2),1)) | AV18: =IF($AG18,IFERROR(0/0,""),IF(ISBLANK($I18),IF(ISBLANK($J18),IFERROR(0/0,""),2),1)) | AW18: =IF($AG18,IFERROR(0/0,""),IF(ISBLANK($U18),IF(ISBLANK($V18),IFERROR(0/0,""),2),1)) | AX18: =IF(AND($X18,$A19=$A18),1,IFERROR(0/0,"")) | BA18: =IF(AG18,IFERROR(0/0,""),IF(EXACT(UPPER(A18),A18),IFERROR(0/0,""),TRUE)) | BF18: =IF(COUNTIF(BJ$2:BJ280,BE18)>0,COUNTIF(BJ$2:BJ280,BE18),IFERROR(0/0,"")) | BG18: =IF($AG18,IFERROR(0/0,""),CONCATENATE($A18,"__",$B18,"_",$C18,"_",$D18,"_",$E18,"_",$K18,"_",$L18,"_",$M18,"_",$O18)) | BH18: =IF(ISBLANK(IFERROR(MATCH(LEFT(BG18, FIND("__",BG18)-1),BE$2:BE280,0),"")),IFERROR(0/0,""),TRUE) | BI18: AG2164__44683_0.258171296296296___Negative_44683_0.357824074074074_ | BJ18: =IFERROR(LEFT(BI18, FIND("__",BI18)-1),"") -> AG2164 | BK18: =IFERROR(AND(EXACT(BJ19,BJ18),NOT(EXACT(BJ18,#REF!))),"") | BL18: =IF(BK18,BJ18,IFERROR(0/0,"")) | BN18: =OR(BO18,BP18) -> FALSE | BO18: =ISBLANK($AR18) -> FALSE | BP18: =IF(TRIM($AR18)="",TRUE,FALSE) -> FALSE | BR18: DELETED | BS18: =EXACT(BR18,$AK18) -> TRUE
A19: AJ8406 | B19: 44670 | C19: 0.48736111 | K19: Negative | L19: 44670 | M19: 0.50042824 | P19: =IFNA(IF(VLOOKUP($A19,'Add from APT'!$AA$2:$AC264,3,FALSE)>0,TRUE,FALSE),"ER - NOT IN APT") -> FALSE | Q19: =IF(ISLOGICAL(P19),IF(P19,"ER - REPS IN APT", IFNA(VLOOKUP($A19,RAW_APT!$A$3:$M264,7,FALSE),"ER - NOT IN APT")),P19) -> Result | R19: =IF(EXACT($A19,$A18),FALSE,TRUE) -> FALSE | S19: =COUNTIF($A$2:$A281,$A19) -> 4 | X19: =IF(ISBLANK($U19),IF(ISBLANK($V19),FALSE,"ER - LAST ONLY"),TRUE) -> FALSE | Z19: =IF($S19>4,TRUE,IFERROR(0/0,"")) | AA19: =IF(ISBLANK($O19),FALSE,TRUE) -> FALSE | AC19: 226 | AE19: =IFERROR(IF(EXACT($L19,$B19),(TIMEVALUE($M19)-TIMEVALUE($C19))*24*60,IFERROR(0/0,"")),IFERROR(0/0,"")) -> 18.816667 | AF19: =OR(AND(NOT($AG19),IFERROR(NOT($AG20),""),EXACT($A19,$A20),NOT(EXACT(CONCATENATE($B19,$C19),CONCATENATE($B20,$C20)))),AND(NOT($AG19),IFERROR(NOT($AG18),""),EXACT($A19,$A18),NOT(EXACT(CONCATENATE($B19,$C19),CONCATENATE($B18,$C18))))) -> FALSE | AG19: =IF($AH19>0,TRUE,FALSE) -> TRUE | AH19: 2 | AK19: =IFS(AND($AJ19>=2,$AJ19<3),"Negative",AND($AJ19>=3,$AJ19<4),"Positive",AND($AJ19>=4,$AJ19<5),"Inconclusive",$AJ19=5,"MANUAL FILL",$AG19,"DELETED",TRUE,$K19) -> DELETED | AM19: DELETED | AN19: DELETED | AO19: =IFERROR(__xludf.DUMMYFUNCTION("IF($AG19, ""DELETED"",TRIM(JOIN("" "",D19:E19)))"),"DELETED") -> DELETED | AP19: =IF($AG19, "DELETED", TRIM(CONCATENATE(F19,I19,U19))) -> DELETED | AQ19: =IF($AG19, "DELETED", TRIM(CONCATENATE(G19,J19,V19))) -> DELETED | AR19: =IFERROR(__xludf.DUMMYFUNCTION("IF($AG19, ""DELETED"", TRIM(JOIN("" "",AP19,AQ19)))"),"DELETED") -> DELETED | AT19: =IF(OR($AG19,SUM($AU19:$AW19)=1),TRUE,FALSE) -> TRUE | AU19: =IF($AG19,IFERROR(0/0,""),IF(ISBLANK($F19),IF(ISBLANK($G19),IFERROR(0/0,""),2),1)) | AV19: =IF($AG19,IFERROR(0/0,""),IF(ISBLANK($I19),IF(ISBLANK($J19),IFERROR(0/0,""),2),1)) | AW19: =IF($AG19,IFERROR(0/0,""),IF(ISBLANK($U19),IF(ISBLANK($V19),IFERROR(0/0,""),2),1)) | AX19: =IF(AND($X19,$A20=$A19),1,IFERROR(0/0,"")) | BA19: =IF(AG19,IFERROR(0/0,""),IF(EXACT(UPPER(A19),A19),IFERROR(0/0,""),TRUE)) | BF19: =IF(COUNTIF(BJ$2:BJ281,BE19)>0,COUNTIF(BJ$2:BJ281,BE19),IFERROR(0/0,"")) | BG19: =IF($AG19,IFERROR(0/0,""),CONCATENATE($A19,"__",$B19,"_",$C19,"_",$D19,"_",$E19,"_",$K19,"_",$L19,"_",$M19,"_",$O19)) | BH19: =IF(ISBLANK(IFERROR(MATCH(LEFT(BG19, FIND("__",BG19)-1),BE$2:BE281,0),"")),IFERROR(0/0,""),TRUE) | BI19: AG2202__44718_0.299803240740741___Negative_44718_0.364988425925926_ | BJ19: =IFERROR(LEFT(BI19, FIND("__",BI19)-1),"") -> AG2202 | BK19: =IFERROR(AND(EXACT(BJ20,BJ19),NOT(EXACT(BJ19,BJ18))),"") -> FALSE | BL19: =IF(BK19,BJ19,IFERROR(0/0,"")) | BN19: =OR(BO19,BP19) -> FALSE | BO19: =ISBLANK($AR19) -> FALSE | BP19: =IF(TRIM($AR19)="",TRUE,FALSE) -> FALSE | BR19: DELETED | BS19: =EXACT(BR19,$AK19) -> TRUE
A20: AG1726 | B20: 44676 | C20: 0.35188657 | K20: Negative | L20: 44683 | M20: 0.3578125 | P20: =IFNA(IF(VLOOKUP($A20,'Add from APT'!$AA$2:$AC264,3,FALSE)>0,TRUE,FALSE),"ER - NOT IN APT") -> FALSE | Q20: =IF(ISLOGICAL(P20),IF(P20,"ER - REPS IN APT", IFNA(VLOOKUP($A20,RAW_APT!$A$3:$M264,7,FALSE),"ER - NOT IN APT")),P20) -> Result | R20: =IF(EXACT($A20,$A19),FALSE,TRUE) -> TRUE | S20: =COUNTIF($A$2:$A282,$A20) -> 1 | X20: =IF(ISBLANK($U20),IF(ISBLANK($V20),FALSE,"ER - LAST ONLY"),TRUE) -> FALSE | Z20: =IF($S20>4,TRUE,IFERROR(0/0,"")) | AA20: =IF(ISBLANK($O20),FALSE,TRUE) -> FALSE | AC20: 212 | AE20: =IFERROR(IF(EXACT($L20,$B20),(TIMEVALUE($M20)-TIMEVALUE($C20))*24*60,IFERROR(0/0,"")),IFERROR(0/0,"")) | AF20: =OR(AND(NOT($AG20),IFERROR(NOT($AG21),""),EXACT($A20,$A21),NOT(EXACT(CONCATENATE($B20,$C20),CONCATENATE($B21,$C21)))),AND(NOT($AG20),IFERROR(NOT($AG19),""),EXACT($A20,$A19),NOT(EXACT(CONCATENATE($B20,$C20),CONCATENATE($B19,$C19))))) -> FALSE | AG20: =IF($AH20>0,TRUE,FALSE) -> TRUE | AH20: 2 | AK20: =IFS(AND($AJ20>=2,$AJ20<3),"Negative",AND($AJ20>=3,$AJ20<4),"Positive",AND($AJ20>=4,$AJ20<5),"Inconclusive",$AJ20=5,"MANUAL FILL",$AG20,"DELETED",TRUE,$K20) -> DELETED | AM20: DELETED | AN20: DELETED | AO20: =IFERROR(__xludf.DUMMYFUNCTION("IF($AG20, ""DELETED"",TRIM(JOIN("" "",D20:E20)))"),"DELETED") -> DELETED | AP20: =IF($AG20, "DELETED", TRIM(CONCATENATE(F20,I20,U20))) -> DELETED | AQ20: =IF($AG20, "DELETED", TRIM(CONCATENATE(G20,J20,V20))) -> DELETED | AR20: =IFERROR(__xludf.DUMMYFUNCTION("IF($AG20, ""DELETED"", TRIM(JOIN("" "",AP20,AQ20)))"),"DELETED") -> DELETED | AT20: =IF(OR($AG20,SUM($AU20:$AW20)=1),TRUE,FALSE) -> TRUE | AU20: =IF($AG20,IFERROR(0/0,""),IF(ISBLANK($F20),IF(ISBLANK($G20),IFERROR(0/0,""),2),1)) | AV20: =IF($AG20,IFERROR(0/0,""),IF(ISBLANK($I20),IF(ISBLANK($J20),IFERROR(0/0,""),2),1)) | AW20: =IF($AG20,IFERROR(0/0,""),IF(ISBLANK($U20),IF(ISBLANK($V20),IFERROR(0/0,""),2),1)) | AX20: =IF(AND($X20,$A21=$A20),1,IFERROR(0/0,"")) | BA20: =IF(AG20,IFERROR(0/0,""),IF(EXACT(UPPER(A20),A20),IFERROR(0/0,""),TRUE)) | BF20: =IF(COUNTIF(BJ$2:BJ282,BE20)>0,COUNTIF(BJ$2:BJ282,BE20),IFERROR(0/0,"")) | BG20: =IF($AG20,IFERROR(0/0,""),CONCATENATE($A20,"__",$B20,"_",$C20,"_",$D20,"_",$E20,"_",$K20,"_",$L20,"_",$M20,"_",$O20)) | BH20: =IF(ISBLANK(IFERROR(MATCH(LEFT(BG20, FIND("__",BG20)-1),BE$2:BE282,0),"")),IFERROR(0/0,""),TRUE) | BI20: AG2246__44713_0.208599537037037___Negative_44713_0.34150462962963_ | BJ20: =IFERROR(LEFT(BI20, FIND("__",BI20)-1),"") -> AG2246 | BK20: =IFERROR(AND(EXACT(BJ21,BJ20),NOT(EXACT(BJ20,BJ19))),"") -> FALSE | BL20: =IF(BK20,BJ20,IFERROR(0/0,"")) | BN20: =OR(BO20,BP20) -> FALSE | BO20: =ISBLANK($AR20) -> FALSE | BP20: =IF(TRIM($AR20)="",TRUE,FALSE) -> FALSE | BR20: DELETED | BS20: =EXACT(BR20,$AK20) -> TRUE
A21: AH6926 | B21: 44676 | C21: 0.35700231 | K21: Negative | L21: 44676 | M21: 0.44262731 | P21: =IFNA(IF(VLOOKUP($A21,'Add from APT'!$AA$2:$AC264,3,FALSE)>0,TRUE,FALSE),"ER - NOT IN APT") -> FALSE | Q21: =IF(ISLOGICAL(P21),IF(P21,"ER - REPS IN APT", IFNA(VLOOKUP($A21,RAW_APT!$A$3:$M264,7,FALSE),"ER - NOT IN APT")),P21) -> Result | R21: =IF(EXACT($A21,$A20),FALSE,TRUE) -> TRUE | S21: =COUNTIF($A$2:$A283,$A21) -> 1 | X21: =IF(ISBLANK($U21),IF(ISBLANK($V21),FALSE,"ER - LAST ONLY"),TRUE) -> FALSE | Z21: =IF($S21>4,TRUE,IFERROR(0/0,"")) | AA21: =IF(ISBLANK($O21),FALSE,TRUE) -> FALSE | AC21: 213 | AE21: =IFERROR(IF(EXACT($L21,$B21),(TIMEVALUE($M21)-TIMEVALUE($C21))*24*60,IFERROR(0/0,"")),IFERROR(0/0,"")) -> 123.3 | AF21: =OR(AND(NOT($AG21),IFERROR(NOT($AG22),""),EXACT($A21,$A22),NOT(EXACT(CONCATENATE($B21,$C21),CONCATENATE($B22,$C22)))),AND(NOT($AG21),IFERROR(NOT($AG20),""),EXACT($A21,$A20),NOT(EXACT(CONCATENATE($B21,$C21),CONCATENATE($B20,$C20))))) -> FALSE | AG21: =IF($AH21>0,TRUE,FALSE) -> TRUE | AH21: 2 | AK21: =IFS(AND($AJ21>=2,$AJ21<3),"Negative",AND($AJ21>=3,$AJ21<4),"Positive",AND($AJ21>=4,$AJ21<5),"Inconclusive",$AJ21=5,"MANUAL FILL",$AG21,"DELETED",TRUE,$K21) -> DELETED | AM21: DELETED | AN21: DELETED | AO21: =IFERROR(__xludf.DUMMYFUNCTION("IF($AG21, ""DELETED"",TRIM(JOIN("" "",D21:E21)))"),"DELETED") -> DELETED | AP21: =IF($AG21, "DELETED", TRIM(CONCATENATE(F21,I21,U21))) -> DELETED | AQ21: =IF($AG21, "DELETED", TRIM(CONCATENATE(G21,J21,V21))) -> DELETED | AR21: =IFERROR(__xludf.DUMMYFUNCTION("IF($AG21, ""DELETED"", TRIM(JOIN("" "",AP21,AQ21)))"),"DELETED") -> DELETED | AT21: =IF(OR($AG21,SUM($AU21:$AW21)=1),TRUE,FALSE) -> TRUE | AU21: =IF($AG21,IFERROR(0/0,""),IF(ISBLANK($F21),IF(ISBLANK($G21),IFERROR(0/0,""),2),1)) | AV21: =IF($AG21,IFERROR(0/0,""),IF(ISBLANK($I21),IF(ISBLANK($J21),IFERROR(0/0,""),2),1)) | AW21: =IF($AG21,IFERROR(0/0,""),IF(ISBLANK($U21),IF(ISBLANK($V21),IFERROR(0/0,""),2),1)) | AX21: =IF(AND($X21,$A22=$A21),1,IFERROR(0/0,"")) | BA21: =IF(AG21,IFERROR(0/0,""),IF(EXACT(UPPER(A21),A21),IFERROR(0/0,""),TRUE)) | BF21: =IF(COUNTIF(BJ$2:BJ283,BE21)>0,COUNTIF(BJ$2:BJ283,BE21),IFERROR(0/0,"")) | BG21: =IF($AG21,IFERROR(0/0,""),CONCATENATE($A21,"__",$B21,"_",$C21,"_",$D21,"_",$E21,"_",$K21,"_",$L21,"_",$M21,"_",$O21)) | BH21: =IF(ISBLANK(IFERROR(MATCH(LEFT(BG21, FIND("__",BG21)-1),BE$2:BE283,0),"")),IFERROR(0/0,""),TRUE) | BI21: AG252__44683_0.239907407407407___Negative_44683_0.357824074074074_ | BJ21: =IFERROR(LEFT(BI21, FIND("__",BI21)-1),"") -> AG252 | BK21: =IFERROR(AND(EXACT(BJ22,BJ21),NOT(EXACT(BJ21,BJ20))),"") -> FALSE | BL21: =IF(BK21,BJ21,IFERROR(0/0,"")) | BN21: =OR(BO21,BP21) -> FALSE | BO21: =ISBLANK($AR21) -> FALSE | BP21: =IF(TRIM($AR21)="",TRUE,FALSE) -> FALSE | BR21: DELETED | BS21: =EXACT(BR21,$AK21) -> TRUE
A22: AH9005 | B22: 44678 | C22: 0.61618056 | K22: Negative | L22: 44678 | M22: 0.6284375 | P22: =IFNA(IF(VLOOKUP($A22,'Add from APT'!$AA$2:$AC264,3,FALSE)>0,TRUE,FALSE),"ER - NOT IN APT") -> FALSE | Q22: =IF(ISLOGICAL(P22),IF(P22,"ER - REPS IN APT", IFNA(VLOOKUP($A22,RAW_APT!$A$3:$M264,7,FALSE),"ER - NOT IN APT")),P22) -> Result | R22: =IF(EXACT($A22,$A21),FALSE,TRUE) -> TRUE | S22: =COUNTIF($A$2:$A284,$A22) -> 1 | X22: =IF(ISBLANK($U22),IF(ISBLANK($V22),FALSE,"ER - LAST ONLY"),TRUE) -> FALSE | Z22: =IF($S22>4,TRUE,IFERROR(0/0,"")) | AA22: =IF(ISBLANK($O22),FALSE,TRUE) -> FALSE | AC22: 198 | AE22: =IFERROR(IF(EXACT($L22,$B22),(TIMEVALUE($M22)-TIMEVALUE($C22))*24*60,IFERROR(0/0,"")),IFERROR(0/0,"")) -> 17.65 | AF22: =OR(AND(NOT($AG22),IFERROR(NOT($AG23),""),EXACT($A22,$A23),NOT(EXACT(CONCATENATE($B22,$C22),CONCATENATE($B23,$C23)))),AND(NOT($AG22),IFERROR(NOT($AG21),""),EXACT($A22,$A21),NOT(EXACT(CONCATENATE($B22,$C22),CONCATENATE($B21,$C21))))) -> FALSE | AG22: =IF($AH22>0,TRUE,FALSE) -> TRUE | AH22: 1 | AK22: =IFS(AND($AJ22>=2,$AJ22<3),"Negative",AND($AJ22>=3,$AJ22<4),"Positive",AND($AJ22>=4,$AJ22<5),"Inconclusive",$AJ22=5,"MANUAL FILL",$AG22,"DELETED",TRUE,$K22) -> DELETED | AM22: DELETED | AN22: DELETED | AO22: =IFERROR(__xludf.DUMMYFUNCTION("IF($AG22, ""DELETED"",TRIM(JOIN("" "",D22:E22)))"),"DELETED") -> DELETED | AP22: =IF($AG22, "DELETED", TRIM(CONCATENATE(F22,I22,U22))) -> DELETED | AQ22: =IF($AG22, "DELETED", TRIM(CONCATENATE(G22,J22,V22))) -> DELETED | AR22: =IFERROR(__xludf.DUMMYFUNCTION("IF($AG22, ""DELETED"", TRIM(JOIN("" "",AP22,AQ22)))"),"DELETED") -> DELETED | AT22: =IF(OR($AG22,SUM($AU22:$AW22)=1),TRUE,FALSE) -> TRUE | AU22: =IF($AG22,IFERROR(0/0,""),IF(ISBLANK($F22),IF(ISBLANK($G22),IFERROR(0/0,""),2),1)) | AV22: =IF($AG22,IFERROR(0/0,""),IF(ISBLANK($I22),IF(ISBLANK($J22),IFERROR(0/0,""),2),1)) | AW22: =IF($AG22,IFERROR(0/0,""),IF(ISBLANK($U22),IF(ISBLANK($V22),IFERROR(0/0,""),2),1)) | AX22: =IF(AND($X22,$A23=$A22),1,IFERROR(0/0,"")) | BA22: =IF(AG22,IFERROR(0/0,""),IF(EXACT(UPPER(A22),A22),IFERROR(0/0,""),TRUE)) | BF22: =IF(COUNTIF(BJ$2:BJ284,BE22)>0,COUNTIF(BJ$2:BJ284,BE22),IFERROR(0/0,"")) | BG22: =IF($AG22,IFERROR(0/0,""),CONCATENATE($A22,"__",$B22,"_",$C22,"_",$D22,"_",$E22,"_",$K22,"_",$L22,"_",$M22,"_",$O22)) | BH22: =IF(ISBLANK(IFERROR(MATCH(LEFT(BG22, FIND("__",BG22)-1),BE$2:BE284,0),"")),IFERROR(0/0,""),TRUE) | BI22: AG256__44713_0.272789351851852___Negative_44713_0.34150462962963_ | BJ22: =IFERROR(LEFT(BI22, FIND("__",BI22)-1),"") -> AG256 | BK22: =IFERROR(AND(EXACT(BJ23,BJ22),NOT(EXACT(BJ22,BJ21))),"") -> FALSE | BL22: =IF(BK22,BJ22,IFERROR(0/0,"")) | BN22: =OR(BO22,BP22) -> FALSE | BO22: =ISBLANK($AR22) -> FALSE | BP22: =IF(TRIM($AR22)="",TRUE,FALSE) -> FALSE | BR22: DELETED | BS22: =EXACT(BR22,$AK22) -> TRUE
A23: AG307 | B23: 44678 | C23: 0.61634259 | K23: Negative | L23: 44678 | M23: 0.6284375 | P23: =IFNA(IF(VLOOKUP($A23,'Add from APT'!$AA$2:$AC264,3,FALSE)>0,TRUE,FALSE),"ER - NOT IN APT") -> FALSE | Q23: =IF(ISLOGICAL(P23),IF(P23,"ER - REPS IN APT", IFNA(VLOOKUP($A23,RAW_APT!$A$3:$M264,7,FALSE),"ER - NOT IN APT")),P23) -> Result | R23: =IF(EXACT($A23,$A22),FALSE,TRUE) -> TRUE | S23: =COUNTIF($A$2:$A285,$A23) -> 1 | X23: =IF(ISBLANK($U23),IF(ISBLANK($V23),FALSE,"ER - LAST ONLY"),TRUE) -> FALSE | Z23: =IF($S23>4,TRUE,IFERROR(0/0,"")) | AA23: =IF(ISBLANK($O23),FALSE,TRUE) -> FALSE | AC23: 199 | AE23: =IFERROR(IF(EXACT($L23,$B23),(TIMEVALUE($M23)-TIMEVALUE($C23))*24*60,IFERROR(0/0,"")),IFERROR(0/0,"")) -> 17.416667 | AF23: =OR(AND(NOT($AG23),IFERROR(NOT($AG24),""),EXACT($A23,$A24),NOT(EXACT(CONCATENATE($B23,$C23),CONCATENATE($B24,$C24)))),AND(NOT($AG23),IFERROR(NOT($AG22),""),EXACT($A23,$A22),NOT(EXACT(CONCATENATE($B23,$C23),CONCATENATE($B22,$C22))))) -> FALSE | AG23: =IF($AH23>0,TRUE,FALSE) -> TRUE | AH23: 1 | AK23: =IFS(AND($AJ23>=2,$AJ23<3),"Negative",AND($AJ23>=3,$AJ23<4),"Positive",AND($AJ23>=4,$AJ23<5),"Inconclusive",$AJ23=5,"MANUAL FILL",$AG23,"DELETED",TRUE,$K23) -> DELETED | AM23: DELETED | AN23: DELETED | AO23: =IFERROR(__xludf.DUMMYFUNCTION("IF($AG23, ""DELETED"",TRIM(JOIN("" "",D23:E23)))"),"DELETED") -> DELETED | AP23: =IF($AG23, "DELETED", TRIM(CONCATENATE(F23,I23,U23))) -> DELETED | AQ23: =IF($AG23, "DELETED", TRIM(CONCATENATE(G23,J23,V23))) -> DELETED | AR23: =IFERROR(__xludf.DUMMYFUNCTION("IF($AG23, ""DELETED"", TRIM(JOIN("" "",AP23,AQ23)))"),"DELETED") -> DELETED | AT23: =IF(OR($AG23,SUM($AU23:$AW23)=1),TRUE,FALSE) -> TRUE | AU23: =IF($AG23,IFERROR(0/0,""),IF(ISBLANK($F23),IF(ISBLANK($G23),IFERROR(0/0,""),2),1)) | AV23: =IF($AG23,IFERROR(0/0,""),IF(ISBLANK($I23),IF(ISBLANK($J23),IFERROR(0/0,""),2),1)) | AW23: =IF($AG23,IFERROR(0/0,""),IF(ISBLANK($U23),IF(ISBLANK($V23),IFERROR(0/0,""),2),1)) | AX23: =IF(AND($X23,$A24=$A23),1,IFERROR(0/0,"")) | BA23: =IF(AG23,IFERROR(0/0,""),IF(EXACT(UPPER(A23),A23),IFERROR(0/0,""),TRUE)) | BF23: =IF(COUNTIF(BJ$2:BJ285,BE23)>0,COUNTIF(BJ$2:BJ285,BE23),IFERROR(0/0,"")) | BG23: =IF($AG23,IFERROR(0/0,""),CONCATENATE($A23,"__",$B23,"_",$C23,"_",$D23,"_",$E23,"_",$K23,"_",$L23,"_",$M23,"_",$O23)) | BH23: =IF(ISBLANK(IFERROR(MATCH(LEFT(BG23, FIND("__",BG23)-1),BE$2:BE285,0),"")),IFERROR(0/0,""),TRUE) | BI23: AG299__44774_0.214212962962963___Negative_44816_0.393981481481482_ | BJ23: =IFERROR(LEFT(BI23, FIND("__",BI23)-1),"") -> AG299 | BK23: =IFERROR(AND(EXACT(BJ24,BJ23),NOT(EXACT(BJ23,BJ22))),"") -> FALSE | BL23: =IF(BK23,BJ23,IFERROR(0/0,"")) | BN23: =OR(BO23,BP23) -> FALSE | BO23: =ISBLANK($AR23) -> FALSE | BP23: =IF(TRIM($AR23)="",TRUE,FALSE) -> FALSE | BR23: DELETED | BS23: =EXACT(BR23,$AK23) -> TRUE
A24: AK5816 | B24: 44678 | C24: 0.61648148 | K24: Negative | L24: 44678 | M24: 0.6284375 | P24: =IFNA(IF(VLOOKUP($A24,'Add from APT'!$AA$2:$AC264,3,FALSE)>0,TRUE,FALSE),"ER - NOT IN APT") -> FALSE | Q24: =IF(ISLOGICAL(P24),IF(P24,"ER - REPS IN APT", IFNA(VLOOKUP($A24,RAW_APT!$A$3:$M264,7,FALSE),"ER - NOT IN APT")),P24) -> Result | R24: =IF(EXACT($A24,$A23),FALSE,TRUE) -> TRUE | S24: =COUNTIF($A$2:$A286,$A24) -> 1 | X24: =IF(ISBLANK($U24),IF(ISBLANK($V24),FALSE,"ER - LAST ONLY"),TRUE) -> FALSE | Z24: =IF($S24>4,TRUE,IFERROR(0/0,"")) | AA24: =IF(ISBLANK($O24),FALSE,TRUE) -> FALSE | AC24: 200 | AE24: =IFERROR(IF(EXACT($L24,$B24),(TIMEVALUE($M24)-TIMEVALUE($C24))*24*60,IFERROR(0/0,"")),IFERROR(0/0,"")) -> 17.216667 | AF24: =OR(AND(NOT($AG24),IFERROR(NOT($AG25),""),EXACT($A24,$A25),NOT(EXACT(CONCATENATE($B24,$C24),CONCATENATE($B25,$C25)))),AND(NOT($AG24),IFERROR(NOT($AG23),""),EXACT($A24,$A23),NOT(EXACT(CONCATENATE($B24,$C24),CONCATENATE($B23,$C23))))) -> FALSE | AG24: =IF($AH24>0,TRUE,FALSE) -> TRUE | AH24: 1 | AK24: =IFS(AND($AJ24>=2,$AJ24<3),"Negative",AND($AJ24>=3,$AJ24<4),"Positive",AND($AJ24>=4,$AJ24<5),"Inconclusive",$AJ24=5,"MANUAL FILL",$AG24,"DELETED",TRUE,$K24) -> DELETED | AM24: DELETED | AN24: DELETED | AO24: =IFERROR(__xludf.DUMMYFUNCTION("IF($AG24, ""DELETED"",TRIM(JOIN("" "",D24:E24)))"),"DELETED") -> DELETED | AP24: =IF($AG24, "DELETED", TRIM(CONCATENATE(F24,I24,U24))) -> DELETED | AQ24: =IF($AG24, "DELETED", TRIM(CONCATENATE(G24,J24,V24))) -> DELETED | AR24: =IFERROR(__xludf.DUMMYFUNCTION("IF($AG24, ""DELETED"", TRIM(JOIN("" "",AP24,AQ24)))"),"DELETED") -> DELETED | AT24: =IF(OR($AG24,SUM($AU24:$AW24)=1),TRUE,FALSE) -> TRUE | AU24: =IF($AG24,IFERROR(0/0,""),IF(ISBLANK($F24),IF(ISBLANK($G24),IFERROR(0/0,""),2),1)) | AV24: =IF($AG24,IFERROR(0/0,""),IF(ISBLANK($I24),IF(ISBLANK($J24),IFERROR(0/0,""),2),1)) | AW24: =IF($AG24,IFERROR(0/0,""),IF(ISBLANK($U24),IF(ISBLANK($V24),IFERROR(0/0,""),2),1)) | AX24: =IF(AND($X24,$A25=$A24),1,IFERROR(0/0,"")) | BA24: =IF(AG24,IFERROR(0/0,""),IF(EXACT(UPPER(A24),A24),IFERROR(0/0,""),TRUE)) | BF24: =IF(COUNTIF(BJ$2:BJ286,BE24)>0,COUNTIF(BJ$2:BJ286,BE24),IFERROR(0/0,"")) | BG24: =IF($AG24,IFERROR(0/0,""),CONCATENATE($A24,"__",$B24,"_",$C24,"_",$D24,"_",$E24,"_",$K24,"_",$L24,"_",$M24,"_",$O24)) | BH24: =IF(ISBLANK(IFERROR(MATCH(LEFT(BG24, FIND("__",BG24)-1),BE$2:BE286,0),"")),IFERROR(0/0,""),TRUE) | BI24: AG4603__44733_0.340393518518519___Negative_44733_0.404340277777778_ | BJ24: =IFERROR(LEFT(BI24, FIND("__",BI24)-1),"") -> AG4603 | BK24: =IFERROR(AND(EXACT(BJ25,BJ24),NOT(EXACT(BJ24,BJ23))),"") -> FALSE | BL24: =IF(BK24,BJ24,IFERROR(0/0,"")) | BN24: =OR(BO24,BP24) -> FALSE | BO24: =ISBLANK($AR24) -> FALSE | BP24: =IF(TRIM($AR24)="",TRUE,FALSE) -> FALSE | BR24: DELETED | BS24: =EXACT(BR24,$AK24) -> TRUE
A25: AH1119 | B25: 44678 | C25: 0.61679398 | K25: Negative | L25: 44678 | M25: 0.6284375 | P25: =IFNA(IF(VLOOKUP($A25,'Add from APT'!$AA$2:$AC264,3,FALSE)>0,TRUE,FALSE),"ER - NOT IN APT") -> FALSE | Q25: =IF(ISLOGICAL(P25),IF(P25,"ER - REPS IN APT", IFNA(VLOOKUP($A25,RAW_APT!$A$3:$M264,7,FALSE),"ER - NOT IN APT")),P25) -> Result | R25: =IF(EXACT($A25,$A24),FALSE,TRUE) -> TRUE | S25: =COUNTIF($A$2:$A287,$A25) -> 1 | X25: =IF(ISBLANK($U25),IF(ISBLANK($V25),FALSE,"ER - LAST ONLY"),TRUE) -> FALSE | Z25: =IF($S25>4,TRUE,IFERROR(0/0,"")) | AA25: =IF(ISBLANK($O25),FALSE,TRUE) -> FALSE | AC25: 201 | AE25: =IFERROR(IF(EXACT($L25,$B25),(TIMEVALUE($M25)-TIMEVALUE($C25))*24*60,IFERROR(0/0,"")),IFERROR(0/0,"")) -> 16.766667 | AF25: =OR(AND(NOT($AG25),IFERROR(NOT($AG26),""),EXACT($A25,$A26),NOT(EXACT(CONCATENATE($B25,$C25),CONCATENATE($B26,$C26)))),AND(NOT($AG25),IFERROR(NOT($AG24),""),EXACT($A25,$A24),NOT(EXACT(CONCATENATE($B25,$C25),CONCATENATE($B24,$C24))))) -> FALSE | AG25: =IF($AH25>0,TRUE,FALSE) -> TRUE | AH25: 1 | AK25: =IFS(AND($AJ25>=2,$AJ25<3),"Negative",AND($AJ25>=3,$AJ25<4),"Positive",AND($AJ25>=4,$AJ25<5),"Inconclusive",$AJ25=5,"MANUAL FILL",$AG25,"DELETED",TRUE,$K25) -> DELETED | AM25: DELETED | AN25: DELETED | AO25: =IFERROR(__xludf.DUMMYFUNCTION("IF($AG25, ""DELETED"",TRIM(JOIN("" "",D25:E25)))"),"DELETED") -> DELETED | AP25: =IF($AG25, "DELETED", TRIM(CONCATENATE(F25,I25,U25))) -> DELETED | AQ25: =IF($AG25, "DELETED", TRIM(CONCATENATE(G25,J25,V25))) -> DELETED | AR25: =IFERROR(__xludf.DUMMYFUNCTION("IF($AG25, ""DELETED"", TRIM(JOIN("" "",AP25,AQ25)))"),"DELETED") -> DELETED | AT25: =IF(OR($AG25,SUM($AU25:$AW25)=1),TRUE,FALSE) -> TRUE | AU25: =IF($AG25,IFERROR(0/0,""),IF(ISBLANK($F25),IF(ISBLANK($G25),IFERROR(0/0,""),2),1)) | AV25: =IF($AG25,IFERROR(0/0,""),IF(ISBLANK($I25),IF(ISBLANK($J25),IFERROR(0/0,""),2),1)) | AW25: =IF($AG25,IFERROR(0/0,""),IF(ISBLANK($U25),IF(ISBLANK($V25),IFERROR(0/0,""),2),1)) | AX25: =IF(AND($X25,$A26=$A25),1,IFERROR(0/0,"")) | BA25: =IF(AG25,IFERROR(0/0,""),IF(EXACT(UPPER(A25),A25),IFERROR(0/0,""),TRUE)) | BF25: =IF(COUNTIF(BJ$2:BJ287,BE25)>0,COUNTIF(BJ$2:BJ287,BE25),IFERROR(0/0,"")) | BG25: =IF($AG25,IFERROR(0/0,""),CONCATENATE($A25,"__",$B25,"_",$C25,"_",$D25,"_",$E25,"_",$K25,"_",$L25,"_",$M25,"_",$O25)) | BH25: =IF(ISBLANK(IFERROR(MATCH(LEFT(BG25, FIND("__",BG25)-1),BE$2:BE287,0),"")),IFERROR(0/0,""),TRUE) | BI25: AG469__44690_0.170023148148148___Negative_44690_0.323229166666667_ | BJ25: =IFERROR(LEFT(BI25, FIND("__",BI25)-1),"") -> AG469 | BK25: =IFERROR(AND(EXACT(BJ26,BJ25),NOT(EXACT(BJ25,BJ24))),"") -> FALSE | BL25: =IF(BK25,BJ25,IFERROR(0/0,"")) | BN25: =OR(BO25,BP25) -> FALSE | BO25: =ISBLANK($AR25) -> FALSE | BP25: =IF(TRIM($AR25)="",TRUE,FALSE) -> FALSE | BR25: DELETED | BS25: =EXACT(BR25,$AK25) -> TRUE
A26: AG632 | B26: 44678 | C26: 0.61694444 | K26: Negative | L26: 44678 | M26: 0.6284375 | P26: =IFNA(IF(VLOOKUP($A26,'Add from APT'!$AA$2:$AC264,3,FALSE)>0,TRUE,FALSE),"ER - NOT IN APT") -> FALSE | Q26: =IF(ISLOGICAL(P26),IF(P26,"ER - REPS IN APT", IFNA(VLOOKUP($A26,RAW_APT!$A$3:$M264,7,FALSE),"ER - NOT IN APT")),P26) -> Result | R26: =IF(EXACT($A26,$A25),FALSE,TRUE) -> TRUE | S26: =COUNTIF($A$2:$A288,$A26) -> 1 | X26: =IF(ISBLANK($U26),IF(ISBLANK($V26),FALSE,"ER - LAST ONLY"),TRUE) -> FALSE | Z26: =IF($S26>4,TRUE,IFERROR(0/0,"")) | AA26: =IF(ISBLANK($O26),FALSE,TRUE) -> FALSE | AC26: 202 | AE26: =IFERROR(IF(EXACT($L26,$B26),(TIMEVALUE($M26)-TIMEVALUE($C26))*24*60,IFERROR(0/0,"")),IFERROR(0/0,"")) -> 16.55 | AF26: =OR(AND(NOT($AG26),IFERROR(NOT($AG27),""),EXACT($A26,$A27),NOT(EXACT(CONCATENATE($B26,$C26),CONCATENATE($B27,$C27)))),AND(NOT($AG26),IFERROR(NOT($AG25),""),EXACT($A26,$A25),NOT(EXACT(CONCATENATE($B26,$C26),CONCATENATE($B25,$C25))))) -> FALSE | AG26: =IF($AH26>0,TRUE,FALSE) -> TRUE | AH26: 1 | AK26: =IFS(AND($AJ26>=2,$AJ26<3),"Negative",AND($AJ26>=3,$AJ26<4),"Positive",AND($AJ26>=4,$AJ26<5),"Inconclusive",$AJ26=5,"MANUAL FILL",$AG26,"DELETED",TRUE,$K26) -> DELETED | AM26: DELETED | AN26: DELETED | AO26: =IFERROR(__xludf.DUMMYFUNCTION("IF($AG26, ""DELETED"",TRIM(JOIN("" "",D26:E26)))"),"DELETED") -> DELETED | AP26: =IF($AG26, "DELETED", TRIM(CONCATENATE(F26,I26,U26))) -> DELETED | AQ26: =IF($AG26, "DELETED", TRIM(CONCATENATE(G26,J26,V26))) -> DELETED | AR26: =IFERROR(__xludf.DUMMYFUNCTION("IF($AG26, ""DELETED"", TRIM(JOIN("" "",AP26,AQ26)))"),"DELETED") -> DELETED | AT26: =IF(OR($AG26,SUM($AU26:$AW26)=1),TRUE,FALSE) -> TRUE | AU26: =IF($AG26,IFERROR(0/0,""),IF(ISBLANK($F26),IF(ISBLANK($G26),IFERROR(0/0,""),2),1)) | AV26: =IF($AG26,IFERROR(0/0,""),IF(ISBLANK($I26),IF(ISBLANK($J26),IFERROR(0/0,""),2),1)) | AW26: =IF($AG26,IFERROR(0/0,""),IF(ISBLANK($U26),IF(ISBLANK($V26),IFERROR(0/0,""),2),1)) | AX26: =IF(AND($X26,$A27=$A26),1,IFERROR(0/0,"")) | BA26: =IF(AG26,IFERROR(0/0,""),IF(EXACT(UPPER(A26),A26),IFERROR(0/0,""),TRUE)) | BF26: =IF(COUNTIF(BJ$2:BJ288,BE26)>0,COUNTIF(BJ$2:BJ288,BE26),IFERROR(0/0,"")) | BG26: =IF($AG26,IFERROR(0/0,""),CONCATENATE($A26,"__",$B26,"_",$C26,"_",$D26,"_",$E26,"_",$K26,"_",$L26,"_",$M26,"_",$O26)) | BH26: =IF(ISBLANK(IFERROR(MATCH(LEFT(BG26, FIND("__",BG26)-1),BE$2:BE288,0),"")),IFERROR(0/0,""),TRUE) | BI26: AG570__44697_0.268935185185185___Negative_44697_0.361111111111111_ | BJ26: =IFERROR(LEFT(BI26, FIND("__",BI26)-1),"") -> AG570 | BK26: =IFERROR(AND(EXACT(BJ27,BJ26),NOT(EXACT(BJ26,BJ25))),"") -> FALSE | BL26: =IF(BK26,BJ26,IFERROR(0/0,"")) | BN26: =OR(BO26,BP26) -> FALSE | BO26: =ISBLANK($AR26) -> FALSE | BP26: =IF(TRIM($AR26)="",TRUE,FALSE) -> FALSE | BR26: DELETED | BS26: =EXACT(BR26,$AK26) -> TRUE
A27: AH7369 | B27: 44678 | C27: 0.61733796 | K27: Negative | L27: 44678 | M27: 0.6284375 | P27: =IFNA(IF(VLOOKUP($A27,'Add from APT'!$AA$2:$AC264,3,FALSE)>0,TRUE,FALSE),"ER - NOT IN APT") -> FALSE | Q27: =IF(ISLOGICAL(P27),IF(P27,"ER - REPS IN APT", IFNA(VLOOKUP($A27,RAW_APT!$A$3:$M264,7,FALSE),"ER - NOT IN APT")),P27) -> Result | R27: =IF(EXACT($A27,$A26),FALSE,TRUE) -> TRUE | S27: =COUNTIF($A$2:$A289,$A27) -> 1 | X27: =IF(ISBLANK($U27),IF(ISBLANK($V27),FALSE,"ER - LAST ONLY"),TRUE) -> FALSE | Z27: =IF($S27>4,TRUE,IFERROR(0/0,"")) | AA27: =IF(ISBLANK($O27),FALSE,TRUE) -> FALSE | AC27: 203 | AE27: =IFERROR(IF(EXACT($L27,$B27),(TIMEVALUE($M27)-TIMEVALUE($C27))*24*60,IFERROR(0/0,"")),IFERROR(0/0,"")) -> 15.983333 | AF27: =OR(AND(NOT($AG27),IFERROR(NOT($AG28),""),EXACT($A27,$A28),NOT(EXACT(CONCATENATE($B27,$C27),CONCATENATE($B28,$C28)))),AND(NOT($AG27),IFERROR(NOT($AG26),""),EXACT($A27,$A26),NOT(EXACT(CONCATENATE($B27,$C27),CONCATENATE($B26,$C26))))) -> FALSE | AG27: =IF($AH27>0,TRUE,FALSE) -> TRUE | AH27: 1 | AK27: =IFS(AND($AJ27>=2,$AJ27<3),"Negative",AND($AJ27>=3,$AJ27<4),"Positive",AND($AJ27>=4,$AJ27<5),"Inconclusive",$AJ27=5,"MANUAL FILL",$AG27,"DELETED",TRUE,$K27) -> DELETED | AM27: DELETED | AN27: DELETED | AO27: =IFERROR(__xludf.DUMMYFUNCTION("IF($AG27, ""DELETED"",TRIM(JOIN("" "",D27:E27)))"),"DELETED") -> DELETED | AP27: =IF($AG27, "DELETED", TRIM(CONCATENATE(F27,I27,U27))) -> DELETED | AQ27: =IF($AG27, "DELETED", TRIM(CONCATENATE(G27,J27,V27))) -> DELETED | AR27: =IFERROR(__xludf.DUMMYFUNCTION("IF($AG27, ""DELETED"", TRIM(JOIN("" "",AP27,AQ27)))"),"DELETED") -> DELETED | AT27: =IF(OR($AG27,SUM($AU27:$AW27)=1),TRUE,FALSE) -> TRUE | AU27: =IF($AG27,IFERROR(0/0,""),IF(ISBLANK($F27),IF(ISBLANK($G27),IFERROR(0/0,""),2),1)) | AV27: =IF($AG27,IFERROR(0/0,""),IF(ISBLANK($I27),IF(ISBLANK($J27),IFERROR(0/0,""),2),1)) | AW27: =IF($AG27,IFERROR(0/0,""),IF(ISBLANK($U27),IF(ISBLANK($V27),IFERROR(0/0,""),2),1)) | AX27: =IF(AND($X27,$A28=$A27),1,IFERROR(0/0,"")) | BA27: =IF(AG27,IFERROR(0/0,""),IF(EXACT(UPPER(A27),A27),IFERROR(0/0,""),TRUE)) | BF27: =IF(COUNTIF(BJ$2:BJ289,BE27)>0,COUNTIF(BJ$2:BJ289,BE27),IFERROR(0/0,"")) | BG27: =IF($AG27,IFERROR(0/0,""),CONCATENATE($A27,"__",$B27,"_",$C27,"_",$D27,"_",$E27,"_",$K27,"_",$L27,"_",$M27,"_",$O27)) | BH27: =IF(ISBLANK(IFERROR(MATCH(LEFT(BG27, FIND("__",BG27)-1),BE$2:BE289,0),"")),IFERROR(0/0,""),TRUE) | BI27: AG575__44683_0.174976851851852___Negative_44683_0.3578125_ | BJ27: =IFERROR(LEFT(BI27, FIND("__",BI27)-1),"") -> AG575 | BK27: =IFERROR(AND(EXACT(BJ28,BJ27),NOT(EXACT(BJ27,BJ26))),"") -> FALSE | BL27: =IF(BK27,BJ27,IFERROR(0/0,"")) | BN27: =OR(BO27,BP27) -> FALSE | BO27: =ISBLANK($AR27) -> FALSE | BP27: =IF(TRIM($AR27)="",TRUE,FALSE) -> FALSE | BR27: DELETED | BS27: =EXACT(BR27,$AK27) -> TRUE
A28: AH7507 | B28: 44678 | C28: 0.61746528 | K28: Negative | L28: 44678 | M28: 0.6284375 | P28: =IFNA(IF(VLOOKUP($A28,'Add from APT'!$AA$2:$AC264,3,FALSE)>0,TRUE,FALSE),"ER - NOT IN APT") -> FALSE | Q28: =IF(ISLOGICAL(P28),IF(P28,"ER - REPS IN APT", IFNA(VLOOKUP($A28,RAW_APT!$A$3:$M264,7,FALSE),"ER - NOT IN APT")),P28) -> Result | R28: =IF(EXACT($A28,$A27),FALSE,TRUE) -> TRUE | S28: =COUNTIF($A$2:$A290,$A28) -> 1 | X28: =IF(ISBLANK($U28),IF(ISBLANK($V28),FALSE,"ER - LAST ONLY"),TRUE) -> FALSE | Z28: =IF($S28>4,TRUE,IFERROR(0/0,"")) | AA28: =IF(ISBLANK($O28),FALSE,TRUE) -> FALSE | AC28: 204 | AE28: =IFERROR(IF(EXACT($L28,$B28),(TIMEVALUE($M28)-TIMEVALUE($C28))*24*60,IFERROR(0/0,"")),IFERROR(0/0,"")) -> 15.8 | AF28: =OR(AND(NOT($AG28),IFERROR(NOT($AG29),""),EXACT($A28,$A29),NOT(EXACT(CONCATENATE($B28,$C28),CONCATENATE($B29,$C29)))),AND(NOT($AG28),IFERROR(NOT($AG27),""),EXACT($A28,$A27),NOT(EXACT(CONCATENATE($B28,$C28),CONCATENATE($B27,$C27))))) -> FALSE | AG28: =IF($AH28>0,TRUE,FALSE) -> TRUE | AH28: 1 | AK28: =IFS(AND($AJ28>=2,$AJ28<3),"Negative",AND($AJ28>=3,$AJ28<4),"Positive",AND($AJ28>=4,$AJ28<5),"Inconclusive",$AJ28=5,"MANUAL FILL",$AG28,"DELETED",TRUE,$K28) -> DELETED | AM28: DELETED | AN28: DELETED | AO28: =IFERROR(__xludf.DUMMYFUNCTION("IF($AG28, ""DELETED"",TRIM(JOIN("" "",D28:E28)))"),"DELETED") -> DELETED | AP28: =IF($AG28, "DELETED", TRIM(CONCATENATE(F28,I28,U28))) -> DELETED | AQ28: =IF($AG28, "DELETED", TRIM(CONCATENATE(G28,J28,V28))) -> DELETED | AR28: =IFERROR(__xludf.DUMMYFUNCTION("IF($AG28, ""DELETED"", TRIM(JOIN("" "",AP28,AQ28)))"),"DELETED") -> DELETED | AT28: =IF(OR($AG28,SUM($AU28:$AW28)=1),TRUE,FALSE) -> TRUE | AU28: =IF($AG28,IFERROR(0/0,""),IF(ISBLANK($F28),IF(ISBLANK($G28),IFERROR(0/0,""),2),1)) | AV28: =IF($AG28,IFERROR(0/0,""),IF(ISBLANK($I28),IF(ISBLANK($J28),IFERROR(0/0,""),2),1)) | AW28: =IF($AG28,IFERROR(0/0,""),IF(ISBLANK($U28),IF(ISBLANK($V28),IFERROR(0/0,""),2),1)) | AX28: =IF(AND($X28,$A29=$A28),1,IFERROR(0/0,"")) | BA28: =IF(AG28,IFERROR(0/0,""),IF(EXACT(UPPER(A28),A28),IFERROR(0/0,""),TRUE)) | BF28: =IF(COUNTIF(BJ$2:BJ290,BE28)>0,COUNTIF(BJ$2:BJ290,BE28),IFERROR(0/0,"")) | BG28: =IF($AG28,IFERROR(0/0,""),CONCATENATE($A28,"__",$B28,"_",$C28,"_",$D28,"_",$E28,"_",$K28,"_",$L28,"_",$M28,"_",$O28)) | BH28: =IF(ISBLANK(IFERROR(MATCH(LEFT(BG28, FIND("__",BG28)-1),BE$2:BE290,0),"")),IFERROR(0/0,""),TRUE) | BI28: AG611__44733_0.212476851851852___Negative_44733_0.404340277777778_ | BJ28: =IFERROR(LEFT(BI28, FIND("__",BI28)-1),"") -> AG611 | BK28: =IFERROR(AND(EXACT(BJ29,BJ28),NOT(EXACT(BJ28,BJ27))),"") -> FALSE | BL28: =IF(BK28,BJ28,IFERROR(0/0,"")) | BN28: =OR(BO28,BP28) -> FALSE | BO28: =ISBLANK($AR28) -> FALSE | BP28: =IF(TRIM($AR28)="",TRUE,FALSE) -> FALSE | BR28: DELETED | BS28: =EXACT(BR28,$AK28) -> TRUE
A29: AK7160 | B29: 44678 | C29: 0.61769676 | K29: Negative | L29: 44678 | M29: 0.6284375 | P29: =IFNA(IF(VLOOKUP($A29,'Add from APT'!$AA$2:$AC264,3,FALSE)>0,TRUE,FALSE),"ER - NOT IN APT") -> FALSE | Q29: =IF(ISLOGICAL(P29),IF(P29,"ER - REPS IN APT", IFNA(VLOOKUP($A29,RAW_APT!$A$3:$M264,7,FALSE),"ER - NOT IN APT")),P29) -> Result | R29: =IF(EXACT($A29,$A28),FALSE,TRUE) -> TRUE | S29: =COUNTIF($A$2:$A291,$A29) -> 1 | X29: =IF(ISBLANK($U29),IF(ISBLANK($V29),FALSE,"ER - LAST ONLY"),TRUE) -> FALSE | Z29: =IF($S29>4,TRUE,IFERROR(0/0,"")) | AA29: =IF(ISBLANK($O29),FALSE,TRUE) -> FALSE | AC29: 205 | AE29: =IFERROR(IF(EXACT($L29,$B29),(TIMEVALUE($M29)-TIMEVALUE($C29))*24*60,IFERROR(0/0,"")),IFERROR(0/0,"")) -> 15.466667 | AF29: =OR(AND(NOT($AG29),IFERROR(NOT($AG30),""),EXACT($A29,$A30),NOT(EXACT(CONCATENATE($B29,$C29),CONCATENATE($B30,$C30)))),AND(NOT($AG29),IFERROR(NOT($AG28),""),EXACT($A29,$A28),NOT(EXACT(CONCATENATE($B29,$C29),CONCATENATE($B28,$C28))))) -> FALSE | AG29: =IF($AH29>0,TRUE,FALSE) -> TRUE | AH29: 1 | AK29: =IFS(AND($AJ29>=2,$AJ29<3),"Negative",AND($AJ29>=3,$AJ29<4),"Positive",AND($AJ29>=4,$AJ29<5),"Inconclusive",$AJ29=5,"MANUAL FILL",$AG29,"DELETED",TRUE,$K29) -> DELETED | AM29: DELETED | AN29: DELETED | AO29: =IFERROR(__xludf.DUMMYFUNCTION("IF($AG29, ""DELETED"",TRIM(JOIN("" "",D29:E29)))"),"DELETED") -> DELETED | AP29: =IF($AG29, "DELETED", TRIM(CONCATENATE(F29,I29,U29))) -> DELETED | AQ29: =IF($AG29, "DELETED", TRIM(CONCATENATE(G29,J29,V29))) -> DELETED | AR29: =IFERROR(__xludf.DUMMYFUNCTION("IF($AG29, ""DELETED"", TRIM(JOIN("" "",AP29,AQ29)))"),"DELETED") -> DELETED | AT29: =IF(OR($AG29,SUM($AU29:$AW29)=1),TRUE,FALSE) -> TRUE | AU29: =IF($AG29,IFERROR(0/0,""),IF(ISBLANK($F29),IF(ISBLANK($G29),IFERROR(0/0,""),2),1)) | AV29: =IF($AG29,IFERROR(0/0,""),IF(ISBLANK($I29),IF(ISBLANK($J29),IFERROR(0/0,""),2),1)) | AW29: =IF($AG29,IFERROR(0/0,""),IF(ISBLANK($U29),IF(ISBLANK($V29),IFERROR(0/0,""),2),1)) | AX29: =IF(AND($X29,$A30=$A29),1,IFERROR(0/0,"")) | BA29: =IF(AG29,IFERROR(0/0,""),IF(EXACT(UPPER(A29),A29),IFERROR(0/0,""),TRUE)) | BF29: =IF(COUNTIF(BJ$2:BJ291,BE29)>0,COUNTIF(BJ$2:BJ291,BE29),IFERROR(0/0,"")) | BG29: =IF($AG29,IFERROR(0/0,""),CONCATENATE($A29,"__",$B29,"_",$C29,"_",$D29,"_",$E29,"_",$K29,"_",$L29,"_",$M29,"_",$O29)) | BH29: =IF(ISBLANK(IFERROR(MATCH(LEFT(BG29, FIND("__",BG29)-1),BE$2:BE291,0),"")),IFERROR(0/0,""),TRUE) | BI29: AG615__44718_0.202662037037037___Negative_44718_0.364976851851852_ | BJ29: =IFERROR(LEFT(BI29, FIND("__",BI29)-1),"") -> AG615 | BK29: =IFERROR(AND(EXACT(BJ30,BJ29),NOT(EXACT(BJ29,BJ28))),"") -> FALSE | BL29: =IF(BK29,BJ29,IFERROR(0/0,"")) | BN29: =OR(BO29,BP29) -> FALSE | BO29: =ISBLANK($AR29) -> FALSE | BP29: =IF(TRIM($AR29)="",TRUE,FALSE) -> FALSE | BR29: DELETED | BS29: =EXACT(BR29,$AK29) -> TRUE
A30: AH80 | B30: 44678 | C30: 0.61784722 | K30: Negative | L30: 44678 | M30: 0.62844907 | P30: =IFNA(IF(VLOOKUP($A30,'Add from APT'!$AA$2:$AC264,3,FALSE)>0,TRUE,FALSE),"ER - NOT IN APT") -> FALSE | Q30: =IF(ISLOGICAL(P30),IF(P30,"ER - REPS IN APT", IFNA(VLOOKUP($A30,RAW_APT!$A$3:$M264,7,FALSE),"ER - NOT IN APT")),P30) -> Result | R30: =IF(EXACT($A30,$A29),FALSE,TRUE) -> TRUE | S30: =COUNTIF($A$2:$A292,$A30) -> 1 | X30: =IF(ISBLANK($U30),IF(ISBLANK($V30),FALSE,"ER - LAST ONLY"),TRUE) -> FALSE | Z30: =IF($S30>4,TRUE,IFERROR(0/0,"")) | AA30: =IF(ISBLANK($O30),FALSE,TRUE) -> FALSE | AC30: 206 | AE30: =IFERROR(IF(EXACT($L30,$B30),(TIMEVALUE($M30)-TIMEVALUE($C30))*24*60,IFERROR(0/0,"")),IFERROR(0/0,"")) -> 15.266667 | AF30: =OR(AND(NOT($AG30),IFERROR(NOT($AG31),""),EXACT($A30,$A31),NOT(EXACT(CONCATENATE($B30,$C30),CONCATENATE($B31,$C31)))),AND(NOT($AG30),IFERROR(NOT($AG29),""),EXACT($A30,$A29),NOT(EXACT(CONCATENATE($B30,$C30),CONCATENATE($B29,$C29))))) -> FALSE | AG30: =IF($AH30>0,TRUE,FALSE) -> TRUE | AH30: 1 | AK30: =IFS(AND($AJ30>=2,$AJ30<3),"Negative",AND($AJ30>=3,$AJ30<4),"Positive",AND($AJ30>=4,$AJ30<5),"Inconclusive",$AJ30=5,"MANUAL FILL",$AG30,"DELETED",TRUE,$K30) -> DELETED | AM30: DELETED | AN30: DELETED | AO30: =IFERROR(__xludf.DUMMYFUNCTION("IF($AG30, ""DELETED"",TRIM(JOIN("" "",D30:E30)))"),"DELETED") -> DELETED | AP30: =IF($AG30, "DELETED", TRIM(CONCATENATE(F30,I30,U30))) -> DELETED | AQ30: =IF($AG30, "DELETED", TRIM(CONCATENATE(G30,J30,V30))) -> DELETED | AR30: =IFERROR(__xludf.DUMMYFUNCTION("IF($AG30, ""DELETED"", TRIM(JOIN("" "",AP30,AQ30)))"),"DELETED") -> DELETED | AT30: =IF(OR($AG30,SUM($AU30:$AW30)=1),TRUE,FALSE) -> TRUE | AU30: =IF($AG30,IFERROR(0/0,""),IF(ISBLANK($F30),IF(ISBLANK($G30),IFERROR(0/0,""),2),1)) | AV30: =IF($AG30,IFERROR(0/0,""),IF(ISBLANK($I30),IF(ISBLANK($J30),IFERROR(0/0,""),2),1)) | AW30: =IF($AG30,IFERROR(0/0,""),IF(ISBLANK($U30),IF(ISBLANK($V30),IFERROR(0/0,""),2),1)) | AX30: =IF(AND($X30,$A31=$A30),1,IFERROR(0/0,"")) | BA30: =IF(AG30,IFERROR(0/0,""),IF(EXACT(UPPER(A30),A30),IFERROR(0/0,""),TRUE)) | BF30: =IF(COUNTIF(BJ$2:BJ292,BE30)>0,COUNTIF(BJ$2:BJ292,BE30),IFERROR(0/0,"")) | BG30: =IF($AG30,IFERROR(0/0,""),CONCATENATE($A30,"__",$B30,"_",$C30,"_",$D30,"_",$E30,"_",$K30,"_",$L30,"_",$M30,"_",$O30)) | BH30: =IF(ISBLANK(IFERROR(MATCH(LEFT(BG30, FIND("__",BG30)-1),BE$2:BE292,0),"")),IFERROR(0/0,""),TRUE) | BI30: AG663__44712_0.186759259259259___Negative_44713_0.341481481481482_ | BJ30: =IFERROR(LEFT(BI30, FIND("__",BI30)-1),"") -> AG663 | BK30: =IFERROR(AND(EXACT(BJ31,BJ30),NOT(EXACT(BJ30,BJ29))),"") -> FALSE | BL30: =IF(BK30,BJ30,IFERROR(0/0,"")) | BN30: =OR(BO30,BP30) -> FALSE | BO30: =ISBLANK($AR30) -> FALSE | BP30: =IF(TRIM($AR30)="",TRUE,FALSE) -> FALSE | BR30: DELETED | BS30: =EXACT(BR30,$AK30) -> TRUE
A31: AJ9095 | B31: 44678 | C31: 0.61802083 | K31: Negative | L31: 44678 | M31: 0.62844907 | P31: =IFNA(IF(VLOOKUP($A31,'Add from APT'!$AA$2:$AC264,3,FALSE)>0,TRUE,FALSE),"ER - NOT IN APT") -> FALSE | Q31: =IF(ISLOGICAL(P31),IF(P31,"ER - REPS IN APT", IFNA(VLOOKUP($A31,RAW_APT!$A$3:$M264,7,FALSE),"ER - NOT IN APT")),P31) -> Result | R31: =IF(EXACT($A31,$A30),FALSE,TRUE) -> TRUE | S31: =COUNTIF($A$2:$A293,$A31) -> 1 | X31: =IF(ISBLANK($U31),IF(ISBLANK($V31),FALSE,"ER - LAST ONLY"),TRUE) -> FALSE | Z31: =IF($S31>4,TRUE,IFERROR(0/0,"")) | AA31: =IF(ISBLANK($O31),FALSE,TRUE) -> FALSE | AC31: 207 | AE31: =IFERROR(IF(EXACT($L31,$B31),(TIMEVALUE($M31)-TIMEVALUE($C31))*24*60,IFERROR(0/0,"")),IFERROR(0/0,"")) -> 15.016667 | AF31: =OR(AND(NOT($AG31),IFERROR(NOT($AG32),""),EXACT($A31,$A32),NOT(EXACT(CONCATENATE($B31,$C31),CONCATENATE($B32,$C32)))),AND(NOT($AG31),IFERROR(NOT($AG30),""),EXACT($A31,$A30),NOT(EXACT(CONCATENATE($B31,$C31),CONCATENATE($B30,$C30))))) -> FALSE | AG31: =IF($AH31>0,TRUE,FALSE) -> TRUE | AH31: 1 | AK31: =IFS(AND($AJ31>=2,$AJ31<3),"Negative",AND($AJ31>=3,$AJ31<4),"Positive",AND($AJ31>=4,$AJ31<5),"Inconclusive",$AJ31=5,"MANUAL FILL",$AG31,"DELETED",TRUE,$K31) -> DELETED | AM31: DELETED | AN31: DELETED | AO31: =IFERROR(__xludf.DUMMYFUNCTION("IF($AG31, ""DELETED"",TRIM(JOIN("" "",D31:E31)))"),"DELETED") -> DELETED | AP31: =IF($AG31, "DELETED", TRIM(CONCATENATE(F31,I31,U31))) -> DELETED | AQ31: =IF($AG31, "DELETED", TRIM(CONCATENATE(G31,J31,V31))) -> DELETED | AR31: =IFERROR(__xludf.DUMMYFUNCTION("IF($AG31, ""DELETED"", TRIM(JOIN("" "",AP31,AQ31)))"),"DELETED") -> DELETED | AT31: =IF(OR($AG31,SUM($AU31:$AW31)=1),TRUE,FALSE) -> TRUE | AU31: =IF($AG31,IFERROR(0/0,""),IF(ISBLANK($F31),IF(ISBLANK($G31),IFERROR(0/0,""),2),1)) | AV31: =IF($AG31,IFERROR(0/0,""),IF(ISBLANK($I31),IF(ISBLANK($J31),IFERROR(0/0,""),2),1)) | AW31: =IF($AG31,IFERROR(0/0,""),IF(ISBLANK($U31),IF(ISBLANK($V31),IFERROR(0/0,""),2),1)) | AX31: =IF(AND($X31,$A32=$A31),1,IFERROR(0/0,"")) | BA31: =IF(AG31,IFERROR(0/0,""),IF(EXACT(UPPER(A31),A31),IFERROR(0/0,""),TRUE)) | BF31: =IF(COUNTIF(BJ$2:BJ293,BE31)>0,COUNTIF(BJ$2:BJ293,BE31),IFERROR(0/0,"")) | BG31: =IF($AG31,IFERROR(0/0,""),CONCATENATE($A31,"__",$B31,"_",$C31,"_",$D31,"_",$E31,"_",$K31,"_",$L31,"_",$M31,"_",$O31)) | BH31: =IF(ISBLANK(IFERROR(MATCH(LEFT(BG31, FIND("__",BG31)-1),BE$2:BE293,0),"")),IFERROR(0/0,""),TRUE) | BI31: AG718__44713_0.179259259259259___Negative_44713_0.341481481481482_ | BJ31: =IFERROR(LEFT(BI31, FIND("__",BI31)-1),"") -> AG718 | BK31: =IFERROR(AND(EXACT(BJ32,BJ31),NOT(EXACT(BJ31,BJ30))),"") -> FALSE | BL31: =IF(BK31,BJ31,IFERROR(0/0,"")) | BN31: =OR(BO31,BP31) -> FALSE | BO31: =ISBLANK($AR31) -> FALSE | BP31: =IF(TRIM($AR31)="",TRUE,FALSE) -> FALSE | BR31: DELETED | BS31: =EXACT(BR31,$AK31) -> TRUE
A32: AH8325 | B32: 44678 | C32: 0.6181713 | K32: Negative | L32: 44678 | M32: 0.62844907 | P32: =IFNA(IF(VLOOKUP($A32,'Add from APT'!$AA$2:$AC264,3,FALSE)>0,TRUE,FALSE),"ER - NOT IN APT") -> FALSE | Q32: =IF(ISLOGICAL(P32),IF(P32,"ER - REPS IN APT", IFNA(VLOOKUP($A32,RAW_APT!$A$3:$M264,7,FALSE),"ER - NOT IN APT")),P32) -> Result | R32: =IF(EXACT($A32,$A31),FALSE,TRUE) -> TRUE | S32: =COUNTIF($A$2:$A294,$A32) -> 1 | X32: =IF(ISBLANK($U32),IF(ISBLANK($V32),FALSE,"ER - LAST ONLY"),TRUE) -> FALSE | Z32: =IF($S32>4,TRUE,IFERROR(0/0,"")) | AA32: =IF(ISBLANK($O32),FALSE,TRUE) -> FALSE | AC32: 208 | AE32: =IFERROR(IF(EXACT($L32,$B32),(TIMEVALUE($M32)-TIMEVALUE($C32))*24*60,IFERROR(0/0,"")),IFERROR(0/0,"")) -> 14.8 | AF32: =OR(AND(NOT($AG32),IFERROR(NOT($AG33),""),EXACT($A32,$A33),NOT(EXACT(CONCATENATE($B32,$C32),CONCATENATE($B33,$C33)))),AND(NOT($AG32),IFERROR(NOT($AG31),""),EXACT($A32,$A31),NOT(EXACT(CONCATENATE($B32,$C32),CONCATENATE($B31,$C31))))) -> FALSE | AG32: =IF($AH32>0,TRUE,FALSE) -> TRUE | AH32: 1 | AK32: =IFS(AND($AJ32>=2,$AJ32<3),"Negative",AND($AJ32>=3,$AJ32<4),"Positive",AND($AJ32>=4,$AJ32<5),"Inconclusive",$AJ32=5,"MANUAL FILL",$AG32,"DELETED",TRUE,$K32) -> DELETED | AM32: DELETED | AN32: DELETED | AO32: =IFERROR(__xludf.DUMMYFUNCTION("IF($AG32, ""DELETED"",TRIM(JOIN("" "",D32:E32)))"),"DELETED") -> DELETED | AP32: =IF($AG32, "DELETED", TRIM(CONCATENATE(F32,I32,U32))) -> DELETED | AQ32: =IF($AG32, "DELETED", TRIM(CONCATENATE(G32,J32,V32))) -> DELETED | AR32: =IFERROR(__xludf.DUMMYFUNCTION("IF($AG32, ""DELETED"", TRIM(JOIN("" "",AP32,AQ32)))"),"DELETED") -> DELETED | AT32: =IF(OR($AG32,SUM($AU32:$AW32)=1),TRUE,FALSE) -> TRUE | AU32: =IF($AG32,IFERROR(0/0,""),IF(ISBLANK($F32),IF(ISBLANK($G32),IFERROR(0/0,""),2),1)) | AV32: =IF($AG32,IFERROR(0/0,""),IF(ISBLANK($I32),IF(ISBLANK($J32),IFERROR(0/0,""),2),1)) | AW32: =IF($AG32,IFERROR(0/0,""),IF(ISBLANK($U32),IF(ISBLANK($V32),IFERROR(0/0,""),2),1)) | AX32: =IF(AND($X32,$A33=$A32),1,IFERROR(0/0,"")) | BA32: =IF(AG32,IFERROR(0/0,""),IF(EXACT(UPPER(A32),A32),IFERROR(0/0,""),TRUE)) | BF32: =IF(COUNTIF(BJ$2:BJ294,BE32)>0,COUNTIF(BJ$2:BJ294,BE32),IFERROR(0/0,"")) | BG32: =IF($AG32,IFERROR(0/0,""),CONCATENATE($A32,"__",$B32,"_",$C32,"_",$D32,"_",$E32,"_",$K32,"_",$L32,"_",$M32,"_",$O32)) | BH32: =IF(ISBLANK(IFERROR(MATCH(LEFT(BG32, FIND("__",BG32)-1),BE$2:BE294,0),"")),IFERROR(0/0,""),TRUE) | BI32: AG815__44690_0.243703703703704___Negative_44690_0.323252314814815_ | BJ32: =IFERROR(LEFT(BI32, FIND("__",BI32)-1),"") -> AG815 | BK32: =IFERROR(AND(EXACT(BJ33,BJ32),NOT(EXACT(BJ32,BJ31))),"") -> FALSE | BL32: =IF(BK32,BJ32,IFERROR(0/0,"")) | BN32: =OR(BO32,BP32) -> FALSE | BO32: =ISBLANK($AR32) -> FALSE | BP32: =IF(TRIM($AR32)="",TRUE,FALSE) -> FALSE | BR32: DELETED | BS32: =EXACT(BR32,$AK32) -> TRUE
A33: AG869 | B33: 44678 | C33: 0.61832176 | K33: Negative | L33: 44678 | M33: 0.62844907 | P33: =IFNA(IF(VLOOKUP($A33,'Add from APT'!$AA$2:$AC264,3,FALSE)>0,TRUE,FALSE),"ER - NOT IN APT") -> FALSE | Q33: =IF(ISLOGICAL(P33),IF(P33,"ER - REPS IN APT", IFNA(VLOOKUP($A33,RAW_APT!$A$3:$M264,7,FALSE),"ER - NOT IN APT")),P33) -> Result | R33: =IF(EXACT($A33,$A32),FALSE,TRUE) -> TRUE | S33: =COUNTIF($A$2:$A295,$A33) -> 1 | X33: =IF(ISBLANK($U33),IF(ISBLANK($V33),FALSE,"ER - LAST ONLY"),TRUE) -> FALSE | Z33: =IF($S33>4,TRUE,IFERROR(0/0,"")) | AA33: =IF(ISBLANK($O33),FALSE,TRUE) -> FALSE | AC33: 209 | AE33: =IFERROR(IF(EXACT($L33,$B33),(TIMEVALUE($M33)-TIMEVALUE($C33))*24*60,IFERROR(0/0,"")),IFERROR(0/0,"")) -> 14.583333 | AF33: =OR(AND(NOT($AG33),IFERROR(NOT($AG34),""),EXACT($A33,$A34),NOT(EXACT(CONCATENATE($B33,$C33),CONCATENATE($B34,$C34)))),AND(NOT($AG33),IFERROR(NOT($AG32),""),EXACT($A33,$A32),NOT(EXACT(CONCATENATE($B33,$C33),CONCATENATE($B32,$C32))))) -> FALSE | AG33: =IF($AH33>0,TRUE,FALSE) -> TRUE | AH33: 1 | AK33: =IFS(AND($AJ33>=2,$AJ33<3),"Negative",AND($AJ33>=3,$AJ33<4),"Positive",AND($AJ33>=4,$AJ33<5),"Inconclusive",$AJ33=5,"MANUAL FILL",$AG33,"DELETED",TRUE,$K33) -> DELETED | AM33: DELETED | AN33: DELETED | AO33: =IFERROR(__xludf.DUMMYFUNCTION("IF($AG33, ""DELETED"",TRIM(JOIN("" "",D33:E33)))"),"DELETED") -> DELETED | AP33: =IF($AG33, "DELETED", TRIM(CONCATENATE(F33,I33,U33))) -> DELETED | AQ33: =IF($AG33, "DELETED", TRIM(CONCATENATE(G33,J33,V33))) -> DELETED | AR33: =IFERROR(__xludf.DUMMYFUNCTION("IF($AG33, ""DELETED"", TRIM(JOIN("" "",AP33,AQ33)))"),"DELETED") -> DELETED | AT33: =IF(OR($AG33,SUM($AU33:$AW33)=1),TRUE,FALSE) -> TRUE | AU33: =IF($AG33,IFERROR(0/0,""),IF(ISBLANK($F33),IF(ISBLANK($G33),IFERROR(0/0,""),2),1)) | AV33: =IF($AG33,IFERROR(0/0,""),IF(ISBLANK($I33),IF(ISBLANK($J33),IFERROR(0/0,""),2),1)) | AW33: =IF($AG33,IFERROR(0/0,""),IF(ISBLANK($U33),IF(ISBLANK($V33),IFERROR(0/0,""),2),1)) | AX33: =IF(AND($X33,$A34=$A33),1,IFERROR(0/0,"")) | BA33: =IF(AG33,IFERROR(0/0,""),IF(EXACT(UPPER(A33),A33),IFERROR(0/0,""),TRUE)) | BF33: =IF(COUNTIF(BJ$2:BJ295,BE33)>0,COUNTIF(BJ$2:BJ295,BE33),IFERROR(0/0,"")) | BG33: =IF($AG33,IFERROR(0/0,""),CONCATENATE($A33,"__",$B33,"_",$C33,"_",$D33,"_",$E33,"_",$K33,"_",$L33,"_",$M33,"_",$O33)) | BH33: =IF(ISBLANK(IFERROR(MATCH(LEFT(BG33, FIND("__",BG33)-1),BE$2:BE295,0),"")),IFERROR(0/0,""),TRUE) | BI33: AG91__44683_0.177708333333333___Negative_44683_0.3578125_ | BJ33: =IFERROR(LEFT(BI33, FIND("__",BI33)-1),"") -> AG91 | BK33: =IFERROR(AND(EXACT(BJ34,BJ33),NOT(EXACT(BJ33,BJ32))),"") -> FALSE | BL33: =IF(BK33,BJ33,IFERROR(0/0,"")) | BN33: =OR(BO33,BP33) -> FALSE | BO33: =ISBLANK($AR33) -> FALSE | BP33: =IF(TRIM($AR33)="",TRUE,FALSE) -> FALSE | BR33: DELETED | BS33: =EXACT(BR33,$AK33) -> TRUE
A34: AG302 | B34: 44678 | C34: 0.61846065 | K34: Negative | L34: 44678 | M34: 0.62844907 | P34: =IFNA(IF(VLOOKUP($A34,'Add from APT'!$AA$2:$AC264,3,FALSE)>0,TRUE,FALSE),"ER - NOT IN APT") -> FALSE | Q34: =IF(ISLOGICAL(P34),IF(P34,"ER - REPS IN APT", IFNA(VLOOKUP($A34,RAW_APT!$A$3:$M264,7,FALSE),"ER - NOT IN APT")),P34) -> Result | R34: =IF(EXACT($A34,$A33),FALSE,TRUE) -> TRUE | S34: =COUNTIF($A$2:$A296,$A34) -> 1 | X34: =IF(ISBLANK($U34),IF(ISBLANK($V34),FALSE,"ER - LAST ONLY"),TRUE) -> FALSE | Z34: =IF($S34>4,TRUE,IFERROR(0/0,"")) | AA34: =IF(ISBLANK($O34),FALSE,TRUE) -> FALSE | AC34: 210 | AE34: =IFERROR(IF(EXACT($L34,$B34),(TIMEVALUE($M34)-TIMEVALUE($C34))*24*60,IFERROR(0/0,"")),IFERROR(0/0,"")) -> 14.383333 | AF34: =OR(AND(NOT($AG34),IFERROR(NOT($AG35),""),EXACT($A34,$A35),NOT(EXACT(CONCATENATE($B34,$C34),CONCATENATE($B35,$C35)))),AND(NOT($AG34),IFERROR(NOT($AG33),""),EXACT($A34,$A33),NOT(EXACT(CONCATENATE($B34,$C34),CONCATENATE($B33,$C33))))) -> FALSE | AG34: =IF($AH34>0,TRUE,FALSE) -> TRUE | AH34: 1 | AK34: =IFS(AND($AJ34>=2,$AJ34<3),"Negative",AND($AJ34>=3,$AJ34<4),"Positive",AND($AJ34>=4,$AJ34<5),"Inconclusive",$AJ34=5,"MANUAL FILL",$AG34,"DELETED",TRUE,$K34) -> DELETED | AM34: DELETED | AN34: DELETED | AO34: =IFERROR(__xludf.DUMMYFUNCTION("IF($AG34, ""DELETED"",TRIM(JOIN("" "",D34:E34)))"),"DELETED") -> DELETED | AP34: =IF($AG34, "DELETED", TRIM(CONCATENATE(F34,I34,U34))) -> DELETED | AQ34: =IF($AG34, "DELETED", TRIM(CONCATENATE(G34,J34,V34))) -> DELETED | AR34: =IFERROR(__xludf.DUMMYFUNCTION("IF($AG34, ""DELETED"", TRIM(JOIN("" "",AP34,AQ34)))"),"DELETED") -> DELETED | AT34: =IF(OR($AG34,SUM($AU34:$AW34)=1),TRUE,FALSE) -> TRUE | AU34: =IF($AG34,IFERROR(0/0,""),IF(ISBLANK($F34),IF(ISBLANK($G34),IFERROR(0/0,""),2),1)) | AV34: =IF($AG34,IFERROR(0/0,""),IF(ISBLANK($I34),IF(ISBLANK($J34),IFERROR(0/0,""),2),1)) | AW34: =IF($AG34,IFERROR(0/0,""),IF(ISBLANK($U34),IF(ISBLANK($V34),IFERROR(0/0,""),2),1)) | AX34: =IF(AND($X34,$A35=$A34),1,IFERROR(0/0,"")) | BA34: =IF(AG34,IFERROR(0/0,""),IF(EXACT(UPPER(A34),A34),IFERROR(0/0,""),TRUE)) | BF34: =IF(COUNTIF(BJ$2:BJ296,BE34)>0,COUNTIF(BJ$2:BJ296,BE34),IFERROR(0/0,"")) | BG34: =IF($AG34,IFERROR(0/0,""),CONCATENATE($A34,"__",$B34,"_",$C34,"_",$D34,"_",$E34,"_",$K34,"_",$L34,"_",$M34,"_",$O34)) | BH34: =IF(ISBLANK(IFERROR(MATCH(LEFT(BG34, FIND("__",BG34)-1),BE$2:BE296,0),"")),IFERROR(0/0,""),TRUE) | BI34: AH1039__44690_0.202905092592593___Negative_44690_0.323240740740741_ | BJ34: =IFERROR(LEFT(BI34, FIND("__",BI34)-1),"") -> AH1039 | BK34: =IFERROR(AND(EXACT(BJ35,BJ34),NOT(EXACT(BJ34,BJ33))),"") -> FALSE | BL34: =IF(BK34,BJ34,IFERROR(0/0,"")) | BN34: =OR(BO34,BP34) -> FALSE | BO34: =ISBLANK($AR34) -> FALSE | BP34: =IF(TRIM($AR34)="",TRUE,FALSE) -> FALSE | BR34: DELETED | BS34: =EXACT(BR34,$AK34) -> TRUE
A35: AG981 | B35: 44678 | C35: 0.61859954 | K35: Negative | L35: 44678 | M35: 0.62844907 | P35: =IFNA(IF(VLOOKUP($A35,'Add from APT'!$AA$2:$AC264,3,FALSE)>0,TRUE,FALSE),"ER - NOT IN APT") -> FALSE | Q35: =IF(ISLOGICAL(P35),IF(P35,"ER - REPS IN APT", IFNA(VLOOKUP($A35,RAW_APT!$A$3:$M264,7,FALSE),"ER - NOT IN APT")),P35) -> Result | R35: =IF(EXACT($A35,$A34),FALSE,TRUE) -> TRUE | S35: =COUNTIF($A$2:$A297,$A35) -> 1 | X35: =IF(ISBLANK($U35),IF(ISBLANK($V35),FALSE,"ER - LAST ONLY"),TRUE) -> FALSE | Z35: =IF($S35>4,TRUE,IFERROR(0/0,"")) | AA35: =IF(ISBLANK($O35),FALSE,TRUE) -> FALSE | AC35: 211 | AE35: =IFERROR(IF(EXACT($L35,$B35),(TIMEVALUE($M35)-TIMEVALUE($C35))*24*60,IFERROR(0/0,"")),IFERROR(0/0,"")) -> 14.183333 | AF35: =OR(AND(NOT($AG35),IFERROR(NOT($AG36),""),EXACT($A35,$A36),NOT(EXACT(CONCATENATE($B35,$C35),CONCATENATE($B36,$C36)))),AND(NOT($AG35),IFERROR(NOT($AG34),""),EXACT($A35,$A34),NOT(EXACT(CONCATENATE($B35,$C35),CONCATENATE($B34,$C34))))) -> FALSE | AG35: =IF($AH35>0,TRUE,FALSE) -> TRUE | AH35: 1 | AK35: =IFS(AND($AJ35>=2,$AJ35<3),"Negative",AND($AJ35>=3,$AJ35<4),"Positive",AND($AJ35>=4,$AJ35<5),"Inconclusive",$AJ35=5,"MANUAL FILL",$AG35,"DELETED",TRUE,$K35) -> DELETED | AM35: DELETED | AN35: DELETED | AO35: =IFERROR(__xludf.DUMMYFUNCTION("IF($AG35, ""DELETED"",TRIM(JOIN("" "",D35:E35)))"),"DELETED") -> DELETED | AP35: =IF($AG35, "DELETED", TRIM(CONCATENATE(F35,I35,U35))) -> DELETED | AQ35: =IF($AG35, "DELETED", TRIM(CONCATENATE(G35,J35,V35))) -> DELETED | AR35: =IFERROR(__xludf.DUMMYFUNCTION("IF($AG35, ""DELETED"", TRIM(JOIN("" "",AP35,AQ35)))"),"DELETED") -> DELETED | AT35: =IF(OR($AG35,SUM($AU35:$AW35)=1),TRUE,FALSE) -> TRUE | AU35: =IF($AG35,IFERROR(0/0,""),IF(ISBLANK($F35),IF(ISBLANK($G35),IFERROR(0/0,""),2),1)) | AV35: =IF($AG35,IFERROR(0/0,""),IF(ISBLANK($I35),IF(ISBLANK($J35),IFERROR(0/0,""),2),1)) | AW35: =IF($AG35,IFERROR(0/0,""),IF(ISBLANK($U35),IF(ISBLANK($V35),IFERROR(0/0,""),2),1)) | AX35: =IF(AND($X35,$A36=$A35),1,IFERROR(0/0,"")) | BA35: =IF(AG35,IFERROR(0/0,""),IF(EXACT(UPPER(A35),A35),IFERROR(0/0,""),TRUE)) | BF35: =IF(COUNTIF(BJ$2:BJ297,BE35)>0,COUNTIF(BJ$2:BJ297,BE35),IFERROR(0/0,"")) | BG35: =IF($AG35,IFERROR(0/0,""),CONCATENATE($A35,"__",$B35,"_",$C35,"_",$D35,"_",$E35,"_",$K35,"_",$L35,"_",$M35,"_",$O35)) | BH35: =IF(ISBLANK(IFERROR(MATCH(LEFT(BG35, FIND("__",BG35)-1),BE$2:BE297,0),"")),IFERROR(0/0,""),TRUE) | BI35: AH1486__44713_0.183217592592593___Negative_44713_0.341481481481482_ | BJ35: =IFERROR(LEFT(BI35, FIND("__",BI35)-1),"") -> AH1486 | BK35: =IFERROR(AND(EXACT(BJ36,BJ35),NOT(EXACT(BJ35,BJ34))),"") -> FALSE | BL35: =IF(BK35,BJ35,IFERROR(0/0,"")) | BN35: =OR(BO35,BP35) -> FALSE | BO35: =ISBLANK($AR35) -> FALSE | BP35: =IF(TRIM($AR35)="",TRUE,FALSE) -> FALSE | BR35: DELETED | BS35: =EXACT(BR35,$AK35) -> TRUE
A36: AH7209 | B36: 44679 | C36: 0.17568287 | K36: Null | P36: =IFNA(IF(VLOOKUP($A36,'Add from APT'!$AA$2:$AC264,3,FALSE)>0,TRUE,FALSE),"ER - NOT IN APT") -> FALSE | Q36: =IF(ISLOGICAL(P36),IF(P36,"ER - REPS IN APT", IFNA(VLOOKUP($A36,RAW_APT!$A$3:$M264,7,FALSE),"ER - NOT IN APT")),P36) -> Collected | R36: =IF(EXACT($A36,$A35),FALSE,TRUE) -> TRUE | S36: =COUNTIF($A$2:$A298,$A36) -> 2 | X36: =IF(ISBLANK($U36),IF(ISBLANK($V36),FALSE,"ER - LAST ONLY"),TRUE) -> FALSE | Z36: =IF($S36>4,TRUE,IFERROR(0/0,"")) | AA36: =IF(ISBLANK($O36),FALSE,TRUE) -> FALSE | AC36: 192 | AE36: =IFERROR(IF(EXACT($L36,$B36),(TIMEVALUE($M36)-TIMEVALUE($C36))*24*60,IFERROR(0/0,"")),IFERROR(0/0,"")) | AF36: =OR(AND(NOT($AG36),IFERROR(NOT($AG37),""),EXACT($A36,$A37),NOT(EXACT(CONCATENATE($B36,$C36),CONCATENATE($B37,$C37)))),AND(NOT($AG36),IFERROR(NOT($AG35),""),EXACT($A36,$A35),NOT(EXACT(CONCATENATE($B36,$C36),CONCATENATE($B35,$C35))))) -> FALSE | AG36: =IF($AH36>0,TRUE,FALSE) -> TRUE | AH36: 2 | AK36: =IFS(AND($AJ36>=2,$AJ36<3),"Negative",AND($AJ36>=3,$AJ36<4),"Positive",AND($AJ36>=4,$AJ36<5),"Inconclusive",$AJ36=5,"MANUAL FILL",$AG36,"DELETED",TRUE,$K36) -> DELETED | AM36: DELETED | AN36: DELETED | AO36: =IFERROR(__xludf.DUMMYFUNCTION("IF($AG36, ""DELETED"",TRIM(JOIN("" "",D36:E36)))"),"DELETED") -> DELETED | AP36: =IF($AG36, "DELETED", TRIM(CONCATENATE(F36,I36,U36))) -> DELETED | AQ36: =IF($AG36, "DELETED", TRIM(CONCATENATE(G36,J36,V36))) -> DELETED | AR36: =IFERROR(__xludf.DUMMYFUNCTION("IF($AG36, ""DELETED"", TRIM(JOIN("" "",AP36,AQ36)))"),"DELETED") -> DELETED | AT36: =IF(OR($AG36,SUM($AU36:$AW36)=1),TRUE,FALSE) -> TRUE | AU36: =IF($AG36,IFERROR(0/0,""),IF(ISBLANK($F36),IF(ISBLANK($G36),IFERROR(0/0,""),2),1)) | AV36: =IF($AG36,IFERROR(0/0,""),IF(ISBLANK($I36),IF(ISBLANK($J36),IFERROR(0/0,""),2),1)) | AW36: =IF($AG36,IFERROR(0/0,""),IF(ISBLANK($U36),IF(ISBLANK($V36),IFERROR(0/0,""),2),1)) | AX36: =IF(AND($X36,$A37=$A36),1,IFERROR(0/0,"")) | BA36: =IF(AG36,IFERROR(0/0,""),IF(EXACT(UPPER(A36),A36),IFERROR(0/0,""),TRUE)) | BF36: =IF(COUNTIF(BJ$2:BJ298,BE36)>0,COUNTIF(BJ$2:BJ298,BE36),IFERROR(0/0,"")) | BG36: =IF($AG36,IFERROR(0/0,""),CONCATENATE($A36,"__",$B36,"_",$C36,"_",$D36,"_",$E36,"_",$K36,"_",$L36,"_",$M36,"_",$O36)) | BH36: =IF(ISBLANK(IFERROR(MATCH(LEFT(BG36, FIND("__",BG36)-1),BE$2:BE298,0),"")),IFERROR(0/0,""),TRUE) | BI36: AH248__44767_0.30244212962963___Negative_44767_0.432928240740741_ | BJ36: =IFERROR(LEFT(BI36, FIND("__",BI36)-1),"") -> AH248 | BK36: =IFERROR(AND(EXACT(BJ37,BJ36),NOT(EXACT(BJ36,BJ35))),"") -> FALSE | BL36: =IF(BK36,BJ36,IFERROR(0/0,"")) | BN36: =OR(BO36,BP36) -> FALSE | BO36: =ISBLANK($AR36) -> FALSE | BP36: =IF(TRIM($AR36)="",TRUE,FALSE) -> FALSE | BR36: DELETED | BS36: =EXACT(BR36,$AK36) -> TRUE
A37: AH7209 | B37: 44679 | C37: 0.17568287 | K37: Null | P37: =IFNA(IF(VLOOKUP($A37,'Add from APT'!$AA$2:$AC264,3,FALSE)>0,TRUE,FALSE),"ER - NOT IN APT") -> FALSE | Q37: =IF(ISLOGICAL(P37),IF(P37,"ER - REPS IN APT", IFNA(VLOOKUP($A37,RAW_APT!$A$3:$M264,7,FALSE),"ER - NOT IN APT")),P37) -> Collected | R37: =IF(EXACT($A37,$A36),FALSE,TRUE) -> FALSE | S37: =COUNTIF($A$2:$A299,$A37) -> 2 | X37: =IF(ISBLANK($U37),IF(ISBLANK($V37),FALSE,"ER - LAST ONLY"),TRUE) -> FALSE | Z37: =IF($S37>4,TRUE,IFERROR(0/0,"")) | AA37: =IF(ISBLANK($O37),FALSE,TRUE) -> FALSE | AC37: 193 | AE37: =IFERROR(IF(EXACT($L37,$B37),(TIMEVALUE($M37)-TIMEVALUE($C37))*24*60,IFERROR(0/0,"")),IFERROR(0/0,"")) | AF37: =OR(AND(NOT($AG37),IFERROR(NOT($AG38),""),EXACT($A37,$A38),NOT(EXACT(CONCATENATE($B37,$C37),CONCATENATE($B38,$C38)))),AND(NOT($AG37),IFERROR(NOT($AG36),""),EXACT($A37,$A36),NOT(EXACT(CONCATENATE($B37,$C37),CONCATENATE($B36,$C36))))) -> FALSE | AG37: =IF($AH37>0,TRUE,FALSE) -> TRUE | AH37: 2 | AK37: =IFS(AND($AJ37>=2,$AJ37<3),"Negative",AND($AJ37>=3,$AJ37<4),"Positive",AND($AJ37>=4,$AJ37<5),"Inconclusive",$AJ37=5,"MANUAL FILL",$AG37,"DELETED",TRUE,$K37) -> DELETED | AM37: DELETED | AN37: DELETED | AO37: =IFERROR(__xludf.DUMMYFUNCTION("IF($AG37, ""DELETED"",TRIM(JOIN("" "",D37:E37)))"),"DELETED") -> DELETED | AP37: =IF($AG37, "DELETED", TRIM(CONCATENATE(F37,I37,U37))) -> DELETED | AQ37: =IF($AG37, "DELETED", TRIM(CONCATENATE(G37,J37,V37))) -> DELETED | AR37: =IFERROR(__xludf.DUMMYFUNCTION("IF($AG37, ""DELETED"", TRIM(JOIN("" "",AP37,AQ37)))"),"DELETED") -> DELETED | AT37: =IF(OR($AG37,SUM($AU37:$AW37)=1),TRUE,FALSE) -> TRUE | AU37: =IF($AG37,IFERROR(0/0,""),IF(ISBLANK($F37),IF(ISBLANK($G37),IFERROR(0/0,""),2),1)) | AV37: =IF($AG37,IFERROR(0/0,""),IF(ISBLANK($I37),IF(ISBLANK($J37),IFERROR(0/0,""),2),1)) | AW37: =IF($AG37,IFERROR(0/0,""),IF(ISBLANK($U37),IF(ISBLANK($V37),IFERROR(0/0,""),2),1)) | AX37: =IF(AND($X37,$A38=$A37),1,IFERROR(0/0,"")) | BA37: =IF(AG37,IFERROR(0/0,""),IF(EXACT(UPPER(A37),A37),IFERROR(0/0,""),TRUE)) | BF37: =IF(COUNTIF(BJ$2:BJ299,BE37)>0,COUNTIF(BJ$2:BJ299,BE37),IFERROR(0/0,"")) | BG37: =IF($AG37,IFERROR(0/0,""),CONCATENATE($A37,"__",$B37,"_",$C37,"_",$D37,"_",$E37,"_",$K37,"_",$L37,"_",$M37,"_",$O37)) | BH37: =IF(ISBLANK(IFERROR(MATCH(LEFT(BG37, FIND("__",BG37)-1),BE$2:BE299,0),"")),IFERROR(0/0,""),TRUE) | BI37: AH258__44712_0.792916666666667___Negative_44713_0.341481481481482_ | BJ37: =IFERROR(LEFT(BI37, FIND("__",BI37)-1),"") -> AH258 | BK37: =IFERROR(AND(EXACT(BJ38,BJ37),NOT(EXACT(BJ37,BJ36))),"") -> FALSE | BL37: =IF(BK37,BJ37,IFERROR(0/0,"")) | BN37: =OR(BO37,BP37) -> FALSE | BO37: =ISBLANK($AR37) -> FALSE | BP37: =IF(TRIM($AR37)="",TRUE,FALSE) -> FALSE | BR37: DELETED | BS37: =EXACT(BR37,$AK37) -> TRUE
A38: TEST_04-28-22 | B38: 44679 | C38: 0.5215162 | K38: Null | P38: =IFNA(IF(VLOOKUP($A38,'Add from APT'!$AA$2:$AC264,3,FALSE)>0,TRUE,FALSE),"ER - NOT IN APT") -> FALSE | Q38: =IF(ISLOGICAL(P38),IF(P38,"ER - REPS IN APT", IFNA(VLOOKUP($A38,RAW_APT!$A$3:$M264,7,FALSE),"ER - NOT IN APT")),P38) -> Collected | R38: =IF(EXACT($A38,$A37),FALSE,TRUE) -> TRUE | S38: =COUNTIF($A$2:$A300,$A38) -> 4 | X38: =IF(ISBLANK($U38),IF(ISBLANK($V38),FALSE,"ER - LAST ONLY"),TRUE) -> FALSE | Z38: =IF($S38>4,TRUE,IFERROR(0/0,"")) | AA38: =IF(ISBLANK($O38),FALSE,TRUE) -> FALSE | AC38: 196 | AE38: =IFERROR(IF(EXACT($L38,$B38),(TIMEVALUE($M38)-TIMEVALUE($C38))*24*60,IFERROR(0/0,"")),IFERROR(0/0,"")) | AF38: =OR(AND(NOT($AG38),IFERROR(NOT($AG39),""),EXACT($A38,$A39),NOT(EXACT(CONCATENATE($B38,$C38),CONCATENATE($B39,$C39)))),AND(NOT($AG38),IFERROR(NOT($AG37),""),EXACT($A38,$A37),NOT(EXACT(CONCATENATE($B38,$C38),CONCATENATE($B37,$C37))))) -> FALSE | AG38: =IF($AH38>0,TRUE,FALSE) -> TRUE | AH38: 2 | AK38: =IFS(AND($AJ38>=2,$AJ38<3),"Negative",AND($AJ38>=3,$AJ38<4),"Positive",AND($AJ38>=4,$AJ38<5),"Inconclusive",$AJ38=5,"MANUAL FILL",$AG38,"DELETED",TRUE,$K38) -> DELETED | AM38: DELETED | AN38: DELETED | AO38: =IFERROR(__xludf.DUMMYFUNCTION("IF($AG38, ""DELETED"",TRIM(JOIN("" "",D38:E38)))"),"DELETED") -> DELETED | AP38: =IF($AG38, "DELETED", TRIM(CONCATENATE(F38,I38,U38))) -> DELETED | AQ38: =IF($AG38, "DELETED", TRIM(CONCATENATE(G38,J38,V38))) -> DELETED | AR38: =IFERROR(__xludf.DUMMYFUNCTION("IF($AG38, ""DELETED"", TRIM(JOIN("" "",AP38,AQ38)))"),"DELETED") -> DELETED | AT38: =IF(OR($AG38,SUM($AU38:$AW38)=1),TRUE,FALSE) -> TRUE | AU38: =IF($AG38,IFERROR(0/0,""),IF(ISBLANK($F38),IF(ISBLANK($G38),IFERROR(0/0,""),2),1)) | AV38: =IF($AG38,IFERROR(0/0,""),IF(ISBLANK($I38),IF(ISBLANK($J38),IFERROR(0/0,""),2),1)) | AW38: =IF($AG38,IFERROR(0/0,""),IF(ISBLANK($U38),IF(ISBLANK($V38),IFERROR(0/0,""),2),1)) | AX38: =IF(AND($X38,$A39=$A38),1,IFERROR(0/0,"")) | BA38: =IF(AG38,IFERROR(0/0,""),IF(EXACT(UPPER(A38),A38),IFERROR(0/0,""),TRUE)) | BF38: =IF(COUNTIF(BJ$2:BJ300,BE38)>0,COUNTIF(BJ$2:BJ300,BE38),IFERROR(0/0,"")) | BG38: =IF($AG38,IFERROR(0/0,""),CONCATENATE($A38,"__",$B38,"_",$C38,"_",$D38,"_",$E38,"_",$K38,"_",$L38,"_",$M38,"_",$O38)) | BH38: =IF(ISBLANK(IFERROR(MATCH(LEFT(BG38, FIND("__",BG38)-1),BE$2:BE300,0),"")),IFERROR(0/0,""),TRUE) | BI38: AH266__44690_0.280162037037037___Negative_44690_0.323252314814815_ | BJ38: =IFERROR(LEFT(BI38, FIND("__",BI38)-1),"") -> AH266 | BK38: =IFERROR(AND(EXACT(BJ39,BJ38),NOT(EXACT(BJ38,BJ37))),"") -> FALSE | BL38: =IF(BK38,BJ38,IFERROR(0/0,"")) | BN38: =OR(BO38,BP38) -> FALSE | BO38: =ISBLANK($AR38) -> FALSE | BP38: =IF(TRIM($AR38)="",TRUE,FALSE) -> FALSE | BR38: DELETED | BS38: =EXACT(BR38,$AK38) -> TRUE
A39: TEST_04-28-22 | B39: 44679 | C39: 0.5215162 | K39: Null | P39: =IFNA(IF(VLOOKUP($A39,'Add from APT'!$AA$2:$AC264,3,FALSE)>0,TRUE,FALSE),"ER - NOT IN APT") -> FALSE | Q39: =IF(ISLOGICAL(P39),IF(P39,"ER - REPS IN APT", IFNA(VLOOKUP($A39,RAW_APT!$A$3:$M264,7,FALSE),"ER - NOT IN APT")),P39) -> Collected | R39: =IF(EXACT($A39,$A38),FALSE,TRUE) -> FALSE | S39: =COUNTIF($A$2:$A301,$A39) -> 4 | X39: =IF(ISBLANK($U39),IF(ISBLANK($V39),FALSE,"ER - LAST ONLY"),TRUE) -> FALSE | Z39: =IF($S39>4,TRUE,IFERROR(0/0,"")) | AA39: =IF(ISBLANK($O39),FALSE,TRUE) -> FALSE | AC39: 194 | AE39: =IFERROR(IF(EXACT($L39,$B39),(TIMEVALUE($M39)-TIMEVALUE($C39))*24*60,IFERROR(0/0,"")),IFERROR(0/0,"")) | AF39: =OR(AND(NOT($AG39),IFERROR(NOT($AG40),""),EXACT($A39,$A40),NOT(EXACT(CONCATENATE($B39,$C39),CONCATENATE($B40,$C40)))),AND(NOT($AG39),IFERROR(NOT($AG38),""),EXACT($A39,$A38),NOT(EXACT(CONCATENATE($B39,$C39),CONCATENATE($B38,$C38))))) -> FALSE | AG39: =IF($AH39>0,TRUE,FALSE) -> TRUE | AH39: 2 | AK39: =IFS(AND($AJ39>=2,$AJ39<3),"Negative",AND($AJ39>=3,$AJ39<4),"Positive",AND($AJ39>=4,$AJ39<5),"Inconclusive",$AJ39=5,"MANUAL FILL",$AG39,"DELETED",TRUE,$K39) -> DELETED | AM39: DELETED | AN39: DELETED | AO39: =IFERROR(__xludf.DUMMYFUNCTION("IF($AG39, ""DELETED"",TRIM(JOIN("" "",D39:E39)))"),"DELETED") -> DELETED | AP39: =IF($AG39, "DELETED", TRIM(CONCATENATE(F39,I39,U39))) -> DELETED | AQ39: =IF($AG39, "DELETED", TRIM(CONCATENATE(G39,J39,V39))) -> DELETED | AR39: =IFERROR(__xludf.DUMMYFUNCTION("IF($AG39, ""DELETED"", TRIM(JOIN("" "",AP39,AQ39)))"),"DELETED") -> DELETED | AT39: =IF(OR($AG39,SUM($AU39:$AW39)=1),TRUE,FALSE) -> TRUE | AU39: =IF($AG39,IFERROR(0/0,""),IF(ISBLANK($F39),IF(ISBLANK($G39),IFERROR(0/0,""),2),1)) | AV39: =IF($AG39,IFERROR(0/0,""),IF(ISBLANK($I39),IF(ISBLANK($J39),IFERROR(0/0,""),2),1)) | AW39: =IF($AG39,IFERROR(0/0,""),IF(ISBLANK($U39),IF(ISBLANK($V39),IFERROR(0/0,""),2),1)) | AX39: =IF(AND($X39,$A40=$A39),1,IFERROR(0/0,"")) | BA39: =IF(AG39,IFERROR(0/0,""),IF(EXACT(UPPER(A39),A39),IFERROR(0/0,""),TRUE)) | BF39: =IF(COUNTIF(BJ$2:BJ301,BE39)>0,COUNTIF(BJ$2:BJ301,BE39),IFERROR(0/0,"")) | BG39: =IF($AG39,IFERROR(0/0,""),CONCATENATE($A39,"__",$B39,"_",$C39,"_",$D39,"_",$E39,"_",$K39,"_",$L39,"_",$M39,"_",$O39)) | BH39: =IF(ISBLANK(IFERROR(MATCH(LEFT(BG39, FIND("__",BG39)-1),BE$2:BE301,0),"")),IFERROR(0/0,""),TRUE) | BI39: AH330__44704_0.187824074074074___Negative_44704_0.394907407407407_ | BJ39: =IFERROR(LEFT(BI39, FIND("__",BI39)-1),"") -> AH330 | BK39: =IFERROR(AND(EXACT(BJ40,BJ39),NOT(EXACT(BJ39,BJ38))),"") -> FALSE | BL39: =IF(BK39,BJ39,IFERROR(0/0,"")) | BN39: =OR(BO39,BP39) -> FALSE | BO39: =ISBLANK($AR39) -> FALSE | BP39: =IF(TRIM($AR39)="",TRUE,FALSE) -> FALSE | BR39: DELETED | BS39: =EXACT(BR39,$AK39) -> TRUE
A40: TEST_04-28-22 | B40: 44679 | C40: 0.5215162 | K40: Null | P40: =IFNA(IF(VLOOKUP($A40,'Add from APT'!$AA$2:$AC264,3,FALSE)>0,TRUE,FALSE),"ER - NOT IN APT") -> FALSE | Q40: =IF(ISLOGICAL(P40),IF(P40,"ER - REPS IN APT", IFNA(VLOOKUP($A40,RAW_APT!$A$3:$M264,7,FALSE),"ER - NOT IN APT")),P40) -> Collected | R40: =IF(EXACT($A40,$A39),FALSE,TRUE) -> FALSE | S40: =COUNTIF($A$2:$A302,$A40) -> 4 | X40: =IF(ISBLANK($U40),IF(ISBLANK($V40),FALSE,"ER - LAST ONLY"),TRUE) -> FALSE | Z40: =IF($S40>4,TRUE,IFERROR(0/0,"")) | AA40: =IF(ISBLANK($O40),FALSE,TRUE) -> FALSE | AC40: 195 | AE40: =IFERROR(IF(EXACT($L40,$B40),(TIMEVALUE($M40)-TIMEVALUE($C40))*24*60,IFERROR(0/0,"")),IFERROR(0/0,"")) | AF40: =OR(AND(NOT($AG40),IFERROR(NOT($AG41),""),EXACT($A40,$A41),NOT(EXACT(CONCATENATE($B40,$C40),CONCATENATE($B41,$C41)))),AND(NOT($AG40),IFERROR(NOT($AG39),""),EXACT($A40,$A39),NOT(EXACT(CONCATENATE($B40,$C40),CONCATENATE($B39,$C39))))) -> FALSE | AG40: =IF($AH40>0,TRUE,FALSE) -> TRUE | AH40: 2 | AK40: =IFS(AND($AJ40>=2,$AJ40<3),"Negative",AND($AJ40>=3,$AJ40<4),"Positive",AND($AJ40>=4,$AJ40<5),"Inconclusive",$AJ40=5,"MANUAL FILL",$AG40,"DELETED",TRUE,$K40) -> DELETED | AM40: DELETED | AN40: DELETED | AO40: =IFERROR(__xludf.DUMMYFUNCTION("IF($AG40, ""DELETED"",TRIM(JOIN("" "",D40:E40)))"),"DELETED") -> DELETED | AP40: =IF($AG40, "DELETED", TRIM(CONCATENATE(F40,I40,U40))) -> DELETED | AQ40: =IF($AG40, "DELETED", TRIM(CONCATENATE(G40,J40,V40))) -> DELETED | AR40: =IFERROR(__xludf.DUMMYFUNCTION("IF($AG40, ""DELETED"", TRIM(JOIN("" "",AP40,AQ40)))"),"DELETED") -> DELETED | AT40: =IF(OR($AG40,SUM($AU40:$AW40)=1),TRUE,FALSE) -> TRUE | AU40: =IF($AG40,IFERROR(0/0,""),IF(ISBLANK($F40),IF(ISBLANK($G40),IFERROR(0/0,""),2),1)) | AV40: =IF($AG40,IFERROR(0/0,""),IF(ISBLANK($I40),IF(ISBLANK($J40),IFERROR(0/0,""),2),1)) | AW40: =IF($AG40,IFERROR(0/0,""),IF(ISBLANK($U40),IF(ISBLANK($V40),IFERROR(0/0,""),2),1)) | AX40: =IF(AND($X40,$A41=$A40),1,IFERROR(0/0,"")) | BA40: =IF(AG40,IFERROR(0/0,""),IF(EXACT(UPPER(A40),A40),IFERROR(0/0,""),TRUE)) | BF40: =IF(COUNTIF(BJ$2:BJ302,BE40)>0,COUNTIF(BJ$2:BJ302,BE40),IFERROR(0/0,"")) | BG40: =IF($AG40,IFERROR(0/0,""),CONCATENATE($A40,"__",$B40,"_",$C40,"_",$D40,"_",$E40,"_",$K40,"_",$L40,"_",$M40,"_",$O40)) | BH40: =IF(ISBLANK(IFERROR(MATCH(LEFT(BG40, FIND("__",BG40)-1),BE$2:BE302,0),"")),IFERROR(0/0,""),TRUE) | BI40: AH63__44697_0.318715277777778___Negative_44697_0.361111111111111_ | BJ40: =IFERROR(LEFT(BI40, FIND("__",BI40)-1),"") -> AH63 | BK40: =IFERROR(AND(EXACT(BJ41,BJ40),NOT(EXACT(BJ40,BJ39))),"") -> FALSE | BL40: =IF(BK40,BJ40,IFERROR(0/0,"")) | BN40: =OR(BO40,BP40) -> FALSE | BO40: =ISBLANK($AR40) -> FALSE | BP40: =IF(TRIM($AR40)="",TRUE,FALSE) -> FALSE | BR40: DELETED | BS40: =EXACT(BR40,$AK40) -> TRUE
A41: TEST_04-28-22 | B41: 44679 | C41: 0.5215162 | K41: Null | P41: =IFNA(IF(VLOOKUP($A41,'Add from APT'!$AA$2:$AC264,3,FALSE)>0,TRUE,FALSE),"ER - NOT IN APT") -> FALSE | Q41: =IF(ISLOGICAL(P41),IF(P41,"ER - REPS IN APT", IFNA(VLOOKUP($A41,RAW_APT!$A$3:$M264,7,FALSE),"ER - NOT IN APT")),P41) -> Collected | R41: =IF(EXACT($A41,$A40),FALSE,TRUE) -> FALSE | S41: =COUNTIF($A$2:$A303,$A41) -> 4 | X41: =IF(ISBLANK($U41),IF(ISBLANK($V41),FALSE,"ER - LAST ONLY"),TRUE) -> FALSE | Z41: =IF($S41>4,TRUE,IFERROR(0/0,"")) | AA41: =IF(ISBLANK($O41),FALSE,TRUE) -> FALSE | AC41: 197 | AE41: =IFERROR(IF(EXACT($L41,$B41),(TIMEVALUE($M41)-TIMEVALUE($C41))*24*60,IFERROR(0/0,"")),IFERROR(0/0,"")) | AF41: =OR(AND(NOT($AG41),IFERROR(NOT($AG42),""),EXACT($A41,$A42),NOT(EXACT(CONCATENATE($B41,$C41),CONCATENATE($B42,$C42)))),AND(NOT($AG41),IFERROR(NOT($AG40),""),EXACT($A41,$A40),NOT(EXACT(CONCATENATE($B41,$C41),CONCATENATE($B40,$C40))))) -> FALSE | AG41: =IF($AH41>0,TRUE,FALSE) -> TRUE | AH41: 2 | AK41: =IFS(AND($AJ41>=2,$AJ41<3),"Negative",AND($AJ41>=3,$AJ41<4),"Positive",AND($AJ41>=4,$AJ41<5),"Inconclusive",$AJ41=5,"MANUAL FILL",$AG41,"DELETED",TRUE,$K41) -> DELETED | AM41: DELETED | AN41: DELETED | AO41: =IFERROR(__xludf.DUMMYFUNCTION("IF($AG41, ""DELETED"",TRIM(JOIN("" "",D41:E41)))"),"DELETED") -> DELETED | AP41: =IF($AG41, "DELETED", TRIM(CONCATENATE(F41,I41,U41))) -> DELETED | AQ41: =IF($AG41, "DELETED", TRIM(CONCATENATE(G41,J41,V41))) -> DELETED | AR41: =IFERROR(__xludf.DUMMYFUNCTION("IF($AG41, ""DELETED"", TRIM(JOIN("" "",AP41,AQ41)))"),"DELETED") -> DELETED | AT41: =IF(OR($AG41,SUM($AU41:$AW41)=1),TRUE,FALSE) -> TRUE | AU41: =IF($AG41,IFERROR(0/0,""),IF(ISBLANK($F41),IF(ISBLANK($G41),IFERROR(0/0,""),2),1)) | AV41: =IF($AG41,IFERROR(0/0,""),IF(ISBLANK($I41),IF(ISBLANK($J41),IFERROR(0/0,""),2),1)) | AW41: =IF($AG41,IFERROR(0/0,""),IF(ISBLANK($U41),IF(ISBLANK($V41),IFERROR(0/0,""),2),1)) | AX41: =IF(AND($X41,$A42=$A41),1,IFERROR(0/0,"")) | BA41: =IF(AG41,IFERROR(0/0,""),IF(EXACT(UPPER(A41),A41),IFERROR(0/0,""),TRUE)) | BF41: =IF(COUNTIF(BJ$2:BJ303,BE41)>0,COUNTIF(BJ$2:BJ303,BE41),IFERROR(0/0,"")) | BG41: =IF($AG41,IFERROR(0/0,""),CONCATENATE($A41,"__",$B41,"_",$C41,"_",$D41,"_",$E41,"_",$K41,"_",$L41,"_",$M41,"_",$O41)) | BH41: =IF(ISBLANK(IFERROR(MATCH(LEFT(BG41, FIND("__",BG41)-1),BE$2:BE303,0),"")),IFERROR(0/0,""),TRUE) | BI41: AH6802__44704_0.319513888888889___Negative_44704_0.394918981481481_ | BJ41: =IFERROR(LEFT(BI41, FIND("__",BI41)-1),"") -> AH6802 | BK41: =IFERROR(AND(EXACT(BJ42,BJ41),NOT(EXACT(BJ41,BJ40))),"") -> FALSE | BL41: =IF(BK41,BJ41,IFERROR(0/0,"")) | BN41: =OR(BO41,BP41) -> FALSE | BO41: =ISBLANK($AR41) -> FALSE | BP41: =IF(TRIM($AR41)="",TRUE,FALSE) -> FALSE | BR41: DELETED | BS41: =EXACT(BR41,$AK41) -> TRUE
A42: AG575 | B42: 44683 | C42: 0.17497685 | K42: Negative | L42: 44683 | M42: 0.3578125 | P42: =IFNA(IF(VLOOKUP($A42,'Add from APT'!$AA$2:$AC264,3,FALSE)>0,TRUE,FALSE),"ER - NOT IN APT") -> FALSE | Q42: =IF(ISLOGICAL(P42),IF(P42,"ER - REPS IN APT", IFNA(VLOOKUP($A42,RAW_APT!$A$3:$M264,7,FALSE),"ER - NOT IN APT")),P42) -> Result | R42: =IF(EXACT($A42,$A41),FALSE,TRUE) -> TRUE | S42: =COUNTIF($A$2:$A304,$A42) -> 4 | T42: 2 | X42: =IF(ISBLANK($U42),IF(ISBLANK($V42),FALSE,"ER - LAST ONLY"),TRUE) -> FALSE | Z42: =IF($S42>4,TRUE,IFERROR(0/0,"")) | AA42: =IF(ISBLANK($O42),FALSE,TRUE) -> FALSE | AC42: 167 | AE42: =IFERROR(IF(EXACT($L42,$B42),(TIMEVALUE($M42)-TIMEVALUE($C42))*24*60,IFERROR(0/0,"")),IFERROR(0/0,"")) -> 263.28333 | AF42: =OR(AND(NOT($AG42),IFERROR(NOT($AG43),""),EXACT($A42,$A43),NOT(EXACT(CONCATENATE($B42,$C42),CONCATENATE($B43,$C43)))),AND(NOT($AG42),IFERROR(NOT($AG41),""),EXACT($A42,$A41),NOT(EXACT(CONCATENATE($B42,$C42),CONCATENATE($B41,$C41))))) -> FALSE | AG42: =IF($AH42>0,TRUE,FALSE) -> FALSE | AK42: =IFS(AND($AJ42>=2,$AJ42<3),"Negative",AND($AJ42>=3,$AJ42<4),"Positive",AND($AJ42>=4,$AJ42<5),"Inconclusive",$AJ42=5,"MANUAL FILL",$AG42,"DELETED",TRUE,$K42) -> Negative | AM42: SpNDHM955894 | AN42: NDHM432678 | AO42: =IFERROR(__xludf.DUMMYFUNCTION("IF($AG42, ""DELETED"",TRIM(JOIN("" "",D42:E42)))"),"") | AP42: =IF($AG42, "DELETED", TRIM(CONCATENATE(F42,I42,U42))) | AQ42: =IF($AG42, "DELETED", TRIM(CONCATENATE(G42,J42,V42))) | AR42: =IFERROR(__xludf.DUMMYFUNCTION("IF($AG42, ""DELETED"", TRIM(JOIN("" "",AP42,AQ42)))"),"") | AT42: =IF(OR($AG42,SUM($AU42:$AW42)=1),TRUE,FALSE) -> FALSE | AU42: =IF($AG42,IFERROR(0/0,""),IF(ISBLANK($F42),IF(ISBLANK($G42),IFERROR(0/0,""),2),1)) | AV42: =IF($AG42,IFERROR(0/0,""),IF(ISBLANK($I42),IF(ISBLANK($J42),IFERROR(0/0,""),2),1)) | AW42: =IF($AG42,IFERROR(0/0,""),IF(ISBLANK($U42),IF(ISBLANK($V42),IFERROR(0/0,""),2),1)) | AX42: =IF(AND($X42,$A43=$A42),1,IFERROR(0/0,"")) | BA42: =IF(AG42,IFERROR(0/0,""),IF(EXACT(UPPER(A42),A42),IFERROR(0/0,""),TRUE)) | BF42: =IF(COUNTIF(BJ$2:BJ304,BE42)>0,COUNTIF(BJ$2:BJ304,BE42),IFERROR(0/0,"")) | BG42: =IF($AG42,IFERROR(0/0,""),CONCATENATE($A42,"__",$B42,"_",$C42,"_",$D42,"_",$E42,"_",$K42,"_",$L42,"_",$M42,"_",$O42)) -> AG575__44683_0.174976851851852___Negative_44683_0.3578125_ | BH42: =IF(ISBLANK(IFERROR(MATCH(LEFT(BG42, FIND("__",BG42)-1),BE$2:BE304,0),"")),IFERROR(0/0,""),TRUE) | BI42: AH6875__44713_0.203969907407407___Negative_44713_0.341493055555556_ | BJ42: =IFERROR(LEFT(BI42, FIND("__",BI42)-1),"") -> AH6875 | BK42: =IFERROR(AND(EXACT(BJ43,BJ42),NOT(EXACT(BJ42,BJ41))),"") -> FALSE | BL42: =IF(BK42,BJ42,IFERROR(0/0,"")) | BN42: =OR(BO42,BP42) -> TRUE | BO42: =ISBLANK($AR42) -> FALSE | BP42: =IF(TRIM($AR42)="",TRUE,FALSE) -> TRUE | BR42: Negative | BS42: =EXACT(BR42,$AK42) -> TRUE
A43: AG575 | B43: 44683 | C43: 0.17497685 | K43: Negative | L43: 44683 | M43: 0.3578125 | P43: =IFNA(IF(VLOOKUP($A43,'Add from APT'!$AA$2:$AC264,3,FALSE)>0,TRUE,FALSE),"ER - NOT IN APT") -> FALSE | Q43: =IF(ISLOGICAL(P43),IF(P43,"ER - REPS IN APT", IFNA(VLOOKUP($A43,RAW_APT!$A$3:$M264,7,FALSE),"ER - NOT IN APT")),P43) -> Result | R43: =IF(EXACT($A43,$A42),FALSE,TRUE) -> FALSE | S43: =COUNTIF($A$2:$A305,$A43) -> 4 | T43: 2 | X43: =IF(ISBLANK($U43),IF(ISBLANK($V43),FALSE,"ER - LAST ONLY"),TRUE) -> FALSE | Z43: =IF($S43>4,TRUE,IFERROR(0/0,"")) | AA43: =IF(ISBLANK($O43),FALSE,TRUE) -> FALSE | AC43: 166 | AE43: =IFERROR(IF(EXACT($L43,$B43),(TIMEVALUE($M43)-TIMEVALUE($C43))*24*60,IFERROR(0/0,"")),IFERROR(0/0,"")) -> 263.28333 | AF43: =OR(AND(NOT($AG43),IFERROR(NOT($AG44),""),EXACT($A43,$A44),NOT(EXACT(CONCATENATE($B43,$C43),CONCATENATE($B44,$C44)))),AND(NOT($AG43),IFERROR(NOT($AG42),""),EXACT($A43,$A42),NOT(EXACT(CONCATENATE($B43,$C43),CONCATENATE($B42,$C42))))) -> FALSE | AG43: =IF($AH43>0,TRUE,FALSE) -> FALSE | AK43: =IFS(AND($AJ43>=2,$AJ43<3),"Negative",AND($AJ43>=3,$AJ43<4),"Positive",AND($AJ43>=4,$AJ43<5),"Inconclusive",$AJ43=5,"MANUAL FILL",$AG43,"DELETED",TRUE,$K43) -> Negative | AM43: SpNDHM955894 | AN43: NDHM513495 | AO43: =IFERROR(__xludf.DUMMYFUNCTION("IF($AG43, ""DELETED"",TRIM(JOIN("" "",D43:E43)))"),"") | AP43: =IF($AG43, "DELETED", TRIM(CONCATENATE(F43,I43,U43))) | AQ43: =IF($AG43, "DELETED", TRIM(CONCATENATE(G43,J43,V43))) | AR43: =IFERROR(__xludf.DUMMYFUNCTION("IF($AG43, ""DELETED"", TRIM(JOIN("" "",AP43,AQ43)))"),"") | AT43: =IF(OR($AG43,SUM($AU43:$AW43)=1),TRUE,FALSE) -> FALSE | AU43: =IF($AG43,IFERROR(0/0,""),IF(ISBLANK($F43),IF(ISBLANK($G43),IFERROR(0/0,""),2),1)) | AV43: =IF($AG43,IFERROR(0/0,""),IF(ISBLANK($I43),IF(ISBLANK($J43),IFERROR(0/0,""),2),1)) | AW43: =IF($AG43,IFERROR(0/0,""),IF(ISBLANK($U43),IF(ISBLANK($V43),IFERROR(0/0,""),2),1)) | AX43: =IF(AND($X43,$A44=$A43),1,IFERROR(0/0,"")) | BA43: =IF(AG43,IFERROR(0/0,""),IF(EXACT(UPPER(A43),A43),IFERROR(0/0,""),TRUE)) | BF43: =IF(COUNTIF(BJ$2:BJ305,BE43)>0,COUNTIF(BJ$2:BJ305,BE43),IFERROR(0/0,"")) | BG43: =IF($AG43,IFERROR(0/0,""),CONCATENATE($A43,"__",$B43,"_",$C43,"_",$D43,"_",$E43,"_",$K43,"_",$L43,"_",$M43,"_",$O43)) -> AG575__44683_0.174976851851852___Negative_44683_0.3578125_ | BH43: =IF(ISBLANK(IFERROR(MATCH(LEFT(BG43, FIND("__",BG43)-1),BE$2:BE305,0),"")),IFERROR(0/0,""),TRUE) | BI43: AH707__44718_0.17775462962963___Negative_44718_0.364976851851852_ | BJ43: =IFERROR(LEFT(BI43, FIND("__",BI43)-1),"") -> AH707 | BK43: =IFERROR(AND(EXACT(BJ44,BJ43),NOT(EXACT(BJ43,BJ42))),"") -> FALSE | BL43: =IF(BK43,BJ43,IFERROR(0/0,"")) | BN43: =OR(BO43,BP43) -> TRUE | BO43: =ISBLANK($AR43) -> FALSE | BP43: =IF(TRIM($AR43)="",TRUE,FALSE) -> TRUE | BR43: Negative | BS43: =EXACT(BR43,$AK43) -> TRUE
A44: AG575 | B44: 44683 | C44: 0.17497685 | K44: Negative | L44: 44683 | M44: 0.3578125 | P44: =IFNA(IF(VLOOKUP($A44,'Add from APT'!$AA$2:$AC264,3,FALSE)>0,TRUE,FALSE),"ER - NOT IN APT") -> FALSE | Q44: =IF(ISLOGICAL(P44),IF(P44,"ER - REPS IN APT", IFNA(VLOOKUP($A44,RAW_APT!$A$3:$M264,7,FALSE),"ER - NOT IN APT")),P44) -> Result | R44: =IF(EXACT($A44,$A43),FALSE,TRUE) -> FALSE | S44: =COUNTIF($A$2:$A306,$A44) -> 4 | T44: 2 | X44: =IF(ISBLANK($U44),IF(ISBLANK($V44),FALSE,"ER - LAST ONLY"),TRUE) -> FALSE | Z44: =IF($S44>4,TRUE,IFERROR(0/0,"")) | AA44: =IF(ISBLANK($O44),FALSE,TRUE) -> FALSE | AC44: 167 | AE44: =IFERROR(IF(EXACT($L44,$B44),(TIMEVALUE($M44)-TIMEVALUE($C44))*24*60,IFERROR(0/0,"")),IFERROR(0/0,"")) -> 263.28333 | AF44: =OR(AND(NOT($AG44),IFERROR(NOT($AG45),""),EXACT($A44,$A45),NOT(EXACT(CONCATENATE($B44,$C44),CONCATENATE($B45,$C45)))),AND(NOT($AG44),IFERROR(NOT($AG43),""),EXACT($A44,$A43),NOT(EXACT(CONCATENATE($B44,$C44),CONCATENATE($B43,$C43))))) -> FALSE | AG44: =IF($AH44>0,TRUE,FALSE) -> FALSE | AK44: =IFS(AND($AJ44>=2,$AJ44<3),"Negative",AND($AJ44>=3,$AJ44<4),"Positive",AND($AJ44>=4,$AJ44<5),"Inconclusive",$AJ44=5,"MANUAL FILL",$AG44,"DELETED",TRUE,$K44) -> Negative | AM44: SpNDHM955894 | AN44: NDHM107467 | AO44: =IFERROR(__xludf.DUMMYFUNCTION("IF($AG44, ""DELETED"",TRIM(JOIN("" "",D44:E44)))"),"") | AP44: =IF($AG44, "DELETED", TRIM(CONCATENATE(F44,I44,U44))) | AQ44: =IF($AG44, "DELETED", TRIM(CONCATENATE(G44,J44,V44))) | AR44: =IFERROR(__xludf.DUMMYFUNCTION("IF($AG44, ""DELETED"", TRIM(JOIN("" "",AP44,AQ44)))"),"") | AT44: =IF(OR($AG44,SUM($AU44:$AW44)=1),TRUE,FALSE) -> FALSE | AU44: =IF($AG44,IFERROR(0/0,""),IF(ISBLANK($F44),IF(ISBLANK($G44),IFERROR(0/0,""),2),1)) | AV44: =IF($AG44,IFERROR(0/0,""),IF(ISBLANK($I44),IF(ISBLANK($J44),IFERROR(0/0,""),2),1)) | AW44: =IF($AG44,IFERROR(0/0,""),IF(ISBLANK($U44),IF(ISBLANK($V44),IFERROR(0/0,""),2),1)) | AX44: =IF(AND($X44,$A45=$A44),1,IFERROR(0/0,"")) | BA44: =IF(AG44,IFERROR(0/0,""),IF(EXACT(UPPER(A44),A44),IFERROR(0/0,""),TRUE)) | BF44: =IF(COUNTIF(BJ$2:BJ306,BE44)>0,COUNTIF(BJ$2:BJ306,BE44),IFERROR(0/0,"")) | BG44: =IF($AG44,IFERROR(0/0,""),CONCATENATE($A44,"__",$B44,"_",$C44,"_",$D44,"_",$E44,"_",$K44,"_",$L44,"_",$M44,"_",$O44)) -> AG575__44683_0.174976851851852___Negative_44683_0.3578125_ | BH44: =IF(ISBLANK(IFERROR(MATCH(LEFT(BG44, FIND("__",BG44)-1),BE$2:BE306,0),"")),IFERROR(0/0,""),TRUE) | BI44: AH7211__44704_0.178460648148148___Negative_44704_0.394907407407407_ | BJ44: =IFERROR(LEFT(BI44, FIND("__",BI44)-1),"") -> AH7211 | BK44: =IFERROR(AND(EXACT(BJ45,BJ44),NOT(EXACT(BJ44,BJ43))),"") -> FALSE | BL44: =IF(BK44,BJ44,IFERROR(0/0,"")) | BN44: =OR(BO44,BP44) -> TRUE | BO44: =ISBLANK($AR44) -> FALSE | BP44: =IF(TRIM($AR44)="",TRUE,FALSE) -> TRUE | BR44: Negative | BS44: =EXACT(BR44,$AK44) -> TRUE
A45: AG575 | B45: 44683 | C45: 0.17497685 | K45: Negative | L45: 44683 | M45: 0.3578125 | P45: =IFNA(IF(VLOOKUP($A45,'Add from APT'!$AA$2:$AC264,3,FALSE)>0,TRUE,FALSE),"ER - NOT IN APT") -> FALSE | Q45: =IF(ISLOGICAL(P45),IF(P45,"ER - REPS IN APT", IFNA(VLOOKUP($A45,RAW_APT!$A$3:$M264,7,FALSE),"ER - NOT IN APT")),P45) -> Result | R45: =IF(EXACT($A45,$A44),FALSE,TRUE) -> FALSE | S45: =COUNTIF($A$2:$A307,$A45) -> 4 | T45: 2 | X45: =IF(ISBLANK($U45),IF(ISBLANK($V45),FALSE,"ER - LAST ONLY"),TRUE) -> FALSE | Z45: =IF($S45>4,TRUE,IFERROR(0/0,"")) | AA45: =IF(ISBLANK($O45),FALSE,TRUE) -> FALSE | AC45: 166 | AE45: =IFERROR(IF(EXACT($L45,$B45),(TIMEVALUE($M45)-TIMEVALUE($C45))*24*60,IFERROR(0/0,"")),IFERROR(0/0,"")) -> 263.28333 | AF45: =OR(AND(NOT($AG45),IFERROR(NOT($AG46),""),EXACT($A45,$A46),NOT(EXACT(CONCATENATE($B45,$C45),CONCATENATE($B46,$C46)))),AND(NOT($AG45),IFERROR(NOT($AG44),""),EXACT($A45,$A44),NOT(EXACT(CONCATENATE($B45,$C45),CONCATENATE($B44,$C44))))) -> FALSE | AG45: =IF($AH45>0,TRUE,FALSE) -> FALSE | AK45: =IFS(AND($AJ45>=2,$AJ45<3),"Negative",AND($AJ45>=3,$AJ45<4),"Positive",AND($AJ45>=4,$AJ45<5),"Inconclusive",$AJ45=5,"MANUAL FILL",$AG45,"DELETED",TRUE,$K45) -> Negative | AM45: SpNDHM955894 | AN45: NDHM574415 | AO45: =IFERROR(__xludf.DUMMYFUNCTION("IF($AG45, ""DELETED"",TRIM(JOIN("" "",D45:E45)))"),"") | AP45: =IF($AG45, "DELETED", TRIM(CONCATENATE(F45,I45,U45))) | AQ45: =IF($AG45, "DELETED", TRIM(CONCATENATE(G45,J45,V45))) | AR45: =IFERROR(__xludf.DUMMYFUNCTION("IF($AG45, ""DELETED"", TRIM(JOIN("" "",AP45,AQ45)))"),"") | AT45: =IF(OR($AG45,SUM($AU45:$AW45)=1),TRUE,FALSE) -> FALSE | AU45: =IF($AG45,IFERROR(0/0,""),IF(ISBLANK($F45),IF(ISBLANK($G45),IFERROR(0/0,""),2),1)) | AV45: =IF($AG45,IFERROR(0/0,""),IF(ISBLANK($I45),IF(ISBLANK($J45),IFERROR(0/0,""),2),1)) | AW45: =IF($AG45,IFERROR(0/0,""),IF(ISBLANK($U45),IF(ISBLANK($V45),IFERROR(0/0,""),2),1)) | AX45: =IF(AND($X45,$A46=$A45),1,IFERROR(0/0,"")) | BA45: =IF(AG45,IFERROR(0/0,""),IF(EXACT(UPPER(A45),A45),IFERROR(0/0,""),TRUE)) | BF45: =IF(COUNTIF(BJ$2:BJ307,BE45)>0,COUNTIF(BJ$2:BJ307,BE45),IFERROR(0/0,"")) | BG45: =IF($AG45,IFERROR(0/0,""),CONCATENATE($A45,"__",$B45,"_",$C45,"_",$D45,"_",$E45,"_",$K45,"_",$L45,"_",$M45,"_",$O45)) -> AG575__44683_0.174976851851852___Negative_44683_0.3578125_ | BH45: =IF(ISBLANK(IFERROR(MATCH(LEFT(BG45, FIND("__",BG45)-1),BE$2:BE307,0),"")),IFERROR(0/0,""),TRUE) | BI45: AH7225__44697_0.153611111111111___Negative_44697_0.361099537037037_ | BJ45: =IFERROR(LEFT(BI45, FIND("__",BI45)-1),"") -> AH7225 | BK45: =IFERROR(AND(EXACT(BJ46,BJ45),NOT(EXACT(BJ45,BJ44))),"") -> FALSE | BL45: =IF(BK45,BJ45,IFERROR(0/0,"")) | BN45: =OR(BO45,BP45) -> TRUE | BO45: =ISBLANK($AR45) -> FALSE | BP45: =IF(TRIM($AR45)="",TRUE,FALSE) -> TRUE | BR45: Negative | BS45: =EXACT(BR45,$AK45) -> TRUE
A46: AK7133 | B46: 44683 | C46: 0.17721065 | K46: Negative | L46: 44683 | M46: 0.3578125 | P46: =IFNA(IF(VLOOKUP($A46,'Add from APT'!$AA$2:$AC264,3,FALSE)>0,TRUE,FALSE),"ER - NOT IN APT") -> FALSE | Q46: =IF(ISLOGICAL(P46),IF(P46,"ER - REPS IN APT", IFNA(VLOOKUP($A46,RAW_APT!$A$3:$M264,7,FALSE),"ER - NOT IN APT")),P46) -> Result | R46: =IF(EXACT($A46,$A45),FALSE,TRUE) -> TRUE | S46: =COUNTIF($A$2:$A308,$A46) -> 2 | T46: 1 | X46: =IF(ISBLANK($U46),IF(ISBLANK($V46),FALSE,"ER - LAST ONLY"),TRUE) -> FALSE | Z46: =IF($S46>4,TRUE,IFERROR(0/0,"")) | AA46: =IF(ISBLANK($O46),FALSE,TRUE) -> FALSE | AC46: 168 | AE46: =IFERROR(IF(EXACT($L46,$B46),(TIMEVALUE($M46)-TIMEVALUE($C46))*24*60,IFERROR(0/0,"")),IFERROR(0/0,"")) -> 260.06667 | AF46: =OR(AND(NOT($AG46),IFERROR(NOT($AG47),""),EXACT($A46,$A47),NOT(EXACT(CONCATENATE($B46,$C46),CONCATENATE($B47,$C47)))),AND(NOT($AG46),IFERROR(NOT($AG45),""),EXACT($A46,$A45),NOT(EXACT(CONCATENATE($B46,$C46),CONCATENATE($B45,$C45))))) -> FALSE | AG46: =IF($AH46>0,TRUE,FALSE) -> FALSE | AK46: =IFS(AND($AJ46>=2,$AJ46<3),"Negative",AND($AJ46>=3,$AJ46<4),"Positive",AND($AJ46>=4,$AJ46<5),"Inconclusive",$AJ46=5,"MANUAL FILL",$AG46,"DELETED",TRUE,$K46) -> Negative | AM46: SpNDHM118014 | AN46: NDHM586177 | AO46: =IFERROR(__xludf.DUMMYFUNCTION("IF($AG46, ""DELETED"",TRIM(JOIN("" "",D46:E46)))"),"") | AP46: =IF($AG46, "DELETED", TRIM(CONCATENATE(F46,I46,U46))) | AQ46: =IF($AG46, "DELETED", TRIM(CONCATENATE(G46,J46,V46))) | AR46: =IFERROR(__xludf.DUMMYFUNCTION("IF($AG46, ""DELETED"", TRIM(JOIN("" "",AP46,AQ46)))"),"") | AT46: =IF(OR($AG46,SUM($AU46:$AW46)=1),TRUE,FALSE) -> FALSE | AU46: =IF($AG46,IFERROR(0/0,""),IF(ISBLANK($F46),IF(ISBLANK($G46),IFERROR(0/0,""),2),1)) | AV46: =IF($AG46,IFERROR(0/0,""),IF(ISBLANK($I46),IF(ISBLANK($J46),IFERROR(0/0,""),2),1)) | AW46: =IF($AG46,IFERROR(0/0,""),IF(ISBLANK($U46),IF(ISBLANK($V46),IFERROR(0/0,""),2),1)) | AX46: =IF(AND($X46,$A47=$A46),1,IFERROR(0/0,"")) | BA46: =IF(AG46,IFERROR(0/0,""),IF(EXACT(UPPER(A46),A46),IFERROR(0/0,""),TRUE)) | BF46: =IF(COUNTIF(BJ$2:BJ308,BE46)>0,COUNTIF(BJ$2:BJ308,BE46),IFERROR(0/0,"")) | BG46: =IF($AG46,IFERROR(0/0,""),CONCATENATE($A46,"__",$B46,"_",$C46,"_",$D46,"_",$E46,"_",$K46,"_",$L46,"_",$M46,"_",$O46)) -> AK7133__44683_0.177210648148148___Negative_44683_0.3578125_ | BH46: =IF(ISBLANK(IFERROR(MATCH(LEFT(BG46, FIND("__",BG46)-1),BE$2:BE308,0),"")),IFERROR(0/0,""),TRUE) | BI46: AH7289__44704_0.218842592592593___Negative_44704_0.394907407407407_ | BJ46: =IFERROR(LEFT(BI46, FIND("__",BI46)-1),"") -> AH7289 | BK46: =IFERROR(AND(EXACT(BJ47,BJ46),NOT(EXACT(BJ46,BJ45))),"") -> FALSE | BL46: =IF(BK46,BJ46,IFERROR(0/0,"")) | BN46: =OR(BO46,BP46) -> TRUE | BO46: =ISBLANK($AR46) -> FALSE | BP46: =IF(TRIM($AR46)="",TRUE,FALSE) -> TRUE | BR46: Negative | BS46: =EXACT(BR46,$AK46) -> TRUE
A47: AK7133 | B47: 44683 | C47: 0.17721065 | K47: Negative | L47: 44683 | M47: 0.3578125 | P47: =IFNA(IF(VLOOKUP($A47,'Add from APT'!$AA$2:$AC264,3,FALSE)>0,TRUE,FALSE),"ER - NOT IN APT") -> FALSE | Q47: =IF(ISLOGICAL(P47),IF(P47,"ER - REPS IN APT", IFNA(VLOOKUP($A47,RAW_APT!$A$3:$M264,7,FALSE),"ER - NOT IN APT")),P47) -> Result | R47: =IF(EXACT($A47,$A46),FALSE,TRUE) -> FALSE | S47: =COUNTIF($A$2:$A309,$A47) -> 2 | T47: 1 | X47: =IF(ISBLANK($U47),IF(ISBLANK($V47),FALSE,"ER - LAST ONLY"),TRUE) -> FALSE | Z47: =IF($S47>4,TRUE,IFERROR(0/0,"")) | AA47: =IF(ISBLANK($O47),FALSE,TRUE) -> FALSE | AC47: 168 | AE47: =IFERROR(IF(EXACT($L47,$B47),(TIMEVALUE($M47)-TIMEVALUE($C47))*24*60,IFERROR(0/0,"")),IFERROR(0/0,"")) -> 260.06667 | AF47: =OR(AND(NOT($AG47),IFERROR(NOT($AG48),""),EXACT($A47,$A48),NOT(EXACT(CONCATENATE($B47,$C47),CONCATENATE($B48,$C48)))),AND(NOT($AG47),IFERROR(NOT($AG46),""),EXACT($A47,$A46),NOT(EXACT(CONCATENATE($B47,$C47),CONCATENATE($B46,$C46))))) -> FALSE | AG47: =IF($AH47>0,TRUE,FALSE) -> FALSE | AK47: =IFS(AND($AJ47>=2,$AJ47<3),"Negative",AND($AJ47>=3,$AJ47<4),"Positive",AND($AJ47>=4,$AJ47<5),"Inconclusive",$AJ47=5,"MANUAL FILL",$AG47,"DELETED",TRUE,$K47) -> Negative | AM47: SpNDHM118014 | AN47: NDHM976885 | AO47: =IFERROR(__xludf.DUMMYFUNCTION("IF($AG47, ""DELETED"",TRIM(JOIN("" "",D47:E47)))"),"") | AP47: =IF($AG47, "DELETED", TRIM(CONCATENATE(F47,I47,U47))) | AQ47: =IF($AG47, "DELETED", TRIM(CONCATENATE(G47,J47,V47))) | AR47: =IFERROR(__xludf.DUMMYFUNCTION("IF($AG47, ""DELETED"", TRIM(JOIN("" "",AP47,AQ47)))"),"") | AT47: =IF(OR($AG47,SUM($AU47:$AW47)=1),TRUE,FALSE) -> FALSE | AU47: =IF($AG47,IFERROR(0/0,""),IF(ISBLANK($F47),IF(ISBLANK($G47),IFERROR(0/0,""),2),1)) | AV47: =IF($AG47,IFERROR(0/0,""),IF(ISBLANK($I47),IF(ISBLANK($J47),IFERROR(0/0,""),2),1)) | AW47: =IF($AG47,IFERROR(0/0,""),IF(ISBLANK($U47),IF(ISBLANK($V47),IFERROR(0/0,""),2),1)) | AX47: =IF(AND($X47,$A48=$A47),1,IFERROR(0/0,"")) | BA47: =IF(AG47,IFERROR(0/0,""),IF(EXACT(UPPER(A47),A47),IFERROR(0/0,""),TRUE)) | BF47: =IF(COUNTIF(BJ$2:BJ309,BE47)>0,COUNTIF(BJ$2:BJ309,BE47),IFERROR(0/0,"")) | BG47: =IF($AG47,IFERROR(0/0,""),CONCATENATE($A47,"__",$B47,"_",$C47,"_",$D47,"_",$E47,"_",$K47,"_",$L47,"_",$M47,"_",$O47)) -> AK7133__44683_0.177210648148148___Negative_44683_0.3578125_ | BH47: =IF(ISBLANK(IFERROR(MATCH(LEFT(BG47, FIND("__",BG47)-1),BE$2:BE309,0),"")),IFERROR(0/0,""),TRUE) | BI47: AH7292__44683_0.178321759259259___Negative_44683_0.3578125_ | BJ47: =IFERROR(LEFT(BI47, FIND("__",BI47)-1),"") -> AH7292 | BK47: =IFERROR(AND(EXACT(BJ48,BJ47),NOT(EXACT(BJ47,BJ46))),"") -> FALSE | BL47: =IF(BK47,BJ47,IFERROR(0/0,"")) | BN47: =OR(BO47,BP47) -> TRUE | BO47: =ISBLANK($AR47) -> FALSE | BP47: =IF(TRIM($AR47)="",TRUE,FALSE) -> TRUE | BR47: Negative | BS47: =EXACT(BR47,$AK47) -> TRUE
A48: AG91 | B48: 44683 | C48: 0.17770833 | K48: Negative | L48: 44683 | M48: 0.3578125 | P48: =IFNA(IF(VLOOKUP($A48,'Add from APT'!$AA$2:$AC264,3,FALSE)>0,TRUE,FALSE),"ER - NOT IN APT") -> FALSE | Q48: =IF(ISLOGICAL(P48),IF(P48,"ER - REPS IN APT", IFNA(VLOOKUP($A48,RAW_APT!$A$3:$M264,7,FALSE),"ER - NOT IN APT")),P48) -> Result | R48: =IF(EXACT($A48,$A47),FALSE,TRUE) -> TRUE | S48: =COUNTIF($A$2:$A310,$A48) -> 2 | T48: 1 | X48: =IF(ISBLANK($U48),IF(ISBLANK($V48),FALSE,"ER - LAST ONLY"),TRUE) -> FALSE | Z48: =IF($S48>4,TRUE,IFERROR(0/0,"")) | AA48: =IF(ISBLANK($O48),FALSE,TRUE) -> FALSE | AC48: 169 | AE48: =IFERROR(IF(EXACT($L48,$B48),(TIMEVALUE($M48)-TIMEVALUE($C48))*24*60,IFERROR(0/0,"")),IFERROR(0/0,"")) -> 259.35 | AF48: =OR(AND(NOT($AG48),IFERROR(NOT($AG49),""),EXACT($A48,$A49),NOT(EXACT(CONCATENATE($B48,$C48),CONCATENATE($B49,$C49)))),AND(NOT($AG48),IFERROR(NOT($AG47),""),EXACT($A48,$A47),NOT(EXACT(CONCATENATE($B48,$C48),CONCATENATE($B47,$C47))))) -> FALSE | AG48: =IF($AH48>0,TRUE,FALSE) -> FALSE | AK48: =IFS(AND($AJ48>=2,$AJ48<3),"Negative",AND($AJ48>=3,$AJ48<4),"Positive",AND($AJ48>=4,$AJ48<5),"Inconclusive",$AJ48=5,"MANUAL FILL",$AG48,"DELETED",TRUE,$K48) -> Negative | AM48: SpNDHM118014 | AN48: NDHM711288 | AO48: =IFERROR(__xludf.DUMMYFUNCTION("IF($AG48, ""DELETED"",TRIM(JOIN("" "",D48:E48)))"),"") | AP48: =IF($AG48, "DELETED", TRIM(CONCATENATE(F48,I48,U48))) | AQ48: =IF($AG48, "DELETED", TRIM(CONCATENATE(G48,J48,V48))) | AR48: =IFERROR(__xludf.DUMMYFUNCTION("IF($AG48, ""DELETED"", TRIM(JOIN("" "",AP48,AQ48)))"),"") | AT48: =IF(OR($AG48,SUM($AU48:$AW48)=1),TRUE,FALSE) -> FALSE | AU48: =IF($AG48,IFERROR(0/0,""),IF(ISBLANK($F48),IF(ISBLANK($G48),IFERROR(0/0,""),2),1)) | AV48: =IF($AG48,IFERROR(0/0,""),IF(ISBLANK($I48),IF(ISBLANK($J48),IFERROR(0/0,""),2),1)) | AW48: =IF($AG48,IFERROR(0/0,""),IF(ISBLANK($U48),IF(ISBLANK($V48),IFERROR(0/0,""),2),1)) | AX48: =IF(AND($X48,$A49=$A48),1,IFERROR(0/0,"")) | BA48: =IF(AG48,IFERROR(0/0,""),IF(EXACT(UPPER(A48),A48),IFERROR(0/0,""),TRUE)) | BF48: =IF(COUNTIF(BJ$2:BJ310,BE48)>0,COUNTIF(BJ$2:BJ310,BE48),IFERROR(0/0,"")) | BG48: =IF($AG48,IFERROR(0/0,""),CONCATENATE($A48,"__",$B48,"_",$C48,"_",$D48,"_",$E48,"_",$K48,"_",$L48,"_",$M48,"_",$O48)) -> AG91__44683_0.177708333333333___Negative_44683_0.3578125_ | BH48: =IF(ISBLANK(IFERROR(MATCH(LEFT(BG48, FIND("__",BG48)-1),BE$2:BE310,0),"")),IFERROR(0/0,""),TRUE) | BI48: AH7299__44683_0.17994212962963___Negative_44683_0.357824074074074_ | BJ48: =IFERROR(LEFT(BI48, FIND("__",BI48)-1),"") -> AH7299 | BK48: =IFERROR(AND(EXACT(BJ49,BJ48),NOT(EXACT(BJ48,BJ47))),"") -> FALSE | BL48: =IF(BK48,BJ48,IFERROR(0/0,"")) | BN48: =OR(BO48,BP48) -> TRUE | BO48: =ISBLANK($AR48) -> FALSE | BP48: =IF(TRIM($AR48)="",TRUE,FALSE) -> TRUE | BR48: Negative | BS48: =EXACT(BR48,$AK48) -> TRUE
A49: AG91 | B49: 44683 | C49: 0.17770833 | K49: Negative | L49: 44683 | M49: 0.3578125 | P49: =IFNA(IF(VLOOKUP($A49,'Add from APT'!$AA$2:$AC264,3,FALSE)>0,TRUE,FALSE),"ER - NOT IN APT") -> FALSE | Q49: =IF(ISLOGICAL(P49),IF(P49,"ER - REPS IN APT", IFNA(VLOOKUP($A49,RAW_APT!$A$3:$M264,7,FALSE),"ER - NOT IN APT")),P49) -> Result | R49: =IF(EXACT($A49,$A48),FALSE,TRUE) -> FALSE | S49: =COUNTIF($A$2:$A311,$A49) -> 2 | T49: 1 | X49: =IF(ISBLANK($U49),IF(ISBLANK($V49),FALSE,"ER - LAST ONLY"),TRUE) -> FALSE | Z49: =IF($S49>4,TRUE,IFERROR(0/0,"")) | AA49: =IF(ISBLANK($O49),FALSE,TRUE) -> FALSE | AC49: 169 | AE49: =IFERROR(IF(EXACT($L49,$B49),(TIMEVALUE($M49)-TIMEVALUE($C49))*24*60,IFERROR(0/0,"")),IFERROR(0/0,"")) -> 259.35 | AF49: =OR(AND(NOT($AG49),IFERROR(NOT($AG50),""),EXACT($A49,$A50),NOT(EXACT(CONCATENATE($B49,$C49),CONCATENATE($B50,$C50)))),AND(NOT($AG49),IFERROR(NOT($AG48),""),EXACT($A49,$A48),NOT(EXACT(CONCATENATE($B49,$C49),CONCATENATE($B48,$C48))))) -> FALSE | AG49: =IF($AH49>0,TRUE,FALSE) -> FALSE | AK49: =IFS(AND($AJ49>=2,$AJ49<3),"Negative",AND($AJ49>=3,$AJ49<4),"Positive",AND($AJ49>=4,$AJ49<5),"Inconclusive",$AJ49=5,"MANUAL FILL",$AG49,"DELETED",TRUE,$K49) -> Negative | AM49: SpNDHM118014 | AN49: NDHM976885 | AO49: =IFERROR(__xludf.DUMMYFUNCTION("IF($AG49, ""DELETED"",TRIM(JOIN("" "",D49:E49)))"),"") | AP49: =IF($AG49, "DELETED", TRIM(CONCATENATE(F49,I49,U49))) | AQ49: =IF($AG49, "DELETED", TRIM(CONCATENATE(G49,J49,V49))) | AR49: =IFERROR(__xludf.DUMMYFUNCTION("IF($AG49, ""DELETED"", TRIM(JOIN("" "",AP49,AQ49)))"),"") | AT49: =IF(OR($AG49,SUM($AU49:$AW49)=1),TRUE,FALSE) -> FALSE | AU49: =IF($AG49,IFERROR(0/0,""),IF(ISBLANK($F49),IF(ISBLANK($G49),IFERROR(0/0,""),2),1)) | AV49: =IF($AG49,IFERROR(0/0,""),IF(ISBLANK($I49),IF(ISBLANK($J49),IFERROR(0/0,""),2),1)) | AW49: =IF($AG49,IFERROR(0/0,""),IF(ISBLANK($U49),IF(ISBLANK($V49),IFERROR(0/0,""),2),1)) | AX49: =IF(AND($X49,$A50=$A49),1,IFERROR(0/0,"")) | BA49: =IF(AG49,IFERROR(0/0,""),IF(EXACT(UPPER(A49),A49),IFERROR(0/0,""),TRUE)) | BF49: =IF(COUNTIF(BJ$2:BJ311,BE49)>0,COUNTIF(BJ$2:BJ311,BE49),IFERROR(0/0,"")) | BG49: =IF($AG49,IFERROR(0/0,""),CONCATENATE($A49,"__",$B49,"_",$C49,"_",$D49,"_",$E49,"_",$K49,"_",$L49,"_",$M49,"_",$O49)) -> AG91__44683_0.177708333333333___Negative_44683_0.3578125_ | BH49: =IF(ISBLANK(IFERROR(MATCH(LEFT(BG49, FIND("__",BG49)-1),BE$2:BE311,0),"")),IFERROR(0/0,""),TRUE) | BI49: AH7650__44713_0.196666666666667___Negative_44713_0.341493055555556_ | BJ49: =IFERROR(LEFT(BI49, FIND("__",BI49)-1),"") -> AH7650 | BK49: =IFERROR(AND(EXACT(BJ50,BJ49),NOT(EXACT(BJ49,BJ48))),"") -> FALSE | BL49: =IF(BK49,BJ49,IFERROR(0/0,"")) | BN49: =OR(BO49,BP49) -> TRUE | BO49: =ISBLANK($AR49) -> FALSE | BP49: =IF(TRIM($AR49)="",TRUE,FALSE) -> TRUE | BR49: Negative | BS49: =EXACT(BR49,$AK49) -> TRUE
A50: AG1419 | B50: 44683 | C50: 0.17806713 | K50: Negative | L50: 44683 | M50: 0.3578125 | P50: =IFNA(IF(VLOOKUP($A50,'Add from APT'!$AA$2:$AC264,3,FALSE)>0,TRUE,FALSE),"ER - NOT IN APT") -> FALSE | Q50: =IF(ISLOGICAL(P50),IF(P50,"ER - REPS IN APT", IFNA(VLOOKUP($A50,RAW_APT!$A$3:$M264,7,FALSE),"ER - NOT IN APT")),P50) -> Result | R50: =IF(EXACT($A50,$A49),FALSE,TRUE) -> TRUE | S50: =COUNTIF($A$2:$A312,$A50) -> 2 | T50: 1 | X50: =IF(ISBLANK(#REF!),IF(ISBLANK(#REF!),FALSE,"ER - LAST ONLY"),TRUE) -> TRUE | Z50: =IF($S50>4,TRUE,IFERROR(0/0,"")) | AA50: =IF(ISBLANK($O50),FALSE,TRUE) -> FALSE | AC50: 170 | AE50: =IFERROR(IF(EXACT($L50,$B50),(TIMEVALUE($M50)-TIMEVALUE($C50))*24*60,IFERROR(0/0,"")),IFERROR(0/0,"")) -> 258.83333 | AF50: =OR(AND(NOT($AG50),IFERROR(NOT($AG51),""),EXACT($A50,$A51),NOT(EXACT(CONCATENATE($B50,$C50),CONCATENATE($B51,$C51)))),AND(NOT($AG50),IFERROR(NOT($AG49),""),EXACT($A50,$A49),NOT(EXACT(CONCATENATE($B50,$C50),CONCATENATE($B49,$C49))))) -> FALSE | AG50: =IF($AH50>0,TRUE,FALSE) -> FALSE | AK50: =IFS(AND($AJ50>=2,$AJ50<3),"Negative",AND($AJ50>=3,$AJ50<4),"Positive",AND($AJ50>=4,$AJ50<5),"Inconclusive",$AJ50=5,"MANUAL FILL",$AG50,"DELETED",TRUE,$K50) -> Negative | AM50: SpNDHM118014 | AN50: NDHM953531 | AO50: =IFERROR(__xludf.DUMMYFUNCTION("IF($AG50, ""DELETED"",TRIM(JOIN("" "",D50:E50)))"),"") | AP50: =IF($AG50, "DELETED", TRIM(CONCATENATE(F50,I50,U50))) | AQ50: =IF($AG50, "DELETED", TRIM(CONCATENATE(G50,J50,V50))) | AR50: =IFERROR(__xludf.DUMMYFUNCTION("IF($AG50, ""DELETED"", TRIM(JOIN("" "",AP50,AQ50)))"),"") | AT50: =IF(OR($AG50,SUM($AU50:$AW50)=1),TRUE,FALSE) -> TRUE | AU50: =IF($AG50,IFERROR(0/0,""),IF(ISBLANK($F50),IF(ISBLANK($G50),IFERROR(0/0,""),2),1)) | AV50: =IF($AG50,IFERROR(0/0,""),IF(ISBLANK($I50),IF(ISBLANK($J50),IFERROR(0/0,""),2),1)) | AW50: =IF($AG50,IFERROR(0/0,""),IF(ISBLANK(#REF!),IF(ISBLANK(#REF!),IFERROR(0/0,""),2),1)) -> 1 | AX50: =IF(AND($X50,$A51=$A50),1,IFERROR(0/0,"")) -> 1 | BA50: =IF(AG50,IFERROR(0/0,""),IF(EXACT(UPPER(A50),A50),IFERROR(0/0,""),TRUE)) | BF50: =IF(COUNTIF(BJ$2:BJ312,BE50)>0,COUNTIF(BJ$2:BJ312,BE50),IFERROR(0/0,"")) | BG50: =IF($AG50,IFERROR(0/0,""),CONCATENATE($A50,"__",$B50,"_",$C50,"_",$D50,"_",$E50,"_",$K50,"_",$L50,"_",$M50,"_",$O50)) -> AG1419__44683_0.17806712962963___Negative_44683_0.3578125_ | BH50: =IF(ISBLANK(IFERROR(MATCH(LEFT(BG50, FIND("__",BG50)-1),BE$2:BE312,0),"")),IFERROR(0/0,""),TRUE) | BI50: AH772__44739_0.223287037037037___Negative_44739_0.3771875_ | BJ50: =IFERROR(LEFT(BI50, FIND("__",BI50)-1),"") -> AH772 | BK50: =IFERROR(AND(EXACT(BJ51,BJ50),NOT(EXACT(BJ50,BJ49))),"") -> FALSE | BL50: =IF(BK50,BJ50,IFERROR(0/0,"")) | BN50: =OR(BO50,BP50) -> TRUE | BO50: =ISBLANK($AR50) -> FALSE | BP50: =IF(TRIM($AR50)="",TRUE,FALSE) -> TRUE | BR50: Negative | BS50: =EXACT(BR50,$AK50) -> TRUE
A51: AG1419 | B51: 44683 | C51: 0.17806713 | K51: Negative | L51: 44683 | M51: 0.3578125 | P51: =IFNA(IF(VLOOKUP($A51,'Add from APT'!$AA$2:$AC264,3,FALSE)>0,TRUE,FALSE),"ER - NOT IN APT") -> FALSE | Q51: =IF(ISLOGICAL(P51),IF(P51,"ER - REPS IN APT", IFNA(VLOOKUP($A51,RAW_APT!$A$3:$M264,7,FALSE),"ER - NOT IN APT")),P51) -> Result | R51: =IF(EXACT($A51,$A50),FALSE,TRUE) -> FALSE | S51: =COUNTIF($A$2:$A313,$A51) -> 2 | T51: 1 | X51: =IF(ISBLANK($U51),IF(ISBLANK($V51),FALSE,"ER - LAST ONLY"),TRUE) -> FALSE | Z51: =IF($S51>4,TRUE,IFERROR(0/0,"")) | AA51: =IF(ISBLANK($O51),FALSE,TRUE) -> FALSE | AC51: 170 | AE51: =IFERROR(IF(EXACT($L51,$B51),(TIMEVALUE($M51)-TIMEVALUE($C51))*24*60,IFERROR(0/0,"")),IFERROR(0/0,"")) -> 258.83333 | AF51: =OR(AND(NOT($AG51),IFERROR(NOT($AG52),""),EXACT($A51,$A52),NOT(EXACT(CONCATENATE($B51,$C51),CONCATENATE($B52,$C52)))),AND(NOT($AG51),IFERROR(NOT($AG50),""),EXACT($A51,$A50),NOT(EXACT(CONCATENATE($B51,$C51),CONCATENATE($B50,$C50))))) -> FALSE | AG51: =IF($AH51>0,TRUE,FALSE) -> FALSE | AK51: =IFS(AND($AJ51>=2,$AJ51<3),"Negative",AND($AJ51>=3,$AJ51<4),"Positive",AND($AJ51>=4,$AJ51<5),"Inconclusive",$AJ51=5,"MANUAL FILL",$AG51,"DELETED",TRUE,$K51) -> Negative | AM51: SpNDHM118014 | AN51: NDHM976885 | AO51: =IFERROR(__xludf.DUMMYFUNCTION("IF($AG51, ""DELETED"",TRIM(JOIN("" "",D51:E51)))"),"") | AP51: =IF($AG51, "DELETED", TRIM(CONCATENATE(F51,I51,U51))) | AQ51: =IF($AG51, "DELETED", TRIM(CONCATENATE(G51,J51,V51))) | AR51: =IFERROR(__xludf.DUMMYFUNCTION("IF($AG51, ""DELETED"", TRIM(JOIN("" "",AP51,AQ51)))"),"") | AT51: =IF(OR($AG51,SUM($AU51:$AW51)=1),TRUE,FALSE) -> FALSE | AU51: =IF($AG51,IFERROR(0/0,""),IF(ISBLANK($F51),IF(ISBLANK($G51),IFERROR(0/0,""),2),1)) | AV51: =IF($AG51,IFERROR(0/0,""),IF(ISBLANK($I51),IF(ISBLANK($J51),IFERROR(0/0,""),2),1)) | AW51: =IF($AG51,IFERROR(0/0,""),IF(ISBLANK($U51),IF(ISBLANK($V51),IFERROR(0/0,""),2),1)) | AX51: =IF(AND($X51,$A52=$A51),1,IFERROR(0/0,"")) | BA51: =IF(AG51,IFERROR(0/0,""),IF(EXACT(UPPER(A51),A51),IFERROR(0/0,""),TRUE)) | BF51: =IF(COUNTIF(BJ$2:BJ313,BE51)>0,COUNTIF(BJ$2:BJ313,BE51),IFERROR(0/0,"")) | BG51: =IF($AG51,IFERROR(0/0,""),CONCATENATE($A51,"__",$B51,"_",$C51,"_",$D51,"_",$E51,"_",$K51,"_",$L51,"_",$M51,"_",$O51)) -> AG1419__44683_0.17806712962963___Negative_44683_0.3578125_ | BH51: =IF(ISBLANK(IFERROR(MATCH(LEFT(BG51, FIND("__",BG51)-1),BE$2:BE313,0),"")),IFERROR(0/0,""),TRUE) | BI51: AH7931__44690_0.178703703703704___Negative_44690_0.323240740740741_ | BJ51: =IFERROR(LEFT(BI51, FIND("__",BI51)-1),"") -> AH7931 | BK51: =IFERROR(AND(EXACT(BJ52,BJ51),NOT(EXACT(BJ51,BJ50))),"") -> FALSE | BL51: =IF(BK51,BJ51,IFERROR(0/0,"")) | BN51: =OR(BO51,BP51) -> TRUE | BO51: =ISBLANK($AR51) -> FALSE | BP51: =IF(TRIM($AR51)="",TRUE,FALSE) -> TRUE | BR51: Negative | BS51: =EXACT(BR51,$AK51) -> TRUE
A52: AH7292 | B52: 44683 | C52: 0.17832176 | K52: Negative | L52: 44683 | M52: 0.3578125 | P52: =IFNA(IF(VLOOKUP($A52,'Add from APT'!$AA$2:$AC264,3,FALSE)>0,TRUE,FALSE),"ER - NOT IN APT") -> FALSE | Q52: =IF(ISLOGICAL(P52),IF(P52,"ER - REPS IN APT", IFNA(VLOOKUP($A52,RAW_APT!$A$3:$M264,7,FALSE),"ER - NOT IN APT")),P52) -> Result | R52: =IF(EXACT($A52,$A51),FALSE,TRUE) -> TRUE | S52: =COUNTIF($A$2:$A314,$A52) -> 1 | X52: =IF(ISBLANK($U52),IF(ISBLANK($V52),FALSE,"ER - LAST ONLY"),TRUE) -> FALSE | Z52: =IF($S52>4,TRUE,IFERROR(0/0,"")) | AA52: =IF(ISBLANK($O52),FALSE,TRUE) -> FALSE | AC52: 171 | AE52: =IFERROR(IF(EXACT($L52,$B52),(TIMEVALUE($M52)-TIMEVALUE($C52))*24*60,IFERROR(0/0,"")),IFERROR(0/0,"")) -> 258.46667 | AF52: =OR(AND(NOT($AG52),IFERROR(NOT($AG53),""),EXACT($A52,$A53),NOT(EXACT(CONCATENATE($B52,$C52),CONCATENATE($B53,$C53)))),AND(NOT($AG52),IFERROR(NOT($AG51),""),EXACT($A52,$A51),NOT(EXACT(CONCATENATE($B52,$C52),CONCATENATE($B51,$C51))))) -> FALSE | AG52: =IF($AH52>0,TRUE,FALSE) -> FALSE | AK52: =IFS(AND($AJ52>=2,$AJ52<3),"Negative",AND($AJ52>=3,$AJ52<4),"Positive",AND($AJ52>=4,$AJ52<5),"Inconclusive",$AJ52=5,"MANUAL FILL",$AG52,"DELETED",TRUE,$K52) -> Negative | AM52: SpNDHM118014 | AN52: NDHM976885 | AO52: =IFERROR(__xludf.DUMMYFUNCTION("IF($AG52, ""DELETED"",TRIM(JOIN("" "",D52:E52)))"),"") | AP52: =IF($AG52, "DELETED", TRIM(CONCATENATE(F52,I52,U52))) | AQ52: =IF($AG52, "DELETED", TRIM(CONCATENATE(G52,J52,V52))) | AR52: =IFERROR(__xludf.DUMMYFUNCTION("IF($AG52, ""DELETED"", TRIM(JOIN("" "",AP52,AQ52)))"),"") | AT52: =IF(OR($AG52,SUM($AU52:$AW52)=1),TRUE,FALSE) -> FALSE | AU52: =IF($AG52,IFERROR(0/0,""),IF(ISBLANK($F52),IF(ISBLANK($G52),IFERROR(0/0,""),2),1)) | AV52: =IF($AG52,IFERROR(0/0,""),IF(ISBLANK($I52),IF(ISBLANK($J52),IFERROR(0/0,""),2),1)) | AW52: =IF($AG52,IFERROR(0/0,""),IF(ISBLANK($U52),IF(ISBLANK($V52),IFERROR(0/0,""),2),1)) | AX52: =IF(AND($X52,$A53=$A52),1,IFERROR(0/0,"")) | BA52: =IF(AG52,IFERROR(0/0,""),IF(EXACT(UPPER(A52),A52),IFERROR(0/0,""),TRUE)) | BF52: =IF(COUNTIF(BJ$2:BJ314,BE52)>0,COUNTIF(BJ$2:BJ314,BE52),IFERROR(0/0,"")) | BG52: =IF($AG52,IFERROR(0/0,""),CONCATENATE($A52,"__",$B52,"_",$C52,"_",$D52,"_",$E52,"_",$K52,"_",$L52,"_",$M52,"_",$O52)) -> AH7292__44683_0.178321759259259___Negative_44683_0.3578125_ | BH52: =IF(ISBLANK(IFERROR(MATCH(LEFT(BG52, FIND("__",BG52)-1),BE$2:BE314,0),"")),IFERROR(0/0,""),TRUE) | BI52: AH7933__44718_0.211678240740741___Negative_44718_0.364976851851852_ | BJ52: =IFERROR(LEFT(BI52, FIND("__",BI52)-1),"") -> AH7933 | BK52: =IFERROR(AND(EXACT(BJ53,BJ52),NOT(EXACT(BJ52,BJ51))),"") -> FALSE | BL52: =IF(BK52,BJ52,IFERROR(0/0,"")) | BN52: =OR(BO52,BP52) -> TRUE | BO52: =ISBLANK($AR52) -> FALSE | BP52: =IF(TRIM($AR52)="",TRUE,FALSE) -> TRUE | BR52: Negative | BS52: =EXACT(BR52,$AK52) -> TRUE
A53: AH7299 | B53: 44683 | C53: 0.17994213 | K53: Negative | L53: 44683 | M53: 0.35782407 | P53: =IFNA(IF(VLOOKUP($A53,'Add from APT'!$AA$2:$AC264,3,FALSE)>0,TRUE,FALSE),"ER - NOT IN APT") -> FALSE | Q53: =IF(ISLOGICAL(P53),IF(P53,"ER - REPS IN APT", IFNA(VLOOKUP($A53,RAW_APT!$A$3:$M264,7,FALSE),"ER - NOT IN APT")),P53) -> Result | R53: =IF(EXACT($A53,$A52),FALSE,TRUE) -> TRUE | S53: =COUNTIF($A$2:$A315,$A53) -> 2 | T53: 1 | X53: =IF(ISBLANK($U53),IF(ISBLANK($V53),FALSE,"ER - LAST ONLY"),TRUE) -> FALSE | Z53: =IF($S53>4,TRUE,IFERROR(0/0,"")) | AA53: =IF(ISBLANK($O53),FALSE,TRUE) -> FALSE | AC53: 172 | AE53: =IFERROR(IF(EXACT($L53,$B53),(TIMEVALUE($M53)-TIMEVALUE($C53))*24*60,IFERROR(0/0,"")),IFERROR(0/0,"")) -> 256.15 | AF53: =OR(AND(NOT($AG53),IFERROR(NOT($AG54),""),EXACT($A53,$A54),NOT(EXACT(CONCATENATE($B53,$C53),CONCATENATE($B54,$C54)))),AND(NOT($AG53),IFERROR(NOT($AG52),""),EXACT($A53,$A52),NOT(EXACT(CONCATENATE($B53,$C53),CONCATENATE($B52,$C52))))) -> FALSE | AG53: =IF($AH53>0,TRUE,FALSE) -> FALSE | AK53: =IFS(AND($AJ53>=2,$AJ53<3),"Negative",AND($AJ53>=3,$AJ53<4),"Positive",AND($AJ53>=4,$AJ53<5),"Inconclusive",$AJ53=5,"MANUAL FILL",$AG53,"DELETED",TRUE,$K53) -> Negative | AM53: SpNDHM842569 | AN53: NDHM945507 | AO53: =IFERROR(__xludf.DUMMYFUNCTION("IF($AG53, ""DELETED"",TRIM(JOIN("" "",D53:E53)))"),"") | AP53: =IF($AG53, "DELETED", TRIM(CONCATENATE(F53,I53,U53))) | AQ53: =IF($AG53, "DELETED", TRIM(CONCATENATE(G53,J53,V53))) | AR53: =IFERROR(__xludf.DUMMYFUNCTION("IF($AG53, ""DELETED"", TRIM(JOIN("" "",AP53,AQ53)))"),"") | AT53: =IF(OR($AG53,SUM($AU53:$AW53)=1),TRUE,FALSE) -> FALSE | AU53: =IF($AG53,IFERROR(0/0,""),IF(ISBLANK($F53),IF(ISBLANK($G53),IFERROR(0/0,""),2),1)) | AV53: =IF($AG53,IFERROR(0/0,""),IF(ISBLANK($I53),IF(ISBLANK($J53),IFERROR(0/0,""),2),1)) | AW53: =IF($AG53,IFERROR(0/0,""),IF(ISBLANK($U53),IF(ISBLANK($V53),IFERROR(0/0,""),2),1)) | AX53: =IF(AND($X53,$A54=$A53),1,IFERROR(0/0,"")) | BA53: =IF(AG53,IFERROR(0/0,""),IF(EXACT(UPPER(A53),A53),IFERROR(0/0,""),TRUE)) | BF53: =IF(COUNTIF(BJ$2:BJ315,BE53)>0,COUNTIF(BJ$2:BJ315,BE53),IFERROR(0/0,"")) | BG53: =IF($AG53,IFERROR(0/0,""),CONCATENATE($A53,"__",$B53,"_",$C53,"_",$D53,"_",$E53,"_",$K53,"_",$L53,"_",$M53,"_",$O53)) -> AH7299__44683_0.17994212962963___Negative_44683_0.357824074074074_ | BH53: =IF(ISBLANK(IFERROR(MATCH(LEFT(BG53, FIND("__",BG53)-1),BE$2:BE315,0),"")),IFERROR(0/0,""),TRUE) | BI53: AH7951__44760_0.38087962962963___Negative_44760_0.420914351851852_ | BJ53: =IFERROR(LEFT(BI53, FIND("__",BI53)-1),"") -> AH7951 | BK53: =IFERROR(AND(EXACT(BJ54,BJ53),NOT(EXACT(BJ53,BJ52))),"") -> FALSE | BL53: =IF(BK53,BJ53,IFERROR(0/0,"")) | BN53: =OR(BO53,BP53) -> TRUE | BO53: =ISBLANK($AR53) -> FALSE | BP53: =IF(TRIM($AR53)="",TRUE,FALSE) -> TRUE | BR53: Negative | BS53: =EXACT(BR53,$AK53) -> TRUE
A54: AH7299 | B54: 44683 | C54: 0.17994213 | K54: Negative | L54: 44683 | M54: 0.35782407 | P54: =IFNA(IF(VLOOKUP($A54,'Add from APT'!$AA$2:$AC264,3,FALSE)>0,TRUE,FALSE),"ER - NOT IN APT") -> FALSE | Q54: =IF(ISLOGICAL(P54),IF(P54,"ER - REPS IN APT", IFNA(VLOOKUP($A54,RAW_APT!$A$3:$M264,7,FALSE),"ER - NOT IN APT")),P54) -> Result | R54: =IF(EXACT($A54,$A53),FALSE,TRUE) -> FALSE | S54: =COUNTIF($A$2:$A316,$A54) -> 2 | T54: 1 | X54: =IF(ISBLANK($U54),IF(ISBLANK($V54),FALSE,"ER - LAST ONLY"),TRUE) -> FALSE | Z54: =IF($S54>4,TRUE,IFERROR(0/0,"")) | AA54: =IF(ISBLANK($O54),FALSE,TRUE) -> FALSE | AC54: 172 | AE54: =IFERROR(IF(EXACT($L54,$B54),(TIMEVALUE($M54)-TIMEVALUE($C54))*24*60,IFERROR(0/0,"")),IFERROR(0/0,"")) -> 256.15 | AF54: =OR(AND(NOT($AG54),IFERROR(NOT($AG55),""),EXACT($A54,$A55),NOT(EXACT(CONCATENATE($B54,$C54),CONCATENATE($B55,$C55)))),AND(NOT($AG54),IFERROR(NOT($AG53),""),EXACT($A54,$A53),NOT(EXACT(CONCATENATE($B54,$C54),CONCATENATE($B53,$C53))))) -> FALSE | AG54: =IF($AH54>0,TRUE,FALSE) -> FALSE | AK54: =IFS(AND($AJ54>=2,$AJ54<3),"Negative",AND($AJ54>=3,$AJ54<4),"Positive",AND($AJ54>=4,$AJ54<5),"Inconclusive",$AJ54=5,"MANUAL FILL",$AG54,"DELETED",TRUE,$K54) -> Negative | AM54: SpNDHM842569 | AN54: NDHM304341 | AO54: =IFERROR(__xludf.DUMMYFUNCTION("IF($AG54, ""DELETED"",TRIM(JOIN("" "",D54:E54)))"),"") | AP54: =IF($AG54, "DELETED", TRIM(CONCATENATE(F54,I54,U54))) | AQ54: =IF($AG54, "DELETED", TRIM(CONCATENATE(G54,J54,V54))) | AR54: =IFERROR(__xludf.DUMMYFUNCTION("IF($AG54, ""DELETED"", TRIM(JOIN("" "",AP54,AQ54)))"),"") | AT54: =IF(OR($AG54,SUM($AU54:$AW54)=1),TRUE,FALSE) -> FALSE | AU54: =IF($AG54,IFERROR(0/0,""),IF(ISBLANK($F54),IF(ISBLANK($G54),IFERROR(0/0,""),2),1)) | AV54: =IF($AG54,IFERROR(0/0,""),IF(ISBLANK($I54),IF(ISBLANK($J54),IFERROR(0/0,""),2),1)) | AW54: =IF($AG54,IFERROR(0/0,""),IF(ISBLANK($U54),IF(ISBLANK($V54),IFERROR(0/0,""),2),1)) | AX54: =IF(AND($X54,$A55=$A54),1,IFERROR(0/0,"")) | BA54: =IF(AG54,IFERROR(0/0,""),IF(EXACT(UPPER(A54),A54),IFERROR(0/0,""),TRUE)) | BF54: =IF(COUNTIF(BJ$2:BJ316,BE54)>0,COUNTIF(BJ$2:BJ316,BE54),IFERROR(0/0,"")) | BG54: =IF($AG54,IFERROR(0/0,""),CONCATENATE($A54,"__",$B54,"_",$C54,"_",$D54,"_",$E54,"_",$K54,"_",$L54,"_",$M54,"_",$O54)) -> AH7299__44683_0.17994212962963___Negative_44683_0.357824074074074_ | BH54: =IF(ISBLANK(IFERROR(MATCH(LEFT(BG54, FIND("__",BG54)-1),BE$2:BE316,0),"")),IFERROR(0/0,""),TRUE) | BI54: AH8786__44725_0.201030092592593___Negative_44725_0.412233796296296_ | BJ54: =IFERROR(LEFT(BI54, FIND("__",BI54)-1),"") -> AH8786 | BK54: =IFERROR(AND(EXACT(BJ55,BJ54),NOT(EXACT(BJ54,BJ53))),"") -> FALSE | BL54: =IF(BK54,BJ54,IFERROR(0/0,"")) | BN54: =OR(BO54,BP54) -> TRUE | BO54: =ISBLANK($AR54) -> FALSE | BP54: =IF(TRIM($AR54)="",TRUE,FALSE) -> TRUE | BR54: Negative | BS54: =EXACT(BR54,$AK54) -> TRUE
A55: AJ9453 | B55: 44683 | C55: 0.19702546 | K55: Negative | L55: 44690 | M55: 0.32322917 | P55: =IFNA(IF(VLOOKUP($A55,'Add from APT'!$AA$2:$AC264,3,FALSE)>0,TRUE,FALSE),"ER - NOT IN APT") -> FALSE | Q55: =IF(ISLOGICAL(P55),IF(P55,"ER - REPS IN APT", IFNA(VLOOKUP($A55,RAW_APT!$A$3:$M264,7,FALSE),"ER - NOT IN APT")),P55) -> Result | R55: =IF(EXACT($A55,$A54),FALSE,TRUE) -> TRUE | S55: =COUNTIF($A$2:$A317,$A55) -> 4 | T55: 3 | X55: =IF(ISBLANK($U55),IF(ISBLANK($V55),FALSE,"ER - LAST ONLY"),TRUE) -> FALSE | Z55: =IF($S55>4,TRUE,IFERROR(0/0,"")) | AA55: =IF(ISBLANK($O55),FALSE,TRUE) -> FALSE | AC55: 173 | AE55: =IFERROR(IF(EXACT($L55,$B55),(TIMEVALUE($M55)-TIMEVALUE($C55))*24*60,IFERROR(0/0,"")),IFERROR(0/0,"")) | AF55: =OR(AND(NOT($AG55),IFERROR(NOT($AG56),""),EXACT($A55,$A56),NOT(EXACT(CONCATENATE($B55,$C55),CONCATENATE($B56,$C56)))),AND(NOT($AG55),IFERROR(NOT($AG54),""),EXACT($A55,$A54),NOT(EXACT(CONCATENATE($B55,$C55),CONCATENATE($B54,$C54))))) -> FALSE | AG55: =IF($AH55>0,TRUE,FALSE) -> FALSE | AK55: =IFS(AND($AJ55>=2,$AJ55<3),"Negative",AND($AJ55>=3,$AJ55<4),"Positive",AND($AJ55>=4,$AJ55<5),"Inconclusive",$AJ55=5,"MANUAL FILL",$AG55,"DELETED",TRUE,$K55) -> Negative | AM55: SpNDHM394507 | AN55: NDHM872984 | AO55: =IFERROR(__xludf.DUMMYFUNCTION("IF($AG55, ""DELETED"",TRIM(JOIN("" "",D55:E55)))"),"") | AP55: =IF($AG55, "DELETED", TRIM(CONCATENATE(F55,I55,U55))) | AQ55: =IF($AG55, "DELETED", TRIM(CONCATENATE(G55,J55,V55))) | AR55: =IFERROR(__xludf.DUMMYFUNCTION("IF($AG55, ""DELETED"", TRIM(JOIN("" "",AP55,AQ55)))"),"") | AT55: =IF(OR($AG55,SUM($AU55:$AW55)=1),TRUE,FALSE) -> FALSE | AU55: =IF($AG55,IFERROR(0/0,""),IF(ISBLANK($F55),IF(ISBLANK($G55),IFERROR(0/0,""),2),1)) | AV55: =IF($AG55,IFERROR(0/0,""),IF(ISBLANK($I55),IF(ISBLANK($J55),IFERROR(0/0,""),2),1)) | AW55: =IF($AG55,IFERROR(0/0,""),IF(ISBLANK($U55),IF(ISBLANK($V55),IFERROR(0/0,""),2),1)) | AX55: =IF(AND($X55,$A56=$A55),1,IFERROR(0/0,"")) | BA55: =IF(AG55,IFERROR(0/0,""),IF(EXACT(UPPER(A55),A55),IFERROR(0/0,""),TRUE)) | BF55: =IF(COUNTIF(BJ$2:BJ317,BE55)>0,COUNTIF(BJ$2:BJ317,BE55),IFERROR(0/0,"")) | BG55: =IF($AG55,IFERROR(0/0,""),CONCATENATE($A55,"__",$B55,"_",$C55,"_",$D55,"_",$E55,"_",$K55,"_",$L55,"_",$M55,"_",$O55)) -> AJ9453__44683_0.197025462962963___Negative_44690_0.323229166666667_ | BH55: =IF(ISBLANK(IFERROR(MATCH(LEFT(BG55, FIND("__",BG55)-1),BE$2:BE317,0),"")),IFERROR(0/0,""),TRUE) | BI55: AH8860__44713_0.2053125___Negative_44713_0.34150462962963_ | BJ55: =IFERROR(LEFT(BI55, FIND("__",BI55)-1),"") -> AH8860 | BK55: =IFERROR(AND(EXACT(BJ56,BJ55),NOT(EXACT(BJ55,BJ54))),"") -> FALSE | BL55: =IF(BK55,BJ55,IFERROR(0/0,"")) | BN55: =OR(BO55,BP55) -> TRUE | BO55: =ISBLANK($AR55) -> FALSE | BP55: =IF(TRIM($AR55)="",TRUE,FALSE) -> TRUE | BR55: Negative | BS55: =EXACT(BR55,$AK55) -> TRUE
A56: AJ9453 | B56: 44683 | C56: 0.19702546 | K56: Negative | L56: 44690 | M56: 0.32322917 | P56: =IFNA(IF(VLOOKUP($A56,'Add from APT'!$AA$2:$AC264,3,FALSE)>0,TRUE,FALSE),"ER - NOT IN APT") -> FALSE | Q56: =IF(ISLOGICAL(P56),IF(P56,"ER - REPS IN APT", IFNA(VLOOKUP($A56,RAW_APT!$A$3:$M264,7,FALSE),"ER - NOT IN APT")),P56) -> Result | R56: =IF(EXACT($A56,$A55),FALSE,TRUE) -> FALSE | S56: =COUNTIF($A$2:$A318,$A56) -> 4 | T56: 3 | X56: =IF(ISBLANK($U56),IF(ISBLANK($V56),FALSE,"ER - LAST ONLY"),TRUE) -> FALSE | Z56: =IF($S56>4,TRUE,IFERROR(0/0,"")) | AA56: =IF(ISBLANK($O56),FALSE,TRUE) -> FALSE | AC56: 173 | AE56: =IFERROR(IF(EXACT($L56,$B56),(TIMEVALUE($M56)-TIMEVALUE($C56))*24*60,IFERROR(0/0,"")),IFERROR(0/0,"")) | AF56: =OR(AND(NOT($AG56),IFERROR(NOT($AG57),""),EXACT($A56,$A57),NOT(EXACT(CONCATENATE($B56,$C56),CONCATENATE($B57,$C57)))),AND(NOT($AG56),IFERROR(NOT($AG55),""),EXACT($A56,$A55),NOT(EXACT(CONCATENATE($B56,$C56),CONCATENATE($B55,$C55))))) -> FALSE | AG56: =IF($AH56>0,TRUE,FALSE) -> FALSE | AK56: =IFS(AND($AJ56>=2,$AJ56<3),"Negative",AND($AJ56>=3,$AJ56<4),"Positive",AND($AJ56>=4,$AJ56<5),"Inconclusive",$AJ56=5,"MANUAL FILL",$AG56,"DELETED",TRUE,$K56) -> Negative | AM56: SpNDHM394507 | AN56: NDHM746624 | AO56: =IFERROR(__xludf.DUMMYFUNCTION("IF($AG56, ""DELETED"",TRIM(JOIN("" "",D56:E56)))"),"") | AP56: =IF($AG56, "DELETED", TRIM(CONCATENATE(F56,I56,U56))) | AQ56: =IF($AG56, "DELETED", TRIM(CONCATENATE(G56,J56,V56))) | AR56: =IFERROR(__xludf.DUMMYFUNCTION("IF($AG56, ""DELETED"", TRIM(JOIN("" "",AP56,AQ56)))"),"") | AT56: =IF(OR($AG56,SUM($AU56:$AW56)=1),TRUE,FALSE) -> FALSE | AU56: =IF($AG56,IFERROR(0/0,""),IF(ISBLANK($F56),IF(ISBLANK($G56),IFERROR(0/0,""),2),1)) | AV56: =IF($AG56,IFERROR(0/0,""),IF(ISBLANK($I56),IF(ISBLANK($J56),IFERROR(0/0,""),2),1)) | AW56: =IF($AG56,IFERROR(0/0,""),IF(ISBLANK($U56),IF(ISBLANK($V56),IFERROR(0/0,""),2),1)) | AX56: =IF(AND($X56,$A57=$A56),1,IFERROR(0/0,"")) | BA56: =IF(AG56,IFERROR(0/0,""),IF(EXACT(UPPER(A56),A56),IFERROR(0/0,""),TRUE)) | BF56: =IF(COUNTIF(BJ$2:BJ318,BE56)>0,COUNTIF(BJ$2:BJ318,BE56),IFERROR(0/0,"")) | BG56: =IF($AG56,IFERROR(0/0,""),CONCATENATE($A56,"__",$B56,"_",$C56,"_",$D56,"_",$E56,"_",$K56,"_",$L56,"_",$M56,"_",$O56)) -> AJ9453__44683_0.197025462962963___Negative_44690_0.323229166666667_ | BH56: =IF(ISBLANK(IFERROR(MATCH(LEFT(BG56, FIND("__",BG56)-1),BE$2:BE318,0),"")),IFERROR(0/0,""),TRUE) | BI56: AH9070__44712_0.192650462962963___Negative_44713_0.341481481481482_ | BJ56: =IFERROR(LEFT(BI56, FIND("__",BI56)-1),"") -> AH9070 | BK56: =IFERROR(AND(EXACT(BJ57,BJ56),NOT(EXACT(BJ56,BJ55))),"") -> FALSE | BL56: =IF(BK56,BJ56,IFERROR(0/0,"")) | BN56: =OR(BO56,BP56) -> TRUE | BO56: =ISBLANK($AR56) -> FALSE | BP56: =IF(TRIM($AR56)="",TRUE,FALSE) -> TRUE | BR56: Negative | BS56: =EXACT(BR56,$AK56) -> TRUE
A57: AJ9453 | B57: 44683 | C57: 0.19702546 | K57: Negative | L57: 44690 | M57: 0.32322917 | P57: =IFNA(IF(VLOOKUP($A57,'Add from APT'!$AA$2:$AC264,3,FALSE)>0,TRUE,FALSE),"ER - NOT IN APT") -> FALSE | Q57: =IF(ISLOGICAL(P57),IF(P57,"ER - REPS IN APT", IFNA(VLOOKUP($A57,RAW_APT!$A$3:$M264,7,FALSE),"ER - NOT IN APT")),P57) -> Result | R57: =IF(EXACT($A57,$A56),FALSE,TRUE) -> FALSE | S57: =COUNTIF($A$2:$A319,$A57) -> 4 | T57: 3 | X57: =IF(ISBLANK($U57),IF(ISBLANK($V57),FALSE,"ER - LAST ONLY"),TRUE) -> FALSE | Z57: =IF($S57>4,TRUE,IFERROR(0/0,"")) | AA57: =IF(ISBLANK($O57),FALSE,TRUE) -> FALSE | AC57: 173 | AE57: =IFERROR(IF(EXACT($L57,$B57),(TIMEVALUE($M57)-TIMEVALUE($C57))*24*60,IFERROR(0/0,"")),IFERROR(0/0,"")) | AF57: =OR(AND(NOT($AG57),IFERROR(NOT($AG58),""),EXACT($A57,$A58),NOT(EXACT(CONCATENATE($B57,$C57),CONCATENATE($B58,$C58)))),AND(NOT($AG57),IFERROR(NOT($AG56),""),EXACT($A57,$A56),NOT(EXACT(CONCATENATE($B57,$C57),CONCATENATE($B56,$C56))))) -> FALSE | AG57: =IF($AH57>0,TRUE,FALSE) -> FALSE | AK57: =IFS(AND($AJ57>=2,$AJ57<3),"Negative",AND($AJ57>=3,$AJ57<4),"Positive",AND($AJ57>=4,$AJ57<5),"Inconclusive",$AJ57=5,"MANUAL FILL",$AG57,"DELETED",TRUE,$K57) -> Negative | AM57: SpNDHM394507 | AN57: NDHM612412 | AO57: =IFERROR(__xludf.DUMMYFUNCTION("IF($AG57, ""DELETED"",TRIM(JOIN("" "",D57:E57)))"),"") | AP57: =IF($AG57, "DELETED", TRIM(CONCATENATE(F57,I57,U57))) | AQ57: =IF($AG57, "DELETED", TRIM(CONCATENATE(G57,J57,V57))) | AR57: =IFERROR(__xludf.DUMMYFUNCTION("IF($AG57, ""DELETED"", TRIM(JOIN("" "",AP57,AQ57)))"),"") | AT57: =IF(OR($AG57,SUM($AU57:$AW57)=1),TRUE,FALSE) -> FALSE | AU57: =IF($AG57,IFERROR(0/0,""),IF(ISBLANK($F57),IF(ISBLANK($G57),IFERROR(0/0,""),2),1)) | AV57: =IF($AG57,IFERROR(0/0,""),IF(ISBLANK($I57),IF(ISBLANK($J57),IFERROR(0/0,""),2),1)) | AW57: =IF($AG57,IFERROR(0/0,""),IF(ISBLANK($U57),IF(ISBLANK($V57),IFERROR(0/0,""),2),1)) | AX57: =IF(AND($X57,$A58=$A57),1,IFERROR(0/0,"")) | BA57: =IF(AG57,IFERROR(0/0,""),IF(EXACT(UPPER(A57),A57),IFERROR(0/0,""),TRUE)) | BF57: =IF(COUNTIF(BJ$2:BJ319,BE57)>0,COUNTIF(BJ$2:BJ319,BE57),IFERROR(0/0,"")) | BG57: =IF($AG57,IFERROR(0/0,""),CONCATENATE($A57,"__",$B57,"_",$C57,"_",$D57,"_",$E57,"_",$K57,"_",$L57,"_",$M57,"_",$O57)) -> AJ9453__44683_0.197025462962963___Negative_44690_0.323229166666667_ | BH57: =IF(ISBLANK(IFERROR(MATCH(LEFT(BG57, FIND("__",BG57)-1),BE$2:BE319,0),"")),IFERROR(0/0,""),TRUE) | BI57: AH9504__44683_0.278101851851852___Negative_44683_0.3578125_ | BJ57: =IFERROR(LEFT(BI57, FIND("__",BI57)-1),"") -> AH9504 | BK57: =IFERROR(AND(EXACT(BJ58,BJ57),NOT(EXACT(BJ57,BJ56))),"") -> FALSE | BL57: =IF(BK57,BJ57,IFERROR(0/0,"")) | BN57: =OR(BO57,BP57) -> TRUE | BO57: =ISBLANK($AR57) -> FALSE | BP57: =IF(TRIM($AR57)="",TRUE,FALSE) -> TRUE | BR57: Negative | BS57: =EXACT(BR57,$AK57) -> TRUE
A58: AJ9453 | B58: 44683 | C58: 0.19702546 | K58: Negative | L58: 44690 | M58: 0.32322917 | P58: =IFNA(IF(VLOOKUP($A58,'Add from APT'!$AA$2:$AC264,3,FALSE)>0,TRUE,FALSE),"ER - NOT IN APT") -> FALSE | Q58: =IF(ISLOGICAL(P58),IF(P58,"ER - REPS IN APT", IFNA(VLOOKUP($A58,RAW_APT!$A$3:$M264,7,FALSE),"ER - NOT IN APT")),P58) -> Result | R58: =IF(EXACT($A58,$A57),FALSE,TRUE) -> FALSE | S58: =COUNTIF($A$2:$A320,$A58) -> 4 | T58: 3 | X58: =IF(ISBLANK($U58),IF(ISBLANK($V58),FALSE,"ER - LAST ONLY"),TRUE) -> FALSE | Z58: =IF($S58>4,TRUE,IFERROR(0/0,"")) | AA58: =IF(ISBLANK($O58),FALSE,TRUE) -> FALSE | AC58: 173 | AE58: =IFERROR(IF(EXACT($L58,$B58),(TIMEVALUE($M58)-TIMEVALUE($C58))*24*60,IFERROR(0/0,"")),IFERROR(0/0,"")) | AF58: =OR(AND(NOT($AG58),IFERROR(NOT($AG59),""),EXACT($A58,$A59),NOT(EXACT(CONCATENATE($B58,$C58),CONCATENATE($B59,$C59)))),AND(NOT($AG58),IFERROR(NOT($AG57),""),EXACT($A58,$A57),NOT(EXACT(CONCATENATE($B58,$C58),CONCATENATE($B57,$C57))))) -> FALSE | AG58: =IF($AH58>0,TRUE,FALSE) -> FALSE | AK58: =IFS(AND($AJ58>=2,$AJ58<3),"Negative",AND($AJ58>=3,$AJ58<4),"Positive",AND($AJ58>=4,$AJ58<5),"Inconclusive",$AJ58=5,"MANUAL FILL",$AG58,"DELETED",TRUE,$K58) -> Negative | AM58: SpNDHM394507 | AN58: NDHM422663 | AO58: =IFERROR(__xludf.DUMMYFUNCTION("IF($AG58, ""DELETED"",TRIM(JOIN("" "",D58:E58)))"),"") | AP58: =IF($AG58, "DELETED", TRIM(CONCATENATE(F58,I58,U58))) | AQ58: =IF($AG58, "DELETED", TRIM(CONCATENATE(G58,J58,V58))) | AR58: =IFERROR(__xludf.DUMMYFUNCTION("IF($AG58, ""DELETED"", TRIM(JOIN("" "",AP58,AQ58)))"),"") | AT58: =IF(OR($AG58,SUM($AU58:$AW58)=1),TRUE,FALSE) -> FALSE | AU58: =IF($AG58,IFERROR(0/0,""),IF(ISBLANK($F58),IF(ISBLANK($G58),IFERROR(0/0,""),2),1)) | AV58: =IF($AG58,IFERROR(0/0,""),IF(ISBLANK($I58),IF(ISBLANK($J58),IFERROR(0/0,""),2),1)) | AW58: =IF($AG58,IFERROR(0/0,""),IF(ISBLANK($U58),IF(ISBLANK($V58),IFERROR(0/0,""),2),1)) | AX58: =IF(AND($X58,$A59=$A58),1,IFERROR(0/0,"")) | BA58: =IF(AG58,IFERROR(0/0,""),IF(EXACT(UPPER(A58),A58),IFERROR(0/0,""),TRUE)) | BF58: =IF(COUNTIF(BJ$2:BJ320,BE58)>0,COUNTIF(BJ$2:BJ320,BE58),IFERROR(0/0,"")) | BG58: =IF($AG58,IFERROR(0/0,""),CONCATENATE($A58,"__",$B58,"_",$C58,"_",$D58,"_",$E58,"_",$K58,"_",$L58,"_",$M58,"_",$O58)) -> AJ9453__44683_0.197025462962963___Negative_44690_0.323229166666667_ | BH58: =IF(ISBLANK(IFERROR(MATCH(LEFT(BG58, FIND("__",BG58)-1),BE$2:BE320,0),"")),IFERROR(0/0,""),TRUE) | BI58: AH9625__44713_0.251759259259259___Negative_44713_0.34150462962963_ | BJ58: =IFERROR(LEFT(BI58, FIND("__",BI58)-1),"") -> AH9625 | BK58: =IFERROR(AND(EXACT(BJ59,BJ58),NOT(EXACT(BJ58,BJ57))),"") -> FALSE | BL58: =IF(BK58,BJ58,IFERROR(0/0,"")) | BN58: =OR(BO58,BP58) -> TRUE | BO58: =ISBLANK($AR58) -> FALSE | BP58: =IF(TRIM($AR58)="",TRUE,FALSE) -> TRUE | BR58: Negative | BS58: =EXACT(BR58,$AK58) -> TRUE
