Workbook

Sheet ALL Tube Results
A1: =IFERROR(__xludf.DUMMYFUNCTION("QUERY({ 'APS Tubes Import'!A1:A100; 'ARF Tubes'!M2:M100 }, ""SELECT Col1 WHERE Col1 IS NOT NULL"", 0)"),"TUBE ID") -> TUBE ID | B1: =IFERROR(__xludf.DUMMYFUNCTION("QUERY({ 'APS Tubes Import'!V1:V100; 'ARF Tubes'!N2:N100 }, ""SELECT Col1 WHERE Col1 IS NOT NULL"", 0)"),"FINAL ASSIGNED RUN ID") -> FINAL ASSIGNED RUN ID | C1: ='Run Reconcile'!B1 -> RUN DATE | D1: ='APS Tubes Import'!B1 -> COLLECTION DATE | E1: ='APS Tubes Import'!C1 -> COLLECTION TIME | F1: =IFERROR(__xludf.DUMMYFUNCTION("QUERY({ 'APS Tubes Import'!H1:H100; 'ARF Tubes'!P2:P100 }, ""SELECT Col1 WHERE Col1 IS NOT NULL"", 0)"),"FINAL RESULT") -> FINAL RESULT | G1: ='APS Tubes Import'!N1 -> NUM SAMPLES (Pool Level)
A2: =IFERROR(__xludf.DUMMYFUNCTION("""COMPUTED_VALUE"""),"AG575") -> AG575 | B2: =IFERROR(__xludf.DUMMYFUNCTION("""COMPUTED_VALUE"""),"RUN-NDHM_2022-05-02_RFR-006") -> RUN-NDHM_2022-05-02_RFR-006 | C2: =VLOOKUP(B2,'Run Reconcile'!A$2:B100,2,FALSE) -> 44683 | D2: =IFERROR(__xludf.DUMMYFUNCTION("QUERY({ 'APS Tubes Import'!B2:B100 }, ""SELECT Col1 WHERE Col1 IS NOT NULL"", 0)"),44683.0) -> 44683 | E2: =IFERROR(__xludf.DUMMYFUNCTION("QUERY({ 'APS Tubes Import'!C2:C100; 'ARF Tubes'!P2:P100 }, ""SELECT Col1 WHERE Col1 IS NOT NULL"", 0)"),0.17497685185298906) -> 0.17497685 | F2: =IFERROR(__xludf.DUMMYFUNCTION("""COMPUTED_VALUE"""),"Negative") -> Negative | G2: =IFERROR(__xludf.DUMMYFUNCTION("QUERY({ 'APS Tubes Import'!N2:N100 }, ""SELECT Col1 WHERE Col1 IS NOT NULL"", 0)"),4.0) -> 4
A3: =IFERROR(__xludf.DUMMYFUNCTION("""COMPUTED_VALUE"""),"AK7133") -> AK7133 | B3: =IFERROR(__xludf.DUMMYFUNCTION("""COMPUTED_VALUE"""),"RUN-NDHM_2022-05-02_RFR-006") -> RUN-NDHM_2022-05-02_RFR-006 | C3: =VLOOKUP(B3,'Run Reconcile'!A$2:B100,2,FALSE) -> 44683 | D3: =IFERROR(__xludf.DUMMYFUNCTION("""COMPUTED_VALUE"""),44683.0) -> 44683 | E3: =IFERROR(__xludf.DUMMYFUNCTION("""COMPUTED_VALUE"""),0.17721064814759302) -> 0.17721065 | F3: =IFERROR(__xludf.DUMMYFUNCTION("""COMPUTED_VALUE"""),"Negative") -> Negative | G3: =IFERROR(__xludf.DUMMYFUNCTION("""COMPUTED_VALUE"""),2.0) -> 2
A4: =IFERROR(__xludf.DUMMYFUNCTION("""COMPUTED_VALUE"""),"AG91") -> AG91 | B4: =IFERROR(__xludf.DUMMYFUNCTION("""COMPUTED_VALUE"""),"RUN-NDHM_2022-05-02_RFR-006") -> RUN-NDHM_2022-05-02_RFR-006 | C4: =VLOOKUP(B4,'Run Reconcile'!A$2:B100,2,FALSE) -> 44683 | D4: =IFERROR(__xludf.DUMMYFUNCTION("""COMPUTED_VALUE"""),44683.0) -> 44683 | E4: =IFERROR(__xludf.DUMMYFUNCTION("""COMPUTED_VALUE"""),0.17770833333270275) -> 0.17770833 | F4: =IFERROR(__xludf.DUMMYFUNCTION("""COMPUTED_VALUE"""),"Negative") -> Negative | G4: =IFERROR(__xludf.DUMMYFUNCTION("""COMPUTED_VALUE"""),2.0) -> 2
A5: =IFERROR(__xludf.DUMMYFUNCTION("""COMPUTED_VALUE"""),"AG1419") -> AG1419 | B5: =IFERROR(__xludf.DUMMYFUNCTION("""COMPUTED_VALUE"""),"RUN-NDHM_2022-05-02_RFR-006") -> RUN-NDHM_2022-05-02_RFR-006 | C5: =VLOOKUP(B5,'Run Reconcile'!A$2:B100,2,FALSE) -> 44683 | D5: =IFERROR(__xludf.DUMMYFUNCTION("""COMPUTED_VALUE"""),44683.0) -> 44683 | E5: =IFERROR(__xludf.DUMMYFUNCTION("""COMPUTED_VALUE"""),0.17806712962919846) -> 0.17806713 | F5: =IFERROR(__xludf.DUMMYFUNCTION("""COMPUTED_VALUE"""),"Negative") -> Negative | G5: =IFERROR(__xludf.DUMMYFUNCTION("""COMPUTED_VALUE"""),2.0) -> 2
A6: =IFERROR(__xludf.DUMMYFUNCTION("""COMPUTED_VALUE"""),"AH7292") -> AH7292 | B6: =IFERROR(__xludf.DUMMYFUNCTION("""COMPUTED_VALUE"""),"RUN-NDHM_2022-05-02_RFR-006") -> RUN-NDHM_2022-05-02_RFR-006 | C6: =VLOOKUP(B6,'Run Reconcile'!A$2:B100,2,FALSE) -> 44683 | D6: =IFERROR(__xludf.DUMMYFUNCTION("""COMPUTED_VALUE"""),44683.0) -> 44683 | E6: =IFERROR(__xludf.DUMMYFUNCTION("""COMPUTED_VALUE"""),0.17832175926014315) -> 0.17832176 | F6: =IFERROR(__xludf.DUMMYFUNCTION("""COMPUTED_VALUE"""),"Negative") -> Negative | G6: =IFERROR(__xludf.DUMMYFUNCTION("""COMPUTED_VALUE"""),1.0) -> 1
A7: =IFERROR(__xludf.DUMMYFUNCTION("""COMPUTED_VALUE"""),"AH7299") -> AH7299 | B7: =IFERROR(__xludf.DUMMYFUNCTION("""COMPUTED_VALUE"""),"RUN-NDHM_2022-05-02_RFR-006") -> RUN-NDHM_2022-05-02_RFR-006 | C7: =VLOOKUP(B7,'Run Reconcile'!A$2:B100,2,FALSE) -> 44683 | D7: =IFERROR(__xludf.DUMMYFUNCTION("""COMPUTED_VALUE"""),44683.0) -> 44683 | E7: =IFERROR(__xludf.DUMMYFUNCTION("""COMPUTED_VALUE"""),0.1799421296309447) -> 0.17994213 | F7: =IFERROR(__xludf.DUMMYFUNCTION("""COMPUTED_VALUE"""),"Negative") -> Negative | G7: =IFERROR(__xludf.DUMMYFUNCTION("""COMPUTED_VALUE"""),2.0) -> 2
A8: =IFERROR(__xludf.DUMMYFUNCTION("""COMPUTED_VALUE"""),"AJ9453") -> AJ9453 | B8: =IFERROR(__xludf.DUMMYFUNCTION("""COMPUTED_VALUE"""),"RUN-NDHM_2022-05-02_RFR-006") -> RUN-NDHM_2022-05-02_RFR-006 | C8: =VLOOKUP(B8,'Run Reconcile'!A$2:B100,2,FALSE) -> 44683 | D8: =IFERROR(__xludf.DUMMYFUNCTION("""COMPUTED_VALUE"""),44683.0) -> 44683 | E8: =IFERROR(__xludf.DUMMYFUNCTION("""COMPUTED_VALUE"""),0.19702546296321088) -> 0.19702546 | F8: =IFERROR(__xludf.DUMMYFUNCTION("""COMPUTED_VALUE"""),"Negative") -> Negative | G8: =IFERROR(__xludf.DUMMYFUNCTION("""COMPUTED_VALUE"""),4.0) -> 4
A9: =IFERROR(__xludf.DUMMYFUNCTION("""COMPUTED_VALUE"""),"AJ8392") -> AJ8392 | B9: =IFERROR(__xludf.DUMMYFUNCTION("""COMPUTED_VALUE"""),"RUN-NDHM_2022-05-02_RFR-006") -> RUN-NDHM_2022-05-02_RFR-006 | C9: =VLOOKUP(B9,'Run Reconcile'!A$2:B100,2,FALSE) -> 44683 | D9: =IFERROR(__xludf.DUMMYFUNCTION("""COMPUTED_VALUE"""),44683.0) -> 44683 | E9: =IFERROR(__xludf.DUMMYFUNCTION("""COMPUTED_VALUE"""),0.20218749999912689) -> 0.2021875 | F9: =IFERROR(__xludf.DUMMYFUNCTION("""COMPUTED_VALUE"""),"Negative") -> Negative | G9: =IFERROR(__xludf.DUMMYFUNCTION("""COMPUTED_VALUE"""),2.0) -> 2
A10: =IFERROR(__xludf.DUMMYFUNCTION("""COMPUTED_VALUE"""),"AJ9417") -> AJ9417 | B10: =IFERROR(__xludf.DUMMYFUNCTION("""COMPUTED_VALUE"""),"RUN-NDHM_2022-05-02_RFR-006") -> RUN-NDHM_2022-05-02_RFR-006 | C10: =VLOOKUP(B10,'Run Reconcile'!A$2:B100,2,FALSE) -> 44683 | D10: =IFERROR(__xludf.DUMMYFUNCTION("""COMPUTED_VALUE"""),44683.0) -> 44683 | E10: =IFERROR(__xludf.DUMMYFUNCTION("""COMPUTED_VALUE"""),0.20903935185197042) -> 0.20903935 | F10: =IFERROR(__xludf.DUMMYFUNCTION("""COMPUTED_VALUE"""),"Negative") -> Negative | G10: =IFERROR(__xludf.DUMMYFUNCTION("""COMPUTED_VALUE"""),4.0) -> 4
A11: =IFERROR(__xludf.DUMMYFUNCTION("""COMPUTED_VALUE"""),"AG1713") -> AG1713 | B11: =IFERROR(__xludf.DUMMYFUNCTION("""COMPUTED_VALUE"""),"RUN-NDHM_2022-05-02_RFR-006") -> RUN-NDHM_2022-05-02_RFR-006 | C11: =VLOOKUP(B11,'Run Reconcile'!A$2:B100,2,FALSE) -> 44683 | D11: =IFERROR(__xludf.DUMMYFUNCTION("""COMPUTED_VALUE"""),44683.0) -> 44683 | E11: =IFERROR(__xludf.DUMMYFUNCTION("""COMPUTED_VALUE"""),0.2125694444439432) -> 0.21256944 | F11: =IFERROR(__xludf.DUMMYFUNCTION("""COMPUTED_VALUE"""),"Negative") -> Negative | G11: =IFERROR(__xludf.DUMMYFUNCTION("""COMPUTED_VALUE"""),4.0) -> 4
A12: =IFERROR(__xludf.DUMMYFUNCTION("""COMPUTED_VALUE"""),"AJ9703") -> AJ9703 | B12: =IFERROR(__xludf.DUMMYFUNCTION("""COMPUTED_VALUE"""),"RUN-NDHM_2022-05-02_RFR-006") -> RUN-NDHM_2022-05-02_RFR-006 | C12: =VLOOKUP(B12,'Run Reconcile'!A$2:B100,2,FALSE) -> 44683 | D12: =IFERROR(__xludf.DUMMYFUNCTION("""COMPUTED_VALUE"""),44683.0) -> 44683 | E12: =IFERROR(__xludf.DUMMYFUNCTION("""COMPUTED_VALUE"""),0.23635416666729725) -> 0.23635417 | F12: =IFERROR(__xludf.DUMMYFUNCTION("""COMPUTED_VALUE"""),"Negative") -> Negative | G12: =IFERROR(__xludf.DUMMYFUNCTION("""COMPUTED_VALUE"""),1.0) -> 1
A13: =IFERROR(__xludf.DUMMYFUNCTION("""COMPUTED_VALUE"""),"AG213") -> AG213 | B13: =IFERROR(__xludf.DUMMYFUNCTION("""COMPUTED_VALUE"""),"RUN-NDHM_2022-05-02_RFR-006") -> RUN-NDHM_2022-05-02_RFR-006 | C13: =VLOOKUP(B13,'Run Reconcile'!A$2:B100,2,FALSE) -> 44683 | D13: =IFERROR(__xludf.DUMMYFUNCTION("""COMPUTED_VALUE"""),44683.0) -> 44683 | E13: =IFERROR(__xludf.DUMMYFUNCTION("""COMPUTED_VALUE"""),0.2382638888884685) -> 0.23826389 | F13: =IFERROR(__xludf.DUMMYFUNCTION("""COMPUTED_VALUE"""),"Negative") -> Negative | G13: =IFERROR(__xludf.DUMMYFUNCTION("""COMPUTED_VALUE"""),1.0) -> 1
A14: =IFERROR(__xludf.DUMMYFUNCTION("""COMPUTED_VALUE"""),"AG252") -> AG252 | B14: =IFERROR(__xludf.DUMMYFUNCTION("""COMPUTED_VALUE"""),"RUN-NDHM_2022-05-02_RFR-006") -> RUN-NDHM_2022-05-02_RFR-006 | C14: =VLOOKUP(B14,'Run Reconcile'!A$2:B100,2,FALSE) -> 44683 | D14: =IFERROR(__xludf.DUMMYFUNCTION("""COMPUTED_VALUE"""),44683.0) -> 44683 | E14: =IFERROR(__xludf.DUMMYFUNCTION("""COMPUTED_VALUE"""),0.23990740740919136) -> 0.23990741 | F14: =IFERROR(__xludf.DUMMYFUNCTION("""COMPUTED_VALUE"""),"Negative") -> Negative | G14: =IFERROR(__xludf.DUMMYFUNCTION("""COMPUTED_VALUE"""),1.0) -> 1
A15: =IFERROR(__xludf.DUMMYFUNCTION("""COMPUTED_VALUE"""),"AG2164") -> AG2164 | B15: =IFERROR(__xludf.DUMMYFUNCTION("""COMPUTED_VALUE"""),"RUN-NDHM_2022-05-02_RFR-006") -> RUN-NDHM_2022-05-02_RFR-006 | C15: =VLOOKUP(B15,'Run Reconcile'!A$2:B100,2,FALSE) -> 44683 | D15: =IFERROR(__xludf.DUMMYFUNCTION("""COMPUTED_VALUE"""),44683.0) -> 44683 | E15: =IFERROR(__xludf.DUMMYFUNCTION("""COMPUTED_VALUE"""),0.2581712962964957) -> 0.2581713 | F15: =IFERROR(__xludf.DUMMYFUNCTION("""COMPUTED_VALUE"""),"Negative") -> Negative | G15: =IFERROR(__xludf.DUMMYFUNCTION("""COMPUTED_VALUE"""),1.0) -> 1
A16: =IFERROR(__xludf.DUMMYFUNCTION("""COMPUTED_VALUE"""),"AK7529") -> AK7529 | B16: =IFERROR(__xludf.DUMMYFUNCTION("""COMPUTED_VALUE"""),"RUN-NDHM_2022-05-02_RFR-006") -> RUN-NDHM_2022-05-02_RFR-006 | C16: =VLOOKUP(B16,'Run Reconcile'!A$2:B100,2,FALSE) -> 44683 | D16: =IFERROR(__xludf.DUMMYFUNCTION("""COMPUTED_VALUE"""),44683.0) -> 44683 | E16: =IFERROR(__xludf.DUMMYFUNCTION("""COMPUTED_VALUE"""),0.2757638888906513) -> 0.27576389 | F16: =IFERROR(__xludf.DUMMYFUNCTION("""COMPUTED_VALUE"""),"Negative") -> Negative | G16: =IFERROR(__xludf.DUMMYFUNCTION("""COMPUTED_VALUE"""),1.0) -> 1
A17: =IFERROR(__xludf.DUMMYFUNCTION("""COMPUTED_VALUE"""),"AH9504") -> AH9504 | B17: =IFERROR(__xludf.DUMMYFUNCTION("""COMPUTED_VALUE"""),"RUN-NDHM_2022-05-02_RFR-006") -> RUN-NDHM_2022-05-02_RFR-006 | C17: =VLOOKUP(B17,'Run Reconcile'!A$2:B100,2,FALSE) -> 44683 | D17: =IFERROR(__xludf.DUMMYFUNCTION("""COMPUTED_VALUE"""),44683.0) -> 44683 | E17: =IFERROR(__xludf.DUMMYFUNCTION("""COMPUTED_VALUE"""),0.27810185185080627) -> 0.27810185 | F17: =IFERROR(__xludf.DUMMYFUNCTION("""COMPUTED_VALUE"""),"Negative") -> Negative | G17: =IFERROR(__xludf.DUMMYFUNCTION("""COMPUTED_VALUE"""),1.0) -> 1
A18: =IFERROR(__xludf.DUMMYFUNCTION("""COMPUTED_VALUE"""),"AG1866") -> AG1866 | B18: =IFERROR(__xludf.DUMMYFUNCTION("""COMPUTED_VALUE"""),"RUN-NDHM_2022-05-02_RFR-006") -> RUN-NDHM_2022-05-02_RFR-006 | C18: =VLOOKUP(B18,'Run Reconcile'!A$2:B100,2,FALSE) -> 44683 | D18: =IFERROR(__xludf.DUMMYFUNCTION("""COMPUTED_VALUE"""),44683.0) -> 44683 | E18: =IFERROR(__xludf.DUMMYFUNCTION("""COMPUTED_VALUE"""),0.3842013888897782) -> 0.38420139 | F18: =IFERROR(__xludf.DUMMYFUNCTION("""COMPUTED_VALUE"""),"Negative") -> Negative | G18: =IFERROR(__xludf.DUMMYFUNCTION("""COMPUTED_VALUE"""),1.0) -> 1
A19: =IFERROR(__xludf.DUMMYFUNCTION("""COMPUTED_VALUE"""),"AK5211") -> AK5211 | B19: =IFERROR(__xludf.DUMMYFUNCTION("""COMPUTED_VALUE"""),"RUN-NDHM_2022-05-09_RFR-009") -> RUN-NDHM_2022-05-09_RFR-009 | C19: =VLOOKUP(B19,'Run Reconcile'!A$2:B100,2,FALSE) -> 44690 | D19: =IFERROR(__xludf.DUMMYFUNCTION("""COMPUTED_VALUE"""),44689.0) -> 44689 | E19: =IFERROR(__xludf.DUMMYFUNCTION("""COMPUTED_VALUE"""),0.8260300925940101) -> 0.82603009 | F19: =IFERROR(__xludf.DUMMYFUNCTION("""COMPUTED_VALUE"""),"Negative") -> Negative | G19: =IFERROR(__xludf.DUMMYFUNCTION("""COMPUTED_VALUE"""),4.0) -> 4
A20: =IFERROR(__xludf.DUMMYFUNCTION("""COMPUTED_VALUE"""),"AG469") -> AG469 | B20: =IFERROR(__xludf.DUMMYFUNCTION("""COMPUTED_VALUE"""),"RUN-NDHM_2022-05-09_RFR-009") -> RUN-NDHM_2022-05-09_RFR-009 | C20: =VLOOKUP(B20,'Run Reconcile'!A$2:B100,2,FALSE) -> 44690 | D20: =IFERROR(__xludf.DUMMYFUNCTION("""COMPUTED_VALUE"""),44690.0) -> 44690 | E20: =IFERROR(__xludf.DUMMYFUNCTION("""COMPUTED_VALUE"""),0.1700231481481751) -> 0.17002315 | F20: =IFERROR(__xludf.DUMMYFUNCTION("""COMPUTED_VALUE"""),"Negative") -> Negative | G20: =IFERROR(__xludf.DUMMYFUNCTION("""COMPUTED_VALUE"""),4.0) -> 4
A21: =IFERROR(__xludf.DUMMYFUNCTION("""COMPUTED_VALUE"""),"AH7931") -> AH7931 | B21: =IFERROR(__xludf.DUMMYFUNCTION("""COMPUTED_VALUE"""),"RUN-NDHM_2022-05-09_RFR-009") -> RUN-NDHM_2022-05-09_RFR-009 | C21: =VLOOKUP(B21,'Run Reconcile'!A$2:B100,2,FALSE) -> 44690 | D21: =IFERROR(__xludf.DUMMYFUNCTION("""COMPUTED_VALUE"""),44690.0) -> 44690 | E21: =IFERROR(__xludf.DUMMYFUNCTION("""COMPUTED_VALUE"""),0.1787037037029222) -> 0.1787037 | F21: =IFERROR(__xludf.DUMMYFUNCTION("""COMPUTED_VALUE"""),"Negative") -> Negative | G21: =IFERROR(__xludf.DUMMYFUNCTION("""COMPUTED_VALUE"""),3.0) -> 3
A22: =IFERROR(__xludf.DUMMYFUNCTION("""COMPUTED_VALUE"""),"AH1039") -> AH1039 | B22: =IFERROR(__xludf.DUMMYFUNCTION("""COMPUTED_VALUE"""),"RUN-NDHM_2022-05-09_RFR-009") -> RUN-NDHM_2022-05-09_RFR-009 | C22: =VLOOKUP(B22,'Run Reconcile'!A$2:B100,2,FALSE) -> 44690 | D22: =IFERROR(__xludf.DUMMYFUNCTION("""COMPUTED_VALUE"""),44690.0) -> 44690 | E22: =IFERROR(__xludf.DUMMYFUNCTION("""COMPUTED_VALUE"""),0.2029050925921183) -> 0.20290509 | F22: =IFERROR(__xludf.DUMMYFUNCTION("""COMPUTED_VALUE"""),"Negative") -> Negative | G22: =IFERROR(__xludf.DUMMYFUNCTION("""COMPUTED_VALUE"""),3.0) -> 3
A23: =IFERROR(__xludf.DUMMYFUNCTION("""COMPUTED_VALUE"""),"AJ8556") -> AJ8556 | B23: =IFERROR(__xludf.DUMMYFUNCTION("""COMPUTED_VALUE"""),"RUN-NDHM_2022-05-09_RFR-009") -> RUN-NDHM_2022-05-09_RFR-009 | C23: =VLOOKUP(B23,'Run Reconcile'!A$2:B100,2,FALSE) -> 44690 | D23: =IFERROR(__xludf.DUMMYFUNCTION("""COMPUTED_VALUE"""),44690.0) -> 44690 | E23: =IFERROR(__xludf.DUMMYFUNCTION("""COMPUTED_VALUE"""),0.21353009259109967) -> 0.21353009 | F23: =IFERROR(__xludf.DUMMYFUNCTION("""COMPUTED_VALUE"""),"Negative") -> Negative | G23: =IFERROR(__xludf.DUMMYFUNCTION("""COMPUTED_VALUE"""),4.0) -> 4
A24: =IFERROR(__xludf.DUMMYFUNCTION("""COMPUTED_VALUE"""),"AG815") -> AG815 | B24: =IFERROR(__xludf.DUMMYFUNCTION("""COMPUTED_VALUE"""),"RUN-NDHM_2022-05-09_RFR-009") -> RUN-NDHM_2022-05-09_RFR-009 | C24: =VLOOKUP(B24,'Run Reconcile'!A$2:B100,2,FALSE) -> 44690 | D24: =IFERROR(__xludf.DUMMYFUNCTION("""COMPUTED_VALUE"""),44690.0) -> 44690 | E24: =IFERROR(__xludf.DUMMYFUNCTION("""COMPUTED_VALUE"""),0.24370370370525052) -> 0.2437037 | F24: =IFERROR(__xludf.DUMMYFUNCTION("""COMPUTED_VALUE"""),"Negative") -> Negative | G24: =IFERROR(__xludf.DUMMYFUNCTION("""COMPUTED_VALUE"""),1.0) -> 1
A25: =IFERROR(__xludf.DUMMYFUNCTION("""COMPUTED_VALUE"""),"AG1523") -> AG1523 | B25: =IFERROR(__xludf.DUMMYFUNCTION("""COMPUTED_VALUE"""),"RUN-NDHM_2022-05-09_RFR-009") -> RUN-NDHM_2022-05-09_RFR-009 | C25: =VLOOKUP(B25,'Run Reconcile'!A$2:B100,2,FALSE) -> 44690 | D25: =IFERROR(__xludf.DUMMYFUNCTION("""COMPUTED_VALUE"""),44690.0) -> 44690 | E25: =IFERROR(__xludf.DUMMYFUNCTION("""COMPUTED_VALUE"""),0.27951388889050577) -> 0.27951389 | F25: =IFERROR(__xludf.DUMMYFUNCTION("""COMPUTED_VALUE"""),"Negative") -> Negative | G25: =IFERROR(__xludf.DUMMYFUNCTION("""COMPUTED_VALUE"""),1.0) -> 1
A26: =IFERROR(__xludf.DUMMYFUNCTION("""COMPUTED_VALUE"""),"AH266") -> AH266 | B26: =IFERROR(__xludf.DUMMYFUNCTION("""COMPUTED_VALUE"""),"RUN-NDHM_2022-05-09_RFR-009") -> RUN-NDHM_2022-05-09_RFR-009 | C26: =VLOOKUP(B26,'Run Reconcile'!A$2:B100,2,FALSE) -> 44690 | D26: =IFERROR(__xludf.DUMMYFUNCTION("""COMPUTED_VALUE"""),44690.0) -> 44690 | E26: =IFERROR(__xludf.DUMMYFUNCTION("""COMPUTED_VALUE"""),0.2801620370373712) -> 0.28016204 | F26: =IFERROR(__xludf.DUMMYFUNCTION("""COMPUTED_VALUE"""),"Negative") -> Negative | G26: =IFERROR(__xludf.DUMMYFUNCTION("""COMPUTED_VALUE"""),2.0) -> 2
A27: =IFERROR(__xludf.DUMMYFUNCTION("""COMPUTED_VALUE"""),"AJ8574") -> AJ8574 | B27: =IFERROR(__xludf.DUMMYFUNCTION("""COMPUTED_VALUE"""),"RUN-NDHM_2022-05-16_RFR-010") -> RUN-NDHM_2022-05-16_RFR-010 | C27: =VLOOKUP(B27,'Run Reconcile'!A$2:B100,2,FALSE) -> 44697 | D27: =IFERROR(__xludf.DUMMYFUNCTION("""COMPUTED_VALUE"""),44696.0) -> 44696 | E27: =IFERROR(__xludf.DUMMYFUNCTION("""COMPUTED_VALUE"""),0.7482523148137261) -> 0.74825231 | F27: =IFERROR(__xludf.DUMMYFUNCTION("""COMPUTED_VALUE"""),"Negative") -> Negative | G27: =IFERROR(__xludf.DUMMYFUNCTION("""COMPUTED_VALUE"""),2.0) -> 2
A28: =IFERROR(__xludf.DUMMYFUNCTION("""COMPUTED_VALUE"""),"AH7225") -> AH7225 | B28: =IFERROR(__xludf.DUMMYFUNCTION("""COMPUTED_VALUE"""),"RUN-NDHM_2022-05-16_RFR-010") -> RUN-NDHM_2022-05-16_RFR-010 | C28: =VLOOKUP(B28,'Run Reconcile'!A$2:B100,2,FALSE) -> 44697 | D28: =IFERROR(__xludf.DUMMYFUNCTION("""COMPUTED_VALUE"""),44697.0) -> 44697 | E28: =IFERROR(__xludf.DUMMYFUNCTION("""COMPUTED_VALUE"""),0.15361111111269565) -> 0.15361111 | F28: =IFERROR(__xludf.DUMMYFUNCTION("""COMPUTED_VALUE"""),"Negative") -> Negative | G28: =IFERROR(__xludf.DUMMYFUNCTION("""COMPUTED_VALUE"""),2.0) -> 2
A29: =IFERROR(__xludf.DUMMYFUNCTION("""COMPUTED_VALUE"""),"AG1637") -> AG1637 | B29: =IFERROR(__xludf.DUMMYFUNCTION("""COMPUTED_VALUE"""),"RUN-NDHM_2022-05-16_RFR-010") -> RUN-NDHM_2022-05-16_RFR-010 | C29: =VLOOKUP(B29,'Run Reconcile'!A$2:B100,2,FALSE) -> 44697 | D29: =IFERROR(__xludf.DUMMYFUNCTION("""COMPUTED_VALUE"""),44697.0) -> 44697 | E29: =IFERROR(__xludf.DUMMYFUNCTION("""COMPUTED_VALUE"""),0.17675925925868796) -> 0.17675926 | F29: =IFERROR(__xludf.DUMMYFUNCTION("""COMPUTED_VALUE"""),"Negative") -> Negative | G29: =IFERROR(__xludf.DUMMYFUNCTION("""COMPUTED_VALUE"""),4.0) -> 4
A30: =IFERROR(__xludf.DUMMYFUNCTION("""COMPUTED_VALUE"""),"AG1103") -> AG1103 | B30: =IFERROR(__xludf.DUMMYFUNCTION("""COMPUTED_VALUE"""),"RUN-NDHM_2022-05-16_RFR-010") -> RUN-NDHM_2022-05-16_RFR-010 | C30: =VLOOKUP(B30,'Run Reconcile'!A$2:B100,2,FALSE) -> 44697 | D30: =IFERROR(__xludf.DUMMYFUNCTION("""COMPUTED_VALUE"""),44697.0) -> 44697 | E30: =IFERROR(__xludf.DUMMYFUNCTION("""COMPUTED_VALUE"""),0.1903009259258397) -> 0.19030093 | F30: =IFERROR(__xludf.DUMMYFUNCTION("""COMPUTED_VALUE"""),"Negative") -> Negative | G30: =IFERROR(__xludf.DUMMYFUNCTION("""COMPUTED_VALUE"""),4.0) -> 4
A31: =IFERROR(__xludf.DUMMYFUNCTION("""COMPUTED_VALUE"""),"AJ7985") -> AJ7985 | B31: =IFERROR(__xludf.DUMMYFUNCTION("""COMPUTED_VALUE"""),"RUN-NDHM_2022-05-16_RFR-010") -> RUN-NDHM_2022-05-16_RFR-010 | C31: =VLOOKUP(B31,'Run Reconcile'!A$2:B100,2,FALSE) -> 44697 | D31: =IFERROR(__xludf.DUMMYFUNCTION("""COMPUTED_VALUE"""),44697.0) -> 44697 | E31: =IFERROR(__xludf.DUMMYFUNCTION("""COMPUTED_VALUE"""),0.2023611111108039) -> 0.20236111 | F31: =IFERROR(__xludf.DUMMYFUNCTION("""COMPUTED_VALUE"""),"Negative") -> Negative | G31: =IFERROR(__xludf.DUMMYFUNCTION("""COMPUTED_VALUE"""),3.0) -> 3
A32: =IFERROR(__xludf.DUMMYFUNCTION("""COMPUTED_VALUE"""),"AH9668") -> AH9668 | B32: =IFERROR(__xludf.DUMMYFUNCTION("""COMPUTED_VALUE"""),"RUN-NDHM_2022-05-16_RFR-010") -> RUN-NDHM_2022-05-16_RFR-010 | C32: =VLOOKUP(B32,'Run Reconcile'!A$2:B100,2,FALSE) -> 44697 | D32: =IFERROR(__xludf.DUMMYFUNCTION("""COMPUTED_VALUE"""),44697.0) -> 44697 | E32: =IFERROR(__xludf.DUMMYFUNCTION("""COMPUTED_VALUE"""),0.20684027777679148) -> 0.20684028 | F32: =IFERROR(__xludf.DUMMYFUNCTION("""COMPUTED_VALUE"""),"Negative") -> Negative | G32: =IFERROR(__xludf.DUMMYFUNCTION("""COMPUTED_VALUE"""),2.0) -> 2
A33: =IFERROR(__xludf.DUMMYFUNCTION("""COMPUTED_VALUE"""),"AJ8977") -> AJ8977 | B33: =IFERROR(__xludf.DUMMYFUNCTION("""COMPUTED_VALUE"""),"RUN-NDHM_2022-05-16_RFR-010") -> RUN-NDHM_2022-05-16_RFR-010 | C33: =VLOOKUP(B33,'Run Reconcile'!A$2:B100,2,FALSE) -> 44697 | D33: =IFERROR(__xludf.DUMMYFUNCTION("""COMPUTED_VALUE"""),44697.0) -> 44697 | E33: =IFERROR(__xludf.DUMMYFUNCTION("""COMPUTED_VALUE"""),0.20903935185197042) -> 0.20903935 | F33: =IFERROR(__xludf.DUMMYFUNCTION("""COMPUTED_VALUE"""),"Negative") -> Negative | G33: =IFERROR(__xludf.DUMMYFUNCTION("""COMPUTED_VALUE"""),4.0) -> 4
A34: =IFERROR(__xludf.DUMMYFUNCTION("""COMPUTED_VALUE"""),"AG570") -> AG570 | B34: =IFERROR(__xludf.DUMMYFUNCTION("""COMPUTED_VALUE"""),"RUN-NDHM_2022-05-16_RFR-010") -> RUN-NDHM_2022-05-16_RFR-010 | C34: =VLOOKUP(B34,'Run Reconcile'!A$2:B100,2,FALSE) -> 44697 | D34: =IFERROR(__xludf.DUMMYFUNCTION("""COMPUTED_VALUE"""),44697.0) -> 44697 | E34: =IFERROR(__xludf.DUMMYFUNCTION("""COMPUTED_VALUE"""),0.2689351851840911) -> 0.26893519 | F34: =IFERROR(__xludf.DUMMYFUNCTION("""COMPUTED_VALUE"""),"Negative") -> Negative | G34: =IFERROR(__xludf.DUMMYFUNCTION("""COMPUTED_VALUE"""),1.0) -> 1
A35: =IFERROR(__xludf.DUMMYFUNCTION("""COMPUTED_VALUE"""),"AH63") -> AH63 | B35: =IFERROR(__xludf.DUMMYFUNCTION("""COMPUTED_VALUE"""),"RUN-NDHM_2022-05-16_RFR-010") -> RUN-NDHM_2022-05-16_RFR-010 | C35: =VLOOKUP(B35,'Run Reconcile'!A$2:B100,2,FALSE) -> 44697 | D35: =IFERROR(__xludf.DUMMYFUNCTION("""COMPUTED_VALUE"""),44697.0) -> 44697 | E35: =IFERROR(__xludf.DUMMYFUNCTION("""COMPUTED_VALUE"""),0.3187152777791198) -> 0.31871528 | F35: =IFERROR(__xludf.DUMMYFUNCTION("""COMPUTED_VALUE"""),"Negative") -> Negative | G35: =IFERROR(__xludf.DUMMYFUNCTION("""COMPUTED_VALUE"""),1.0) -> 1
A36: =IFERROR(__xludf.DUMMYFUNCTION("""COMPUTED_VALUE"""),"AG2159") -> AG2159 | B36: =IFERROR(__xludf.DUMMYFUNCTION("""COMPUTED_VALUE"""),"RUN-NDHM_2022-05-16_RFR-010") -> RUN-NDHM_2022-05-16_RFR-010 | C36: =VLOOKUP(B36,'Run Reconcile'!A$2:B100,2,FALSE) -> 44697 | D36: =IFERROR(__xludf.DUMMYFUNCTION("""COMPUTED_VALUE"""),44697.0) -> 44697 | E36: =IFERROR(__xludf.DUMMYFUNCTION("""COMPUTED_VALUE"""),0.32215277777868323) -> 0.32215278 | F36: =IFERROR(__xludf.DUMMYFUNCTION("""COMPUTED_VALUE"""),"Negative") -> Negative | G36: =IFERROR(__xludf.DUMMYFUNCTION("""COMPUTED_VALUE"""),3.0) -> 3
A37: =IFERROR(__xludf.DUMMYFUNCTION("""COMPUTED_VALUE"""),"AJ5950") -> AJ5950 | B37: =IFERROR(__xludf.DUMMYFUNCTION("""COMPUTED_VALUE"""),"RUN-NDHM_2022-05-23_RFR-011") -> RUN-NDHM_2022-05-23_RFR-011 | C37: =VLOOKUP(B37,'Run Reconcile'!A$2:B100,2,FALSE) -> 44704 | D37: =IFERROR(__xludf.DUMMYFUNCTION("""COMPUTED_VALUE"""),44704.0) -> 44704 | E37: =IFERROR(__xludf.DUMMYFUNCTION("""COMPUTED_VALUE"""),0.1565393518503697) -> 0.15653935 | F37: =IFERROR(__xludf.DUMMYFUNCTION("""COMPUTED_VALUE"""),"Negative") -> Negative | G37: =IFERROR(__xludf.DUMMYFUNCTION("""COMPUTED_VALUE"""),4.0) -> 4
A38: =IFERROR(__xludf.DUMMYFUNCTION("""COMPUTED_VALUE"""),"AH7211") -> AH7211 | B38: =IFERROR(__xludf.DUMMYFUNCTION("""COMPUTED_VALUE"""),"RUN-NDHM_2022-05-23_RFR-011") -> RUN-NDHM_2022-05-23_RFR-011 | C38: =VLOOKUP(B38,'Run Reconcile'!A$2:B100,2,FALSE) -> 44704 | D38: =IFERROR(__xludf.DUMMYFUNCTION("""COMPUTED_VALUE"""),44704.0) -> 44704 | E38: =IFERROR(__xludf.DUMMYFUNCTION("""COMPUTED_VALUE"""),0.17846064814875717) -> 0.17846065 | F38: =IFERROR(__xludf.DUMMYFUNCTION("""COMPUTED_VALUE"""),"Negative") -> Negative | G38: =IFERROR(__xludf.DUMMYFUNCTION("""COMPUTED_VALUE"""),4.0) -> 4
A39: =IFERROR(__xludf.DUMMYFUNCTION("""COMPUTED_VALUE"""),"AH330") -> AH330 | B39: =IFERROR(__xludf.DUMMYFUNCTION("""COMPUTED_VALUE"""),"RUN-NDHM_2022-05-23_RFR-011") -> RUN-NDHM_2022-05-23_RFR-011 | C39: =VLOOKUP(B39,'Run Reconcile'!A$2:B100,2,FALSE) -> 44704 | D39: =IFERROR(__xludf.DUMMYFUNCTION("""COMPUTED_VALUE"""),44704.0) -> 44704 | E39: =IFERROR(__xludf.DUMMYFUNCTION("""COMPUTED_VALUE"""),0.1878240740734327) -> 0.18782407 | F39: =IFERROR(__xludf.DUMMYFUNCTION("""COMPUTED_VALUE"""),"Negative") -> Negative | G39: =IFERROR(__xludf.DUMMYFUNCTION("""COMPUTED_VALUE"""),4.0) -> 4
A40: =IFERROR(__xludf.DUMMYFUNCTION("""COMPUTED_VALUE"""),"AG1640") -> AG1640 | B40: =IFERROR(__xludf.DUMMYFUNCTION("""COMPUTED_VALUE"""),"RUN-NDHM_2022-05-23_RFR-011") -> RUN-NDHM_2022-05-23_RFR-011 | C40: =VLOOKUP(B40,'Run Reconcile'!A$2:B100,2,FALSE) -> 44704 | D40: =IFERROR(__xludf.DUMMYFUNCTION("""COMPUTED_VALUE"""),44704.0) -> 44704 | E40: =IFERROR(__xludf.DUMMYFUNCTION("""COMPUTED_VALUE"""),0.19054398148000473) -> 0.19054398 | F40: =IFERROR(__xludf.DUMMYFUNCTION("""COMPUTED_VALUE"""),"Negative") -> Negative | G40: =IFERROR(__xludf.DUMMYFUNCTION("""COMPUTED_VALUE"""),2.0) -> 2
A41: =IFERROR(__xludf.DUMMYFUNCTION("""COMPUTED_VALUE"""),"AJ9479") -> AJ9479 | B41: =IFERROR(__xludf.DUMMYFUNCTION("""COMPUTED_VALUE"""),"RUN-NDHM_2022-05-23_RFR-011") -> RUN-NDHM_2022-05-23_RFR-011 | C41: =VLOOKUP(B41,'Run Reconcile'!A$2:B100,2,FALSE) -> 44704 | D41: =IFERROR(__xludf.DUMMYFUNCTION("""COMPUTED_VALUE"""),44704.0) -> 44704 | E41: =IFERROR(__xludf.DUMMYFUNCTION("""COMPUTED_VALUE"""),0.21826388888803194) -> 0.21826389 | F41: =IFERROR(__xludf.DUMMYFUNCTION("""COMPUTED_VALUE"""),"Negative") -> Negative | G41: =IFERROR(__xludf.DUMMYFUNCTION("""COMPUTED_VALUE"""),2.0) -> 2
A42: =IFERROR(__xludf.DUMMYFUNCTION("""COMPUTED_VALUE"""),"AH7289") -> AH7289 | B42: =IFERROR(__xludf.DUMMYFUNCTION("""COMPUTED_VALUE"""),"RUN-NDHM_2022-05-23_RFR-011") -> RUN-NDHM_2022-05-23_RFR-011 | C42: =VLOOKUP(B42,'Run Reconcile'!A$2:B100,2,FALSE) -> 44704 | D42: =IFERROR(__xludf.DUMMYFUNCTION("""COMPUTED_VALUE"""),44704.0) -> 44704 | E42: =IFERROR(__xludf.DUMMYFUNCTION("""COMPUTED_VALUE"""),0.21884259259240935) -> 0.21884259 | F42: =IFERROR(__xludf.DUMMYFUNCTION("""COMPUTED_VALUE"""),"Negative") -> Negative | G42: =IFERROR(__xludf.DUMMYFUNCTION("""COMPUTED_VALUE"""),3.0) -> 3
A43: =IFERROR(__xludf.DUMMYFUNCTION("""COMPUTED_VALUE"""),"AG1828") -> AG1828 | B43: =IFERROR(__xludf.DUMMYFUNCTION("""COMPUTED_VALUE"""),"RUN-NDHM_2022-05-23_RFR-011") -> RUN-NDHM_2022-05-23_RFR-011 | C43: =VLOOKUP(B43,'Run Reconcile'!A$2:B100,2,FALSE) -> 44704 | D43: =IFERROR(__xludf.DUMMYFUNCTION("""COMPUTED_VALUE"""),44704.0) -> 44704 | E43: =IFERROR(__xludf.DUMMYFUNCTION("""COMPUTED_VALUE"""),0.22446759259401006) -> 0.22446759 | F43: =IFERROR(__xludf.DUMMYFUNCTION("""COMPUTED_VALUE"""),"Negative") -> Negative | G43: =IFERROR(__xludf.DUMMYFUNCTION("""COMPUTED_VALUE"""),2.0) -> 2
A44: =IFERROR(__xludf.DUMMYFUNCTION("""COMPUTED_VALUE"""),"AH6802") -> AH6802 | B44: =IFERROR(__xludf.DUMMYFUNCTION("""COMPUTED_VALUE"""),"RUN-NDHM_2022-05-23_RFR-011") -> RUN-NDHM_2022-05-23_RFR-011 | C44: =VLOOKUP(B44,'Run Reconcile'!A$2:B100,2,FALSE) -> 44704 | D44: =IFERROR(__xludf.DUMMYFUNCTION("""COMPUTED_VALUE"""),44704.0) -> 44704 | E44: =IFERROR(__xludf.DUMMYFUNCTION("""COMPUTED_VALUE"""),0.3195138888877409) -> 0.31951389 | F44: =IFERROR(__xludf.DUMMYFUNCTION("""COMPUTED_VALUE"""),"Negative") -> Negative | G44: =IFERROR(__xludf.DUMMYFUNCTION("""COMPUTED_VALUE"""),1.0) -> 1
A45: =IFERROR(__xludf.DUMMYFUNCTION("""COMPUTED_VALUE"""),"AG663") -> AG663 | B45: =IFERROR(__xludf.DUMMYFUNCTION("""COMPUTED_VALUE"""),"RUN-NDHM_2022-06-01_RFR-012") -> RUN-NDHM_2022-06-01_RFR-012 | C45: =VLOOKUP(B45,'Run Reconcile'!A$2:B100,2,FALSE) -> 44713 | D45: =IFERROR(__xludf.DUMMYFUNCTION("""COMPUTED_VALUE"""),44712.0) -> 44712 | E45: =IFERROR(__xludf.DUMMYFUNCTION("""COMPUTED_VALUE"""),0.18675925926072523) -> 0.18675926 | F45: =IFERROR(__xludf.DUMMYFUNCTION("""COMPUTED_VALUE"""),"Negative") -> Negative | G45: =IFERROR(__xludf.DUMMYFUNCTION("""COMPUTED_VALUE"""),1.0) -> 1
A46: =IFERROR(__xludf.DUMMYFUNCTION("""COMPUTED_VALUE"""),"AH9070") -> AH9070 | B46: =IFERROR(__xludf.DUMMYFUNCTION("""COMPUTED_VALUE"""),"RUN-NDHM_2022-06-01_RFR-012") -> RUN-NDHM_2022-06-01_RFR-012 | C46: =VLOOKUP(B46,'Run Reconcile'!A$2:B100,2,FALSE) -> 44713 | D46: =IFERROR(__xludf.DUMMYFUNCTION("""COMPUTED_VALUE"""),44712.0) -> 44712 | E46: =IFERROR(__xludf.DUMMYFUNCTION("""COMPUTED_VALUE"""),0.19265046296277433) -> 0.19265046 | F46: =IFERROR(__xludf.DUMMYFUNCTION("""COMPUTED_VALUE"""),"Negative") -> Negative | G46: =IFERROR(__xludf.DUMMYFUNCTION("""COMPUTED_VALUE"""),4.0) -> 4
A47: =IFERROR(__xludf.DUMMYFUNCTION("""COMPUTED_VALUE"""),"AH258") -> AH258 | B47: =IFERROR(__xludf.DUMMYFUNCTION("""COMPUTED_VALUE"""),"RUN-NDHM_2022-06-01_RFR-012") -> RUN-NDHM_2022-06-01_RFR-012 | C47: =VLOOKUP(B47,'Run Reconcile'!A$2:B100,2,FALSE) -> 44713 | D47: =IFERROR(__xludf.DUMMYFUNCTION("""COMPUTED_VALUE"""),44712.0) -> 44712 | E47: =IFERROR(__xludf.DUMMYFUNCTION("""COMPUTED_VALUE"""),0.7929166666654055) -> 0.79291667 | F47: =IFERROR(__xludf.DUMMYFUNCTION("""COMPUTED_VALUE"""),"Negative") -> Negative | G47: =IFERROR(__xludf.DUMMYFUNCTION("""COMPUTED_VALUE"""),2.0) -> 2
A48: =IFERROR(__xludf.DUMMYFUNCTION("""COMPUTED_VALUE"""),"AG718") -> AG718 | B48: =IFERROR(__xludf.DUMMYFUNCTION("""COMPUTED_VALUE"""),"RUN-NDHM_2022-06-01_RFR-012") -> RUN-NDHM_2022-06-01_RFR-012 | C48: =VLOOKUP(B48,'Run Reconcile'!A$2:B100,2,FALSE) -> 44713 | D48: =IFERROR(__xludf.DUMMYFUNCTION("""COMPUTED_VALUE"""),44713.0) -> 44713 | E48: =IFERROR(__xludf.DUMMYFUNCTION("""COMPUTED_VALUE"""),0.17925925926101627) -> 0.17925926 | F48: =IFERROR(__xludf.DUMMYFUNCTION("""COMPUTED_VALUE"""),"Negative") -> Negative | G48: =IFERROR(__xludf.DUMMYFUNCTION("""COMPUTED_VALUE"""),1.0) -> 1
A49: =IFERROR(__xludf.DUMMYFUNCTION("""COMPUTED_VALUE"""),"AH1486") -> AH1486 | B49: =IFERROR(__xludf.DUMMYFUNCTION("""COMPUTED_VALUE"""),"RUN-NDHM_2022-06-01_RFR-012") -> RUN-NDHM_2022-06-01_RFR-012 | C49: =VLOOKUP(B49,'Run Reconcile'!A$2:B100,2,FALSE) -> 44713 | D49: =IFERROR(__xludf.DUMMYFUNCTION("""COMPUTED_VALUE"""),44713.0) -> 44713 | E49: =IFERROR(__xludf.DUMMYFUNCTION("""COMPUTED_VALUE"""),0.1832175925919728) -> 0.18321759 | F49: =IFERROR(__xludf.DUMMYFUNCTION("""COMPUTED_VALUE"""),"Negative") -> Negative | G49: =IFERROR(__xludf.DUMMYFUNCTION("""COMPUTED_VALUE"""),1.0) -> 1
A50: =IFERROR(__xludf.DUMMYFUNCTION("""COMPUTED_VALUE"""),"AH7650") -> AH7650 | B50: =IFERROR(__xludf.DUMMYFUNCTION("""COMPUTED_VALUE"""),"RUN-NDHM_2022-06-01_RFR-012") -> RUN-NDHM_2022-06-01_RFR-012 | C50: =VLOOKUP(B50,'Run Reconcile'!A$2:B100,2,FALSE) -> 44713 | D50: =IFERROR(__xludf.DUMMYFUNCTION("""COMPUTED_VALUE"""),44713.0) -> 44713 | E50: =IFERROR(__xludf.DUMMYFUNCTION("""COMPUTED_VALUE"""),0.19666666666671517) -> 0.19666667 | F50: =IFERROR(__xludf.DUMMYFUNCTION("""COMPUTED_VALUE"""),"Negative") -> Negative | G50: =IFERROR(__xludf.DUMMYFUNCTION("""COMPUTED_VALUE"""),2.0) -> 2
A51: =IFERROR(__xludf.DUMMYFUNCTION("""COMPUTED_VALUE"""),"AK6972") -> AK6972 | B51: =IFERROR(__xludf.DUMMYFUNCTION("""COMPUTED_VALUE"""),"RUN-NDHM_2022-06-01_RFR-012") -> RUN-NDHM_2022-06-01_RFR-012 | C51: =VLOOKUP(B51,'Run Reconcile'!A$2:B100,2,FALSE) -> 44713 | D51: =IFERROR(__xludf.DUMMYFUNCTION("""COMPUTED_VALUE"""),44713.0) -> 44713 | E51: =IFERROR(__xludf.DUMMYFUNCTION("""COMPUTED_VALUE"""),0.1976388888906513) -> 0.19763889 | F51: =IFERROR(__xludf.DUMMYFUNCTION("""COMPUTED_VALUE"""),"Negative") -> Negative | G51: =IFERROR(__xludf.DUMMYFUNCTION("""COMPUTED_VALUE"""),4.0) -> 4
A52: =IFERROR(__xludf.DUMMYFUNCTION("""COMPUTED_VALUE"""),"AG1821") -> AG1821 | B52: =IFERROR(__xludf.DUMMYFUNCTION("""COMPUTED_VALUE"""),"RUN-NDHM_2022-06-01_RFR-012") -> RUN-NDHM_2022-06-01_RFR-012 | C52: =VLOOKUP(B52,'Run Reconcile'!A$2:B100,2,FALSE) -> 44713 | D52: =IFERROR(__xludf.DUMMYFUNCTION("""COMPUTED_VALUE"""),44713.0) -> 44713 | E52: =IFERROR(__xludf.DUMMYFUNCTION("""COMPUTED_VALUE"""),0.2007638888899237) -> 0.20076389 | F52: =IFERROR(__xludf.DUMMYFUNCTION("""COMPUTED_VALUE"""),"Negative") -> Negative | G52: =IFERROR(__xludf.DUMMYFUNCTION("""COMPUTED_VALUE"""),2.0) -> 2
A53: =IFERROR(__xludf.DUMMYFUNCTION("""COMPUTED_VALUE"""),"AH6875") -> AH6875 | B53: =IFERROR(__xludf.DUMMYFUNCTION("""COMPUTED_VALUE"""),"RUN-NDHM_2022-06-01_RFR-012") -> RUN-NDHM_2022-06-01_RFR-012 | C53: =VLOOKUP(B53,'Run Reconcile'!A$2:B100,2,FALSE) -> 44713 | D53: =IFERROR(__xludf.DUMMYFUNCTION("""COMPUTED_VALUE"""),44713.0) -> 44713 | E53: =IFERROR(__xludf.DUMMYFUNCTION("""COMPUTED_VALUE"""),0.20396990740846377) -> 0.20396991 | F53: =IFERROR(__xludf.DUMMYFUNCTION("""COMPUTED_VALUE"""),"Negative") -> Negative | G53: =IFERROR(__xludf.DUMMYFUNCTION("""COMPUTED_VALUE"""),2.0) -> 2
A54: =IFERROR(__xludf.DUMMYFUNCTION("""COMPUTED_VALUE"""),"AH8860") -> AH8860 | B54: =IFERROR(__xludf.DUMMYFUNCTION("""COMPUTED_VALUE"""),"RUN-NDHM_2022-06-01_RFR-012") -> RUN-NDHM_2022-06-01_RFR-012 | C54: =VLOOKUP(B54,'Run Reconcile'!A$2:B100,2,FALSE) -> 44713 | D54: =IFERROR(__xludf.DUMMYFUNCTION("""COMPUTED_VALUE"""),44713.0) -> 44713 | E54: =IFERROR(__xludf.DUMMYFUNCTION("""COMPUTED_VALUE"""),0.2053124999983993) -> 0.2053125 | F54: =IFERROR(__xludf.DUMMYFUNCTION("""COMPUTED_VALUE"""),"Negative") -> Negative | G54: =IFERROR(__xludf.DUMMYFUNCTION("""COMPUTED_VALUE"""),4.0) -> 4
A55: =IFERROR(__xludf.DUMMYFUNCTION("""COMPUTED_VALUE"""),"AG2246") -> AG2246 | B55: =IFERROR(__xludf.DUMMYFUNCTION("""COMPUTED_VALUE"""),"RUN-NDHM_2022-06-01_RFR-012") -> RUN-NDHM_2022-06-01_RFR-012 | C55: =VLOOKUP(B55,'Run Reconcile'!A$2:B100,2,FALSE) -> 44713 | D55: =IFERROR(__xludf.DUMMYFUNCTION("""COMPUTED_VALUE"""),44713.0) -> 44713 | E55: =IFERROR(__xludf.DUMMYFUNCTION("""COMPUTED_VALUE"""),0.20859953703620704) -> 0.20859954 | F55: =IFERROR(__xludf.DUMMYFUNCTION("""COMPUTED_VALUE"""),"Negative") -> Negative | G55: =IFERROR(__xludf.DUMMYFUNCTION("""COMPUTED_VALUE"""),3.0) -> 3
A56: =IFERROR(__xludf.DUMMYFUNCTION("""COMPUTED_VALUE"""),"AH9625") -> AH9625 | B56: =IFERROR(__xludf.DUMMYFUNCTION("""COMPUTED_VALUE"""),"RUN-NDHM_2022-06-01_RFR-012") -> RUN-NDHM_2022-06-01_RFR-012 | C56: =VLOOKUP(B56,'Run Reconcile'!A$2:B100,2,FALSE) -> 44713 | D56: =IFERROR(__xludf.DUMMYFUNCTION("""COMPUTED_VALUE"""),44713.0) -> 44713 | E56: =IFERROR(__xludf.DUMMYFUNCTION("""COMPUTED_VALUE"""),0.25175925925941556) -> 0.25175926 | F56: =IFERROR(__xludf.DUMMYFUNCTION("""COMPUTED_VALUE"""),"Negative") -> Negative | G56: =IFERROR(__xludf.DUMMYFUNCTION("""COMPUTED_VALUE"""),1.0) -> 1
A57: =IFERROR(__xludf.DUMMYFUNCTION("""COMPUTED_VALUE"""),"AG256") -> AG256 | B57: =IFERROR(__xludf.DUMMYFUNCTION("""COMPUTED_VALUE"""),"RUN-NDHM_2022-06-01_RFR-012") -> RUN-NDHM_2022-06-01_RFR-012 | C57: =VLOOKUP(B57,'Run Reconcile'!A$2:B100,2,FALSE) -> 44713 | D57: =IFERROR(__xludf.DUMMYFUNCTION("""COMPUTED_VALUE"""),44713.0) -> 44713 | E57: =IFERROR(__xludf.DUMMYFUNCTION("""COMPUTED_VALUE"""),0.2727893518531346) -> 0.27278935 | F57: =IFERROR(__xludf.DUMMYFUNCTION("""COMPUTED_VALUE"""),"Negative") -> Negative | G57: =IFERROR(__xludf.DUMMYFUNCTION("""COMPUTED_VALUE"""),1.0) -> 1
A58: =IFERROR(__xludf.DUMMYFUNCTION("""COMPUTED_VALUE"""),"AG1608") -> AG1608 | B58: =IFERROR(__xludf.DUMMYFUNCTION("""COMPUTED_VALUE"""),"RUN-NDHM_2022-06-06_RFR-013") -> RUN-NDHM_2022-06-06_RFR-013 | C58: =VLOOKUP(B58,'Run Reconcile'!A$2:B100,2,FALSE) -> 44718 | D58: =IFERROR(__xludf.DUMMYFUNCTION("""COMPUTED_VALUE"""),44718.0) -> 44718 | E58: =IFERROR(__xludf.DUMMYFUNCTION("""COMPUTED_VALUE"""),0.15692129629678675) -> 0.1569213 | F58: =IFERROR(__xludf.DUMMYFUNCTION("""COMPUTED_VALUE"""),"Negative") -> Negative | G58: =IFERROR(__xludf.DUMMYFUNCTION("""COMPUTED_VALUE"""),3.0) -> 3
A59: =IFERROR(__xludf.DUMMYFUNCTION("""COMPUTED_VALUE"""),"AH707") -> AH707 | B59: =IFERROR(__xludf.DUMMYFUNCTION("""COMPUTED_VALUE"""),"RUN-NDHM_2022-06-06_RFR-013") -> RUN-NDHM_2022-06-06_RFR-013 | C59: =VLOOKUP(B59,'Run Reconcile'!A$2:B100,2,FALSE) -> 44718 | D59: =IFERROR(__xludf.DUMMYFUNCTION("""COMPUTED_VALUE"""),44718.0) -> 44718 | E59: =IFERROR(__xludf.DUMMYFUNCTION("""COMPUTED_VALUE"""),0.17775462962890742) -> 0.17775463 | F59: =IFERROR(__xludf.DUMMYFUNCTION("""COMPUTED_VALUE"""),"Negative") -> Negative | G59: =IFERROR(__xludf.DUMMYFUNCTION("""COMPUTED_VALUE"""),4.0) -> 4
A60: =IFERROR(__xludf.DUMMYFUNCTION("""COMPUTED_VALUE"""),"AG615") -> AG615 | B60: =IFERROR(__xludf.DUMMYFUNCTION("""COMPUTED_VALUE"""),"RUN-NDHM_2022-06-06_RFR-013") -> RUN-NDHM_2022-06-06_RFR-013 | C60: =VLOOKUP(B60,'Run Reconcile'!A$2:B100,2,FALSE) -> 44718 | D60: =IFERROR(__xludf.DUMMYFUNCTION("""COMPUTED_VALUE"""),44718.0) -> 44718 | E60: =IFERROR(__xludf.DUMMYFUNCTION("""COMPUTED_VALUE"""),0.20266203703795327) -> 0.20266204 | F60: =IFERROR(__xludf.DUMMYFUNCTION("""COMPUTED_VALUE"""),"Negative") -> Negative | G60: =IFERROR(__xludf.DUMMYFUNCTION("""COMPUTED_VALUE"""),2.0) -> 2
A61: =IFERROR(__xludf.DUMMYFUNCTION("""COMPUTED_VALUE"""),"AH7933") -> AH7933 | B61: =IFERROR(__xludf.DUMMYFUNCTION("""COMPUTED_VALUE"""),"RUN-NDHM_2022-06-06_RFR-013") -> RUN-NDHM_2022-06-06_RFR-013 | C61: =VLOOKUP(B61,'Run Reconcile'!A$2:B100,2,FALSE) -> 44718 | D61: =IFERROR(__xludf.DUMMYFUNCTION("""COMPUTED_VALUE"""),44718.0) -> 44718 | E61: =IFERROR(__xludf.DUMMYFUNCTION("""COMPUTED_VALUE"""),0.21167824073927477) -> 0.21167824 | F61: =IFERROR(__xludf.DUMMYFUNCTION("""COMPUTED_VALUE"""),"Negative") -> Negative | G61: =IFERROR(__xludf.DUMMYFUNCTION("""COMPUTED_VALUE"""),3.0) -> 3
A62: =IFERROR(__xludf.DUMMYFUNCTION("""COMPUTED_VALUE"""),"AH9741") -> AH9741 | B62: =IFERROR(__xludf.DUMMYFUNCTION("""COMPUTED_VALUE"""),"RUN-NDHM_2022-06-06_RFR-013") -> RUN-NDHM_2022-06-06_RFR-013 | C62: =VLOOKUP(B62,'Run Reconcile'!A$2:B100,2,FALSE) -> 44718 | D62: =IFERROR(__xludf.DUMMYFUNCTION("""COMPUTED_VALUE"""),44718.0) -> 44718 | E62: =IFERROR(__xludf.DUMMYFUNCTION("""COMPUTED_VALUE"""),0.21364583333343035) -> 0.21364583 | F62: =IFERROR(__xludf.DUMMYFUNCTION("""COMPUTED_VALUE"""),"Negative") -> Negative | G62: =IFERROR(__xludf.DUMMYFUNCTION("""COMPUTED_VALUE"""),2.0) -> 2
A63: =IFERROR(__xludf.DUMMYFUNCTION("""COMPUTED_VALUE"""),"AJ8368") -> AJ8368 | B63: =IFERROR(__xludf.DUMMYFUNCTION("""COMPUTED_VALUE"""),"RUN-NDHM_2022-06-06_RFR-013") -> RUN-NDHM_2022-06-06_RFR-013 | C63: =VLOOKUP(B63,'Run Reconcile'!A$2:B100,2,FALSE) -> 44718 | D63: =IFERROR(__xludf.DUMMYFUNCTION("""COMPUTED_VALUE"""),44718.0) -> 44718 | E63: =IFERROR(__xludf.DUMMYFUNCTION("""COMPUTED_VALUE"""),0.23652777777897427) -> 0.23652778 | F63: =IFERROR(__xludf.DUMMYFUNCTION("""COMPUTED_VALUE"""),"Negative") -> Negative | G63: =IFERROR(__xludf.DUMMYFUNCTION("""COMPUTED_VALUE"""),3.0) -> 3
A64: =IFERROR(__xludf.DUMMYFUNCTION("""COMPUTED_VALUE"""),"AG2202") -> AG2202 | B64: =IFERROR(__xludf.DUMMYFUNCTION("""COMPUTED_VALUE"""),"RUN-NDHM_2022-06-06_RFR-013") -> RUN-NDHM_2022-06-06_RFR-013 | C64: =VLOOKUP(B64,'Run Reconcile'!A$2:B100,2,FALSE) -> 44718 | D64: =IFERROR(__xludf.DUMMYFUNCTION("""COMPUTED_VALUE"""),44718.0) -> 44718 | E64: =IFERROR(__xludf.DUMMYFUNCTION("""COMPUTED_VALUE"""),0.29980324074131204) -> 0.29980324 | F64: =IFERROR(__xludf.DUMMYFUNCTION("""COMPUTED_VALUE"""),"Negative") -> Negative | G64: =IFERROR(__xludf.DUMMYFUNCTION("""COMPUTED_VALUE"""),2.0) -> 2
A65: =IFERROR(__xludf.DUMMYFUNCTION("""COMPUTED_VALUE"""),"AH8786") -> AH8786 | B65: =IFERROR(__xludf.DUMMYFUNCTION("""COMPUTED_VALUE"""),"RUN-NDHM_2022-06-13_RFR-014") -> RUN-NDHM_2022-06-13_RFR-014 | C65: =VLOOKUP(B65,'Run Reconcile'!A$2:B100,2,FALSE) -> 44725 | D65: =IFERROR(__xludf.DUMMYFUNCTION("""COMPUTED_VALUE"""),44725.0) -> 44725 | E65: =IFERROR(__xludf.DUMMYFUNCTION("""COMPUTED_VALUE"""),0.20103009259401006) -> 0.20103009 | F65: =IFERROR(__xludf.DUMMYFUNCTION("""COMPUTED_VALUE"""),"Negative") -> Negative | G65: =IFERROR(__xludf.DUMMYFUNCTION("""COMPUTED_VALUE"""),4.0) -> 4
A66: =IFERROR(__xludf.DUMMYFUNCTION("""COMPUTED_VALUE"""),"AG1844") -> AG1844 | B66: =IFERROR(__xludf.DUMMYFUNCTION("""COMPUTED_VALUE"""),"RUN-NDHM_2022-06-13_RFR-014") -> RUN-NDHM_2022-06-13_RFR-014 | C66: =VLOOKUP(B66,'Run Reconcile'!A$2:B100,2,FALSE) -> 44725 | D66: =IFERROR(__xludf.DUMMYFUNCTION("""COMPUTED_VALUE"""),44725.0) -> 44725 | E66: =IFERROR(__xludf.DUMMYFUNCTION("""COMPUTED_VALUE"""),0.22523148148320615) -> 0.22523148 | F66: =IFERROR(__xludf.DUMMYFUNCTION("""COMPUTED_VALUE"""),"Negative") -> Negative | G66: =IFERROR(__xludf.DUMMYFUNCTION("""COMPUTED_VALUE"""),3.0) -> 3
A67: =IFERROR(__xludf.DUMMYFUNCTION("""COMPUTED_VALUE"""),"AH9644") -> AH9644 | B67: =IFERROR(__xludf.DUMMYFUNCTION("""COMPUTED_VALUE"""),"RUN-NDHM_2022-06-13_RFR-014") -> RUN-NDHM_2022-06-13_RFR-014 | C67: =VLOOKUP(B67,'Run Reconcile'!A$2:B100,2,FALSE) -> 44725 | D67: =IFERROR(__xludf.DUMMYFUNCTION("""COMPUTED_VALUE"""),44725.0) -> 44725 | E67: =IFERROR(__xludf.DUMMYFUNCTION("""COMPUTED_VALUE"""),0.23350694444525288) -> 0.23350694 | F67: =IFERROR(__xludf.DUMMYFUNCTION("""COMPUTED_VALUE"""),"Negative") -> Negative | G67: =IFERROR(__xludf.DUMMYFUNCTION("""COMPUTED_VALUE"""),3.0) -> 3
A68: =IFERROR(__xludf.DUMMYFUNCTION("""COMPUTED_VALUE"""),"AK6656") -> AK6656 | B68: =IFERROR(__xludf.DUMMYFUNCTION("""COMPUTED_VALUE"""),"RUN-NDHM_2022-06-13_RFR-014") -> RUN-NDHM_2022-06-13_RFR-014 | C68: =VLOOKUP(B68,'Run Reconcile'!A$2:B100,2,FALSE) -> 44725 | D68: =IFERROR(__xludf.DUMMYFUNCTION("""COMPUTED_VALUE"""),44725.0) -> 44725 | E68: =IFERROR(__xludf.DUMMYFUNCTION("""COMPUTED_VALUE"""),0.24435185185211594) -> 0.24435185 | F68: =IFERROR(__xludf.DUMMYFUNCTION("""COMPUTED_VALUE"""),"Negative") -> Negative | G68: =IFERROR(__xludf.DUMMYFUNCTION("""COMPUTED_VALUE"""),2.0) -> 2
A69: =IFERROR(__xludf.DUMMYFUNCTION("""COMPUTED_VALUE"""),"AG611") -> AG611 | B69: =IFERROR(__xludf.DUMMYFUNCTION("""COMPUTED_VALUE"""),"RUN-NDHM_2022-06-21_RFR-016") -> RUN-NDHM_2022-06-21_RFR-016 | C69: =VLOOKUP(B69,'Run Reconcile'!A$2:B100,2,FALSE) -> 44733 | D69: =IFERROR(__xludf.DUMMYFUNCTION("""COMPUTED_VALUE"""),44733.0) -> 44733 | E69: =IFERROR(__xludf.DUMMYFUNCTION("""COMPUTED_VALUE"""),0.21247685185153387) -> 0.21247685 | F69: =IFERROR(__xludf.DUMMYFUNCTION("""COMPUTED_VALUE"""),"Negative") -> Negative | G69: =IFERROR(__xludf.DUMMYFUNCTION("""COMPUTED_VALUE"""),3.0) -> 3
A70: =IFERROR(__xludf.DUMMYFUNCTION("""COMPUTED_VALUE"""),"AG4603") -> AG4603 | B70: =IFERROR(__xludf.DUMMYFUNCTION("""COMPUTED_VALUE"""),"RUN-NDHM_2022-06-21_RFR-016") -> RUN-NDHM_2022-06-21_RFR-016 | C70: =VLOOKUP(B70,'Run Reconcile'!A$2:B100,2,FALSE) -> 44733 | D70: =IFERROR(__xludf.DUMMYFUNCTION("""COMPUTED_VALUE"""),44733.0) -> 44733 | E70: =IFERROR(__xludf.DUMMYFUNCTION("""COMPUTED_VALUE"""),0.34039351851970423) -> 0.34039352 | F70: =IFERROR(__xludf.DUMMYFUNCTION("""COMPUTED_VALUE"""),"Negative") -> Negative | G70: =IFERROR(__xludf.DUMMYFUNCTION("""COMPUTED_VALUE"""),1.0) -> 1
A71: =IFERROR(__xludf.DUMMYFUNCTION("""COMPUTED_VALUE"""),"AH772") -> AH772 | B71: =IFERROR(__xludf.DUMMYFUNCTION("""COMPUTED_VALUE"""),"RUN-NDHM_2022-06-27_RFR-017") -> RUN-NDHM_2022-06-27_RFR-017 | C71: =VLOOKUP(B71,'Run Reconcile'!A$2:B100,2,FALSE) -> 44739 | D71: =IFERROR(__xludf.DUMMYFUNCTION("""COMPUTED_VALUE"""),44739.0) -> 44739 | E71: =IFERROR(__xludf.DUMMYFUNCTION("""COMPUTED_VALUE"""),0.22328703703533392) -> 0.22328704 | F71: =IFERROR(__xludf.DUMMYFUNCTION("""COMPUTED_VALUE"""),"Negative") -> Negative | G71: =IFERROR(__xludf.DUMMYFUNCTION("""COMPUTED_VALUE"""),3.0) -> 3
A72: =IFERROR(__xludf.DUMMYFUNCTION("""COMPUTED_VALUE"""),"AG1259") -> AG1259 | B72: =IFERROR(__xludf.DUMMYFUNCTION("""COMPUTED_VALUE"""),"RUN-NDHM_2022-07-11_RFR-018") -> RUN-NDHM_2022-07-11_RFR-018 | C72: =VLOOKUP(B72,'Run Reconcile'!A$2:B100,2,FALSE) -> 44753 | D72: =IFERROR(__xludf.DUMMYFUNCTION("""COMPUTED_VALUE"""),44753.0) -> 44753 | E72: =IFERROR(__xludf.DUMMYFUNCTION("""COMPUTED_VALUE"""),0.252719907406572) -> 0.25271991 | F72: =IFERROR(__xludf.DUMMYFUNCTION("""COMPUTED_VALUE"""),"Negative") -> Negative | G72: =IFERROR(__xludf.DUMMYFUNCTION("""COMPUTED_VALUE"""),2.0) -> 2
A73: =IFERROR(__xludf.DUMMYFUNCTION("""COMPUTED_VALUE"""),"AH7951") -> AH7951 | B73: =IFERROR(__xludf.DUMMYFUNCTION("""COMPUTED_VALUE"""),"RUN-NDHM_2022-07-18_RFR-019") -> RUN-NDHM_2022-07-18_RFR-019 | C73: =VLOOKUP(B73,'Run Reconcile'!A$2:B100,2,FALSE) -> 44760 | D73: =IFERROR(__xludf.DUMMYFUNCTION("""COMPUTED_VALUE"""),44760.0) -> 44760 | E73: =IFERROR(__xludf.DUMMYFUNCTION("""COMPUTED_VALUE"""),0.3808796296289074) -> 0.38087963 | F73: =IFERROR(__xludf.DUMMYFUNCTION("""COMPUTED_VALUE"""),"Negative") -> Negative | G73: =IFERROR(__xludf.DUMMYFUNCTION("""COMPUTED_VALUE"""),2.0) -> 2
A74: =IFERROR(__xludf.DUMMYFUNCTION("""COMPUTED_VALUE"""),"AJ9836") -> AJ9836 | B74: =IFERROR(__xludf.DUMMYFUNCTION("""COMPUTED_VALUE"""),"RUN-NDHM_2022-07-25_RFR-020") -> RUN-NDHM_2022-07-25_RFR-020 | C74: =VLOOKUP(B74,'Run Reconcile'!A$2:B100,2,FALSE) -> 44767 | D74: =IFERROR(__xludf.DUMMYFUNCTION("""COMPUTED_VALUE"""),44767.0) -> 44767 | E74: =IFERROR(__xludf.DUMMYFUNCTION("""COMPUTED_VALUE"""),0.20652777777650044) -> 0.20652778 | F74: =IFERROR(__xludf.DUMMYFUNCTION("""COMPUTED_VALUE"""),"Negative") -> Negative | G74: =IFERROR(__xludf.DUMMYFUNCTION("""COMPUTED_VALUE"""),3.0) -> 3
A75: =IFERROR(__xludf.DUMMYFUNCTION("""COMPUTED_VALUE"""),"AH248") -> AH248 | B75: =IFERROR(__xludf.DUMMYFUNCTION("""COMPUTED_VALUE"""),"RUN-NDHM_2022-07-25_RFR-020") -> RUN-NDHM_2022-07-25_RFR-020 | C75: =VLOOKUP(B75,'Run Reconcile'!A$2:B100,2,FALSE) -> 44767 | D75: =IFERROR(__xludf.DUMMYFUNCTION("""COMPUTED_VALUE"""),44767.0) -> 44767 | E75: =IFERROR(__xludf.DUMMYFUNCTION("""COMPUTED_VALUE"""),0.3024421296286164) -> 0.30244213 | F75: =IFERROR(__xludf.DUMMYFUNCTION("""COMPUTED_VALUE"""),"Negative") -> Negative | G75: =IFERROR(__xludf.DUMMYFUNCTION("""COMPUTED_VALUE"""),1.0) -> 1
A76: =IFERROR(__xludf.DUMMYFUNCTION("""COMPUTED_VALUE"""),"AG1224") -> AG1224 | B76: =IFERROR(__xludf.DUMMYFUNCTION("""COMPUTED_VALUE"""),"RUN-NDHM_2022-07-25_RFR-020") -> RUN-NDHM_2022-07-25_RFR-020 | C76: =VLOOKUP(B76,'Run Reconcile'!A$2:B100,2,FALSE) -> 44767 | D76: =IFERROR(__xludf.DUMMYFUNCTION("""COMPUTED_VALUE"""),44767.0) -> 44767 | E76: =IFERROR(__xludf.DUMMYFUNCTION("""COMPUTED_VALUE"""),0.3788773148153268) -> 0.37887731 | F76: =IFERROR(__xludf.DUMMYFUNCTION("""COMPUTED_VALUE"""),"Negative") -> Negative | G76: =IFERROR(__xludf.DUMMYFUNCTION("""COMPUTED_VALUE"""),2.0) -> 2
A77: =IFERROR(__xludf.DUMMYFUNCTION("""COMPUTED_VALUE"""),"AG299") -> AG299 | B77: =IFERROR(__xludf.DUMMYFUNCTION("""COMPUTED_VALUE"""),"RUN-NDHM_2022-08-01_APS-001") -> RUN-NDHM_2022-08-01_APS-001 | C77: =VLOOKUP(B77,'Run Reconcile'!A$2:B100,2,FALSE) -> 44774 | D77: =IFERROR(__xludf.DUMMYFUNCTION("""COMPUTED_VALUE"""),44774.0) -> 44774 | E77: =IFERROR(__xludf.DUMMYFUNCTION("""COMPUTED_VALUE"""),0.21421296296466608) -> 0.21421296 | F77: =IFERROR(__xludf.DUMMYFUNCTION("""COMPUTED_VALUE"""),"Negative") -> Negative | G77: =IFERROR(__xludf.DUMMYFUNCTION("""COMPUTED_VALUE"""),3.0) -> 3
A78: =IFERROR(__xludf.DUMMYFUNCTION("""COMPUTED_VALUE"""),"AG1858") -> AG1858 | B78: =IFERROR(__xludf.DUMMYFUNCTION("""COMPUTED_VALUE"""),"RUN-NDHM_2022-09-12_APS-002") -> RUN-NDHM_2022-09-12_APS-002 | C78: =VLOOKUP(B78,'Run Reconcile'!A$2:B100,2,FALSE) -> 44816 | D78: =IFERROR(__xludf.DUMMYFUNCTION("""COMPUTED_VALUE"""),44816.0) -> 44816 | E78: =IFERROR(__xludf.DUMMYFUNCTION("""COMPUTED_VALUE"""),0.16901620370481396) -> 0.1690162 | F78: =IFERROR(__xludf.DUMMYFUNCTION("""COMPUTED_VALUE"""),"Negative") -> Negative | G78: =IFERROR(__xludf.DUMMYFUNCTION("""COMPUTED_VALUE"""),4.0) -> 4
A79: =IFERROR(__xludf.DUMMYFUNCTION("""COMPUTED_VALUE"""),"AJ9077") -> AJ9077 | B79: =IFERROR(__xludf.DUMMYFUNCTION("""COMPUTED_VALUE"""),"RUN-NDHM_2022-10-03_RFR-021") -> RUN-NDHM_2022-10-03_RFR-021 | C79: =VLOOKUP(B79,'Run Reconcile'!A$2:B100,2,FALSE) -> 44837 | D79: =IFERROR(__xludf.DUMMYFUNCTION("""COMPUTED_VALUE"""),44837.0) -> 44837 | E79: =IFERROR(__xludf.DUMMYFUNCTION("""COMPUTED_VALUE"""),0.19859953703780775) -> 0.19859954 | F79: =IFERROR(__xludf.DUMMYFUNCTION("""COMPUTED_VALUE"""),"Negative") -> Negative | G79: =IFERROR(__xludf.DUMMYFUNCTION("""COMPUTED_VALUE"""),3.0) -> 3
A80: =IFERROR(__xludf.DUMMYFUNCTION("""COMPUTED_VALUE"""),"ARFNDHM001") -> ARFNDHM001 | B80: =IFERROR(__xludf.DUMMYFUNCTION("""COMPUTED_VALUE"""),"RUN-NDHM_2022-05-09_RFR-009") -> RUN-NDHM_2022-05-09_RFR-009 | C80: =VLOOKUP(B80,'Run Reconcile'!A$2:B100,2,FALSE) -> 44690 | F80: =IFERROR(__xludf.DUMMYFUNCTION("""COMPUTED_VALUE"""),"Negative") -> Negative
A81: =IFERROR(__xludf.DUMMYFUNCTION("""COMPUTED_VALUE"""),"ARFNDHM002") -> ARFNDHM002 | B81: =IFERROR(__xludf.DUMMYFUNCTION("""COMPUTED_VALUE"""),"RUN-NDHM_2022-06-06_RFR-013") -> RUN-NDHM_2022-06-06_RFR-013 | C81: =VLOOKUP(B81,'Run Reconcile'!A$2:B100,2,FALSE) -> 44718 | F81: =IFERROR(__xludf.DUMMYFUNCTION("""COMPUTED_VALUE"""),"Negative") -> Negative

Sheet Weekly
A1: Week Start Date | B1: Week End Date | C1: =CONCATENATE("Weekly Participants ",SUM(C2:C99)) -> Weekly Participants 190 | D1: =CONCATENATE("Weekly Tubes Run ",SUM(D2:D99)) -> Weekly Tubes Run 80 | E1: =CONCATENATE("Weekly Positive Tubes ",SUM(E2:E99)) -> Weekly Positive Tubes 0 | F1: =CONCATENATE("Weekly Inconclusive Tubes ",SUM(F2:F99)) -> Weekly Inconclusive Tubes 0 | G1: % Positive
A2: =MIN('ALL Tube Results'!C:C) - WEEKDAY(MIN('ALL Tube Results'!C:C), 3) -> 44683 | B2: =A2+6 -> 44689 | C2: =SUMIFS('ALL Tube Results'!$G$2:$G99, 'ALL Tube Results'!$C$2:$C99, ">="&A2, 'ALL Tube Results'!$C$2:$C99, "<="&B2) -> 34 | D2: =COUNTIFS('ALL Tube Results'!$C2:$C99, ">="&A2, 'ALL Tube Results'!$C2:$C99, "<="&B2) -> 17 | E2: =COUNTIFS('ALL Tube Results'!$C2:$C99, ">="&A2, 'ALL Tube Results'!$C2:$C99, "<="&B2, 'ALL Tube Results'!$F2:$F99, "Positive") -> 0 | F2: =COUNTIFS('ALL Tube Results'!$C2:$C99, ">="&A2, 'ALL Tube Results'!$C2:$C99, "<="&B2, 'ALL Tube Results'!$F2:$F99, "Inconclusive") -> 0 | G2: =IFERROR(E2/D2,IFERROR(0/0,"")) -> 0 | I2: =TEXT(A2,"ddd") -> Mon
A3: =B2+1 -> 44690 | B3: =A3+6 -> 44696 | C3: =SUMIFS('ALL Tube Results'!$G$2:$G99, 'ALL Tube Results'!$C$2:$C99, ">="&A3, 'ALL Tube Results'!$C$2:$C99, "<="&B3) -> 22 | D3: =COUNTIFS('ALL Tube Results'!$C3:$C99, ">="&A3, 'ALL Tube Results'!$C3:$C99, "<="&B3) -> 9 | E3: =COUNTIFS('ALL Tube Results'!$C3:$C99, ">="&A3, 'ALL Tube Results'!$C3:$C99, "<="&B3, 'ALL Tube Results'!$F3:$F99, "Positive") -> 0 | F3: =COUNTIFS('ALL Tube Results'!$C3:$C99, ">="&A3, 'ALL Tube Results'!$C3:$C99, "<="&B3, 'ALL Tube Results'!$F3:$F99, "Inconclusive") -> 0 | G3: =IFERROR(E3/D3,IFERROR(0/0,"")) -> 0
A4: =A3+7 -> 44697 | B4: =A4+6 -> 44703 | C4: =SUMIFS('ALL Tube Results'!$G$2:$G99, 'ALL Tube Results'!$C$2:$C99, ">="&A4, 'ALL Tube Results'!$C$2:$C99, "<="&B4) -> 26 | D4: =COUNTIFS('ALL Tube Results'!$C4:$C99, ">="&A4, 'ALL Tube Results'!$C4:$C99, "<="&B4) -> 10 | E4: =COUNTIFS('ALL Tube Results'!$C4:$C99, ">="&A4, 'ALL Tube Results'!$C4:$C99, "<="&B4, 'ALL Tube Results'!$F4:$F99, "Positive") -> 0 | F4: =COUNTIFS('ALL Tube Results'!$C4:$C99, ">="&A4, 'ALL Tube Results'!$C4:$C99, "<="&B4, 'ALL Tube Results'!$F4:$F99, "Inconclusive") -> 0 | G4: =IFERROR(E4/D4,IFERROR(0/0,"")) -> 0
A5: =A4+7 -> 44704 | B5: =A5+6 -> 44710 | C5: =SUMIFS('ALL Tube Results'!$G$2:$G99, 'ALL Tube Results'!$C$2:$C99, ">="&A5, 'ALL Tube Results'!$C$2:$C99, "<="&B5) -> 22 | D5: =COUNTIFS('ALL Tube Results'!$C5:$C99, ">="&A5, 'ALL Tube Results'!$C5:$C99, "<="&B5) -> 8 | E5: =COUNTIFS('ALL Tube Results'!$C5:$C99, ">="&A5, 'ALL Tube Results'!$C5:$C99, "<="&B5, 'ALL Tube Results'!$F5:$F99, "Positive") -> 0 | F5: =COUNTIFS('ALL Tube Results'!$C5:$C99, ">="&A5, 'ALL Tube Results'!$C5:$C99, "<="&B5, 'ALL Tube Results'!$F5:$F99, "Inconclusive") -> 0 | G5: =IFERROR(E5/D5,IFERROR(0/0,"")) -> 0
A6: =A5+7 -> 44711 | B6: =A6+6 -> 44717 | C6: =SUMIFS('ALL Tube Results'!$G$2:$G99, 'ALL Tube Results'!$C$2:$C99, ">="&A6, 'ALL Tube Results'!$C$2:$C99, "<="&B6) -> 28 | D6: =COUNTIFS('ALL Tube Results'!$C6:$C99, ">="&A6, 'ALL Tube Results'!$C6:$C99, "<="&B6) -> 13 | E6: =COUNTIFS('ALL Tube Results'!$C6:$C99, ">="&A6, 'ALL Tube Results'!$C6:$C99, "<="&B6, 'ALL Tube Results'!$F6:$F99, "Positive") -> 0 | F6: =COUNTIFS('ALL Tube Results'!$C6:$C99, ">="&A6, 'ALL Tube Results'!$C6:$C99, "<="&B6, 'ALL Tube Results'!$F6:$F99, "Inconclusive") -> 0 | G6: =IFERROR(E6/D6,IFERROR(0/0,"")) -> 0
A7: =A6+7 -> 44718 | B7: =A7+6 -> 44724 | C7: =SUMIFS('ALL Tube Results'!$G$2:$G99, 'ALL Tube Results'!$C$2:$C99, ">="&A7, 'ALL Tube Results'!$C$2:$C99, "<="&B7) -> 19 | D7: =COUNTIFS('ALL Tube Results'!$C7:$C99, ">="&A7, 'ALL Tube Results'!$C7:$C99, "<="&B7) -> 8 | E7: =COUNTIFS('ALL Tube Results'!$C7:$C99, ">="&A7, 'ALL Tube Results'!$C7:$C99, "<="&B7, 'ALL Tube Results'!$F7:$F99, "Positive") -> 0 | F7: =COUNTIFS('ALL Tube Results'!$C7:$C99, ">="&A7, 'ALL Tube Results'!$C7:$C99, "<="&B7, 'ALL Tube Results'!$F7:$F99, "Inconclusive") -> 0 | G7: =IFERROR(E7/D7,IFERROR(0/0,"")) -> 0
A8: =A7+7 -> 44725 | B8: =A8+6 -> 44731 | C8: =SUMIFS('ALL Tube Results'!$G$2:$G99, 'ALL Tube Results'!$C$2:$C99, ">="&A8, 'ALL Tube Results'!$C$2:$C99, "<="&B8) -> 12 | D8: =COUNTIFS('ALL Tube Results'!$C8:$C99, ">="&A8, 'ALL Tube Results'!$C8:$C99, "<="&B8) -> 4 | E8: =COUNTIFS('ALL Tube Results'!$C8:$C99, ">="&A8, 'ALL Tube Results'!$C8:$C99, "<="&B8, 'ALL Tube Results'!$F8:$F99, "Positive") -> 0 | F8: =COUNTIFS('ALL Tube Results'!$C8:$C99, ">="&A8, 'ALL Tube Results'!$C8:$C99, "<="&B8, 'ALL Tube Results'!$F8:$F99, "Inconclusive") -> 0 | G8: =IFERROR(E8/D8,IFERROR(0/0,"")) -> 0
A9: =A8+7 -> 44732 | B9: =A9+6 -> 44738 | C9: =SUMIFS('ALL Tube Results'!$G$2:$G99, 'ALL Tube Results'!$C$2:$C99, ">="&A9, 'ALL Tube Results'!$C$2:$C99, "<="&B9) -> 4 | D9: =COUNTIFS('ALL Tube Results'!$C9:$C99, ">="&A9, 'ALL Tube Results'!$C9:$C99, "<="&B9) -> 2 | E9: =COUNTIFS('ALL Tube Results'!$C9:$C99, ">="&A9, 'ALL Tube Results'!$C9:$C99, "<="&B9, 'ALL Tube Results'!$F9:$F99, "Positive") -> 0 | F9: =COUNTIFS('ALL Tube Results'!$C9:$C99, ">="&A9, 'ALL Tube Results'!$C9:$C99, "<="&B9, 'ALL Tube Results'!$F9:$F99, "Inconclusive") -> 0 | G9: =IFERROR(E9/D9,IFERROR(0/0,"")) -> 0
A10: =A9+7 -> 44739 | B10: =A10+6 -> 44745 | C10: =SUMIFS('ALL Tube Results'!$G$2:$G99, 'ALL Tube Results'!$C$2:$C99, ">="&A10, 'ALL Tube Results'!$C$2:$C99, "<="&B10) -> 3 | D10: =COUNTIFS('ALL Tube Results'!$C10:$C99, ">="&A10, 'ALL Tube Results'!$C10:$C99, "<="&B10) -> 1 | E10: =COUNTIFS('ALL Tube Results'!$C10:$C99, ">="&A10, 'ALL Tube Results'!$C10:$C99, "<="&B10, 'ALL Tube Results'!$F10:$F99, "Positive") -> 0 | F10: =COUNTIFS('ALL Tube Results'!$C10:$C99, ">="&A10, 'ALL Tube Results'!$C10:$C99, "<="&B10, 'ALL Tube Results'!$F10:$F99, "Inconclusive") -> 0 | G10: =IFERROR(E10/D10,IFERROR(0/0,"")) -> 0
A11: =A10+7 -> 44746 | B11: =A11+6 -> 44752 | C11: =SUMIFS('ALL Tube Results'!$G$2:$G99, 'ALL Tube Results'!$C$2:$C99, ">="&A11, 'ALL Tube Results'!$C$2:$C99, "<="&B11) -> 0 | D11: =COUNTIFS('ALL Tube Results'!$C11:$C99, ">="&A11, 'ALL Tube Results'!$C11:$C99, "<="&B11) -> 0 | E11: =COUNTIFS('ALL Tube Results'!$C11:$C99, ">="&A11, 'ALL Tube Results'!$C11:$C99, "<="&B11, 'ALL Tube Results'!$F11:$F99, "Positive") -> 0 | F11: =COUNTIFS('ALL Tube Results'!$C11:$C99, ">="&A11, 'ALL Tube Results'!$C11:$C99, "<="&B11, 'ALL Tube Results'!$F11:$F99, "Inconclusive") -> 0 | G11: =IFERROR(E11/D11,IFERROR(0/0,""))
A12: =A11+7 -> 44753 | B12: =A12+6 -> 44759 | C12: =SUMIFS('ALL Tube Results'!$G$2:$G99, 'ALL Tube Results'!$C$2:$C99, ">="&A12, 'ALL Tube Results'!$C$2:$C99, "<="&B12) -> 2 | D12: =COUNTIFS('ALL Tube Results'!$C12:$C99, ">="&A12, 'ALL Tube Results'!$C12:$C99, "<="&B12) -> 1 | E12: =COUNTIFS('ALL Tube Results'!$C12:$C99, ">="&A12, 'ALL Tube Results'!$C12:$C99, "<="&B12, 'ALL Tube Results'!$F12:$F99, "Positive") -> 0 | F12: =COUNTIFS('ALL Tube Results'!$C12:$C99, ">="&A12, 'ALL Tube Results'!$C12:$C99, "<="&B12, 'ALL Tube Results'!$F12:$F99, "Inconclusive") -> 0 | G12: =IFERROR(E12/D12,IFERROR(0/0,"")) -> 0
A13: =A12+7 -> 44760 | B13: =A13+6 -> 44766 | C13: =SUMIFS('ALL Tube Results'!$G$2:$G99, 'ALL Tube Results'!$C$2:$C99, ">="&A13, 'ALL Tube Results'!$C$2:$C99, "<="&B13) -> 2 | D13: =COUNTIFS('ALL Tube Results'!$C13:$C99, ">="&A13, 'ALL Tube Results'!$C13:$C99, "<="&B13) -> 1 | E13: =COUNTIFS('ALL Tube Results'!$C13:$C99, ">="&A13, 'ALL Tube Results'!$C13:$C99, "<="&B13, 'ALL Tube Results'!$F13:$F99, "Positive") -> 0 | F13: =COUNTIFS('ALL Tube Results'!$C13:$C99, ">="&A13, 'ALL Tube Results'!$C13:$C99, "<="&B13, 'ALL Tube Results'!$F13:$F99, "Inconclusive") -> 0 | G13: =IFERROR(E13/D13,IFERROR(0/0,"")) -> 0
A14: =A13+7 -> 44767 | B14: =A14+6 -> 44773 | C14: =SUMIFS('ALL Tube Results'!$G$2:$G99, 'ALL Tube Results'!$C$2:$C99, ">="&A14, 'ALL Tube Results'!$C$2:$C99, "<="&B14) -> 6 | D14: =COUNTIFS('ALL Tube Results'!$C14:$C99, ">="&A14, 'ALL Tube Results'!$C14:$C99, "<="&B14) -> 3 | E14: =COUNTIFS('ALL Tube Results'!$C14:$C99, ">="&A14, 'ALL Tube Results'!$C14:$C99, "<="&B14, 'ALL Tube Results'!$F14:$F99, "Positive") -> 0 | F14: =COUNTIFS('ALL Tube Results'!$C14:$C99, ">="&A14, 'ALL Tube Results'!$C14:$C99, "<="&B14, 'ALL Tube Results'!$F14:$F99, "Inconclusive") -> 0 | G14: =IFERROR(E14/D14,IFERROR(0/0,"")) -> 0
A15: =A14+7 -> 44774 | B15: =A15+6 -> 44780 | C15: =SUMIFS('ALL Tube Results'!$G$2:$G99, 'ALL Tube Results'!$C$2:$C99, ">="&A15, 'ALL Tube Results'!$C$2:$C99, "<="&B15) -> 3 | D15: =COUNTIFS('ALL Tube Results'!$C15:$C99, ">="&A15, 'ALL Tube Results'!$C15:$C99, "<="&B15) -> 1 | E15: =COUNTIFS('ALL Tube Results'!$C15:$C99, ">="&A15, 'ALL Tube Results'!$C15:$C99, "<="&B15, 'ALL Tube Results'!$F15:$F99, "Positive") -> 0 | F15: =COUNTIFS('ALL Tube Results'!$C15:$C99, ">="&A15, 'ALL Tube Results'!$C15:$C99, "<="&B15, 'ALL Tube Results'!$F15:$F99, "Inconclusive") -> 0 | G15: =IFERROR(E15/D15,IFERROR(0/0,"")) -> 0
A16: =A15+7 -> 44781 | B16: =A16+6 -> 44787 | C16: =SUMIFS('ALL Tube Results'!$G$2:$G99, 'ALL Tube Results'!$C$2:$C99, ">="&A16, 'ALL Tube Results'!$C$2:$C99, "<="&B16) -> 0 | D16: =COUNTIFS('ALL Tube Results'!$C16:$C99, ">="&A16, 'ALL Tube Results'!$C16:$C99, "<="&B16) -> 0 | E16: =COUNTIFS('ALL Tube Results'!$C16:$C99, ">="&A16, 'ALL Tube Results'!$C16:$C99, "<="&B16, 'ALL Tube Results'!$F16:$F99, "Positive") -> 0 | F16: =COUNTIFS('ALL Tube Results'!$C16:$C99, ">="&A16, 'ALL Tube Results'!$C16:$C99, "<="&B16, 'ALL Tube Results'!$F16:$F99, "Inconclusive") -> 0 | G16: =IFERROR(E16/D16,IFERROR(0/0,""))
A17: =A16+7 -> 44788 | B17: =A17+6 -> 44794 | C17: =SUMIFS('ALL Tube Results'!$G$2:$G99, 'ALL Tube Results'!$C$2:$C99, ">="&A17, 'ALL Tube Results'!$C$2:$C99, "<="&B17) -> 0 | D17: =COUNTIFS('ALL Tube Results'!$C17:$C99, ">="&A17, 'ALL Tube Results'!$C17:$C99, "<="&B17) -> 0 | E17: =COUNTIFS('ALL Tube Results'!$C17:$C99, ">="&A17, 'ALL Tube Results'!$C17:$C99, "<="&B17, 'ALL Tube Results'!$F17:$F99, "Positive") -> 0 | F17: =COUNTIFS('ALL Tube Results'!$C17:$C99, ">="&A17, 'ALL Tube Results'!$C17:$C99, "<="&B17, 'ALL Tube Results'!$F17:$F99, "Inconclusive") -> 0 | G17: =IFERROR(E17/D17,IFERROR(0/0,""))
A18: =A17+7 -> 44795 | B18: =A18+6 -> 44801 | C18: =SUMIFS('ALL Tube Results'!$G$2:$G99, 'ALL Tube Results'!$C$2:$C99, ">="&A18, 'ALL Tube Results'!$C$2:$C99, "<="&B18) -> 0 | D18: =COUNTIFS('ALL Tube Results'!$C18:$C99, ">="&A18, 'ALL Tube Results'!$C18:$C99, "<="&B18) -> 0 | E18: =COUNTIFS('ALL Tube Results'!$C18:$C99, ">="&A18, 'ALL Tube Results'!$C18:$C99, "<="&B18, 'ALL Tube Results'!$F18:$F99, "Positive") -> 0 | F18: =COUNTIFS('ALL Tube Results'!$C18:$C99, ">="&A18, 'ALL Tube Results'!$C18:$C99, "<="&B18, 'ALL Tube Results'!$F18:$F99, "Inconclusive") -> 0 | G18: =IFERROR(E18/D18,IFERROR(0/0,""))
A19: =A18+7 -> 44802 | B19: =A19+6 -> 44808 | C19: =SUMIFS('ALL Tube Results'!$G$2:$G99, 'ALL Tube Results'!$C$2:$C99, ">="&A19, 'ALL Tube Results'!$C$2:$C99, "<="&B19) -> 0 | D19: =COUNTIFS('ALL Tube Results'!$C19:$C99, ">="&A19, 'ALL Tube Results'!$C19:$C99, "<="&B19) -> 0 | E19: =COUNTIFS('ALL Tube Results'!$C19:$C99, ">="&A19, 'ALL Tube Results'!$C19:$C99, "<="&B19, 'ALL Tube Results'!$F19:$F99, "Positive") -> 0 | F19: =COUNTIFS('ALL Tube Results'!$C19:$C99, ">="&A19, 'ALL Tube Results'!$C19:$C99, "<="&B19, 'ALL Tube Results'!$F19:$F99, "Inconclusive") -> 0 | G19: =IFERROR(E19/D19,IFERROR(0/0,""))
A20: =A19+7 -> 44809 | B20: =A20+6 -> 44815 | C20: =SUMIFS('ALL Tube Results'!$G$2:$G99, 'ALL Tube Results'!$C$2:$C99, ">="&A20, 'ALL Tube Results'!$C$2:$C99, "<="&B20) -> 0 | D20: =COUNTIFS('ALL Tube Results'!$C20:$C99, ">="&A20, 'ALL Tube Results'!$C20:$C99, "<="&B20) -> 0 | E20: =COUNTIFS('ALL Tube Results'!$C20:$C99, ">="&A20, 'ALL Tube Results'!$C20:$C99, "<="&B20, 'ALL Tube Results'!$F20:$F99, "Positive") -> 0 | F20: =COUNTIFS('ALL Tube Results'!$C20:$C99, ">="&A20, 'ALL Tube Results'!$C20:$C99, "<="&B20, 'ALL Tube Results'!$F20:$F99, "Inconclusive") -> 0 | G20: =IFERROR(E20/D20,IFERROR(0/0,""))
A21: =A20+7 -> 44816 | B21: =A21+6 -> 44822 | C21: =SUMIFS('ALL Tube Results'!$G$2:$G99, 'ALL Tube Results'!$C$2:$C99, ">="&A21, 'ALL Tube Results'!$C$2:$C99, "<="&B21) -> 4 | D21: =COUNTIFS('ALL Tube Results'!$C21:$C99, ">="&A21, 'ALL Tube Results'!$C21:$C99, "<="&B21) -> 1 | E21: =COUNTIFS('ALL Tube Results'!$C21:$C99, ">="&A21, 'ALL Tube Results'!$C21:$C99, "<="&B21, 'ALL Tube Results'!$F21:$F99, "Positive") -> 0 | F21: =COUNTIFS('ALL Tube Results'!$C21:$C99, ">="&A21, 'ALL Tube Results'!$C21:$C99, "<="&B21, 'ALL Tube Results'!$F21:$F99, "Inconclusive") -> 0 | G21: =IFERROR(E21/D21,IFERROR(0/0,"")) -> 0
A22: =A21+7 -> 44823 | B22: =A22+6 -> 44829 | C22: =SUMIFS('ALL Tube Results'!$G$2:$G99, 'ALL Tube Results'!$C$2:$C99, ">="&A22, 'ALL Tube Results'!$C$2:$C99, "<="&B22) -> 0 | D22: =COUNTIFS('ALL Tube Results'!$C22:$C99, ">="&A22, 'ALL Tube Results'!$C22:$C99, "<="&B22) -> 0 | E22: =COUNTIFS('ALL Tube Results'!$C22:$C99, ">="&A22, 'ALL Tube Results'!$C22:$C99, "<="&B22, 'ALL Tube Results'!$F22:$F99, "Positive") -> 0 | F22: =COUNTIFS('ALL Tube Results'!$C22:$C99, ">="&A22, 'ALL Tube Results'!$C22:$C99, "<="&B22, 'ALL Tube Results'!$F22:$F99, "Inconclusive") -> 0 | G22: =IFERROR(E22/D22,IFERROR(0/0,""))
A23: =A22+7 -> 44830 | B23: =A23+6 -> 44836 | C23: =SUMIFS('ALL Tube Results'!$G$2:$G99, 'ALL Tube Results'!$C$2:$C99, ">="&A23, 'ALL Tube Results'!$C$2:$C99, "<="&B23) -> 0 | D23: =COUNTIFS('ALL Tube Results'!$C23:$C99, ">="&A23, 'ALL Tube Results'!$C23:$C99, "<="&B23) -> 0 | E23: =COUNTIFS('ALL Tube Results'!$C23:$C99, ">="&A23, 'ALL Tube Results'!$C23:$C99, "<="&B23, 'ALL Tube Results'!$F23:$F99, "Positive") -> 0 | F23: =COUNTIFS('ALL Tube Results'!$C23:$C99, ">="&A23, 'ALL Tube Results'!$C23:$C99, "<="&B23, 'ALL Tube Results'!$F23:$F99, "Inconclusive") -> 0 | G23: =IFERROR(E23/D23,IFERROR(0/0,""))
A24: =A23+7 -> 44837 | B24: =A24+6 -> 44843 | C24: =SUMIFS('ALL Tube Results'!$G$2:$G99, 'ALL Tube Results'!$C$2:$C99, ">="&A24, 'ALL Tube Results'!$C$2:$C99, "<="&B24) -> 3 | D24: =COUNTIFS('ALL Tube Results'!$C24:$C99, ">="&A24, 'ALL Tube Results'!$C24:$C99, "<="&B24) -> 1 | E24: =COUNTIFS('ALL Tube Results'!$C24:$C99, ">="&A24, 'ALL Tube Results'!$C24:$C99, "<="&B24, 'ALL Tube Results'!$F24:$F99, "Positive") -> 0 | F24: =COUNTIFS('ALL Tube Results'!$C24:$C99, ">="&A24, 'ALL Tube Results'!$C24:$C99, "<="&B24, 'ALL Tube Results'!$F24:$F99, "Inconclusive") -> 0 | G24: =IFERROR(E24/D24,IFERROR(0/0,"")) -> 0

Sheet Runs Compare
A1: ALL Tube RESULTS by Run ID | B1: =COUNT(B3:B49) -> 15 | C1: =SUM(C2:C49) -> 80 | D1: =SUM(D2:D49) -> 80 | E1: =SUM(E2:E49) -> 0 | F1: =SUM(F2:F49) -> 0 | H1: =SUM(H2:H49) -> 0 | L1: =SUM(L2:L49) -> -6 | M1: =SUM(M2:M49) -> 0 | N1: =SUM(N2:N49) -> 0 | P1: =SUM(P2:P49) -> 2 | R1: Run Reconciled RESULTS | S1: =CONCATENATE("Delta Run Reconciled to ALL Tubes ",T1-C1) -> Delta Run Reconciled to ALL Tubes 0 | T1: =SUM(T2:T49) -> 80 | U1: =SUM(U2:U49) -> 0 | V1: =SUM(V2:V49) -> 0 | W1: =SUM(W2:W49) -> 0 | Y1: RFR Data - PreExcl RESULTS | AA1: =SUM(AA2:AA49) -> 86 | AB1: =SUM(AB2:AB49) -> 86 | AC1: =SUM(AC2:AC49) -> 0 | AD1: =SUM(AD2:AD49) -> 0 | AG1: APS Final RESULTS by Reconciled Run ID | AI1: =SUM(AI3:AI49) -> 78 | AJ1: =SUM(AJ3:AJ49) -> 78 | AK1: =SUM(AK3:AK49) -> 0 | AL1: =SUM(AL3:AL49) -> 0 | AM1: =SUM(AM3:AM49) -> 0 | AO1: APS Final RESULTS by Collect Date | AP1: =SUM(AP2:AP49) -> 78 | AQ1: =SUM(AQ2:AQ49) -> 78 | AR1: =SUM(AR2:AR49) -> 0 | AS1: =SUM(AS2:AS49) -> 0 | AT1: =SUM(AT2:AT49) -> 0
A2: Run ID | B2: Run Date | C2: Number of Tubes | D2: Negative | E2: Positive | F2: Inconclusive | H2: Delta to Run Reconciled Results | I2: T | J2: P | K2: I | L2: Delta to RFR preExcl Audit Num Run Tubes | M2: Delta to RFR preExcl Audit Num Positives | N2: Delta to RFR preExcl Audit Num Inconclusives | P2: Delta to APS | R2: Run ID | S2: Run Date | T2: Reconciled Tube Run Count | Y2: Run ID - RFR Initial Only | Z2: Run Date | AA2: ='RFR Data - preExcl'!AK1 -> RFR Audit Num Run Tubes | AB2: Calculated Negs | AC2: ='RFR Data - preExcl'!AI1 -> Audit Pos Session Calls | AD2: ='RFR Data - preExcl'!AF1 -> Audit Inc Session Calls | AE2: preExcl Match Row | AG2: Final Assigned Run ID | AH2: Run Date | AI2: Number of Tubes | AJ2: Negative | AK2: Positive | AL2: Inconclusive | AM2: Null | AO2: ='APS Tubes by Date Import'!B1 -> APS COLLECT DATE | AP2: Number of Tubes | AQ2: Negative | AR2: Positive | AS2: Inconclusive | AT2: Null
A3: {=UNIQUE('ALL Tube Results'!B2:B49)} -> RUN-NDHM_2022-05-02_RFR-006 | B3: =VLOOKUP(A3,'ALL Tube Results'!$B$2:$D49,2,FALSE) -> 44683 | C3: =COUNTIF('ALL Tube Results'!B2:B49, A3) -> 17 | D3: =COUNTIFS('ALL Tube Results'!$B2:$B49, $A3, 'ALL Tube Results'!$F2:$F49, "Negative") -> 17 | E3: =COUNTIFS('ALL Tube Results'!$B2:$B49, $A3, 'ALL Tube Results'!$F2:$F49, "Positive") -> 0 | F3: =COUNTIFS('ALL Tube Results'!$B2:$B49, $A3, 'ALL Tube Results'!$F2:$F49, "Inconclusive") -> 0 | G3: =IFERROR(VLOOKUP($A3,R$3:T49,3,FALSE),IFERROR(0/0,"") ) -> 17 | H3: =IF($C3=G3,IFERROR(0/0,""),$C3-G3) | I3: =IFERROR(VLOOKUP($A3,Y$3:AA49,3,FALSE),IFERROR(0/0,"") ) -> 18 | J3: =IFERROR(VLOOKUP($A3,Y$3:AD49,5,FALSE),IFERROR(0/0,"") ) -> 0 | K3: =IFERROR(VLOOKUP($A3,Y$3:AD49,6,FALSE),IFERROR(0/0,"")) -> 0 | L3: =IF($C3=I3,IFERROR(0/0,""),$C3-I3) -> -1 | M3: =IF($E3=J3,IFERROR(0/0,""),$E3-J3) | N3: =IF($F3=K3,IFERROR(0/0,""),$F3-K3) | O3: =IFERROR(VLOOKUP($A3,AG$3:AI49,3,FALSE),IFERROR(0/0,"") ) -> 17 | P3: =IF($C3=O3,IFERROR(0/0,""),$C3-O3) | R3: {=SORT('Run Reconcile'!A2:B49,1,TRUE)} -> RUN-NDHM_2022-05-02_RFR-006 | S3: 44683 | T3: =VLOOKUP(R3,'Run Reconcile'!$A$2:$L49,12,FALSE) -> 17 | Y3: =IFERROR(__xludf.DUMMYFUNCTION("SORT(FILTER('Run Reconcile'!A2:B49,'Run Reconcile'!A2:A49<>""*"",REGEXMATCH('Run Reconcile'!A2:A49,""RFR-"")),1,TRUE) "),"RUN-NDHM_2022-05-02_RFR-006") -> RUN-NDHM_2022-05-02_RFR-006 | Z3: =IFERROR(__xludf.DUMMYFUNCTION("""COMPUTED_VALUE"""),44683.0) -> 44683 | AA3: {=INDEX('RFR Data - preExcl'!AK$2:AK49,$AE3,1)} -> 18 | AB3: =AA3-AC3-AD3 -> 18 | AC3: {=INDEX('RFR Data - preExcl'!AI$2:AI49,$AE3,1)} -> 0 | AD3: {=INDEX('RFR Data - preExcl'!AF$2:AF49,$AE3,1)} -> 0 | AE3: =IFNA(MATCH(Y3,'RFR Data - preExcl'!A$2:A49,0),"") -> 6 | AG3: {=SORT(UNIQUE('APS Tubes Import'!V2:V49))} -> RUN-NDHM_2022-05-02_RFR-006 | AH3: =VLOOKUP(AG3,'Run Reconcile'!A$2:B49,2,FALSE) -> 44683 | AI3: =COUNTIF('APS Tubes Import'!$V$2:$V49, AG3) -> 17 | AJ3: =COUNTIFS('APS Tubes Import'!V$2:V49, AG3, 'APS Tubes Import'!H$2:H49, "Negative") -> 17 | AK3: =COUNTIFS('APS Tubes Import'!V$2:V49, AG3, 'APS Tubes Import'!H$2:H49, "Positive") -> 0 | AL3: =COUNTIFS('APS Tubes Import'!V$2:V49, AG3, 'APS Tubes Import'!H$2:H49, "Inconclusive") -> 0 | AM3: =COUNTIFS('APS Tubes Import'!V$2:V49, AG3, 'APS Tubes Import'!H$2:H49, "Null") -> 0 | AO3: ='APS Tubes by Date Import'!B2 -> 44683 | AP3: ='APS Tubes by Date Import'!C2 -> 17 | AQ3: ='APS Tubes by Date Import'!D2 -> 17 | AR3: ='APS Tubes by Date Import'!E2 -> 0 | AS3: ='APS Tubes by Date Import'!F2 -> 0 | AT3: ='APS Tubes by Date Import'!G2 -> 0
A4: RUN-NDHM_2022-05-09_RFR-009 | B4: =VLOOKUP(A4,'ALL Tube Results'!$B$2:$D49,2,FALSE) -> 44690 | C4: =COUNTIF('ALL Tube Results'!B3:B49, A4) -> 9 | D4: =COUNTIFS('ALL Tube Results'!$B3:$B49, $A4, 'ALL Tube Results'!$F3:$F49, "Negative") -> 9 | E4: =COUNTIFS('ALL Tube Results'!$B3:$B49, $A4, 'ALL Tube Results'!$F3:$F49, "Positive") -> 0 | F4: =COUNTIFS('ALL Tube Results'!$B3:$B49, $A4, 'ALL Tube Results'!$F3:$F49, "Inconclusive") -> 0 | G4: =IFERROR(VLOOKUP($A4,R$3:T50,3,FALSE),IFERROR(0/0,"") ) -> 9 | H4: =IF($C4=G4,IFERROR(0/0,""),$C4-G4) | I4: =IFERROR(VLOOKUP($A4,Y$3:AA50,3,FALSE),IFERROR(0/0,"") ) -> 9 | J4: =IFERROR(VLOOKUP($A4,Y$3:AD50,5,FALSE),IFERROR(0/0,"") ) -> 0 | K4: =IFERROR(VLOOKUP($A4,Y$3:AD50,6,FALSE),IFERROR(0/0,"")) -> 0 | L4: =IF($C4=I4,IFERROR(0/0,""),$C4-I4) | M4: =IF($E4=J4,IFERROR(0/0,""),$E4-J4) | N4: =IF($F4=K4,IFERROR(0/0,""),$F4-K4) | O4: =IFERROR(VLOOKUP($A4,AG$3:AI50,3,FALSE),IFERROR(0/0,"") ) -> 8 | P4: =IF($C4=O4,IFERROR(0/0,""),$C4-O4) -> 1 | R4: RUN-NDHM_2022-05-09_RFR-009 | S4: 44690 | T4: =VLOOKUP(R4,'Run Reconcile'!$A$2:$L49,12,FALSE) -> 9 | Y4: =IFERROR(__xludf.DUMMYFUNCTION("""COMPUTED_VALUE"""),"RUN-NDHM_2022-05-09_RFR-009") -> RUN-NDHM_2022-05-09_RFR-009 | Z4: =IFERROR(__xludf.DUMMYFUNCTION("""COMPUTED_VALUE"""),44690.0) -> 44690 | AA4: {=INDEX('RFR Data - preExcl'!AK$2:AK49,$AE4,1)} -> 9 | AB4: =AA4-AC4-AD4 -> 9 | AC4: {=INDEX('RFR Data - preExcl'!AI$2:AI49,$AE4,1)} -> 0 | AD4: {=INDEX('RFR Data - preExcl'!AF$2:AF49,$AE4,1)} -> 0 | AE4: =IFNA(MATCH(Y4,'RFR Data - preExcl'!A$2:A49,0),"") -> 9 | AG4: RUN-NDHM_2022-05-09_RFR-009 | AH4: =VLOOKUP(AG4,'Run Reconcile'!A$2:B49,2,FALSE) -> 44690 | AI4: =COUNTIF('APS Tubes Import'!$V$2:$V49, AG4) -> 8 | AJ4: =COUNTIFS('APS Tubes Import'!V$2:V49, AG4, 'APS Tubes Import'!H$2:H49, "Negative") -> 8 | AK4: =COUNTIFS('APS Tubes Import'!V$2:V49, AG4, 'APS Tubes Import'!H$2:H49, "Positive") -> 0 | AL4: =COUNTIFS('APS Tubes Import'!V$2:V49, AG4, 'APS Tubes Import'!H$2:H49, "Inconclusive") -> 0 | AM4: =COUNTIFS('APS Tubes Import'!V$2:V49, AG4, 'APS Tubes Import'!H$2:H49, "Null") -> 0 | AO4: ='APS Tubes by Date Import'!B3 -> 44689 | AP4: ='APS Tubes by Date Import'!C3 -> 1 | AQ4: ='APS Tubes by Date Import'!D3 -> 1 | AR4: ='APS Tubes by Date Import'!E3 -> 0 | AS4: ='APS Tubes by Date Import'!F3 -> 0 | AT4: ='APS Tubes by Date Import'!G3 -> 0
A5: RUN-NDHM_2022-05-16_RFR-010 | B5: =VLOOKUP(A5,'ALL Tube Results'!$B$2:$D49,2,FALSE) -> 44697 | C5: =COUNTIF('ALL Tube Results'!B4:B49, A5) -> 10 | D5: =COUNTIFS('ALL Tube Results'!$B4:$B49, $A5, 'ALL Tube Results'!$F4:$F49, "Negative") -> 10 | E5: =COUNTIFS('ALL Tube Results'!$B4:$B49, $A5, 'ALL Tube Results'!$F4:$F49, "Positive") -> 0 | F5: =COUNTIFS('ALL Tube Results'!$B4:$B49, $A5, 'ALL Tube Results'!$F4:$F49, "Inconclusive") -> 0 | G5: =IFERROR(VLOOKUP($A5,R$3:T51,3,FALSE),IFERROR(0/0,"") ) -> 10 | H5: =IF($C5=G5,IFERROR(0/0,""),$C5-G5) | I5: =IFERROR(VLOOKUP($A5,Y$3:AA51,3,FALSE),IFERROR(0/0,"") ) -> 10 | J5: =IFERROR(VLOOKUP($A5,Y$3:AD51,5,FALSE),IFERROR(0/0,"") ) -> 0 | K5: =IFERROR(VLOOKUP($A5,Y$3:AD51,6,FALSE),IFERROR(0/0,"")) -> 0 | L5: =IF($C5=I5,IFERROR(0/0,""),$C5-I5) | M5: =IF($E5=J5,IFERROR(0/0,""),$E5-J5) | N5: =IF($F5=K5,IFERROR(0/0,""),$F5-K5) | O5: =IFERROR(VLOOKUP($A5,AG$3:AI51,3,FALSE),IFERROR(0/0,"") ) -> 10 | P5: =IF($C5=O5,IFERROR(0/0,""),$C5-O5) | R5: RUN-NDHM_2022-05-16_RFR-010 | S5: 44697 | T5: =VLOOKUP(R5,'Run Reconcile'!$A$2:$L49,12,FALSE) -> 10 | Y5: =IFERROR(__xludf.DUMMYFUNCTION("""COMPUTED_VALUE"""),"RUN-NDHM_2022-05-16_RFR-010") -> RUN-NDHM_2022-05-16_RFR-010 | Z5: =IFERROR(__xludf.DUMMYFUNCTION("""COMPUTED_VALUE"""),44697.0) -> 44697 | AA5: {=INDEX('RFR Data - preExcl'!AK$2:AK49,$AE5,1)} -> 10 | AB5: =AA5-AC5-AD5 -> 10 | AC5: {=INDEX('RFR Data - preExcl'!AI$2:AI49,$AE5,1)} -> 0 | AD5: {=INDEX('RFR Data - preExcl'!AF$2:AF49,$AE5,1)} -> 0 | AE5: =IFNA(MATCH(Y5,'RFR Data - preExcl'!A$2:A49,0),"") -> 10 | AG5: RUN-NDHM_2022-05-16_RFR-010 | AH5: =VLOOKUP(AG5,'Run Reconcile'!A$2:B49,2,FALSE) -> 44697 | AI5: =COUNTIF('APS Tubes Import'!$V$2:$V49, AG5) -> 10 | AJ5: =COUNTIFS('APS Tubes Import'!V$2:V49, AG5, 'APS Tubes Import'!H$2:H49, "Negative") -> 10 | AK5: =COUNTIFS('APS Tubes Import'!V$2:V49, AG5, 'APS Tubes Import'!H$2:H49, "Positive") -> 0 | AL5: =COUNTIFS('APS Tubes Import'!V$2:V49, AG5, 'APS Tubes Import'!H$2:H49, "Inconclusive") -> 0 | AM5: =COUNTIFS('APS Tubes Import'!V$2:V49, AG5, 'APS Tubes Import'!H$2:H49, "Null") -> 0 | AO5: ='APS Tubes by Date Import'!B4 -> 44690 | AP5: ='APS Tubes by Date Import'!C4 -> 7 | AQ5: ='APS Tubes by Date Import'!D4 -> 7 | AR5: ='APS Tubes by Date Import'!E4 -> 0 | AS5: ='APS Tubes by Date Import'!F4 -> 0 | AT5: ='APS Tubes by Date Import'!G4 -> 0
A6: RUN-NDHM_2022-05-23_RFR-011 | B6: =VLOOKUP(A6,'ALL Tube Results'!$B$2:$D49,2,FALSE) -> 44704 | C6: =COUNTIF('ALL Tube Results'!B5:B49, A6) -> 8 | D6: =COUNTIFS('ALL Tube Results'!$B5:$B49, $A6, 'ALL Tube Results'!$F5:$F49, "Negative") -> 8 | E6: =COUNTIFS('ALL Tube Results'!$B5:$B49, $A6, 'ALL Tube Results'!$F5:$F49, "Positive") -> 0 | F6: =COUNTIFS('ALL Tube Results'!$B5:$B49, $A6, 'ALL Tube Results'!$F5:$F49, "Inconclusive") -> 0 | G6: =IFERROR(VLOOKUP($A6,R$3:T52,3,FALSE),IFERROR(0/0,"") ) -> 8 | H6: =IF($C6=G6,IFERROR(0/0,""),$C6-G6) | I6: =IFERROR(VLOOKUP($A6,Y$3:AA52,3,FALSE),IFERROR(0/0,"") ) -> 8 | J6: =IFERROR(VLOOKUP($A6,Y$3:AD52,5,FALSE),IFERROR(0/0,"") ) -> 0 | K6: =IFERROR(VLOOKUP($A6,Y$3:AD52,6,FALSE),IFERROR(0/0,"")) -> 0 | L6: =IF($C6=I6,IFERROR(0/0,""),$C6-I6) | M6: =IF($E6=J6,IFERROR(0/0,""),$E6-J6) | N6: =IF($F6=K6,IFERROR(0/0,""),$F6-K6) | O6: =IFERROR(VLOOKUP($A6,AG$3:AI52,3,FALSE),IFERROR(0/0,"") ) -> 8 | P6: =IF($C6=O6,IFERROR(0/0,""),$C6-O6) | R6: RUN-NDHM_2022-05-23_RFR-011 | S6: 44704 | T6: =VLOOKUP(R6,'Run Reconcile'!$A$2:$L49,12,FALSE) -> 8 | Y6: =IFERROR(__xludf.DUMMYFUNCTION("""COMPUTED_VALUE"""),"RUN-NDHM_2022-05-23_RFR-011") -> RUN-NDHM_2022-05-23_RFR-011 | Z6: =IFERROR(__xludf.DUMMYFUNCTION("""COMPUTED_VALUE"""),44704.0) -> 44704 | AA6: {=INDEX('RFR Data - preExcl'!AK$2:AK49,$AE6,1)} -> 8 | AB6: =AA6-AC6-AD6 -> 8 | AC6: {=INDEX('RFR Data - preExcl'!AI$2:AI49,$AE6,1)} -> 0 | AD6: {=INDEX('RFR Data - preExcl'!AF$2:AF49,$AE6,1)} -> 0 | AE6: =IFNA(MATCH(Y6,'RFR Data - preExcl'!A$2:A49,0),"") -> 11 | AG6: RUN-NDHM_2022-05-23_RFR-011 | AH6: =VLOOKUP(AG6,'Run Reconcile'!A$2:B49,2,FALSE) -> 44704 | AI6: =COUNTIF('APS Tubes Import'!$V$2:$V49, AG6) -> 8 | AJ6: =COUNTIFS('APS Tubes Import'!V$2:V49, AG6, 'APS Tubes Import'!H$2:H49, "Negative") -> 8 | AK6: =COUNTIFS('APS Tubes Import'!V$2:V49, AG6, 'APS Tubes Import'!H$2:H49, "Positive") -> 0 | AL6: =COUNTIFS('APS Tubes Import'!V$2:V49, AG6, 'APS Tubes Import'!H$2:H49, "Inconclusive") -> 0 | AM6: =COUNTIFS('APS Tubes Import'!V$2:V49, AG6, 'APS Tubes Import'!H$2:H49, "Null") -> 0 | AO6: ='APS Tubes by Date Import'!B5 -> 44696 | AP6: ='APS Tubes by Date Import'!C5 -> 1 | AQ6: ='APS Tubes by Date Import'!D5 -> 1 | AR6: ='APS Tubes by Date Import'!E5 -> 0 | AS6: ='APS Tubes by Date Import'!F5 -> 0 | AT6: ='APS Tubes by Date Import'!G5 -> 0
A7: RUN-NDHM_2022-06-01_RFR-012 | B7: =VLOOKUP(A7,'ALL Tube Results'!$B$2:$D49,2,FALSE) -> 44713 | C7: =COUNTIF('ALL Tube Results'!B6:B49, A7) -> 13 | D7: =COUNTIFS('ALL Tube Results'!$B6:$B49, $A7, 'ALL Tube Results'!$F6:$F49, "Negative") -> 13 | E7: =COUNTIFS('ALL Tube Results'!$B6:$B49, $A7, 'ALL Tube Results'!$F6:$F49, "Positive") -> 0 | F7: =COUNTIFS('ALL Tube Results'!$B6:$B49, $A7, 'ALL Tube Results'!$F6:$F49, "Inconclusive") -> 0 | G7: =IFERROR(VLOOKUP($A7,R$3:T53,3,FALSE),IFERROR(0/0,"") ) -> 13 | H7: =IF($C7=G7,IFERROR(0/0,""),$C7-G7) | I7: =IFERROR(VLOOKUP($A7,Y$3:AA53,3,FALSE),IFERROR(0/0,"") ) -> 14 | J7: =IFERROR(VLOOKUP($A7,Y$3:AD53,5,FALSE),IFERROR(0/0,"") ) -> 0 | K7: =IFERROR(VLOOKUP($A7,Y$3:AD53,6,FALSE),IFERROR(0/0,"")) -> 0 | L7: =IF($C7=I7,IFERROR(0/0,""),$C7-I7) -> -1 | M7: =IF($E7=J7,IFERROR(0/0,""),$E7-J7) | N7: =IF($F7=K7,IFERROR(0/0,""),$F7-K7) | O7: =IFERROR(VLOOKUP($A7,AG$3:AI53,3,FALSE),IFERROR(0/0,"") ) -> 13 | P7: =IF($C7=O7,IFERROR(0/0,""),$C7-O7) | R7: RUN-NDHM_2022-06-01_RFR-012 | S7: 44713 | T7: =VLOOKUP(R7,'Run Reconcile'!$A$2:$L49,12,FALSE) -> 13 | Y7: =IFERROR(__xludf.DUMMYFUNCTION("""COMPUTED_VALUE"""),"RUN-NDHM_2022-06-01_RFR-012") -> RUN-NDHM_2022-06-01_RFR-012 | Z7: =IFERROR(__xludf.DUMMYFUNCTION("""COMPUTED_VALUE"""),44713.0) -> 44713 | AA7: {=INDEX('RFR Data - preExcl'!AK$2:AK49,$AE7,1)} -> 14 | AB7: =AA7-AC7-AD7 -> 14 | AC7: {=INDEX('RFR Data - preExcl'!AI$2:AI49,$AE7,1)} -> 0 | AD7: {=INDEX('RFR Data - preExcl'!AF$2:AF49,$AE7,1)} -> 0 | AE7: =IFNA(MATCH(Y7,'RFR Data - preExcl'!A$2:A49,0),"") -> 12 | AG7: RUN-NDHM_2022-06-01_RFR-012 | AH7: =VLOOKUP(AG7,'Run Reconcile'!A$2:B49,2,FALSE) -> 44713 | AI7: =COUNTIF('APS Tubes Import'!$V$2:$V49, AG7) -> 13 | AJ7: =COUNTIFS('APS Tubes Import'!V$2:V49, AG7, 'APS Tubes Import'!H$2:H49, "Negative") -> 13 | AK7: =COUNTIFS('APS Tubes Import'!V$2:V49, AG7, 'APS Tubes Import'!H$2:H49, "Positive") -> 0 | AL7: =COUNTIFS('APS Tubes Import'!V$2:V49, AG7, 'APS Tubes Import'!H$2:H49, "Inconclusive") -> 0 | AM7: =COUNTIFS('APS Tubes Import'!V$2:V49, AG7, 'APS Tubes Import'!H$2:H49, "Null") -> 0 | AO7: ='APS Tubes by Date Import'!B6 -> 44697 | AP7: ='APS Tubes by Date Import'!C6 -> 9 | AQ7: ='APS Tubes by Date Import'!D6 -> 9 | AR7: ='APS Tubes by Date Import'!E6 -> 0 | AS7: ='APS Tubes by Date Import'!F6 -> 0 | AT7: ='APS Tubes by Date Import'!G6 -> 0
A8: RUN-NDHM_2022-06-06_RFR-013 | B8: =VLOOKUP(A8,'ALL Tube Results'!$B$2:$D49,2,FALSE) -> 44718 | C8: =COUNTIF('ALL Tube Results'!B7:B49, A8) -> 8 | D8: =COUNTIFS('ALL Tube Results'!$B7:$B49, $A8, 'ALL Tube Results'!$F7:$F49, "Negative") -> 8 | E8: =COUNTIFS('ALL Tube Results'!$B7:$B49, $A8, 'ALL Tube Results'!$F7:$F49, "Positive") -> 0 | F8: =COUNTIFS('ALL Tube Results'!$B7:$B49, $A8, 'ALL Tube Results'!$F7:$F49, "Inconclusive") -> 0 | G8: =IFERROR(VLOOKUP($A8,R$3:T54,3,FALSE),IFERROR(0/0,"") ) -> 8 | H8: =IF($C8=G8,IFERROR(0/0,""),$C8-G8) | I8: =IFERROR(VLOOKUP($A8,Y$3:AA54,3,FALSE),IFERROR(0/0,"") ) -> 14 | J8: =IFERROR(VLOOKUP($A8,Y$3:AD54,5,FALSE),IFERROR(0/0,"") ) -> 0 | K8: =IFERROR(VLOOKUP($A8,Y$3:AD54,6,FALSE),IFERROR(0/0,"")) -> 0 | L8: =IF($C8=I8,IFERROR(0/0,""),$C8-I8) -> -6 | M8: =IF($E8=J8,IFERROR(0/0,""),$E8-J8) | N8: =IF($F8=K8,IFERROR(0/0,""),$F8-K8) | O8: =IFERROR(VLOOKUP($A8,AG$3:AI54,3,FALSE),IFERROR(0/0,"") ) -> 7 | P8: =IF($C8=O8,IFERROR(0/0,""),$C8-O8) -> 1 | R8: RUN-NDHM_2022-06-06_RFR-013 | S8: 44718 | T8: =VLOOKUP(R8,'Run Reconcile'!$A$2:$L49,12,FALSE) -> 8 | Y8: =IFERROR(__xludf.DUMMYFUNCTION("""COMPUTED_VALUE"""),"RUN-NDHM_2022-06-06_RFR-013") -> RUN-NDHM_2022-06-06_RFR-013 | Z8: =IFERROR(__xludf.DUMMYFUNCTION("""COMPUTED_VALUE"""),44718.0) -> 44718 | AA8: {=INDEX('RFR Data - preExcl'!AK$2:AK49,$AE8,1)} -> 14 | AB8: =AA8-AC8-AD8 -> 14 | AC8: {=INDEX('RFR Data - preExcl'!AI$2:AI49,$AE8,1)} -> 0 | AD8: {=INDEX('RFR Data - preExcl'!AF$2:AF49,$AE8,1)} -> 0 | AE8: =IFNA(MATCH(Y8,'RFR Data - preExcl'!A$2:A49,0),"") -> 13 | AG8: RUN-NDHM_2022-06-06_RFR-013 | AH8: =VLOOKUP(AG8,'Run Reconcile'!A$2:B49,2,FALSE) -> 44718 | AI8: =COUNTIF('APS Tubes Import'!$V$2:$V49, AG8) -> 7 | AJ8: =COUNTIFS('APS Tubes Import'!V$2:V49, AG8, 'APS Tubes Import'!H$2:H49, "Negative") -> 7 | AK8: =COUNTIFS('APS Tubes Import'!V$2:V49, AG8, 'APS Tubes Import'!H$2:H49, "Positive") -> 0 | AL8: =COUNTIFS('APS Tubes Import'!V$2:V49, AG8, 'APS Tubes Import'!H$2:H49, "Inconclusive") -> 0 | AM8: =COUNTIFS('APS Tubes Import'!V$2:V49, AG8, 'APS Tubes Import'!H$2:H49, "Null") -> 0 | AO8: ='APS Tubes by Date Import'!B7 -> 44704 | AP8: ='APS Tubes by Date Import'!C7 -> 8 | AQ8: ='APS Tubes by Date Import'!D7 -> 8 | AR8: ='APS Tubes by Date Import'!E7 -> 0 | AS8: ='APS Tubes by Date Import'!F7 -> 0 | AT8: ='APS Tubes by Date Import'!G7 -> 0
A9: RUN-NDHM_2022-06-13_RFR-014 | B9: =VLOOKUP(A9,'ALL Tube Results'!$B$2:$D49,2,FALSE) -> 44725 | C9: =COUNTIF('ALL Tube Results'!B8:B49, A9) -> 4 | D9: =COUNTIFS('ALL Tube Results'!$B8:$B49, $A9, 'ALL Tube Results'!$F8:$F49, "Negative") -> 4 | E9: =COUNTIFS('ALL Tube Results'!$B8:$B49, $A9, 'ALL Tube Results'!$F8:$F49, "Positive") -> 0 | F9: =COUNTIFS('ALL Tube Results'!$B8:$B49, $A9, 'ALL Tube Results'!$F8:$F49, "Inconclusive") -> 0 | G9: =IFERROR(VLOOKUP($A9,R$3:T55,3,FALSE),IFERROR(0/0,"") ) -> 4 | H9: =IF($C9=G9,IFERROR(0/0,""),$C9-G9) | I9: =IFERROR(VLOOKUP($A9,Y$3:AA55,3,FALSE),IFERROR(0/0,"") ) -> 4 | J9: =IFERROR(VLOOKUP($A9,Y$3:AD55,5,FALSE),IFERROR(0/0,"") ) -> 0 | K9: =IFERROR(VLOOKUP($A9,Y$3:AD55,6,FALSE),IFERROR(0/0,"")) -> 0 | L9: =IF($C9=I9,IFERROR(0/0,""),$C9-I9) | M9: =IF($E9=J9,IFERROR(0/0,""),$E9-J9) | N9: =IF($F9=K9,IFERROR(0/0,""),$F9-K9) | O9: =IFERROR(VLOOKUP($A9,AG$3:AI55,3,FALSE),IFERROR(0/0,"") ) -> 4 | P9: =IF($C9=O9,IFERROR(0/0,""),$C9-O9) | R9: RUN-NDHM_2022-06-13_RFR-014 | S9: 44725 | T9: =VLOOKUP(R9,'Run Reconcile'!$A$2:$L49,12,FALSE) -> 4 | Y9: =IFERROR(__xludf.DUMMYFUNCTION("""COMPUTED_VALUE"""),"RUN-NDHM_2022-06-13_RFR-014") -> RUN-NDHM_2022-06-13_RFR-014 | Z9: =IFERROR(__xludf.DUMMYFUNCTION("""COMPUTED_VALUE"""),44725.0) -> 44725 | AA9: {=INDEX('RFR Data - preExcl'!AK$2:AK49,$AE9,1)} -> 4 | AB9: =AA9-AC9-AD9 -> 4 | AC9: {=INDEX('RFR Data - preExcl'!AI$2:AI49,$AE9,1)} -> 0 | AD9: {=INDEX('RFR Data - preExcl'!AF$2:AF49,$AE9,1)} -> 0 | AE9: =IFNA(MATCH(Y9,'RFR Data - preExcl'!A$2:A49,0),"") -> 14 | AG9: RUN-NDHM_2022-06-13_RFR-014 | AH9: =VLOOKUP(AG9,'Run Reconcile'!A$2:B49,2,FALSE) -> 44725 | AI9: =COUNTIF('APS Tubes Import'!$V$2:$V49, AG9) -> 4 | AJ9: =COUNTIFS('APS Tubes Import'!V$2:V49, AG9, 'APS Tubes Import'!H$2:H49, "Negative") -> 4 | AK9: =COUNTIFS('APS Tubes Import'!V$2:V49, AG9, 'APS Tubes Import'!H$2:H49, "Positive") -> 0 | AL9: =COUNTIFS('APS Tubes Import'!V$2:V49, AG9, 'APS Tubes Import'!H$2:H49, "Inconclusive") -> 0 | AM9: =COUNTIFS('APS Tubes Import'!V$2:V49, AG9, 'APS Tubes Import'!H$2:H49, "Null") -> 0 | AO9: ='APS Tubes by Date Import'!B8 -> 44712 | AP9: ='APS Tubes by Date Import'!C8 -> 3 | AQ9: ='APS Tubes by Date Import'!D8 -> 3 | AR9: ='APS Tubes by Date Import'!E8 -> 0 | AS9: ='APS Tubes by Date Import'!F8 -> 0 | AT9: ='APS Tubes by Date Import'!G8 -> 0
A10: RUN-NDHM_2022-06-21_RFR-016 | B10: =VLOOKUP(A10,'ALL Tube Results'!$B$2:$D49,2,FALSE) -> 44733 | C10: =COUNTIF('ALL Tube Results'!B9:B49, A10) -> 2 | D10: =COUNTIFS('ALL Tube Results'!$B9:$B49, $A10, 'ALL Tube Results'!$F9:$F49, "Negative") -> 2 | E10: =COUNTIFS('ALL Tube Results'!$B9:$B49, $A10, 'ALL Tube Results'!$F9:$F49, "Positive") -> 0 | F10: =COUNTIFS('ALL Tube Results'!$B9:$B49, $A10, 'ALL Tube Results'!$F9:$F49, "Inconclusive") -> 0 | G10: =IFERROR(VLOOKUP($A10,R$3:T56,3,FALSE),IFERROR(0/0,"") ) -> 2 | H10: =IF($C10=G10,IFERROR(0/0,""),$C10-G10) | I10: =IFERROR(VLOOKUP($A10,Y$3:AA56,3,FALSE),IFERROR(0/0,"") ) -> 2 | J10: =IFERROR(VLOOKUP($A10,Y$3:AD56,5,FALSE),IFERROR(0/0,"") ) -> 0 | K10: =IFERROR(VLOOKUP($A10,Y$3:AD56,6,FALSE),IFERROR(0/0,"")) -> 0 | L10: =IF($C10=I10,IFERROR(0/0,""),$C10-I10) | M10: =IF($E10=J10,IFERROR(0/0,""),$E10-J10) | N10: =IF($F10=K10,IFERROR(0/0,""),$F10-K10) | O10: =IFERROR(VLOOKUP($A10,AG$3:AI56,3,FALSE),IFERROR(0/0,"") ) -> 2 | P10: =IF($C10=O10,IFERROR(0/0,""),$C10-O10) | R10: RUN-NDHM_2022-06-21_RFR-016 | S10: 44733 | T10: =VLOOKUP(R10,'Run Reconcile'!$A$2:$L49,12,FALSE) -> 2 | Y10: =IFERROR(__xludf.DUMMYFUNCTION("""COMPUTED_VALUE"""),"RUN-NDHM_2022-06-21_RFR-016") -> RUN-NDHM_2022-06-21_RFR-016 | Z10: =IFERROR(__xludf.DUMMYFUNCTION("""COMPUTED_VALUE"""),44733.0) -> 44733 | AA10: {=INDEX('RFR Data - preExcl'!AK$2:AK49,$AE10,1)} -> 2 | AB10: =AA10-AC10-AD10 -> 2 | AC10: {=INDEX('RFR Data - preExcl'!AI$2:AI49,$AE10,1)} -> 0 | AD10: {=INDEX('RFR Data - preExcl'!AF$2:AF49,$AE10,1)} -> 0 | AE10: =IFNA(MATCH(Y10,'RFR Data - preExcl'!A$2:A49,0),"") -> 16 | AG10: RUN-NDHM_2022-06-21_RFR-016 | AH10: =VLOOKUP(AG10,'Run Reconcile'!A$2:B49,2,FALSE) -> 44733 | AI10: =COUNTIF('APS Tubes Import'!$V$2:$V49, AG10) -> 2 | AJ10: =COUNTIFS('APS Tubes Import'!V$2:V49, AG10, 'APS Tubes Import'!H$2:H49, "Negative") -> 2 | AK10: =COUNTIFS('APS Tubes Import'!V$2:V49, AG10, 'APS Tubes Import'!H$2:H49, "Positive") -> 0 | AL10: =COUNTIFS('APS Tubes Import'!V$2:V49, AG10, 'APS Tubes Import'!H$2:H49, "Inconclusive") -> 0 | AM10: =COUNTIFS('APS Tubes Import'!V$2:V49, AG10, 'APS Tubes Import'!H$2:H49, "Null") -> 0 | AO10: ='APS Tubes by Date Import'!B9 -> 44713 | AP10: ='APS Tubes by Date Import'!C9 -> 10 | AQ10: ='APS Tubes by Date Import'!D9 -> 10 | AR10: ='APS Tubes by Date Import'!E9 -> 0 | AS10: ='APS Tubes by Date Import'!F9 -> 0 | AT10: ='APS Tubes by Date Import'!G9 -> 0
A11: RUN-NDHM_2022-06-27_RFR-017 | B11: =VLOOKUP(A11,'ALL Tube Results'!$B$2:$D49,2,FALSE) -> 44739 | C11: =COUNTIF('ALL Tube Results'!B10:B49, A11) -> 1 | D11: =COUNTIFS('ALL Tube Results'!$B10:$B49, $A11, 'ALL Tube Results'!$F10:$F49, "Negative") -> 1 | E11: =COUNTIFS('ALL Tube Results'!$B10:$B49, $A11, 'ALL Tube Results'!$F10:$F49, "Positive") -> 0 | F11: =COUNTIFS('ALL Tube Results'!$B10:$B49, $A11, 'ALL Tube Results'!$F10:$F49, "Inconclusive") -> 0 | G11: =IFERROR(VLOOKUP($A11,R$3:T57,3,FALSE),IFERROR(0/0,"") ) -> 1 | H11: =IF($C11=G11,IFERROR(0/0,""),$C11-G11) | I11: =IFERROR(VLOOKUP($A11,Y$3:AA57,3,FALSE),IFERROR(0/0,"") ) -> 1 | J11: =IFERROR(VLOOKUP($A11,Y$3:AD57,5,FALSE),IFERROR(0/0,"") ) -> 0 | K11: =IFERROR(VLOOKUP($A11,Y$3:AD57,6,FALSE),IFERROR(0/0,"")) -> 0 | L11: =IF($C11=I11,IFERROR(0/0,""),$C11-I11) | M11: =IF($E11=J11,IFERROR(0/0,""),$E11-J11) | N11: =IF($F11=K11,IFERROR(0/0,""),$F11-K11) | O11: =IFERROR(VLOOKUP($A11,AG$3:AI57,3,FALSE),IFERROR(0/0,"") ) -> 1 | P11: =IF($C11=O11,IFERROR(0/0,""),$C11-O11) | R11: RUN-NDHM_2022-06-27_RFR-017 | S11: 44739 | T11: =VLOOKUP(R11,'Run Reconcile'!$A$2:$L49,12,FALSE) -> 1 | Y11: =IFERROR(__xludf.DUMMYFUNCTION("""COMPUTED_VALUE"""),"RUN-NDHM_2022-06-27_RFR-017") -> RUN-NDHM_2022-06-27_RFR-017 | Z11: =IFERROR(__xludf.DUMMYFUNCTION("""COMPUTED_VALUE"""),44739.0) -> 44739 | AA11: {=INDEX('RFR Data - preExcl'!AK$2:AK49,$AE11,1)} -> 1 | AB11: =AA11-AC11-AD11 -> 1 | AC11: {=INDEX('RFR Data - preExcl'!AI$2:AI49,$AE11,1)} -> 0 | AD11: {=INDEX('RFR Data - preExcl'!AF$2:AF49,$AE11,1)} -> 0 | AE11: =IFNA(MATCH(Y11,'RFR Data - preExcl'!A$2:A49,0),"") -> 17 | AG11: RUN-NDHM_2022-06-27_RFR-017 | AH11: =VLOOKUP(AG11,'Run Reconcile'!A$2:B49,2,FALSE) -> 44739 | AI11: =COUNTIF('APS Tubes Import'!$V$2:$V49, AG11) -> 1 | AJ11: =COUNTIFS('APS Tubes Import'!V$2:V49, AG11, 'APS Tubes Import'!H$2:H49, "Negative") -> 1 | AK11: =COUNTIFS('APS Tubes Import'!V$2:V49, AG11, 'APS Tubes Import'!H$2:H49, "Positive") -> 0 | AL11: =COUNTIFS('APS Tubes Import'!V$2:V49, AG11, 'APS Tubes Import'!H$2:H49, "Inconclusive") -> 0 | AM11: =COUNTIFS('APS Tubes Import'!V$2:V49, AG11, 'APS Tubes Import'!H$2:H49, "Null") -> 0 | AO11: ='APS Tubes by Date Import'!B10 -> 44718 | AP11: ='APS Tubes by Date Import'!C10 -> 7 | AQ11: ='APS Tubes by Date Import'!D10 -> 7 | AR11: ='APS Tubes by Date Import'!E10 -> 0 | AS11: ='APS Tubes by Date Import'!F10 -> 0 | AT11: ='APS Tubes by Date Import'!G10 -> 0
A12: RUN-NDHM_2022-07-11_RFR-018 | B12: =VLOOKUP(A12,'ALL Tube Results'!$B$2:$D49,2,FALSE) -> 44753 | C12: =COUNTIF('ALL Tube Results'!B11:B49, A12) -> 1 | D12: =COUNTIFS('ALL Tube Results'!$B11:$B49, $A12, 'ALL Tube Results'!$F11:$F49, "Negative") -> 1 | E12: =COUNTIFS('ALL Tube Results'!$B11:$B49, $A12, 'ALL Tube Results'!$F11:$F49, "Positive") -> 0 | F12: =COUNTIFS('ALL Tube Results'!$B11:$B49, $A12, 'ALL Tube Results'!$F11:$F49, "Inconclusive") -> 0 | G12: =IFERROR(VLOOKUP($A12,R$3:T58,3,FALSE),IFERROR(0/0,"") ) -> 1 | H12: =IF($C12=G12,IFERROR(0/0,""),$C12-G12) | I12: =IFERROR(VLOOKUP($A12,Y$3:AA58,3,FALSE),IFERROR(0/0,"") ) -> 1 | J12: =IFERROR(VLOOKUP($A12,Y$3:AD58,5,FALSE),IFERROR(0/0,"") ) -> 0 | K12: =IFERROR(VLOOKUP($A12,Y$3:AD58,6,FALSE),IFERROR(0/0,"")) -> 0 | L12: =IF($C12=I12,IFERROR(0/0,""),$C12-I12) | M12: =IF($E12=J12,IFERROR(0/0,""),$E12-J12) | N12: =IF($F12=K12,IFERROR(0/0,""),$F12-K12) | O12: =IFERROR(VLOOKUP($A12,AG$3:AI58,3,FALSE),IFERROR(0/0,"") ) -> 1 | P12: =IF($C12=O12,IFERROR(0/0,""),$C12-O12) | R12: RUN-NDHM_2022-07-11_RFR-018 | S12: 44753 | T12: =VLOOKUP(R12,'Run Reconcile'!$A$2:$L49,12,FALSE) -> 1 | Y12: =IFERROR(__xludf.DUMMYFUNCTION("""COMPUTED_VALUE"""),"RUN-NDHM_2022-07-11_RFR-018") -> RUN-NDHM_2022-07-11_RFR-018 | Z12: =IFERROR(__xludf.DUMMYFUNCTION("""COMPUTED_VALUE"""),44753.0) -> 44753 | AA12: {=INDEX('RFR Data - preExcl'!AK$2:AK49,$AE12,1)} -> 1 | AB12: =AA12-AC12-AD12 -> 1 | AC12: {=INDEX('RFR Data - preExcl'!AI$2:AI49,$AE12,1)} -> 0 | AD12: {=INDEX('RFR Data - preExcl'!AF$2:AF49,$AE12,1)} -> 0 | AE12: =IFNA(MATCH(Y12,'RFR Data - preExcl'!A$2:A49,0),"") -> 18 | AG12: RUN-NDHM_2022-07-11_RFR-018 | AH12: =VLOOKUP(AG12,'Run Reconcile'!A$2:B49,2,FALSE) -> 44753 | AI12: =COUNTIF('APS Tubes Import'!$V$2:$V49, AG12) -> 1 | AJ12: =COUNTIFS('APS Tubes Import'!V$2:V49, AG12, 'APS Tubes Import'!H$2:H49, "Negative") -> 1 | AK12: =COUNTIFS('APS Tubes Import'!V$2:V49, AG12, 'APS Tubes Import'!H$2:H49, "Positive") -> 0 | AL12: =COUNTIFS('APS Tubes Import'!V$2:V49, AG12, 'APS Tubes Import'!H$2:H49, "Inconclusive") -> 0 | AM12: =COUNTIFS('APS Tubes Import'!V$2:V49, AG12, 'APS Tubes Import'!H$2:H49, "Null") -> 0 | AO12: ='APS Tubes by Date Import'!B11 -> 44725 | AP12: ='APS Tubes by Date Import'!C11 -> 4 | AQ12: ='APS Tubes by Date Import'!D11 -> 4 | AR12: ='APS Tubes by Date Import'!E11 -> 0 | AS12: ='APS Tubes by Date Import'!F11 -> 0 | AT12: ='APS Tubes by Date Import'!G11 -> 0
A13: RUN-NDHM_2022-07-18_RFR-019 | B13: =VLOOKUP(A13,'ALL Tube Results'!$B$2:$D49,2,FALSE) -> 44760 | C13: =COUNTIF('ALL Tube Results'!B12:B49, A13) -> 1 | D13: =COUNTIFS('ALL Tube Results'!$B12:$B49, $A13, 'ALL Tube Results'!$F12:$F49, "Negative") -> 1 | E13: =COUNTIFS('ALL Tube Results'!$B12:$B49, $A13, 'ALL Tube Results'!$F12:$F49, "Positive") -> 0 | F13: =COUNTIFS('ALL Tube Results'!$B12:$B49, $A13, 'ALL Tube Results'!$F12:$F49, "Inconclusive") -> 0 | G13: =IFERROR(VLOOKUP($A13,R$3:T59,3,FALSE),IFERROR(0/0,"") ) -> 1 | H13: =IF($C13=G13,IFERROR(0/0,""),$C13-G13) | I13: =IFERROR(VLOOKUP($A13,Y$3:AA59,3,FALSE),IFERROR(0/0,"") ) -> 1 | J13: =IFERROR(VLOOKUP($A13,Y$3:AD59,5,FALSE),IFERROR(0/0,"") ) -> 0 | K13: =IFERROR(VLOOKUP($A13,Y$3:AD59,6,FALSE),IFERROR(0/0,"")) -> 0 | L13: =IF($C13=I13,IFERROR(0/0,""),$C13-I13) | M13: =IF($E13=J13,IFERROR(0/0,""),$E13-J13) | N13: =IF($F13=K13,IFERROR(0/0,""),$F13-K13) | O13: =IFERROR(VLOOKUP($A13,AG$3:AI59,3,FALSE),IFERROR(0/0,"") ) -> 1 | P13: =IF($C13=O13,IFERROR(0/0,""),$C13-O13) | R13: RUN-NDHM_2022-07-18_RFR-019 | S13: 44760 | T13: =VLOOKUP(R13,'Run Reconcile'!$A$2:$L49,12,FALSE) -> 1 | Y13: =IFERROR(__xludf.DUMMYFUNCTION("""COMPUTED_VALUE"""),"RUN-NDHM_2022-07-18_RFR-019") -> RUN-NDHM_2022-07-18_RFR-019 | Z13: =IFERROR(__xludf.DUMMYFUNCTION("""COMPUTED_VALUE"""),44760.0) -> 44760 | AA13: {=INDEX('RFR Data - preExcl'!AK$2:AK49,$AE13,1)} -> 1 | AB13: =AA13-AC13-AD13 -> 1 | AC13: {=INDEX('RFR Data - preExcl'!AI$2:AI49,$AE13,1)} -> 0 | AD13: {=INDEX('RFR Data - preExcl'!AF$2:AF49,$AE13,1)} -> 0 | AE13: =IFNA(MATCH(Y13,'RFR Data - preExcl'!A$2:A49,0),"") -> 19 | AG13: RUN-NDHM_2022-07-18_RFR-019 | AH13: =VLOOKUP(AG13,'Run Reconcile'!A$2:B49,2,FALSE) -> 44760 | AI13: =COUNTIF('APS Tubes Import'!$V$2:$V49, AG13) -> 1 | AJ13: =COUNTIFS('APS Tubes Import'!V$2:V49, AG13, 'APS Tubes Import'!H$2:H49, "Negative") -> 1 | AK13: =COUNTIFS('APS Tubes Import'!V$2:V49, AG13, 'APS Tubes Import'!H$2:H49, "Positive") -> 0 | AL13: =COUNTIFS('APS Tubes Import'!V$2:V49, AG13, 'APS Tubes Import'!H$2:H49, "Inconclusive") -> 0 | AM13: =COUNTIFS('APS Tubes Import'!V$2:V49, AG13, 'APS Tubes Import'!H$2:H49, "Null") -> 0 | AO13: ='APS Tubes by Date Import'!B12 -> 44733 | AP13: ='APS Tubes by Date Import'!C12 -> 2 | AQ13: ='APS Tubes by Date Import'!D12 -> 2 | AR13: ='APS Tubes by Date Import'!E12 -> 0 | AS13: ='APS Tubes by Date Import'!F12 -> 0 | AT13: ='APS Tubes by Date Import'!G12 -> 0
A14: RUN-NDHM_2022-07-25_RFR-020 | B14: =VLOOKUP(A14,'ALL Tube Results'!$B$2:$D49,2,FALSE) -> 44767 | C14: =COUNTIF('ALL Tube Results'!B13:B49, A14) -> 3 | D14: =COUNTIFS('ALL Tube Results'!$B13:$B49, $A14, 'ALL Tube Results'!$F13:$F49, "Negative") -> 3 | E14: =COUNTIFS('ALL Tube Results'!$B13:$B49, $A14, 'ALL Tube Results'!$F13:$F49, "Positive") -> 0 | F14: =COUNTIFS('ALL Tube Results'!$B13:$B49, $A14, 'ALL Tube Results'!$F13:$F49, "Inconclusive") -> 0 | G14: =IFERROR(VLOOKUP($A14,R$3:T60,3,FALSE),IFERROR(0/0,"") ) -> 3 | H14: =IF($C14=G14,IFERROR(0/0,""),$C14-G14) | I14: =IFERROR(VLOOKUP($A14,Y$3:AA60,3,FALSE),IFERROR(0/0,"") ) -> 3 | J14: =IFERROR(VLOOKUP($A14,Y$3:AD60,5,FALSE),IFERROR(0/0,"") ) -> 0 | K14: =IFERROR(VLOOKUP($A14,Y$3:AD60,6,FALSE),IFERROR(0/0,"")) -> 0 | L14: =IF($C14=I14,IFERROR(0/0,""),$C14-I14) | M14: =IF($E14=J14,IFERROR(0/0,""),$E14-J14) | N14: =IF($F14=K14,IFERROR(0/0,""),$F14-K14) | O14: =IFERROR(VLOOKUP($A14,AG$3:AI60,3,FALSE),IFERROR(0/0,"") ) -> 3 | P14: =IF($C14=O14,IFERROR(0/0,""),$C14-O14) | R14: RUN-NDHM_2022-07-25_RFR-020 | S14: 44767 | T14: =VLOOKUP(R14,'Run Reconcile'!$A$2:$L49,12,FALSE) -> 3 | Y14: =IFERROR(__xludf.DUMMYFUNCTION("""COMPUTED_VALUE"""),"RUN-NDHM_2022-07-25_RFR-020") -> RUN-NDHM_2022-07-25_RFR-020 | Z14: =IFERROR(__xludf.DUMMYFUNCTION("""COMPUTED_VALUE"""),44767.0) -> 44767 | AA14: {=INDEX('RFR Data - preExcl'!AK$2:AK49,$AE14,1)} -> 3 | AB14: =AA14-AC14-AD14 -> 3 | AC14: {=INDEX('RFR Data - preExcl'!AI$2:AI49,$AE14,1)} -> 0 | AD14: {=INDEX('RFR Data - preExcl'!AF$2:AF49,$AE14,1)} -> 0 | AE14: =IFNA(MATCH(Y14,'RFR Data - preExcl'!A$2:A49,0),"") -> 20 | AG14: RUN-NDHM_2022-07-25_RFR-020 | AH14: =VLOOKUP(AG14,'Run Reconcile'!A$2:B49,2,FALSE) -> 44767 | AI14: =COUNTIF('APS Tubes Import'!$V$2:$V49, AG14) -> 3 | AJ14: =COUNTIFS('APS Tubes Import'!V$2:V49, AG14, 'APS Tubes Import'!H$2:H49, "Negative") -> 3 | AK14: =COUNTIFS('APS Tubes Import'!V$2:V49, AG14, 'APS Tubes Import'!H$2:H49, "Positive") -> 0 | AL14: =COUNTIFS('APS Tubes Import'!V$2:V49, AG14, 'APS Tubes Import'!H$2:H49, "Inconclusive") -> 0 | AM14: =COUNTIFS('APS Tubes Import'!V$2:V49, AG14, 'APS Tubes Import'!H$2:H49, "Null") -> 0 | AO14: ='APS Tubes by Date Import'!B13 -> 44739 | AP14: ='APS Tubes by Date Import'!C13 -> 1 | AQ14: ='APS Tubes by Date Import'!D13 -> 1 | AR14: ='APS Tubes by Date Import'!E13 -> 0 | AS14: ='APS Tubes by Date Import'!F13 -> 0 | AT14: ='APS Tubes by Date Import'!G13 -> 0
A15: RUN-NDHM_2022-08-01_APS-001 | B15: =VLOOKUP(A15,'ALL Tube Results'!$B$2:$D49,2,FALSE) -> 44774 | C15: =COUNTIF('ALL Tube Results'!B14:B49, A15) -> 1 | D15: =COUNTIFS('ALL Tube Results'!$B14:$B49, $A15, 'ALL Tube Results'!$F14:$F49, "Negative") -> 1 | E15: =COUNTIFS('ALL Tube Results'!$B14:$B49, $A15, 'ALL Tube Results'!$F14:$F49, "Positive") -> 0 | F15: =COUNTIFS('ALL Tube Results'!$B14:$B49, $A15, 'ALL Tube Results'!$F14:$F49, "Inconclusive") -> 0 | G15: =IFERROR(VLOOKUP($A15,R$3:T61,3,FALSE),IFERROR(0/0,"") ) -> 1 | H15: =IF($C15=G15,IFERROR(0/0,""),$C15-G15) | I15: =IFERROR(VLOOKUP($A15,Y$3:AA61,3,FALSE),IFERROR(0/0,"") ) | J15: =IFERROR(VLOOKUP($A15,Y$3:AD61,5,FALSE),IFERROR(0/0,"") ) | K15: =IFERROR(VLOOKUP($A15,Y$3:AD61,6,FALSE),IFERROR(0/0,"")) | L15: =IF($C15=I15,IFERROR(0/0,""),$C15-I15) -> 1 | M15: =IF($E15=J15,IFERROR(0/0,""),$E15-J15) | N15: =IF($F15=K15,IFERROR(0/0,""),$F15-K15) | O15: =IFERROR(VLOOKUP($A15,AG$3:AI61,3,FALSE),IFERROR(0/0,"") ) -> 1 | P15: =IF($C15=O15,IFERROR(0/0,""),$C15-O15) | R15: RUN-NDHM_2022-08-01_APS-001 | S15: 44774 | T15: =VLOOKUP(R15,'Run Reconcile'!$A$2:$L49,12,FALSE) -> 1 | Y15: =IFERROR(__xludf.DUMMYFUNCTION("""COMPUTED_VALUE"""),"RUN-NDHM_2022-10-03_RFR-021") -> RUN-NDHM_2022-10-03_RFR-021 | Z15: =IFERROR(__xludf.DUMMYFUNCTION("""COMPUTED_VALUE"""),44837.0) -> 44837 | AA15: {=INDEX('RFR Data - preExcl'!AK$2:AK49,$AE15,1)} -> 1 | AB15: =AA15-AC15-AD15 -> 1 | AC15: {=INDEX('RFR Data - preExcl'!AI$2:AI49,$AE15,1)} -> 0 | AD15: {=INDEX('RFR Data - preExcl'!AF$2:AF49,$AE15,1)} -> 0 | AE15: =IFNA(MATCH(Y15,'RFR Data - preExcl'!A$2:A49,0),"") -> 21 | AG15: RUN-NDHM_2022-08-01_APS-001 | AH15: =VLOOKUP(AG15,'Run Reconcile'!A$2:B49,2,FALSE) -> 44774 | AI15: =COUNTIF('APS Tubes Import'!$V$2:$V49, AG15) -> 1 | AJ15: =COUNTIFS('APS Tubes Import'!V$2:V49, AG15, 'APS Tubes Import'!H$2:H49, "Negative") -> 1 | AK15: =COUNTIFS('APS Tubes Import'!V$2:V49, AG15, 'APS Tubes Import'!H$2:H49, "Positive") -> 0 | AL15: =COUNTIFS('APS Tubes Import'!V$2:V49, AG15, 'APS Tubes Import'!H$2:H49, "Inconclusive") -> 0 | AM15: =COUNTIFS('APS Tubes Import'!V$2:V49, AG15, 'APS Tubes Import'!H$2:H49, "Null") -> 0 | AO15: ='APS Tubes by Date Import'!B14 -> 44753 | AP15: ='APS Tubes by Date Import'!C14 -> 1 | AQ15: ='APS Tubes by Date Import'!D14 -> 1 | AR15: ='APS Tubes by Date Import'!E14 -> 0 | AS15: ='APS Tubes by Date Import'!F14 -> 0 | AT15: ='APS Tubes by Date Import'!G14 -> 0
A16: RUN-NDHM_2022-09-12_APS-002 | B16: =VLOOKUP(A16,'ALL Tube Results'!$B$2:$D49,2,FALSE) -> 44816 | C16: =COUNTIF('ALL Tube Results'!B15:B49, A16) -> 1 | D16: =COUNTIFS('ALL Tube Results'!$B15:$B49, $A16, 'ALL Tube Results'!$F15:$F49, "Negative") -> 1 | E16: =COUNTIFS('ALL Tube Results'!$B15:$B49, $A16, 'ALL Tube Results'!$F15:$F49, "Positive") -> 0 | F16: =COUNTIFS('ALL Tube Results'!$B15:$B49, $A16, 'ALL Tube Results'!$F15:$F49, "Inconclusive") -> 0 | G16: =IFERROR(VLOOKUP($A16,R$3:T62,3,FALSE),IFERROR(0/0,"") ) -> 1 | H16: =IF($C16=G16,IFERROR(0/0,""),$C16-G16) | I16: =IFERROR(VLOOKUP($A16,Y$3:AA62,3,FALSE),IFERROR(0/0,"") ) | J16: =IFERROR(VLOOKUP($A16,Y$3:AD62,5,FALSE),IFERROR(0/0,"") ) | K16: =IFERROR(VLOOKUP($A16,Y$3:AD62,6,FALSE),IFERROR(0/0,"")) | L16: =IF($C16=I16,IFERROR(0/0,""),$C16-I16) -> 1 | M16: =IF($E16=J16,IFERROR(0/0,""),$E16-J16) | N16: =IF($F16=K16,IFERROR(0/0,""),$F16-K16) | O16: =IFERROR(VLOOKUP($A16,AG$3:AI62,3,FALSE),IFERROR(0/0,"") ) -> 1 | P16: =IF($C16=O16,IFERROR(0/0,""),$C16-O16) | R16: RUN-NDHM_2022-09-12_APS-002 | S16: 44816 | T16: =VLOOKUP(R16,'Run Reconcile'!$A$2:$L49,12,FALSE) -> 1 | AG16: RUN-NDHM_2022-09-12_APS-002 | AH16: =VLOOKUP(AG16,'Run Reconcile'!A$2:B49,2,FALSE) -> 44816 | AI16: =COUNTIF('APS Tubes Import'!$V$2:$V49, AG16) -> 1 | AJ16: =COUNTIFS('APS Tubes Import'!V$2:V49, AG16, 'APS Tubes Import'!H$2:H49, "Negative") -> 1 | AK16: =COUNTIFS('APS Tubes Import'!V$2:V49, AG16, 'APS Tubes Import'!H$2:H49, "Positive") -> 0 | AL16: =COUNTIFS('APS Tubes Import'!V$2:V49, AG16, 'APS Tubes Import'!H$2:H49, "Inconclusive") -> 0 | AM16: =COUNTIFS('APS Tubes Import'!V$2:V49, AG16, 'APS Tubes Import'!H$2:H49, "Null") -> 0 | AO16: ='APS Tubes by Date Import'!B15 -> 44760 | AP16: ='APS Tubes by Date Import'!C15 -> 1 | AQ16: ='APS Tubes by Date Import'!D15 -> 1 | AR16: ='APS Tubes by Date Import'!E15 -> 0 | AS16: ='APS Tubes by Date Import'!F15 -> 0 | AT16: ='APS Tubes by Date Import'!G15 -> 0
A17: RUN-NDHM_2022-10-03_RFR-021 | B17: =VLOOKUP(A17,'ALL Tube Results'!$B$2:$D49,2,FALSE) -> 44837 | C17: =COUNTIF('ALL Tube Results'!B16:B49, A17) -> 1 | D17: =COUNTIFS('ALL Tube Results'!$B16:$B49, $A17, 'ALL Tube Results'!$F16:$F49, "Negative") -> 1 | E17: =COUNTIFS('ALL Tube Results'!$B16:$B49, $A17, 'ALL Tube Results'!$F16:$F49, "Positive") -> 0 | F17: =COUNTIFS('ALL Tube Results'!$B16:$B49, $A17, 'ALL Tube Results'!$F16:$F49, "Inconclusive") -> 0 | G17: =IFERROR(VLOOKUP($A17,R$3:T63,3,FALSE),IFERROR(0/0,"") ) -> 1 | H17: =IF($C17=G17,IFERROR(0/0,""),$C17-G17) | I17: =IFERROR(VLOOKUP($A17,Y$3:AA63,3,FALSE),IFERROR(0/0,"") ) -> 1 | J17: =IFERROR(VLOOKUP($A17,Y$3:AD63,5,FALSE),IFERROR(0/0,"") ) -> 0 | K17: =IFERROR(VLOOKUP($A17,Y$3:AD63,6,FALSE),IFERROR(0/0,"")) -> 0 | L17: =IF($C17=I17,IFERROR(0/0,""),$C17-I17) | M17: =IF($E17=J17,IFERROR(0/0,""),$E17-J17) | N17: =IF($F17=K17,IFERROR(0/0,""),$F17-K17) | O17: =IFERROR(VLOOKUP($A17,AG$3:AI63,3,FALSE),IFERROR(0/0,"") ) -> 1 | P17: =IF($C17=O17,IFERROR(0/0,""),$C17-O17) | R17: RUN-NDHM_2022-10-03_RFR-021 | S17: 44837 | T17: =VLOOKUP(R17,'Run Reconcile'!$A$2:$L49,12,FALSE) -> 1 | AG17: RUN-NDHM_2022-10-03_RFR-021 | AH17: =VLOOKUP(AG17,'Run Reconcile'!A$2:B49,2,FALSE) -> 44837 | AI17: =COUNTIF('APS Tubes Import'!$V$2:$V49, AG17) -> 1 | AJ17: =COUNTIFS('APS Tubes Import'!V$2:V49, AG17, 'APS Tubes Import'!H$2:H49, "Negative") -> 1 | AK17: =COUNTIFS('APS Tubes Import'!V$2:V49, AG17, 'APS Tubes Import'!H$2:H49, "Positive") -> 0 | AL17: =COUNTIFS('APS Tubes Import'!V$2:V49, AG17, 'APS Tubes Import'!H$2:H49, "Inconclusive") -> 0 | AM17: =COUNTIFS('APS Tubes Import'!V$2:V49, AG17, 'APS Tubes Import'!H$2:H49, "Null") -> 0 | AO17: ='APS Tubes by Date Import'!B16 -> 44767 | AP17: ='APS Tubes by Date Import'!C16 -> 3 | AQ17: ='APS Tubes by Date Import'!D16 -> 3 | AR17: ='APS Tubes by Date Import'!E16 -> 0 | AS17: ='APS Tubes by Date Import'!F16 -> 0 | AT17: ='APS Tubes by Date Import'!G16 -> 0
S18: 44689 | AO18: ='APS Tubes by Date Import'!B17 -> 44774 | AP18: ='APS Tubes by Date Import'!C17 -> 1 | AQ18: ='APS Tubes by Date Import'!D17 -> 1 | AR18: ='APS Tubes by Date Import'!E17 -> 0 | AS18: ='APS Tubes by Date Import'!F17 -> 0 | AT18: ='APS Tubes by Date Import'!G17 -> 0
S19: 44696 | AO19: ='APS Tubes by Date Import'!B18 -> 44816 | AP19: ='APS Tubes by Date Import'!C18 -> 1 | AQ19: ='APS Tubes by Date Import'!D18 -> 1 | AR19: ='APS Tubes by Date Import'!E18 -> 0 | AS19: ='APS Tubes by Date Import'!F18 -> 0 | AT19: ='APS Tubes by Date Import'!G18 -> 0
S20: 44712 | AO20: ='APS Tubes by Date Import'!B19 -> 44837 | AP20: ='APS Tubes by Date Import'!C19 -> 1 | AQ20: ='APS Tubes by Date Import'!D19 -> 1 | AR20: ='APS Tubes by Date Import'!E19 -> 0 | AS20: ='APS Tubes by Date Import'!F19 -> 0 | AT20: ='APS Tubes by Date Import'!G19 -> 0
AO21: ='APS Tubes by Date Import'!B20 | AP21: ='APS Tubes by Date Import'!C20 | AQ21: ='APS Tubes by Date Import'!D20 | AR21: ='APS Tubes by Date Import'!E20 | AS21: ='APS Tubes by Date Import'!F20 | AT21: ='APS Tubes by Date Import'!G20
AO22: ='APS Tubes by Date Import'!B21 | AP22: ='APS Tubes by Date Import'!C21 | AQ22: ='APS Tubes by Date Import'!D21 | AR22: ='APS Tubes by Date Import'!E21 | AS22: ='APS Tubes by Date Import'!F21 | AT22: ='APS Tubes by Date Import'!G21
AO23: ='APS Tubes by Date Import'!B22 | AP23: ='APS Tubes by Date Import'!C22 | AQ23: ='APS Tubes by Date Import'!D22 | AR23: ='APS Tubes by Date Import'!E22 | AS23: ='APS Tubes by Date Import'!F22 | AT23: ='APS Tubes by Date Import'!G22
AO24: ='APS Tubes by Date Import'!B23 | AP24: ='APS Tubes by Date Import'!C23 | AQ24: ='APS Tubes by Date Import'!D23 | AR24: ='APS Tubes by Date Import'!E23 | AS24: ='APS Tubes by Date Import'!F23 | AT24: ='APS Tubes by Date Import'!G23
AO25: ='APS Tubes by Date Import'!B24 | AP25: ='APS Tubes by Date Import'!C24 | AQ25: ='APS Tubes by Date Import'!D24 | AR25: ='APS Tubes by Date Import'!E24 | AS25: ='APS Tubes by Date Import'!F24 | AT25: ='APS Tubes by Date Import'!G24
AO26: ='APS Tubes by Date Import'!B25 | AP26: ='APS Tubes by Date Import'!C25 | AQ26: ='APS Tubes by Date Import'!D25 | AR26: ='APS Tubes by Date Import'!E25 | AS26: ='APS Tubes by Date Import'!F25 | AT26: ='APS Tubes by Date Import'!G25
AO27: ='APS Tubes by Date Import'!B26 | AP27: ='APS Tubes by Date Import'!C26 | AQ27: ='APS Tubes by Date Import'!D26 | AR27: ='APS Tubes by Date Import'!E26 | AS27: ='APS Tubes by Date Import'!F26 | AT27: ='APS Tubes by Date Import'!G26
AO28: ='APS Tubes by Date Import'!B27 | AP28: ='APS Tubes by Date Import'!C27 | AQ28: ='APS Tubes by Date Import'!D27 | AR28: ='APS Tubes by Date Import'!E27 | AS28: ='APS Tubes by Date Import'!F27 | AT28: ='APS Tubes by Date Import'!G27
AO29: ='APS Tubes by Date Import'!B28 | AP29: ='APS Tubes by Date Import'!C28 | AQ29: ='APS Tubes by Date Import'!D28 | AR29: ='APS Tubes by Date Import'!E28 | AS29: ='APS Tubes by Date Import'!F28 | AT29: ='APS Tubes by Date Import'!G28
AO30: ='APS Tubes by Date Import'!B29 | AP30: ='APS Tubes by Date Import'!C29 | AQ30: ='APS Tubes by Date Import'!D29 | AR30: ='APS Tubes by Date Import'!E29 | AS30: ='APS Tubes by Date Import'!F29 | AT30: ='APS Tubes by Date Import'!G29
AO31: ='APS Tubes by Date Import'!B30 | AP31: ='APS Tubes by Date Import'!C30 | AQ31: ='APS Tubes by Date Import'!D30 | AR31: ='APS Tubes by Date Import'!E30 | AS31: ='APS Tubes by Date Import'!F30 | AT31: ='APS Tubes by Date Import'!G30
AO32: ='APS Tubes by Date Import'!B31 | AP32: ='APS Tubes by Date Import'!C31 | AQ32: ='APS Tubes by Date Import'!D31 | AR32: ='APS Tubes by Date Import'!E31 | AS32: ='APS Tubes by Date Import'!F31 | AT32: ='APS Tubes by Date Import'!G31
... AO46: ='APS Tubes by Date Import'!B45 | AP46: ='APS Tubes by Date Import'!C45 | AQ46: ='APS Tubes by Date Import'!D45 | AR46: ='APS Tubes by Date Import'!E45 | AS46: ='APS Tubes by Date Import'!F45 | AT46: ='APS Tubes by Date Import'!G45
U47: =IF(T47=C47,IFERROR(0/0,""),T47-C47) | AO47: ='APS Tubes by Date Import'!B46 | AP47: ='APS Tubes by Date Import'!C46 | AQ47: ='APS Tubes by Date Import'!D46 | AR47: ='APS Tubes by Date Import'!E46 | AS47: ='APS Tubes by Date Import'!F46 | AT47: ='APS Tubes by Date Import'!G46
U48: =IF(T48=C48,IFERROR(0/0,""),T48-C48) | AO48: ='APS Tubes by Date Import'!B47 | AP48: ='APS Tubes by Date Import'!C47 | AQ48: ='APS Tubes by Date Import'!D47 | AR48: ='APS Tubes by Date Import'!E47 | AS48: ='APS Tubes by Date Import'!F47 | AT48: ='APS Tubes by Date Import'!G47
U49: =IF(T49=C49,IFERROR(0/0,""),T49-C49) | AO49: ='APS Tubes by Date Import'!B48 | AP49: ='APS Tubes by Date Import'!C48 | AQ49: ='APS Tubes by Date Import'!D48 | AR49: ='APS Tubes by Date Import'!E48 | AS49: ='APS Tubes by Date Import'!F48 | AT49: ='APS Tubes by Date Import'!G48

Sheet Run Reconcile
A1: RUN ID | B1: RUN DATE | C1: Run with No RFR? | D1: ='RFR Data - preExcl'!E1 -> RAW Num of Samples (Gform) | E1: ='RFR Data - preExcl'!Z1 -> Num Rxn Including Controls (from paper form) | F1: PHOTO RESULTS Num rxn (excl ctrls) | G1: ='RFR Data - preExcl'!AK1 -> RFR Audit Num Run Tubes | H1: Run Code | I1: APS NUM COLLECT TUBES | J1: ='APS Tubes by Date Import'!J1 -> All Non-Null Tubes Resulted Same Day? | K1: =IF(SUM(K3:K23)>0,"Num NULL > 0 NEEDS CHANGE", "Num NULL = 0 OK") -> Num NULL = 0 OK | L1: =CONCATENATE("Reconciled Tube Run Count ",SUM(L2:L63)) -> Reconciled Tube Run Count 80 | M1: Final Num - APS Num Tubes | N1: Tube Run Count Reconcile Code | O1: Assign Run ID by Collect Date | P1: RUN COUNT RECONCILE CODE REASON - Process Ref tab | Q1: Count Reconcile Notes | R1: preExcl Match Row | T1: Stacked Run ID Internal | U1: Stacked Date: RFR (Top) APS Tubes Collection (Bottom) | V1: APS Tubes Collection Date | W1: APS Run Number | Y1: Run ID - Reruns | Z1: =COUNTA(Z2:Z63) -> 3 | AA1: Num rxn (excl ctrls) | AB1: RFR Audit Num Run Tubes | AD1: APS Only Runs | AE1: =SUM(AE2:AE63) -> 0
A2: {=SORT(UNIQUE(T2:U63),2,TRUE)} -> RUN-NDHM_2022-05-02_RFR-006 | B2: 44683 | D2: {=IF(OR(ISBLANK($A2),$C2),IFERROR(0/0,""),INDEX('RFR Data - preExcl'!E$2:E63,$R2,1))} -> 14 | E2: {=IF(OR(ISBLANK($A2),$C2),IFERROR(0/0,""),INDEX('RFR Data - preExcl'!Z$2:Z63,$R2,1))} | F2: {=IF(OR(ISBLANK(A2),C2),IFERROR(0/0,""),INDEX('RFR Data - preExcl'!AC$2:AC63,$R2,1))} -> 18 | G2: {=IF(OR(ISBLANK(A2),C2),IFERROR(0/0,""),INDEX('RFR Data - preExcl'!AK$2:AK63,$R2,1))} -> 18 | H2: {=IF(OR(ISBLANK(A2),C2),IFERROR(0/0,""),INDEX('RFR Data - preExcl'!AL$2:AL63,$R2,1))} -> 1.1 | I2: =IFERROR(VLOOKUP($B2,'APS Tubes by Date Import'!$B$2:$J63,2,FALSE),"") -> 17 | J2: =IFERROR(VLOOKUP($B2,'APS Tubes by Date Import'!$B$2:$J63,9,FALSE),"") | K2: =IFNA(VLOOKUP($B2,'APS Tubes by Date Import'!$B$2:$J63,6,FALSE),"") -> 0 | L2: 17 | M2: =L2-I2 -> 0 | N2: 0 | O2: =IF(ISBLANK(M2),IFERROR(0/0,""),IF($BX2<=4,TRUE,IFERROR(0/0,""))) -> TRUE | P2: =IF(ISBLANK(N2),IFERROR(0/0,""),IFERROR(VLOOKUP(N2, 'Process Ref'!$A$220:$D$250, 2, FALSE), IFERROR(0/0,""))) -> ALL 3 COUNTS SAME meaning APS Collect = APS Result = RFR | R2: =IFNA(MATCH(A2,'RFR Data - preExcl'!A$2:A63,0),"") -> 6 | T2: =IF(EXACT('RFR Data - preExcl'!W2,"Initial"),'RFR Data - preExcl'!A2,IFERROR(0/0,"")) | U2: =IF(EXACT('RFR Data - preExcl'!W2,"Initial"),'RFR Data - preExcl'!U2,IFERROR(0/0,"")) | Y2: =IFERROR(__xludf.DUMMYFUNCTION("SORT(FILTER('RFR Data - preExcl'!A2:B63,'RFR Data - preExcl'!$W2:$W63=""Re-run"")) "),"RUN-NDHM_2022-05-02_RFR-007_Re-run") -> RUN-NDHM_2022-05-02_RFR-007_Re-run | Z2: =IFERROR(__xludf.DUMMYFUNCTION("""COMPUTED_VALUE"""),44683.359189814815) -> 44683.359 | AA2: =VLOOKUP($Y2,'RFR Data - preExcl'!$A$2:$AK63,29,FALSE) -> 9 | AB2: =VLOOKUP($Y2,'RFR Data - preExcl'!$A$2:$AK63,37,FALSE) -> 3 | AD2: =IFERROR(__xludf.DUMMYFUNCTION("SORT(FILTER(A2:A63,ISNUMBER(SEARCH(""APS"",A2:A63)))) "),"RUN-NDHM_2022-08-01_APS-001") -> RUN-NDHM_2022-08-01_APS-001
B3: 44689 | D3: {=IF(OR(ISBLANK($A3),C3),IFERROR(0/0,""),INDEX('RFR Data - preExcl'!E$2:E63,$R3,1))} | E3: {=IF(OR(ISBLANK($A3),$C3),IFERROR(0/0,""),INDEX('RFR Data - preExcl'!Z$2:Z63,$R3,1))} | F3: {=IF(OR(ISBLANK(A3),C3),IFERROR(0/0,""),INDEX('RFR Data - preExcl'!AC$2:AC63,$R3,1))} | G3: {=IF(OR(ISBLANK(A3),C3),IFERROR(0/0,""),INDEX('RFR Data - preExcl'!AK$2:AK63,$R3,1))} | H3: {=IF(OR(ISBLANK(A3),C3),IFERROR(0/0,""),INDEX('RFR Data - preExcl'!AL$2:AL63,$R3,1))} | I3: =IFERROR(VLOOKUP($B3,'APS Tubes by Date Import'!$B$2:$J63,2,FALSE),"") -> 1 | J3: =IFERROR(VLOOKUP($B3,'APS Tubes by Date Import'!$B$2:$J63,9,FALSE),"") | K3: =IFNA(VLOOKUP($B3,'APS Tubes by Date Import'!$B$2:$J63,6,FALSE),"") -> 0 | L3: =G3 | N3: 6.1 | O3: =IF(ISBLANK(M3),IFERROR(0/0,""),IF($BX3<=4,TRUE,IFERROR(0/0,""))) | P3: =IF(ISBLANK(N3),IFERROR(0/0,""),IFERROR(VLOOKUP(N3, 'Process Ref'!$A$220:$D$250, 2, FALSE), IFERROR(0/0,""))) -> No Run - APS Collect run next day | R3: =IFNA(MATCH(A3,'RFR Data - preExcl'!A$2:A63,0),"") | T3: =IF(EXACT('RFR Data - preExcl'!W3,"Initial"),'RFR Data - preExcl'!A3,IFERROR(0/0,"")) | U3: =IF(EXACT('RFR Data - preExcl'!W3,"Initial"),'RFR Data - preExcl'!U3,IFERROR(0/0,"")) | Y3: =IFERROR(__xludf.DUMMYFUNCTION("""COMPUTED_VALUE"""),"RUN-NDHM_2022-05-02_RFR-008_Re-run") -> RUN-NDHM_2022-05-02_RFR-008_Re-run | Z3: =IFERROR(__xludf.DUMMYFUNCTION("""COMPUTED_VALUE"""),44683.38811342593) -> 44683.388 | AA3: =VLOOKUP($Y3,'RFR Data - preExcl'!$A$2:$AK63,29,FALSE) -> 6 | AB3: =VLOOKUP($Y3,'RFR Data - preExcl'!$A$2:$AK63,37,FALSE) -> 1 | AD3: =IFERROR(__xludf.DUMMYFUNCTION("""COMPUTED_VALUE"""),"RUN-NDHM_2022-09-12_APS-002") -> RUN-NDHM_2022-09-12_APS-002
A4: RUN-NDHM_2022-05-09_RFR-009 | B4: 44690 | D4: {=IF(OR(ISBLANK($A4),C4),IFERROR(0/0,""),INDEX('RFR Data - preExcl'!E$2:E63,$R4,1))} -> 9 | E4: {=IF(OR(ISBLANK($A4),$C4),IFERROR(0/0,""),INDEX('RFR Data - preExcl'!Z$2:Z63,$R4,1))} -> 11 | F4: {=IF(OR(ISBLANK(A4),C4),IFERROR(0/0,""),INDEX('RFR Data - preExcl'!AC$2:AC63,$R4,1))} -> 9 | G4: {=IF(OR(ISBLANK(A4),C4),IFERROR(0/0,""),INDEX('RFR Data - preExcl'!AK$2:AK63,$R4,1))} -> 9 | H4: {=IF(OR(ISBLANK(A4),C4),IFERROR(0/0,""),INDEX('RFR Data - preExcl'!AL$2:AL63,$R4,1))} -> 0 | I4: =IFERROR(VLOOKUP($B4,'APS Tubes by Date Import'!$B$2:$J63,2,FALSE),"") -> 7 | J4: =IFERROR(VLOOKUP($B4,'APS Tubes by Date Import'!$B$2:$J63,9,FALSE),"") -> TRUE | K4: =IFNA(VLOOKUP($B4,'APS Tubes by Date Import'!$B$2:$J63,6,FALSE),"") -> 0 | L4: =G4 -> 9 | M4: =L4-I4-I3 -> 1 | N4: 9 | O4: =IF(ISBLANK(M4),IFERROR(0/0,""),IF($BX4<=4,TRUE,IFERROR(0/0,""))) -> TRUE | P4: =IF(ISBLANK(N4),IFERROR(0/0,""),IFERROR(VLOOKUP(N4, 'Process Ref'!$A$220:$D$250, 2, FALSE), IFERROR(0/0,""))) | R4: =IFNA(MATCH(A4,'RFR Data - preExcl'!A$2:A63,0),"") -> 9 | T4: =IF(EXACT('RFR Data - preExcl'!W4,"Initial"),'RFR Data - preExcl'!A4,IFERROR(0/0,"")) | U4: =IF(EXACT('RFR Data - preExcl'!W4,"Initial"),'RFR Data - preExcl'!U4,IFERROR(0/0,"")) | Y4: =IFERROR(__xludf.DUMMYFUNCTION("""COMPUTED_VALUE"""),"RUN-NDHM_2022-06-13_RFR-015_Re-run") -> RUN-NDHM_2022-06-13_RFR-015_Re-run | Z4: =IFERROR(__xludf.DUMMYFUNCTION("""COMPUTED_VALUE"""),44725.41195601852) -> 44725.412 | AA4: =VLOOKUP($Y4,'RFR Data - preExcl'!$A$2:$AK63,29,FALSE) -> 3 | AB4: =VLOOKUP($Y4,'RFR Data - preExcl'!$A$2:$AK63,37,FALSE) -> 1
B5: 44696 | D5: {=IF(OR(ISBLANK($A5),C5),IFERROR(0/0,""),INDEX('RFR Data - preExcl'!E$2:E63,$R5,1))} | E5: {=IF(OR(ISBLANK($A5),$C5),IFERROR(0/0,""),INDEX('RFR Data - preExcl'!Z$2:Z63,$R5,1))} | F5: {=IF(OR(ISBLANK(A5),C5),IFERROR(0/0,""),INDEX('RFR Data - preExcl'!AC$2:AC63,$R5,1))} | G5: {=IF(OR(ISBLANK(A5),C5),IFERROR(0/0,""),INDEX('RFR Data - preExcl'!AK$2:AK63,$R5,1))} | H5: {=IF(OR(ISBLANK(A5),C5),IFERROR(0/0,""),INDEX('RFR Data - preExcl'!AL$2:AL63,$R5,1))} | I5: =IFERROR(VLOOKUP($B5,'APS Tubes by Date Import'!$B$2:$J63,2,FALSE),"") -> 1 | J5: =IFERROR(VLOOKUP($B5,'APS Tubes by Date Import'!$B$2:$J63,9,FALSE),"") | K5: =IFNA(VLOOKUP($B5,'APS Tubes by Date Import'!$B$2:$J63,6,FALSE),"") -> 0 | L5: =G5 | N5: 6.1 | O5: =IF(ISBLANK(M5),IFERROR(0/0,""),IF($BX5<=4,TRUE,IFERROR(0/0,""))) | P5: =IF(ISBLANK(N5),IFERROR(0/0,""),IFERROR(VLOOKUP(N5, 'Process Ref'!$A$220:$D$250, 2, FALSE), IFERROR(0/0,""))) -> No Run - APS Collect run next day | R5: =IFNA(MATCH(A5,'RFR Data - preExcl'!A$2:A63,0),"") | T5: =IF(EXACT('RFR Data - preExcl'!W5,"Initial"),'RFR Data - preExcl'!A5,IFERROR(0/0,"")) | U5: =IF(EXACT('RFR Data - preExcl'!W5,"Initial"),'RFR Data - preExcl'!U5,IFERROR(0/0,""))
A6: RUN-NDHM_2022-05-16_RFR-010 | B6: 44697 | D6: {=IF(OR(ISBLANK($A6),C6),IFERROR(0/0,""),INDEX('RFR Data - preExcl'!E$2:E63,$R6,1))} -> 10 | E6: {=IF(OR(ISBLANK($A6),$C6),IFERROR(0/0,""),INDEX('RFR Data - preExcl'!Z$2:Z63,$R6,1))} -> 12 | F6: {=IF(OR(ISBLANK(A6),C6),IFERROR(0/0,""),INDEX('RFR Data - preExcl'!AC$2:AC63,$R6,1))} -> 10 | G6: {=IF(OR(ISBLANK(A6),C6),IFERROR(0/0,""),INDEX('RFR Data - preExcl'!AK$2:AK63,$R6,1))} -> 10 | H6: {=IF(OR(ISBLANK(A6),C6),IFERROR(0/0,""),INDEX('RFR Data - preExcl'!AL$2:AL63,$R6,1))} -> 0 | I6: =IFERROR(VLOOKUP($B6,'APS Tubes by Date Import'!$B$2:$J63,2,FALSE),"") -> 9 | J6: =IFERROR(VLOOKUP($B6,'APS Tubes by Date Import'!$B$2:$J63,9,FALSE),"") -> TRUE | K6: =IFNA(VLOOKUP($B6,'APS Tubes by Date Import'!$B$2:$J63,6,FALSE),"") -> 0 | L6: =G6 -> 10 | M6: =L6-I6-I5 -> 0 | N6: 0.2 | O6: =IF(ISBLANK(M6),IFERROR(0/0,""),IF($BX6<=4,TRUE,IFERROR(0/0,""))) -> TRUE | P6: =IF(ISBLANK(N6),IFERROR(0/0,""),IFERROR(VLOOKUP(N6, 'Process Ref'!$A$220:$D$250, 2, FALSE), IFERROR(0/0,""))) -> ALL 3 COUNTS SAME with APS Collect on previous days | R6: =IFNA(MATCH(A6,'RFR Data - preExcl'!A$2:A63,0),"") -> 10 | T6: =IF(EXACT('RFR Data - preExcl'!W6,"Initial"),'RFR Data - preExcl'!A6,IFERROR(0/0,"")) | U6: =IF(EXACT('RFR Data - preExcl'!W6,"Initial"),'RFR Data - preExcl'!U6,IFERROR(0/0,""))
A7: RUN-NDHM_2022-05-23_RFR-011 | B7: 44704 | D7: {=IF(OR(ISBLANK($A7),C7),IFERROR(0/0,""),INDEX('RFR Data - preExcl'!E$2:E63,$R7,1))} -> 8 | E7: {=IF(OR(ISBLANK($A7),$C7),IFERROR(0/0,""),INDEX('RFR Data - preExcl'!Z$2:Z63,$R7,1))} -> 10 | F7: {=IF(OR(ISBLANK(A7),C7),IFERROR(0/0,""),INDEX('RFR Data - preExcl'!AC$2:AC63,$R7,1))} -> 8 | G7: {=IF(OR(ISBLANK(A7),C7),IFERROR(0/0,""),INDEX('RFR Data - preExcl'!AK$2:AK63,$R7,1))} -> 8 | H7: {=IF(OR(ISBLANK(A7),C7),IFERROR(0/0,""),INDEX('RFR Data - preExcl'!AL$2:AL63,$R7,1))} -> 0 | I7: =IFERROR(VLOOKUP($B7,'APS Tubes by Date Import'!$B$2:$J63,2,FALSE),"") -> 8 | J7: =IFERROR(VLOOKUP($B7,'APS Tubes by Date Import'!$B$2:$J63,9,FALSE),"") -> TRUE | K7: =IFNA(VLOOKUP($B7,'APS Tubes by Date Import'!$B$2:$J63,6,FALSE),"") -> 0 | L7: =G7 -> 8 | M7: =L7-I7 -> 0 | N7: 0 | O7: =IF(ISBLANK(M7),IFERROR(0/0,""),IF($BX7<=4,TRUE,IFERROR(0/0,""))) -> TRUE | P7: =IF(ISBLANK(N7),IFERROR(0/0,""),IFERROR(VLOOKUP(N7, 'Process Ref'!$A$220:$D$250, 2, FALSE), IFERROR(0/0,""))) -> ALL 3 COUNTS SAME meaning APS Collect = APS Result = RFR | R7: =IFNA(MATCH(A7,'RFR Data - preExcl'!A$2:A63,0),"") -> 11 | T7: =IF(EXACT('RFR Data - preExcl'!W7,"Initial"),'RFR Data - preExcl'!A7,IFERROR(0/0,"")) -> RUN-NDHM_2022-05-02_RFR-006 | U7: =IF(EXACT('RFR Data - preExcl'!W7,"Initial"),'RFR Data - preExcl'!U7,IFERROR(0/0,"")) -> 44683
B8: 44712 | D8: {=IF(OR(ISBLANK($A8),C8),IFERROR(0/0,""),INDEX('RFR Data - preExcl'!E$2:E63,$R8,1))} | E8: {=IF(OR(ISBLANK($A8),$C8),IFERROR(0/0,""),INDEX('RFR Data - preExcl'!Z$2:Z63,$R8,1))} | F8: {=IF(OR(ISBLANK(A8),C8),IFERROR(0/0,""),INDEX('RFR Data - preExcl'!AC$2:AC63,$R8,1))} | G8: {=IF(OR(ISBLANK(A8),C8),IFERROR(0/0,""),INDEX('RFR Data - preExcl'!AK$2:AK63,$R8,1))} | H8: {=IF(OR(ISBLANK(A8),C8),IFERROR(0/0,""),INDEX('RFR Data - preExcl'!AL$2:AL63,$R8,1))} | I8: =IFERROR(VLOOKUP($B8,'APS Tubes by Date Import'!$B$2:$J63,2,FALSE),"") -> 3 | J8: =IFERROR(VLOOKUP($B8,'APS Tubes by Date Import'!$B$2:$J63,9,FALSE),"") | K8: =IFNA(VLOOKUP($B8,'APS Tubes by Date Import'!$B$2:$J63,6,FALSE),"") -> 0 | L8: =G8 | N8: 6.1 | O8: =IF(ISBLANK(M8),IFERROR(0/0,""),IF($BX8<=4,TRUE,IFERROR(0/0,""))) | P8: =IF(ISBLANK(N8),IFERROR(0/0,""),IFERROR(VLOOKUP(N8, 'Process Ref'!$A$220:$D$250, 2, FALSE), IFERROR(0/0,""))) -> No Run - APS Collect run next day | R8: =IFNA(MATCH(A8,'RFR Data - preExcl'!A$2:A63,0),"") | T8: =IF(EXACT('RFR Data - preExcl'!W8,"Initial"),'RFR Data - preExcl'!A8,IFERROR(0/0,"")) | U8: =IF(EXACT('RFR Data - preExcl'!W8,"Initial"),'RFR Data - preExcl'!U8,IFERROR(0/0,""))
A9: RUN-NDHM_2022-06-01_RFR-012 | B9: 44713 | D9: {=IF(OR(ISBLANK($A9),C9),IFERROR(0/0,""),INDEX('RFR Data - preExcl'!E$2:E63,$R9,1))} -> 13 | E9: {=IF(OR(ISBLANK($A9),$C9),IFERROR(0/0,""),INDEX('RFR Data - preExcl'!Z$2:Z63,$R9,1))} -> 15 | F9: {=IF(OR(ISBLANK(A9),C9),IFERROR(0/0,""),INDEX('RFR Data - preExcl'!AC$2:AC63,$R9,1))} -> 14 | G9: {=IF(OR(ISBLANK(A9),C9),IFERROR(0/0,""),INDEX('RFR Data - preExcl'!AK$2:AK63,$R9,1))} -> 14 | H9: {=IF(OR(ISBLANK(A9),C9),IFERROR(0/0,""),INDEX('RFR Data - preExcl'!AL$2:AL63,$R9,1))} -> 0 | I9: =IFERROR(VLOOKUP($B9,'APS Tubes by Date Import'!$B$2:$J63,2,FALSE),"") -> 10 | J9: =IFERROR(VLOOKUP($B9,'APS Tubes by Date Import'!$B$2:$J63,9,FALSE),"") -> TRUE | K9: =IFNA(VLOOKUP($B9,'APS Tubes by Date Import'!$B$2:$J63,6,FALSE),"") -> 0 | L9: 13 | M9: =L9-I9-I8 -> 0 | N9: 0.2 | O9: =IF(ISBLANK(M9),IFERROR(0/0,""),IF($BX9<=4,TRUE,IFERROR(0/0,""))) -> TRUE | P9: =IF(ISBLANK(N9),IFERROR(0/0,""),IFERROR(VLOOKUP(N9, 'Process Ref'!$A$220:$D$250, 2, FALSE), IFERROR(0/0,""))) -> ALL 3 COUNTS SAME with APS Collect on previous days | R9: =IFNA(MATCH(A9,'RFR Data - preExcl'!A$2:A63,0),"") -> 12 | T9: =IF(EXACT('RFR Data - preExcl'!W9,"Initial"),'RFR Data - preExcl'!A9,IFERROR(0/0,"")) | U9: =IF(EXACT('RFR Data - preExcl'!W9,"Initial"),'RFR Data - preExcl'!U9,IFERROR(0/0,""))
A10: RUN-NDHM_2022-06-06_RFR-013 | B10: 44718 | D10: {=IF(OR(ISBLANK($A10),C10),IFERROR(0/0,""),INDEX('RFR Data - preExcl'!E$2:E63,$R10,1))} -> 8 | E10: {=IF(OR(ISBLANK($A10),$C10),IFERROR(0/0,""),INDEX('RFR Data - preExcl'!Z$2:Z63,$R10,1))} -> 10 | F10: {=IF(OR(ISBLANK(A10),C10),IFERROR(0/0,""),INDEX('RFR Data - preExcl'!AC$2:AC63,$R10,1))} -> 14 | G10: {=IF(OR(ISBLANK(A10),C10),IFERROR(0/0,""),INDEX('RFR Data - preExcl'!AK$2:AK63,$R10,1))} -> 14 | H10: {=IF(OR(ISBLANK(A10),C10),IFERROR(0/0,""),INDEX('RFR Data - preExcl'!AL$2:AL63,$R10,1))} -> 0 | I10: =IFERROR(VLOOKUP($B10,'APS Tubes by Date Import'!$B$2:$J63,2,FALSE),"") -> 7 | J10: =IFERROR(VLOOKUP($B10,'APS Tubes by Date Import'!$B$2:$J63,9,FALSE),"") -> TRUE | K10: =IFNA(VLOOKUP($B10,'APS Tubes by Date Import'!$B$2:$J63,6,FALSE),"") -> 0 | L10: =D10 -> 8 | M10: =L10-I10 -> 1 | N10: 9 | O10: =IF(ISBLANK(M10),IFERROR(0/0,""),IF($BX10<=4,TRUE,IFERROR(0/0,""))) -> TRUE | P10: =IF(ISBLANK(N10),IFERROR(0/0,""),IFERROR(VLOOKUP(N10, 'Process Ref'!$A$220:$D$250, 2, FALSE), IFERROR(0/0,""))) | Q10: ='RFR Data - preExcl'!X14 -> AG417 not in appivo | R10: =IFNA(MATCH(A10,'RFR Data - preExcl'!A$2:A63,0),"") -> 13 | T10: =IF(EXACT('RFR Data - preExcl'!W10,"Initial"),'RFR Data - preExcl'!A10,IFERROR(0/0,"")) -> RUN-NDHM_2022-05-09_RFR-009 | U10: =IF(EXACT('RFR Data - preExcl'!W10,"Initial"),'RFR Data - preExcl'!U10,IFERROR(0/0,"")) -> 44690
A11: RUN-NDHM_2022-06-13_RFR-014 | B11: 44725 | D11: {=IF(OR(ISBLANK($A11),C11),IFERROR(0/0,""),INDEX('RFR Data - preExcl'!E$2:E63,$R11,1))} -> 4 | E11: {=IF(OR(ISBLANK($A11),$C11),IFERROR(0/0,""),INDEX('RFR Data - preExcl'!Z$2:Z63,$R11,1))} -> 6 | F11: {=IF(OR(ISBLANK(A11),C11),IFERROR(0/0,""),INDEX('RFR Data - preExcl'!AC$2:AC63,$R11,1))} -> 6 | G11: {=IF(OR(ISBLANK(A11),C11),IFERROR(0/0,""),INDEX('RFR Data - preExcl'!AK$2:AK63,$R11,1))} -> 4 | H11: {=IF(OR(ISBLANK(A11),C11),IFERROR(0/0,""),INDEX('RFR Data - preExcl'!AL$2:AL63,$R11,1))} -> 1.1 | I11: =IFERROR(VLOOKUP($B11,'APS Tubes by Date Import'!$B$2:$J63,2,FALSE),"") -> 4 | J11: =IFERROR(VLOOKUP($B11,'APS Tubes by Date Import'!$B$2:$J63,9,FALSE),"") -> TRUE | K11: =IFNA(VLOOKUP($B11,'APS Tubes by Date Import'!$B$2:$J63,6,FALSE),"") -> 0 | L11: =G11 -> 4 | M11: =L11-I11 -> 0 | N11: 9.4 | O11: =IF(ISBLANK(M11),IFERROR(0/0,""),IF($BX11<=4,TRUE,IFERROR(0/0,""))) -> TRUE | P11: =IF(ISBLANK(N11),IFERROR(0/0,""),IFERROR(VLOOKUP(N11, 'Process Ref'!$A$220:$D$250, 2, FALSE), IFERROR(0/0,""))) | Q11: AJ9614 resulted on 7-11, conclude never run, delete with code 9.4 in APS preDel | R11: =IFNA(MATCH(A11,'RFR Data - preExcl'!A$2:A63,0),"") -> 14 | T11: =IF(EXACT('RFR Data - preExcl'!W11,"Initial"),'RFR Data - preExcl'!A11,IFERROR(0/0,"")) -> RUN-NDHM_2022-05-16_RFR-010 | U11: =IF(EXACT('RFR Data - preExcl'!W11,"Initial"),'RFR Data - preExcl'!U11,IFERROR(0/0,"")) -> 44697
A12: RUN-NDHM_2022-06-21_RFR-016 | B12: 44733 | D12: {=IF(OR(ISBLANK($A12),C12),IFERROR(0/0,""),INDEX('RFR Data - preExcl'!E$2:E63,$R12,1))} -> 2 | E12: {=IF(OR(ISBLANK($A12),$C12),IFERROR(0/0,""),INDEX('RFR Data - preExcl'!Z$2:Z63,$R12,1))} -> 4 | F12: {=IF(OR(ISBLANK(A12),C12),IFERROR(0/0,""),INDEX('RFR Data - preExcl'!AC$2:AC63,$R12,1))} -> 2 | G12: {=IF(OR(ISBLANK(A12),C12),IFERROR(0/0,""),INDEX('RFR Data - preExcl'!AK$2:AK63,$R12,1))} -> 2 | H12: {=IF(OR(ISBLANK(A12),C12),IFERROR(0/0,""),INDEX('RFR Data - preExcl'!AL$2:AL63,$R12,1))} -> 0 | I12: =IFERROR(VLOOKUP($B12,'APS Tubes by Date Import'!$B$2:$J63,2,FALSE),"") -> 2 | J12: =IFERROR(VLOOKUP($B12,'APS Tubes by Date Import'!$B$2:$J63,9,FALSE),"") -> TRUE | K12: =IFNA(VLOOKUP($B12,'APS Tubes by Date Import'!$B$2:$J63,6,FALSE),"") -> 0 | L12: 2 | M12: =L12-I12 -> 0 | N12: 0 | O12: =IF(ISBLANK(M12),IFERROR(0/0,""),IF($BX12<=4,TRUE,IFERROR(0/0,""))) -> TRUE | P12: =IF(ISBLANK(N12),IFERROR(0/0,""),IFERROR(VLOOKUP(N12, 'Process Ref'!$A$220:$D$250, 2, FALSE), IFERROR(0/0,""))) -> ALL 3 COUNTS SAME meaning APS Collect = APS Result = RFR | R12: =IFNA(MATCH(A12,'RFR Data - preExcl'!A$2:A63,0),"") -> 16 | T12: =IF(EXACT('RFR Data - preExcl'!W12,"Initial"),'RFR Data - preExcl'!A12,IFERROR(0/0,"")) -> RUN-NDHM_2022-05-23_RFR-011 | U12: =IF(EXACT('RFR Data - preExcl'!W12,"Initial"),'RFR Data - preExcl'!U12,IFERROR(0/0,"")) -> 44704
A13: RUN-NDHM_2022-06-27_RFR-017 | B13: 44739 | D13: {=IF(OR(ISBLANK($A13),C13),IFERROR(0/0,""),INDEX('RFR Data - preExcl'!E$2:E63,$R13,1))} -> 1 | E13: {=IF(OR(ISBLANK($A13),$C13),IFERROR(0/0,""),INDEX('RFR Data - preExcl'!Z$2:Z63,$R13,1))} -> 3 | F13: {=IF(OR(ISBLANK(A13),C13),IFERROR(0/0,""),INDEX('RFR Data - preExcl'!AC$2:AC63,$R13,1))} -> 1 | G13: {=IF(OR(ISBLANK(A13),C13),IFERROR(0/0,""),INDEX('RFR Data - preExcl'!AK$2:AK63,$R13,1))} -> 1 | H13: {=IF(OR(ISBLANK(A13),C13),IFERROR(0/0,""),INDEX('RFR Data - preExcl'!AL$2:AL63,$R13,1))} -> 0 | I13: =IFERROR(VLOOKUP($B13,'APS Tubes by Date Import'!$B$2:$J63,2,FALSE),"") -> 1 | J13: =IFERROR(VLOOKUP($B13,'APS Tubes by Date Import'!$B$2:$J63,9,FALSE),"") -> TRUE | K13: =IFNA(VLOOKUP($B13,'APS Tubes by Date Import'!$B$2:$J63,6,FALSE),"") -> 0 | L13: =G13 -> 1 | M13: =L13-I13 -> 0 | N13: 0 | O13: =IF(ISBLANK(M13),IFERROR(0/0,""),IF($BX13<=4,TRUE,IFERROR(0/0,""))) -> TRUE | P13: =IF(ISBLANK(N13),IFERROR(0/0,""),IFERROR(VLOOKUP(N13, 'Process Ref'!$A$220:$D$250, 2, FALSE), IFERROR(0/0,""))) -> ALL 3 COUNTS SAME meaning APS Collect = APS Result = RFR | R13: =IFNA(MATCH(A13,'RFR Data - preExcl'!A$2:A63,0),"") -> 17 | T13: =IF(EXACT('RFR Data - preExcl'!W13,"Initial"),'RFR Data - preExcl'!A13,IFERROR(0/0,"")) -> RUN-NDHM_2022-06-01_RFR-012 | U13: =IF(EXACT('RFR Data - preExcl'!W13,"Initial"),'RFR Data - preExcl'!U13,IFERROR(0/0,"")) -> 44713
A14: RUN-NDHM_2022-07-11_RFR-018 | B14: 44753 | D14: {=IF(OR(ISBLANK($A14),C14),IFERROR(0/0,""),INDEX('RFR Data - preExcl'!E$2:E63,$R14,1))} -> 3 | E14: {=IF(OR(ISBLANK($A14),$C14),IFERROR(0/0,""),INDEX('RFR Data - preExcl'!Z$2:Z63,$R14,1))} -> 5 | F14: {=IF(OR(ISBLANK(A14),C14),IFERROR(0/0,""),INDEX('RFR Data - preExcl'!AC$2:AC63,$R14,1))} -> 3 | G14: {=IF(OR(ISBLANK(A14),C14),IFERROR(0/0,""),INDEX('RFR Data - preExcl'!AK$2:AK63,$R14,1))} -> 1 | H14: {=IF(OR(ISBLANK(A14),C14),IFERROR(0/0,""),INDEX('RFR Data - preExcl'!AL$2:AL63,$R14,1))} -> 0 | I14: =IFERROR(VLOOKUP($B14,'APS Tubes by Date Import'!$B$2:$J63,2,FALSE),"") -> 1 | J14: =IFERROR(VLOOKUP($B14,'APS Tubes by Date Import'!$B$2:$J63,9,FALSE),"") -> TRUE | K14: =IFNA(VLOOKUP($B14,'APS Tubes by Date Import'!$B$2:$J63,6,FALSE),"") -> 0 | L14: =G14 -> 1 | M14: =L14-I14 -> 0 | N14: 0 | O14: =IF(ISBLANK(M14),IFERROR(0/0,""),IF($BX14<=4,TRUE,IFERROR(0/0,""))) -> TRUE | P14: =IF(ISBLANK(N14),IFERROR(0/0,""),IFERROR(VLOOKUP(N14, 'Process Ref'!$A$220:$D$250, 2, FALSE), IFERROR(0/0,""))) -> ALL 3 COUNTS SAME meaning APS Collect = APS Result = RFR | Q14: AH8283 resulted on 7-11, conclude never run, delete with code 9.4 in APS preDel - but for single tube collected on 7-11 everything is same for code 0 | R14: =IFNA(MATCH(A14,'RFR Data - preExcl'!A$2:A63,0),"") -> 18 | T14: =IF(EXACT('RFR Data - preExcl'!W14,"Initial"),'RFR Data - preExcl'!A14,IFERROR(0/0,"")) -> RUN-NDHM_2022-06-06_RFR-013 | U14: =IF(EXACT('RFR Data - preExcl'!W14,"Initial"),'RFR Data - preExcl'!U14,IFERROR(0/0,"")) -> 44718
A15: RUN-NDHM_2022-07-18_RFR-019 | B15: 44760 | D15: {=IF(OR(ISBLANK($A15),C15),IFERROR(0/0,""),INDEX('RFR Data - preExcl'!E$2:E63,$R15,1))} -> 1 | E15: {=IF(OR(ISBLANK($A15),$C15),IFERROR(0/0,""),INDEX('RFR Data - preExcl'!Z$2:Z63,$R15,1))} -> 3 | F15: {=IF(OR(ISBLANK(A15),C15),IFERROR(0/0,""),INDEX('RFR Data - preExcl'!AC$2:AC63,$R15,1))} -> 1 | G15: {=IF(OR(ISBLANK(A15),C15),IFERROR(0/0,""),INDEX('RFR Data - preExcl'!AK$2:AK63,$R15,1))} -> 1 | H15: {=IF(OR(ISBLANK(A15),C15),IFERROR(0/0,""),INDEX('RFR Data - preExcl'!AL$2:AL63,$R15,1))} -> 0 | I15: =IFERROR(VLOOKUP($B15,'APS Tubes by Date Import'!$B$2:$J63,2,FALSE),"") -> 1 | J15: =IFERROR(VLOOKUP($B15,'APS Tubes by Date Import'!$B$2:$J63,9,FALSE),"") -> TRUE | K15: =IFNA(VLOOKUP($B15,'APS Tubes by Date Import'!$B$2:$J63,6,FALSE),"") -> 0 | L15: =G15 -> 1 | M15: =L15-I15 -> 0 | N15: 1.4 | O15: =IF(ISBLANK(M15),IFERROR(0/0,""),IF($BX15<=4,TRUE,IFERROR(0/0,""))) -> TRUE | P15: =IF(ISBLANK(N15),IFERROR(0/0,""),IFERROR(VLOOKUP(N15, 'Process Ref'!$A$220:$D$250, 2, FALSE), IFERROR(0/0,""))) -> Use APS Collect = RFR Audit (ignore APS Result and GFORM Num samples is different) | R15: =IFNA(MATCH(A15,'RFR Data - preExcl'!A$2:A63,0),"") -> 19 | T15: =IF(EXACT('RFR Data - preExcl'!W15,"Initial"),'RFR Data - preExcl'!A15,IFERROR(0/0,"")) -> RUN-NDHM_2022-06-13_RFR-014 | U15: =IF(EXACT('RFR Data - preExcl'!W15,"Initial"),'RFR Data - preExcl'!U15,IFERROR(0/0,"")) -> 44725
A16: RUN-NDHM_2022-07-25_RFR-020 | B16: 44767 | D16: {=IF(OR(ISBLANK($A16),C16),IFERROR(0/0,""),INDEX('RFR Data - preExcl'!E$2:E63,$R16,1))} -> 3 | E16: {=IF(OR(ISBLANK($A16),$C16),IFERROR(0/0,""),INDEX('RFR Data - preExcl'!Z$2:Z63,$R16,1))} -> 5 | F16: {=IF(OR(ISBLANK(A16),C16),IFERROR(0/0,""),INDEX('RFR Data - preExcl'!AC$2:AC63,$R16,1))} -> 3 | G16: {=IF(OR(ISBLANK(A16),C16),IFERROR(0/0,""),INDEX('RFR Data - preExcl'!AK$2:AK63,$R16,1))} -> 3 | H16: {=IF(OR(ISBLANK(A16),C16),IFERROR(0/0,""),INDEX('RFR Data - preExcl'!AL$2:AL63,$R16,1))} -> 0 | I16: =IFERROR(VLOOKUP($B16,'APS Tubes by Date Import'!$B$2:$J63,2,FALSE),"") -> 3 | J16: =IFERROR(VLOOKUP($B16,'APS Tubes by Date Import'!$B$2:$J63,9,FALSE),"") -> TRUE | K16: =IFNA(VLOOKUP($B16,'APS Tubes by Date Import'!$B$2:$J63,6,FALSE),"") -> 0 | L16: =G16 -> 3 | M16: =L16-I16 -> 0 | N16: 0 | O16: =IF(ISBLANK(M16),IFERROR(0/0,""),IF($BX16<=4,TRUE,IFERROR(0/0,""))) -> TRUE | P16: =IF(ISBLANK(N16),IFERROR(0/0,""),IFERROR(VLOOKUP(N16, 'Process Ref'!$A$220:$D$250, 2, FALSE), IFERROR(0/0,""))) -> ALL 3 COUNTS SAME meaning APS Collect = APS Result = RFR | R16: =IFNA(MATCH(A16,'RFR Data - preExcl'!A$2:A63,0),"") -> 20 | T16: =IF(EXACT('RFR Data - preExcl'!W16,"Initial"),'RFR Data - preExcl'!A16,IFERROR(0/0,"")) | U16: =IF(EXACT('RFR Data - preExcl'!W16,"Initial"),'RFR Data - preExcl'!U16,IFERROR(0/0,""))
A17: RUN-NDHM_2022-08-01_APS-001 | B17: 44774 | I17: =IFERROR(VLOOKUP($B17,'APS Tubes by Date Import'!$B$2:$J63,2,FALSE),"") -> 1 | J17: =IFERROR(VLOOKUP($B17,'APS Tubes by Date Import'!$B$2:$J63,9,FALSE),"") | K17: =IFNA(VLOOKUP($B17,'APS Tubes by Date Import'!$B$2:$J63,6,FALSE),"") -> 0 | L17: =I17 -> 1 | M17: =L17-I17 -> 0 | N17: 3.4 | O17: =IF(ISBLANK(M17),IFERROR(0/0,""),IF($BX17<=4,TRUE,IFERROR(0/0,""))) -> TRUE | P17: =IF(ISBLANK(N17),IFERROR(0/0,""),IFERROR(VLOOKUP(N17, 'Process Ref'!$A$220:$D$250, 2, FALSE), IFERROR(0/0,""))) -> Add Run from APS with no RFR (assume run on same day as Collect, ignore Result day) | R17: =IFNA(MATCH(A17,'RFR Data - preExcl'!A$2:A63,0),"") | T17: =IF(EXACT('RFR Data - preExcl'!W17,"Initial"),'RFR Data - preExcl'!A17,IFERROR(0/0,"")) -> RUN-NDHM_2022-06-21_RFR-016 | U17: =IF(EXACT('RFR Data - preExcl'!W17,"Initial"),'RFR Data - preExcl'!U17,IFERROR(0/0,"")) -> 44733
A18: RUN-NDHM_2022-09-12_APS-002 | B18: 44816 | I18: =IFERROR(VLOOKUP($B18,'APS Tubes by Date Import'!$B$2:$J63,2,FALSE),"") -> 1 | J18: =IFERROR(VLOOKUP($B18,'APS Tubes by Date Import'!$B$2:$J63,9,FALSE),"") -> TRUE | L18: =I18 -> 1 | M18: =L18-I18 -> 0 | N18: 3.4 | O18: =IF(ISBLANK(M18),IFERROR(0/0,""),IF($BX18<=4,TRUE,IFERROR(0/0,""))) -> TRUE | P18: =IF(ISBLANK(N18),IFERROR(0/0,""),IFERROR(VLOOKUP(N18, 'Process Ref'!$A$220:$D$250, 2, FALSE), IFERROR(0/0,""))) -> Add Run from APS with no RFR (assume run on same day as Collect, ignore Result day) | R18: =IFNA(MATCH(A18,'RFR Data - preExcl'!A$2:A63,0),"") | T18: =IF(EXACT('RFR Data - preExcl'!W18,"Initial"),'RFR Data - preExcl'!A18,IFERROR(0/0,"")) -> RUN-NDHM_2022-06-27_RFR-017 | U18: =IF(EXACT('RFR Data - preExcl'!W18,"Initial"),'RFR Data - preExcl'!U18,IFERROR(0/0,"")) -> 44739
A19: RUN-NDHM_2022-10-03_RFR-021 | B19: 44837 | D19: {=IF(OR(ISBLANK($A19),C19),IFERROR(0/0,""),INDEX('RFR Data - preExcl'!E$2:E63,$R19,1))} -> 1 | E19: {=IF(OR(ISBLANK($A19),$C19),IFERROR(0/0,""),INDEX('RFR Data - preExcl'!Z$2:Z63,$R19,1))} -> 4 | F19: {=IF(OR(ISBLANK(A19),C19),IFERROR(0/0,""),INDEX('RFR Data - preExcl'!AC$2:AC63,$R19,1))} -> 2 | G19: {=IF(OR(ISBLANK(A19),C19),IFERROR(0/0,""),INDEX('RFR Data - preExcl'!AK$2:AK63,$R19,1))} -> 1 | H19: {=IF(OR(ISBLANK(A19),C19),IFERROR(0/0,""),INDEX('RFR Data - preExcl'!AL$2:AL63,$R19,1))} -> 0 | I19: =IFERROR(VLOOKUP($B19,'APS Tubes by Date Import'!$B$2:$J63,2,FALSE),"") -> 1 | J19: =IFERROR(VLOOKUP($B19,'APS Tubes by Date Import'!$B$2:$J63,9,FALSE),"") -> TRUE | L19: =G19 -> 1 | M19: =L19-I19 -> 0 | N19: 0 | P19: =IF(ISBLANK(N19),IFERROR(0/0,""),IFERROR(VLOOKUP(N19, 'Process Ref'!$A$220:$D$250, 2, FALSE), IFERROR(0/0,""))) -> ALL 3 COUNTS SAME meaning APS Collect = APS Result = RFR | R19: =IFNA(MATCH(A19,'RFR Data - preExcl'!A$2:A63,0),"") -> 21 | T19: =IF(EXACT('RFR Data - preExcl'!W19,"Initial"),'RFR Data - preExcl'!A19,IFERROR(0/0,"")) -> RUN-NDHM_2022-07-11_RFR-018 | U19: =IF(EXACT('RFR Data - preExcl'!W19,"Initial"),'RFR Data - preExcl'!U19,IFERROR(0/0,"")) -> 44753
D20: {=IF(OR(ISBLANK($A20),C20),IFERROR(0/0,""),INDEX('RFR Data - preExcl'!E$2:E63,$R20,1))} | E20: {=IF(OR(ISBLANK($A20),$C20),IFERROR(0/0,""),INDEX('RFR Data - preExcl'!Z$2:Z63,$R20,1))} | F20: {=IF(OR(ISBLANK(A20),C20),IFERROR(0/0,""),INDEX('RFR Data - preExcl'!AC$2:AC63,$R20,1))} | G20: {=IF(OR(ISBLANK(A20),C20),IFERROR(0/0,""),INDEX('RFR Data - preExcl'!AK$2:AK63,$R20,1))} | H20: {=IF(OR(ISBLANK(A20),C20),IFERROR(0/0,""),INDEX('RFR Data - preExcl'!AL$2:AL63,$R20,1))} | I20: =IFERROR(VLOOKUP($B20,'APS Tubes by Date Import'!$B$2:$J63,2,FALSE),"") | J20: =IFERROR(VLOOKUP($B20,'APS Tubes by Date Import'!$B$2:$J63,9,FALSE),"") | R20: =IFNA(MATCH(A20,'RFR Data - preExcl'!A$2:A63,0),"") | T20: =IF(EXACT('RFR Data - preExcl'!W20,"Initial"),'RFR Data - preExcl'!A20,IFERROR(0/0,"")) -> RUN-NDHM_2022-07-18_RFR-019 | U20: =IF(EXACT('RFR Data - preExcl'!W20,"Initial"),'RFR Data - preExcl'!U20,IFERROR(0/0,"")) -> 44760
D21: {=IF(OR(ISBLANK($A21),C21),IFERROR(0/0,""),INDEX('RFR Data - preExcl'!E$2:E63,$R21,1))} | E21: {=IF(OR(ISBLANK($A21),$C21),IFERROR(0/0,""),INDEX('RFR Data - preExcl'!Z$2:Z63,$R21,1))} | F21: {=IF(OR(ISBLANK(A21),C21),IFERROR(0/0,""),INDEX('RFR Data - preExcl'!AC$2:AC63,$R21,1))} | G21: {=IF(OR(ISBLANK(A21),C21),IFERROR(0/0,""),INDEX('RFR Data - preExcl'!AK$2:AK63,$R21,1))} | H21: {=IF(OR(ISBLANK(A21),C21),IFERROR(0/0,""),INDEX('RFR Data - preExcl'!AL$2:AL63,$R21,1))} | I21: =IFERROR(VLOOKUP($B21,'APS Tubes by Date Import'!$B$2:$J63,2,FALSE),"") | J21: =IFERROR(VLOOKUP($B21,'APS Tubes by Date Import'!$B$2:$J63,9,FALSE),"") | R21: =IFNA(MATCH(A21,'RFR Data - preExcl'!A$2:A63,0),"") | T21: =IF(EXACT('RFR Data - preExcl'!W21,"Initial"),'RFR Data - preExcl'!A21,IFERROR(0/0,"")) -> RUN-NDHM_2022-07-25_RFR-020 | U21: =IF(EXACT('RFR Data - preExcl'!W21,"Initial"),'RFR Data - preExcl'!U21,IFERROR(0/0,"")) -> 44767 | W21: Manually copy blank white cells over numbers to remove APS run
T22: =IF(EXACT('RFR Data - preExcl'!W22,"Initial"),'RFR Data - preExcl'!A22,IFERROR(0/0,"")) -> RUN-NDHM_2022-10-03_RFR-021 | U22: =IF(EXACT('RFR Data - preExcl'!W22,"Initial"),'RFR Data - preExcl'!U22,IFERROR(0/0,"")) -> 44837 | W22: 0
T23: =IF(AND(NOT(ISBLANK(U23)),NOT(ISBLANK(V23)),NOT(ISBLANK(W23))),CONCATENATE("RUN-",'Process Ref'!$A$1,"_",TEXT(V23,"YYYY-MM-DD"),"_APS-",TEXT(W23,"000")),IFERROR(0/0,"")) | U23: =IF(COUNTIF(U$2:U$22,V23)=0,V23,IFERROR(0/0,"")) | V23: {=SORT('APS Tubes by Date Import'!B2:B63,1,TRUE)} -> 44683 | W23: =IF(NOT(ISBLANK(U23)),MAX(W$1:W22)+1,IFERROR(0/0,""))
T24: =IF(AND(NOT(ISBLANK(U24)),NOT(ISBLANK(V24)),NOT(ISBLANK(W24))),CONCATENATE("RUN-",'Process Ref'!$A$1,"_",TEXT(V24,"YYYY-MM-DD"),"_APS-",TEXT(W24,"000")),IFERROR(0/0,"")) | U24: =IF(COUNTIF(U$2:U$22,V24)=0,V24,IFERROR(0/0,"")) -> 44689 | V24: 44689
R25: =IFNA(MATCH(A25,'RFR Data - preExcl'!A$2:A63,0),"") | T25: =IF(AND(NOT(ISBLANK(U25)),NOT(ISBLANK(V25)),NOT(ISBLANK(W25))),CONCATENATE("RUN-",'Process Ref'!$A$1,"_",TEXT(V25,"YYYY-MM-DD"),"_APS-",TEXT(W25,"000")),IFERROR(0/0,"")) | U25: =IF(COUNTIF(U$2:U$22,V25)=0,V25,IFERROR(0/0,"")) | V25: 44690 | W25: =IF(NOT(ISBLANK(U25)),MAX(W$1:W24)+1,IFERROR(0/0,""))
R26: =IFNA(MATCH(A26,'RFR Data - preExcl'!A$2:A63,0),"") | T26: =IF(AND(NOT(ISBLANK(U26)),NOT(ISBLANK(V26)),NOT(ISBLANK(W26))),CONCATENATE("RUN-",'Process Ref'!$A$1,"_",TEXT(V26,"YYYY-MM-DD"),"_APS-",TEXT(W26,"000")),IFERROR(0/0,"")) | U26: =IF(COUNTIF(U$2:U$22,V26)=0,V26,IFERROR(0/0,"")) -> 44696 | V26: 44696
R27: =IFNA(MATCH(A27,'RFR Data - preExcl'!A$2:A63,0),"") | T27: =IF(AND(NOT(ISBLANK(U27)),NOT(ISBLANK(V27)),NOT(ISBLANK(W27))),CONCATENATE("RUN-",'Process Ref'!$A$1,"_",TEXT(V27,"YYYY-MM-DD"),"_APS-",TEXT(W27,"000")),IFERROR(0/0,"")) | U27: =IF(COUNTIF(U$2:U$22,V27)=0,V27,IFERROR(0/0,"")) | V27: 44697 | W27: =IF(NOT(ISBLANK(U27)),MAX(W$1:W26)+1,IFERROR(0/0,""))
R28: =IFNA(MATCH(A28,'RFR Data - preExcl'!A$2:A63,0),"") | T28: =IF(AND(NOT(ISBLANK(U28)),NOT(ISBLANK(V28)),NOT(ISBLANK(W28))),CONCATENATE("RUN-",'Process Ref'!$A$1,"_",TEXT(V28,"YYYY-MM-DD"),"_APS-",TEXT(W28,"000")),IFERROR(0/0,"")) | U28: =IF(COUNTIF(U$2:U$22,V28)=0,V28,IFERROR(0/0,"")) | V28: 44704 | W28: =IF(NOT(ISBLANK(U28)),MAX(W$1:W27)+1,IFERROR(0/0,""))
R29: =IFNA(MATCH(A29,'RFR Data - preExcl'!A$2:A63,0),"") | T29: =IF(AND(NOT(ISBLANK(U29)),NOT(ISBLANK(V29)),NOT(ISBLANK(W29))),CONCATENATE("RUN-",'Process Ref'!$A$1,"_",TEXT(V29,"YYYY-MM-DD"),"_APS-",TEXT(W29,"000")),IFERROR(0/0,"")) | U29: =IF(COUNTIF(U$2:U$22,V29)=0,V29,IFERROR(0/0,"")) -> 44712 | V29: 44712
T30: =IF(AND(NOT(ISBLANK(U30)),NOT(ISBLANK(V30)),NOT(ISBLANK(W30))),CONCATENATE("RUN-",'Process Ref'!$A$1,"_",TEXT(V30,"YYYY-MM-DD"),"_APS-",TEXT(W30,"000")),IFERROR(0/0,"")) | U30: =IF(COUNTIF(U$2:U$22,V30)=0,V30,IFERROR(0/0,"")) | V30: 44713 | W30: =IF(NOT(ISBLANK(U30)),MAX(W$1:W29)+1,IFERROR(0/0,""))
T31: =IF(AND(NOT(ISBLANK(U31)),NOT(ISBLANK(V31)),NOT(ISBLANK(W31))),CONCATENATE("RUN-",'Process Ref'!$A$1,"_",TEXT(V31,"YYYY-MM-DD"),"_APS-",TEXT(W31,"000")),IFERROR(0/0,"")) | U31: =IF(COUNTIF(U$2:U$22,V31)=0,V31,IFERROR(0/0,"")) | V31: 44718 | W31: =IF(NOT(ISBLANK(U31)),MAX(W$1:W30)+1,IFERROR(0/0,""))
T32: =IF(AND(NOT(ISBLANK(U32)),NOT(ISBLANK(V32)),NOT(ISBLANK(W32))),CONCATENATE("RUN-",'Process Ref'!$A$1,"_",TEXT(V32,"YYYY-MM-DD"),"_APS-",TEXT(W32,"000")),IFERROR(0/0,"")) | U32: =IF(COUNTIF(U$2:U$22,V32)=0,V32,IFERROR(0/0,"")) | V32: 44725 | W32: =IF(NOT(ISBLANK(U32)),MAX(W$1:W31)+1,IFERROR(0/0,""))
T33: =IF(AND(NOT(ISBLANK(U33)),NOT(ISBLANK(V33)),NOT(ISBLANK(W33))),CONCATENATE("RUN-",'Process Ref'!$A$1,"_",TEXT(V33,"YYYY-MM-DD"),"_APS-",TEXT(W33,"000")),IFERROR(0/0,"")) | U33: =IF(COUNTIF(U$2:U$22,V33)=0,V33,IFERROR(0/0,"")) | V33: 44733 | W33: =IF(NOT(ISBLANK(U33)),MAX(W$1:W32)+1,IFERROR(0/0,""))
T34: =IF(AND(NOT(ISBLANK(U34)),NOT(ISBLANK(V34)),NOT(ISBLANK(W34))),CONCATENATE("RUN-",'Process Ref'!$A$1,"_",TEXT(V34,"YYYY-MM-DD"),"_APS-",TEXT(W34,"000")),IFERROR(0/0,"")) | U34: =IF(COUNTIF(U$2:U$22,V34)=0,V34,IFERROR(0/0,"")) | V34: 44739 | W34: =IF(NOT(ISBLANK(U34)),MAX(W$1:W33)+1,IFERROR(0/0,""))
T35: =IF(AND(NOT(ISBLANK(U35)),NOT(ISBLANK(V35)),NOT(ISBLANK(W35))),CONCATENATE("RUN-",'Process Ref'!$A$1,"_",TEXT(V35,"YYYY-MM-DD"),"_APS-",TEXT(W35,"000")),IFERROR(0/0,"")) | U35: =IF(COUNTIF(U$2:U$22,V35)=0,V35,IFERROR(0/0,"")) | V35: 44753 | W35: =IF(NOT(ISBLANK(U35)),MAX(W$1:W34)+1,IFERROR(0/0,""))
T36: =IF(AND(NOT(ISBLANK(U36)),NOT(ISBLANK(V36)),NOT(ISBLANK(W36))),CONCATENATE("RUN-",'Process Ref'!$A$1,"_",TEXT(V36,"YYYY-MM-DD"),"_APS-",TEXT(W36,"000")),IFERROR(0/0,"")) | U36: =IF(COUNTIF(U$2:U$22,V36)=0,V36,IFERROR(0/0,"")) | V36: 44760 | W36: =IF(NOT(ISBLANK(U36)),MAX(W$1:W35)+1,IFERROR(0/0,""))
T37: =IF(AND(NOT(ISBLANK(U37)),NOT(ISBLANK(V37)),NOT(ISBLANK(W37))),CONCATENATE("RUN-",'Process Ref'!$A$1,"_",TEXT(V37,"YYYY-MM-DD"),"_APS-",TEXT(W37,"000")),IFERROR(0/0,"")) | U37: =IF(COUNTIF(U$2:U$22,V37)=0,V37,IFERROR(0/0,"")) | V37: 44767 | W37: =IF(NOT(ISBLANK(U37)),MAX(W$1:W36)+1,IFERROR(0/0,""))
T38: =IF(AND(NOT(ISBLANK(U38)),NOT(ISBLANK(V38)),NOT(ISBLANK(W38))),CONCATENATE("RUN-",'Process Ref'!$A$1,"_",TEXT(V38,"YYYY-MM-DD"),"_APS-",TEXT(W38,"000")),IFERROR(0/0,"")) -> RUN-NDHM_2022-08-01_APS-001 | U38: =IF(COUNTIF(U$2:U$22,V38)=0,V38,IFERROR(0/0,"")) -> 44774 | V38: 44774 | W38: =IF(NOT(ISBLANK(U38)),MAX(W$1:W37)+1,IFERROR(0/0,"")) -> 1
T39: =IF(AND(NOT(ISBLANK(U39)),NOT(ISBLANK(V39)),NOT(ISBLANK(W39))),CONCATENATE("RUN-",'Process Ref'!$A$1,"_",TEXT(V39,"YYYY-MM-DD"),"_APS-",TEXT(W39,"000")),IFERROR(0/0,"")) -> RUN-NDHM_2022-09-12_APS-002 | U39: =IF(COUNTIF(U$2:U$22,V39)=0,V39,IFERROR(0/0,"")) -> 44816 | V39: 44816 | W39: =IF(NOT(ISBLANK(U39)),MAX(W$1:W38)+1,IFERROR(0/0,"")) -> 2
T40: =IF(AND(NOT(ISBLANK(U40)),NOT(ISBLANK(V40)),NOT(ISBLANK(W40))),CONCATENATE("RUN-",'Process Ref'!$A$1,"_",TEXT(V40,"YYYY-MM-DD"),"_APS-",TEXT(W40,"000")),IFERROR(0/0,"")) | U40: =IF(COUNTIF(U$2:U$22,V40)=0,V40,IFERROR(0/0,"")) | V40: 44837 | W40: =IF(NOT(ISBLANK(U40)),MAX(W$1:W39)+1,IFERROR(0/0,""))
U42: =IF(COUNTIF(U$2:U$22,V42)=0,V42,IFERROR(0/0,""))
O43: =IF(ISBLANK(M43),IFERROR(0/0,""),IF($BX43<=4,TRUE,IFERROR(0/0,""))) | U43: =IF(COUNTIF(U$2:U$22,V43)=0,V43,IFERROR(0/0,""))

Sheet RFR Data - preExcl
A1: Run ID | B1: Timestamp | C1: Email Address | D1: Location | E1: RAW Num of Samples (Gform) | F1: Sample Batch ID (from App) | G1: Photo of Run Sheet Printout | H1: Photo of Run Look Up | I1: Photo of Results | J1: RAW Number of Initial Inconclusives (if any) | K1: Response Notes | L1: OVERALL SECTION Exclude Code | M1: RFR Misc Audit Code | N1: RFR Results Audit Code | O1: RFR Audit Code Notes | P1: Audit Corrected Call? | Q1: Control Fail Invalid Run? | R1: Invalid Notes | S1: Daughter Row? | T1: Is/Has Re Run? | U1: RUN FORM SECTION Audit Run Date | V1: Audit Run Time | W1: Run Type | X1: Run Form Photo Note | Y1: Inc/Pos in Note? | Z1: Num Rxn Including Controls (from paper form) | AA1: Audit Num Rxns - Run Form Num Samples | AB1: Discrepant Num Rxns or Samples? | AC1: RESULTS PHOTO SECTION Num rxn (excl ctrls) | AD1: Audit Inc Rxns (excl ctrls) | AE1: Audit Inc Run Calls | AF1: Audit Inc Session Calls | AG1: Audit Pos Rxns (excl ctrls) | AH1: Audit Pos Run Calls | AI1: Audit Pos Session Calls | AJ1: Non Triplicate Re-Run Flag | AK1: RFR Audit Num Run Tubes | AL1: RUN CODE SECTION Run Code | AM1: # of Tube Result Table Rows created | AN1: TRT # Tubes | AO1: =IF(COUNT(AO2:AO22),"ERROR","TRT CHECK") -> TRT CHECK | AP1: Lookup Map Status | AQ1: Enter Tube ID from LUM? | AR1: Index (For Run ID Creation) | AS1: NOTES | AT1: NOTES w PHI | AU1: Initials & Date | AV1: Num PCR Tubes in Results Photo | AW1: Only Upper Left Yellow? | AX1: Run Code=0 Check | AY1: Diff PCR Tube Check | AZ1: Diff Check Notes | BA1: Unique Run Date? | BB1: Unique Run Date is Initial? | BC1: Run Code 0? | BD1: =AK1 -> RFR Audit Num Run Tubes | BE1: RECONCILE >> | BF1: INITIAL ONLY >>>>>> AUDIT RUN DATE | BG1: RUN ID | BH1: =E1 -> RAW Num of Samples (Gform) | BI1: Num rxn (excl ctrls) | BJ1: =AK1 -> RFR Audit Num Run Tubes | BK1: Run Code | BL1: APS COLLECT DATE | BM1: APS NUM COLLECT TUBES | BN1: APS Collect Num = Result Num? | BO1: =IF(SUM(BO2:BO22)>0,"Num NULL > 0 NEEDS CHANGE", "Num NULL = 0 OK") -> #N/A | BP1: Final Tube Run Count | BQ1: Final Num - APS Collect Num Tubes | BR1: Tube Run Count Reconcile Code | BS1: Assign Run ID by Collection Date | BT1: Count Reconcile Notes
A2: =CONCATENATE("RUN-",'Process Ref'!$A$1,"_",TEXT(U2,"YYYY-MM-DD"),"_RFR-",TEXT(AR2,"000"),IF(EXACT(W2,"Initial"),"",CONCATENATE("_",W2))) -> RUN-NDHM_2022-04-03_RFR-001_Exclude | B2: 44654.555 | D2: Needham | E2: test | J2: 0 | L2: 2 | P2: =M2>=2 -> FALSE | Q2: FALSE | S2: FALSE | T2: FALSE | U2: 44654 | W2: Exclude | Y2: FALSE | AA2: =IF(ISBLANK(Z2),IFERROR(0/0,""),Z2-E2) | AC2: 0 | AD2: 0 | AE2: =IF(W2="Initial",AD2,(IF(AJ2=TRUE,"CORRECT ME",AD2/3))) -> 0 | AF2: 0 | AG2: 0 | AH2: =IF(W2="Initial",AG2,(IF(AJ2=TRUE,"CORRECT ME",AG2/3))) -> 0 | AI2: 0 | AJ2: FALSE | AK2: =IF(W2="Initial",AC2,IF(AJ2=TRUE,"CORRECT ME",AC2/3)) -> 0 | AM2: =IF(EXACT(W2,"Initial"),"Audit","") | AN2: =IFNA(VLOOKUP($A2,'Tube Reactions'!$I$2:$J22,2,FALSE),"") -> #REF! | AO2: =IF(AND(AM2>0,AM2<>AN2),"NOT EQUAL","") -> #REF! | AP2: =IF(ISTEXT(H2),"", "Absent") -> Absent | AQ2: =NOT(ISBLANK(I2)) -> FALSE | AR2: =ROW(AR2)-1 -> 1 | AU2: BS 1/6 | AW2: FALSE | AX2: =IF(OR(AND(AL2=0,AW2),AND(AL2<>0,NOT(AW2))),TRUE,FALSE) -> FALSE | AY2: =AV2-AC2 -> 0 | BA2: TRUE | BB2: =IF(BA2,IF(EXACT(W2,"Initial"),TRUE,FALSE),"") -> FALSE | BC2: =IF(BB2,IF(AL2=0,TRUE,AL2),"") | BD2: =IF(BC2,AK2,"") | BF2: =IF(EXACT($W2,"Initial"),$U2,IFERROR(0/0,"")) | BG2: =IF(EXACT($W2,"Initial"),$A2,IFERROR(0/0,"")) | BH2: =IF(EXACT($W2,"Initial"),E2,IFERROR(0/0,"")) | BI2: =IF(EXACT($W2,"Initial"),AC2,IFERROR(0/0,"")) | BJ2: =IF(EXACT($W2,"Initial"),$AK2,IFERROR(0/0,"")) | BK2: =IF(EXACT($W2,"Initial"),$AL2,IFERROR(0/0,"")) | BL2: =VLOOKUP(FLOOR($B2,1),'APS Tubes by Date Import'!$B$2:$L22,1,FALSE) -> #N/A | BM2: =IF(ISBLANK($BL2),IFERROR(0/0,""),VLOOKUP(FLOOR($B2,1),'APS Tubes by Date Import'!$B$2:$L22,2,FALSE)) -> #N/A | BN2: =IF(ISBLANK($BL2),IFERROR(0/0,""),VLOOKUP(FLOOR($B2,1),'APS Tubes by Date Import'!$B$2:$L22,11,FALSE)) -> #N/A | BO2: =IF(ISBLANK($BL2),IFERROR(0/0,""),VLOOKUP(FLOOR($B2,1),'APS Tubes by Date Import'!$B$2:$L22,6,FALSE)) -> #N/A | BP2: =BJ2 | BQ2: =BP2-BM2 -> #N/A | BS2: =IF(ISBLANK(BP2),IFERROR(0/0,""),IF($BR2<=4,TRUE,IFERROR(0/0,""))) | BT2: =IFS(OR(BR2=0.1,BR2=1.1,BR2=2.1),"NULL > NEG",BR2=3, "Delete NULL",TRUE,IFERROR(0/0,""))
A3: =CONCATENATE("RUN-",'Process Ref'!$A$1,"_",TEXT(U3,"YYYY-MM-DD"),"_RFR-",TEXT(AR3,"000"),IF(EXACT(W3,"Initial"),"",CONCATENATE("_",W3))) -> RUN-NDHM_2022-04-07_RFR-002_Exclude | B3: 44659.538 | D3: NeedhamTBS | E3: 2 | G3: https://drive.google.com/open?id=1BjTJybZNFQxq3S8K_z8CmOmjx3_Imnli | I3: https://drive.google.com/open?id=1dsw2JFpNalKr_F8TqaZIgFnlGBBnF9V4 | J3: 0 | K3: validation run w GD50 contriv pos | L3: 6 | P3: =M3>=2 -> FALSE | Q3: FALSE | S3: FALSE | T3: FALSE | U3: 44658 | V3: 0.54166667 | W3: Exclude | Y3: FALSE | Z3: 8 | AA3: =IF(ISBLANK(Z3),IFERROR(0/0,""),Z3-E3) -> 6 | AC3: 0 | AD3: 0 | AE3: 0 | AF3: 0 | AG3: 0 | AH3: 0 | AI3: 0 | AJ3: FALSE | AK3: 0 | AN3: =IFNA(VLOOKUP($A3,'Tube Reactions'!$I$2:$J23,2,FALSE),"") -> #REF! | AO3: =IF(AND(AM3>0,AM3<>AN3),"NOT EQUAL","") -> #REF! | AP3: =IF(ISTEXT(H3),"", "Absent") -> Absent | AQ3: =NOT(ISBLANK(I3)) -> TRUE | AR3: =ROW(AR3)-1 -> 2 | AU3: BS 1/6 | AW3: FALSE | AX3: =IF(OR(AND(AL3=0,AW3),AND(AL3<>0,NOT(AW3))),TRUE,FALSE) -> FALSE | AY3: =AV3-AC3 -> 0 | BA3: TRUE | BB3: =IF(BA3,IF(EXACT(W3,"Initial"),TRUE,FALSE),"") -> FALSE | BC3: =IF(BB3,IF(AL3=0,TRUE,AL3),"") | BD3: =IF(BC3,AK3,"") | BF3: =IF(EXACT($W3,"Initial"),$U3,IFERROR(0/0,"")) | BG3: =IF(EXACT($W3,"Initial"),$A3,IFERROR(0/0,"")) | BH3: =IF(EXACT($W3,"Initial"),E3,IFERROR(0/0,"")) | BI3: =IF(EXACT($W3,"Initial"),AC3,IFERROR(0/0,"")) | BJ3: =IF(EXACT($W3,"Initial"),$AK3,IFERROR(0/0,"")) | BK3: =IF(EXACT($W3,"Initial"),$AL3,IFERROR(0/0,"")) | BL3: =IFNA(IF(VLOOKUP(FLOOR($B3,1),'APS Tubes by Date Import'!$B$2:$L22,1,FALSE)=FLOOR($BL2,1),IFERROR(0/0,""),VLOOKUP(FLOOR($B3,1),'APS Tubes by Date Import'!$B$2:$L22,1,FALSE)),"") | BM3: =IF(ISBLANK($BL3),IFERROR(0/0,""),VLOOKUP(FLOOR($B3,1),'APS Tubes by Date Import'!$B$2:$L22,2,FALSE)) | BN3: =IF(ISBLANK($BL3),IFERROR(0/0,""),VLOOKUP(FLOOR($B3,1),'APS Tubes by Date Import'!$B$2:$L22,11,FALSE)) | BO3: =IF(ISBLANK($BL3),IFERROR(0/0,""),VLOOKUP(FLOOR($B3,1),'APS Tubes by Date Import'!$B$2:$L22,6,FALSE)) | BP3: =BJ3 | BQ3: =BP3-BM3 -> 0 | BS3: =IF(ISBLANK(BP3),IFERROR(0/0,""),IF($BR3<=4,TRUE,IFERROR(0/0,""))) | BT3: =IFS(OR(BR3=0.1,BR3=1.1,BR3=2.1),"NULL > NEG",BR3=3, "Delete NULL",TRUE,IFERROR(0/0,""))
A4: =CONCATENATE("RUN-",'Process Ref'!$A$1,"_",TEXT(U4,"YYYY-MM-DD"),"_RFR-",TEXT(AR4,"000"),IF(EXACT(W4,"Initial"),"",CONCATENATE("_",W4))) -> RUN-NDHM_2022-04-19_RFR-003_Exclude | B4: 44670.655 | D4: NeedhamTBS | E4: 6 | F4: N/A | G4: https://drive.google.com/open?id=1HPnnB5N68TryT-yW_DGyIrOHZ4_0eZpD | H4: https://drive.google.com/open?id=18aV2koMDFv1aMOVs8irkewBcHlprYvjT | I4: https://drive.google.com/open?id=1d9idm20ZO1CWGf6E4PcokCdfb0l3_Spz | J4: 0 | K4: in the future will use run lookup sheet instead of writing it on the notes sections of long run | L4: 5 | P4: =M4>=2 -> FALSE | Q4: FALSE | S4: FALSE | T4: FALSE | U4: 44670 | W4: Exclude | Y4: FALSE | AA4: =IF(ISBLANK(Z4),IFERROR(0/0,""),Z4-E4) | AC4: 0 | AD4: 0 | AE4: 0 | AF4: 0 | AG4: 0 | AH4: 0 | AI4: 0 | AJ4: FALSE | AK4: =IF(W4="Initial",AC4,IF(AJ4=TRUE,"CORRECT ME",AC4/3)) -> 0 | AN4: =IFNA(VLOOKUP($A4,'Tube Reactions'!$I$2:$J24,2,FALSE),"") -> #REF! | AO4: =IF(AND(AM4>0,AM4<>AN4),"NOT EQUAL","") -> #REF! | AP4: =IF(ISTEXT(H4),"", "Absent") | AQ4: =NOT(ISBLANK(I4)) -> TRUE | AR4: =ROW(AR4)-1 -> 3 | AU4: BS 1/6 | AW4: FALSE | AX4: =IF(OR(AND(AL4=0,AW4),AND(AL4<>0,NOT(AW4))),TRUE,FALSE) -> FALSE | AY4: =AV4-AC4 -> 0 | BA4: TRUE | BB4: =IF(BA4,IF(EXACT(W4,"Initial"),TRUE,FALSE),"") -> FALSE | BC4: =IF(BB4,IF(AL4=0,TRUE,AL4),"") | BD4: =IF(BC4,AK4,"") | BF4: =IF(EXACT($W4,"Initial"),$U4,IFERROR(0/0,"")) | BG4: =IF(EXACT($W4,"Initial"),$A4,IFERROR(0/0,"")) | BH4: =IF(EXACT($W4,"Initial"),E4,IFERROR(0/0,"")) | BI4: =IF(EXACT($W4,"Initial"),AC4,IFERROR(0/0,"")) | BJ4: =IF(EXACT($W4,"Initial"),$AK4,IFERROR(0/0,"")) | BK4: =IF(EXACT($W4,"Initial"),$AL4,IFERROR(0/0,"")) | BL4: =IFNA(IF(VLOOKUP(FLOOR($B4,1),'APS Tubes by Date Import'!$B$2:$L22,1,FALSE)=FLOOR($BL3,1),IFERROR(0/0,""),VLOOKUP(FLOOR($B4,1),'APS Tubes by Date Import'!$B$2:$L22,1,FALSE)),"") | BM4: =IF(ISBLANK($BL4),IFERROR(0/0,""),VLOOKUP(FLOOR($B4,1),'APS Tubes by Date Import'!$B$2:$L22,2,FALSE)) | BN4: =IF(ISBLANK($BL4),IFERROR(0/0,""),VLOOKUP(FLOOR($B4,1),'APS Tubes by Date Import'!$B$2:$L22,11,FALSE)) | BO4: =IF(ISBLANK($BL4),IFERROR(0/0,""),VLOOKUP(FLOOR($B4,1),'APS Tubes by Date Import'!$B$2:$L22,6,FALSE)) | BP4: =BJ4 | BQ4: =BP4-BM4 -> 0 | BS4: =IF(ISBLANK(BP4),IFERROR(0/0,""),IF($BR4<=4,TRUE,IFERROR(0/0,""))) | BT4: =IFS(OR(BR4=0.1,BR4=1.1,BR4=2.1),"NULL > NEG",BR4=3, "Delete NULL",TRUE,IFERROR(0/0,""))
A5: =CONCATENATE("RUN-",'Process Ref'!$A$1,"_",TEXT(U5,"YYYY-MM-DD"),"_RFR-",TEXT(AR5,"000"),IF(EXACT(W5,"Initial"),"",CONCATENATE("_",W5))) -> RUN-NDHM_2022-04-25_RFR-004_Exclude | B5: 44676.439 | D5: NeedhamTBS | E5: 1 | F5: 220425_1 | G5: https://drive.google.com/open?id=1x7VS-okFDPAY4f0YnUZX9J6MpusehsgI | I5: https://drive.google.com/open?id=1clEBCL01EdXUgpEF6gF3BTidYf7Xmw4w | J5: 0 | K5: test run- mock! | L5: 2 | P5: =M5>=2 -> FALSE | Q5: FALSE | S5: FALSE | T5: FALSE | U5: 44676 | W5: Exclude | Y5: FALSE | AA5: =IF(ISBLANK(Z5),IFERROR(0/0,""),Z5-E5) | AC5: 0 | AD5: 0 | AE5: 0 | AF5: 0 | AG5: 0 | AH5: 0 | AI5: 0 | AJ5: FALSE | AK5: =IF(W5="Initial",AC5,IF(AJ5=TRUE,"CORRECT ME",AC5/3)) -> 0 | AN5: =IFNA(VLOOKUP($A5,'Tube Reactions'!$I$2:$J25,2,FALSE),"") -> #REF! | AO5: =IF(AND(AM5>0,AM5<>AN5),"NOT EQUAL","") -> #REF! | AP5: =IF(ISTEXT(H5),"", "Absent") -> Absent | AQ5: =NOT(ISBLANK(I5)) -> TRUE | AR5: =ROW(AR5)-1 -> 4 | AU5: BS 1/6 | AW5: FALSE | AX5: =IF(OR(AND(AL5=0,AW5),AND(AL5<>0,NOT(AW5))),TRUE,FALSE) -> FALSE | AY5: =AV5-AC5 -> 0 | BA5: FALSE | BB5: =IF(BA5,IF(EXACT(W5,"Initial"),TRUE,FALSE),"") | BC5: =IF(BB5,IF(AL5=0,TRUE,AL5),"") | BD5: =IF(BC5,AK5,"") | BF5: =IF(EXACT($W5,"Initial"),$U5,IFERROR(0/0,"")) | BG5: =IF(EXACT($W5,"Initial"),$A5,IFERROR(0/0,"")) | BH5: =IF(EXACT($W5,"Initial"),E5,IFERROR(0/0,"")) | BI5: =IF(EXACT($W5,"Initial"),AC5,IFERROR(0/0,"")) | BJ5: =IF(EXACT($W5,"Initial"),$AK5,IFERROR(0/0,"")) | BK5: =IF(EXACT($W5,"Initial"),$AL5,IFERROR(0/0,"")) | BL5: =IFNA(IF(VLOOKUP(FLOOR($B5,1),'APS Tubes by Date Import'!$B$2:$L22,1,FALSE)=FLOOR($BL4,1),IFERROR(0/0,""),VLOOKUP(FLOOR($B5,1),'APS Tubes by Date Import'!$B$2:$L22,1,FALSE)),"") | BM5: =IF(ISBLANK($BL5),IFERROR(0/0,""),VLOOKUP(FLOOR($B5,1),'APS Tubes by Date Import'!$B$2:$L22,2,FALSE)) | BN5: =IF(ISBLANK($BL5),IFERROR(0/0,""),VLOOKUP(FLOOR($B5,1),'APS Tubes by Date Import'!$B$2:$L22,11,FALSE)) | BO5: =IF(ISBLANK($BL5),IFERROR(0/0,""),VLOOKUP(FLOOR($B5,1),'APS Tubes by Date Import'!$B$2:$L22,6,FALSE)) | BP5: =BJ5 | BQ5: =BP5-BM5 -> 0 | BS5: =IF(ISBLANK(BP5),IFERROR(0/0,""),IF($BR5<=4,TRUE,IFERROR(0/0,""))) | BT5: =IFS(OR(BR5=0.1,BR5=1.1,BR5=2.1),"NULL > NEG",BR5=3, "Delete NULL",TRUE,IFERROR(0/0,""))
A6: =CONCATENATE("RUN-",'Process Ref'!$A$1,"_",TEXT(U6,"YYYY-MM-DD"),"_RFR-",TEXT(AR6,"000"),IF(EXACT(W6,"Initial"),"",CONCATENATE("_",W6))) -> RUN-NDHM_2022-04-27_RFR-005_Exclude | B6: 44678.629 | D6: NeedhamTBS | E6: 14 | F6: 220427_1 | G6: https://drive.google.com/open?id=1PwZjYRGQLRp5n2h2w39Ph4ByLWP1CBAg | I6: https://drive.google.com/open?id=1m14RJZnnOm8bpj1CAZKo88NMh4WLhz2P | J6: 0 | K6: trial run 2 | L6: 2 | P6: =M6>=2 -> FALSE | Q6: FALSE | S6: FALSE | T6: FALSE | U6: 44678 | W6: Exclude | Y6: FALSE | AA6: =IF(ISBLANK(Z6),IFERROR(0/0,""),Z6-E6) | AC6: 0 | AD6: 0 | AE6: 0 | AF6: 0 | AG6: 0 | AH6: 0 | AI6: 0 | AJ6: FALSE | AK6: =IF(W6="Initial",AC6,IF(AJ6=TRUE,"CORRECT ME",AC6/3)) -> 0 | AN6: =IFNA(VLOOKUP($A6,'Tube Reactions'!$I$2:$J26,2,FALSE),"") -> #REF! | AO6: =IF(AND(AM6>0,AM6<>AN6),"NOT EQUAL","") -> #REF! | AP6: =IF(ISTEXT(H6),"", "Absent") -> Absent | AQ6: =NOT(ISBLANK(I6)) -> TRUE | AR6: =ROW(AR6)-1 -> 5 | AU6: BS 1/6 | AW6: FALSE | AX6: =IF(OR(AND(AL6=0,AW6),AND(AL6<>0,NOT(AW6))),TRUE,FALSE) -> FALSE | AY6: =AV6-AC6 -> 0 | BA6: FALSE | BB6: =IF(BA6,IF(EXACT(W6,"Initial"),TRUE,FALSE),"") | BC6: =IF(BB6,IF(AL6=0,TRUE,AL6),"") | BD6: =IF(BC6,AK6,"") | BF6: =IF(EXACT($W6,"Initial"),$U6,IFERROR(0/0,"")) | BG6: =IF(EXACT($W6,"Initial"),$A6,IFERROR(0/0,"")) | BH6: =IF(EXACT($W6,"Initial"),E6,IFERROR(0/0,"")) | BI6: =IF(EXACT($W6,"Initial"),AC6,IFERROR(0/0,"")) | BJ6: =IF(EXACT($W6,"Initial"),$AK6,IFERROR(0/0,"")) | BK6: =IF(EXACT($W6,"Initial"),$AL6,IFERROR(0/0,"")) | BL6: =IFNA(IF(VLOOKUP(FLOOR($B6,1),'APS Tubes by Date Import'!$B$2:$L22,1,FALSE)=FLOOR($BL5,1),IFERROR(0/0,""),VLOOKUP(FLOOR($B6,1),'APS Tubes by Date Import'!$B$2:$L22,1,FALSE)),"") | BM6: =IF(ISBLANK($BL6),IFERROR(0/0,""),VLOOKUP(FLOOR($B6,1),'APS Tubes by Date Import'!$B$2:$L22,2,FALSE)) | BN6: =IF(ISBLANK($BL6),IFERROR(0/0,""),VLOOKUP(FLOOR($B6,1),'APS Tubes by Date Import'!$B$2:$L22,11,FALSE)) | BO6: =IF(ISBLANK($BL6),IFERROR(0/0,""),VLOOKUP(FLOOR($B6,1),'APS Tubes by Date Import'!$B$2:$L22,6,FALSE)) | BP6: =BJ6 | BQ6: =BP6-BM6 -> 0 | BS6: =IF(ISBLANK(BP6),IFERROR(0/0,""),IF($BR6<=4,TRUE,IFERROR(0/0,""))) | BT6: =IFS(OR(BR6=0.1,BR6=1.1,BR6=2.1),"NULL > NEG",BR6=3, "Delete NULL",TRUE,IFERROR(0/0,""))
A7: =CONCATENATE("RUN-",'Process Ref'!$A$1,"_",TEXT(U7,"YYYY-MM-DD"),"_RFR-",TEXT(AR7,"000"),IF(EXACT(W7,"Initial"),"",CONCATENATE("_",W7))) -> RUN-NDHM_2022-05-02_RFR-006 | B7: 44683.329 | D7: needham tbs | E7: 14 | F7: 220522_1 | G7: https://drive.google.com/open?id=11vtZDrH95aCCUX7PoAorOMhg71MvMwhM | I7: https://drive.google.com/open?id=18tMUR5VgF0QC4z-xYlDyQiXtzWvxSnTb | J7: 3 | M7: 1.5 | O7: Appivo has 17 Collection tubes on this day, there is one extra tube. | P7: =M7>=2 -> FALSE | Q7: FALSE | S7: FALSE | T7: TRUE | U7: 44683 | V7: 0.31944444 | W7: Initial | X7: Not imaged | Y7: FALSE | AA7: =IF(ISBLANK(Z7),IFERROR(0/0,""),Z7-E7) | AB7: =IF(AA7 = 2,FALSE,TRUE) -> TRUE | AC7: 18 | AD7: 2 | AE7: =IF(W7="Initial",AD7,(IF(AJ7=TRUE,"CORRECT ME",AD7/3))) -> 2 | AF7: 0 | AG7: 0 | AH7: =IF(W7="Initial",AG7,(IF(AJ7=TRUE,"CORRECT ME",AG7/3))) -> 0 | AI7: 0 | AJ7: FALSE | AK7: =IF(W7="Initial",AC7,IF(AJ7=TRUE,"CORRECT ME",AC7/3)) -> 18 | AL7: 1.1 | AM7: 2 | AN7: =IFNA(VLOOKUP($A7,'Tube Reactions'!$I$2:$J27,2,FALSE),"") -> #REF! | AO7: =IF(AND(AM7>0,AM7<>AN7),"NOT EQUAL","") -> #REF! | AP7: =IF(ISTEXT(H7),"", "Absent") -> Absent | AQ7: =NOT(ISBLANK(I7)) -> TRUE | AR7: =ROW(AR7)-1 -> 6 | AU7: BS 1/6 | AV7: 20 | AW7: FALSE | AX7: =IF(OR(AND(AL7=0,AW7),AND(AL7<>0,NOT(AW7))),TRUE,FALSE) -> TRUE | AY7: =AV7-AC7 -> 2 | BA7: TRUE | BB7: =IF(BA7,IF(EXACT(W7,"Initial"),TRUE,FALSE),"") -> TRUE | BC7: =IF(BB7,IF(AL7=0,TRUE,AL7),"") -> 1.1 | BD7: =IF(BC7,AK7,"") -> 18 | BF7: =IF(EXACT($W7,"Initial"),$U7,IFERROR(0/0,"")) -> 44683 | BG7: =IF(EXACT($W7,"Initial"),$A7,IFERROR(0/0,"")) -> RUN-NDHM_2022-05-02_RFR-006 | BH7: =IF(EXACT($W7,"Initial"),E7,IFERROR(0/0,"")) -> 14 | BI7: =IF(EXACT($W7,"Initial"),AC7,IFERROR(0/0,"")) -> 18 | BJ7: =IF(EXACT($W7,"Initial"),$AK7,IFERROR(0/0,"")) -> 18 | BK7: =IF(EXACT($W7,"Initial"),$AL7,IFERROR(0/0,"")) -> 1.1 | BL7: =IFNA(IF(VLOOKUP(FLOOR($B7,1),'APS Tubes by Date Import'!$B$2:$L22,1,FALSE)=FLOOR($BL6,1),IFERROR(0/0,""),VLOOKUP(FLOOR($B7,1),'APS Tubes by Date Import'!$B$2:$L22,1,FALSE)),"") -> 44683 | BM7: =IF(ISBLANK($BL7),IFERROR(0/0,""),VLOOKUP(FLOOR($B7,1),'APS Tubes by Date Import'!$B$2:$L22,2,FALSE)) -> 17 | BN7: =IF(ISBLANK($BL7),IFERROR(0/0,""),VLOOKUP(FLOOR($B7,1),'APS Tubes by Date Import'!$B$2:$L22,11,FALSE)) -> 44683 | BO7: =IF(ISBLANK($BL7),IFERROR(0/0,""),VLOOKUP(FLOOR($B7,1),'APS Tubes by Date Import'!$B$2:$L22,6,FALSE)) -> 0 | BP7: =BJ7 -> 18 | BQ7: =BP7-BM7 -> 1 | BS7: =IF(ISBLANK(BP7),IFERROR(0/0,""),IF($BR7<=4,TRUE,IFERROR(0/0,""))) -> TRUE | BT7: =IFS(OR(BR7=0.1,BR7=1.1,BR7=2.1),"NULL > NEG",BR7=3, "Delete NULL",TRUE,IFERROR(0/0,""))
A8: =CONCATENATE("RUN-",'Process Ref'!$A$1,"_",TEXT(U8,"YYYY-MM-DD"),"_RFR-",TEXT(AR8,"000"),IF(EXACT(W8,"Initial"),"",CONCATENATE("_",W8))) -> RUN-NDHM_2022-05-02_RFR-007_Re-run | B8: 44683.359 | D8: NeedhamTBS | E8: 3 | F8: 220502_2 | G8: https://drive.google.com/open?id=1YmL6eCcjTb_KuX7mAyiUfcDPaOJgC2f9 | I8: https://drive.google.com/open?id=1Z5q1HablHFIpe85kuWyY7axI4OFck-Aw | J8: initially 3- after rerun 1 sample remained inconclusive | K8: rerun | P8: =M8>=2 -> FALSE | Q8: FALSE | S8: FALSE | T8: TRUE | U8: 44683 | V8: 0.45833333 | W8: Re-run | X8: Inconclusive re-run | Y8: FALSE | Z8: 11 | AA8: =IF(ISBLANK(Z8),IFERROR(0/0,""),Z8-E8) -> 8 | AB8: =IF(AA8 = 2,FALSE,TRUE) -> TRUE | AC8: 9 | AD8: 2 | AE8: 1 | AF8: 0 | AG8: 0 | AH8: =IF(W8="Initial",AG8,(IF(AJ8=TRUE,"CORRECT ME",AG8/3))) -> 0 | AI8: 0 | AJ8: FALSE | AK8: =IF(W8="Initial",AC8,IF(AJ8=TRUE,"CORRECT ME",AC8/3)) -> 3 | AL8: Rerun | AN8: =IFNA(VLOOKUP($A8,'Tube Reactions'!$I$2:$J28,2,FALSE),"") -> #REF! | AO8: =IF(AND(AM8>0,AM8<>AN8),"NOT EQUAL","") -> #REF! | AP8: =IF(ISTEXT(H8),"", "Absent") -> Absent | AQ8: =NOT(ISBLANK(I8)) -> TRUE | AR8: =ROW(AR8)-1 -> 7 | AU8: BS 1/6 | AV8: 11 | AW8: FALSE | AX8: =IF(OR(AND(AL8=0,AW8),AND(AL8<>0,NOT(AW8))),TRUE,FALSE) -> TRUE | AY8: =AV8-AC8 -> 2 | BA8: TRUE | BB8: =IF(BA8,IF(EXACT(W8,"Initial"),TRUE,FALSE),"") -> FALSE | BC8: =IF(BB8,IF(AL8=0,TRUE,AL8),"") | BD8: =IF(BC8,AK8,"") | BF8: =IF(EXACT($W8,"Initial"),$U8,IFERROR(0/0,"")) | BG8: =IF(EXACT($W8,"Initial"),$A8,IFERROR(0/0,"")) | BH8: =IF(EXACT($W8,"Initial"),E8,IFERROR(0/0,"")) | BI8: =IF(EXACT($W8,"Initial"),AC8,IFERROR(0/0,"")) | BJ8: =IF(EXACT($W8,"Initial"),$AK8,IFERROR(0/0,"")) | BK8: =IF(EXACT($W8,"Initial"),$AL8,IFERROR(0/0,"")) | BL8: =IFNA(IF(VLOOKUP(FLOOR($B8,1),'APS Tubes by Date Import'!$B$2:$L22,1,FALSE)=FLOOR($BL7,1),IFERROR(0/0,""),VLOOKUP(FLOOR($B8,1),'APS Tubes by Date Import'!$B$2:$L22,1,FALSE)),"") | BM8: =IF(ISBLANK($BL8),IFERROR(0/0,""),VLOOKUP(FLOOR($B8,1),'APS Tubes by Date Import'!$B$2:$L22,2,FALSE)) | BN8: =IF(ISBLANK($BL8),IFERROR(0/0,""),VLOOKUP(FLOOR($B8,1),'APS Tubes by Date Import'!$B$2:$L22,11,FALSE)) | BO8: =IF(ISBLANK($BL8),IFERROR(0/0,""),VLOOKUP(FLOOR($B8,1),'APS Tubes by Date Import'!$B$2:$L22,6,FALSE)) | BP8: =BJ8 | BQ8: =BP8-BM8 -> 0 | BS8: =IF(ISBLANK(BP8),IFERROR(0/0,""),IF($BR8<=4,TRUE,IFERROR(0/0,""))) | BT8: =IFS(OR(BR8=0.1,BR8=1.1,BR8=2.1),"NULL > NEG",BR8=3, "Delete NULL",TRUE,IFERROR(0/0,""))
A9: =CONCATENATE("RUN-",'Process Ref'!$A$1,"_",TEXT(U9,"YYYY-MM-DD"),"_RFR-",TEXT(AR9,"000"),IF(EXACT(W9,"Initial"),"",CONCATENATE("_",W9))) -> RUN-NDHM_2022-05-02_RFR-008_Re-run | B9: 44683.388 | D9: NeedhamTBS | E9: 1 | F9: 220502_3 | G9: https://drive.google.com/open?id=1m_E-KsOJUSGONV2-axYC47hKgvEFXtkz | I9: https://drive.google.com/open?id=1F0q8JrNLmuJJI4T82_WSMjdNAPXDcUX8 | J9: 0 | K9: rerun | M9: 1.5 | O9: Guessing there are 3 blanks in middle of strip because of levels. | P9: =M9>=2 -> FALSE | Q9: FALSE | S9: FALSE | T9: TRUE | U9: 44683 | V9: 0.51041667 | W9: Re-run | X9: Rerun | Y9: FALSE | Z9: 8 | AA9: =IF(ISBLANK(Z9),IFERROR(0/0,""),Z9-E9) -> 7 | AB9: =IF(AA9 = 2,FALSE,TRUE) -> TRUE | AC9: 6 | AD9: 0 | AE9: =IF(W9="Initial",AD9,(IF(AJ9=TRUE,"CORRECT ME",AD9/3))) -> 0 | AF9: 0 | AG9: 0 | AH9: =IF(W9="Initial",AG9,(IF(AJ9=TRUE,"CORRECT ME",AG9/3))) -> 0 | AI9: 0 | AJ9: FALSE | AK9: 1 | AL9: Rerun | AN9: =IFNA(VLOOKUP($A9,'Tube Reactions'!$I$2:$J29,2,FALSE),"") -> #REF! | AO9: =IF(AND(AM9>0,AM9<>AN9),"NOT EQUAL","") -> #REF! | AP9: =IF(ISTEXT(H9),"", "Absent") -> Absent | AQ9: =NOT(ISBLANK(I9)) -> TRUE | AR9: =ROW(AR9)-1 -> 8 | AS9: 3 of the reactions are blank. Assuming a triplicate run. | AT9: 3 of the reactions are blank. Assuming a triplicate run. | AU9: BS 1/6 | AV9: 8 | AW9: TRUE | AX9: =IF(OR(AND(AL9=0,AW9),AND(AL9<>0,NOT(AW9))),TRUE,FALSE) -> FALSE | AY9: =AV9-AC9 -> 2 | BA9: FALSE | BB9: =IF(BA9,IF(EXACT(W9,"Initial"),TRUE,FALSE),"") | BC9: =IF(BB9,IF(AL9=0,TRUE,AL9),"") | BD9: =IF(BC9,AK9,"") | BF9: =IF(EXACT($W9,"Initial"),$U9,IFERROR(0/0,"")) | BG9: =IF(EXACT($W9,"Initial"),$A9,IFERROR(0/0,"")) | BH9: =IF(EXACT($W9,"Initial"),E9,IFERROR(0/0,"")) | BI9: =IF(EXACT($W9,"Initial"),AC9,IFERROR(0/0,"")) | BJ9: =IF(EXACT($W9,"Initial"),$AK9,IFERROR(0/0,"")) | BK9: =IF(EXACT($W9,"Initial"),$AL9,IFERROR(0/0,"")) | BL9: =IFNA(IF(VLOOKUP(FLOOR($B9,1),'APS Tubes by Date Import'!$B$2:$L22,1,FALSE)=FLOOR($BL8,1),IFERROR(0/0,""),VLOOKUP(FLOOR($B9,1),'APS Tubes by Date Import'!$B$2:$L22,1,FALSE)),"") -> 44683 | BM9: =IF(ISBLANK($BL9),IFERROR(0/0,""),VLOOKUP(FLOOR($B9,1),'APS Tubes by Date Import'!$B$2:$L22,2,FALSE)) -> 17 | BN9: =IF(ISBLANK($BL9),IFERROR(0/0,""),VLOOKUP(FLOOR($B9,1),'APS Tubes by Date Import'!$B$2:$L22,11,FALSE)) -> 44683 | BO9: =IF(ISBLANK($BL9),IFERROR(0/0,""),VLOOKUP(FLOOR($B9,1),'APS Tubes by Date Import'!$B$2:$L22,6,FALSE)) -> 0 | BP9: =BJ9 | BQ9: =BP9-BM9 -> -17 | BS9: =IF(ISBLANK(BP9),IFERROR(0/0,""),IF($BR9<=4,TRUE,IFERROR(0/0,""))) | BT9: =IFS(OR(BR9=0.1,BR9=1.1,BR9=2.1),"NULL > NEG",BR9=3, "Delete NULL",TRUE,IFERROR(0/0,""))
A10: =CONCATENATE("RUN-",'Process Ref'!$A$1,"_",TEXT(U10,"YYYY-MM-DD"),"_RFR-",TEXT(AR10,"000"),IF(EXACT(W10,"Initial"),"",CONCATENATE("_",W10))) -> RUN-NDHM_2022-05-09_RFR-009 | B10: 44690.326 | D10: NeedhamTBS | E10: 9 | F10: 220509_1 | G10: https://drive.google.com/open?id=1y5W9Lifemc6D1X6tn3i5R5PpDhj5DmZz | H10: https://drive.google.com/open?id=1zCrW_XCa-A4RsqFL_NyaM9r9ZLx-Hs3r | I10: https://drive.google.com/open?id=13TrLRYIy-piUvbQWrJSfdLQACN3tsluW | J10: 0 | K10: all seem to be negative ! | P10: =M10>=2 -> FALSE | Q10: FALSE | S10: FALSE | T10: FALSE | U10: 44690 | V10: 0.375 | W10: Initial | X10: 9 Samples ... 11 Reactions | Y10: FALSE | Z10: 11 | AA10: =IF(ISBLANK(Z10),IFERROR(0/0,""),Z10-E10) -> 2 | AB10: =IF(AA10 = 2,FALSE,TRUE) -> FALSE | AC10: 9 | AD10: 0 | AE10: =IF(W10="Initial",AD10,(IF(AJ10=TRUE,"CORRECT ME",AD10/3))) -> 0 | AF10: 0 | AG10: 0 | AH10: =IF(W10="Initial",AG10,(IF(AJ10=TRUE,"CORRECT ME",AG10/3))) -> 0 | AI10: 0 | AJ10: FALSE | AK10: =IF(W10="Initial",AC10,IF(AJ10=TRUE,"CORRECT ME",AC10/3)) -> 9 | AL10: 0 | AM10: 0 | AO10: =IF(AND(AM10>0,AM10<>AN10),"NOT EQUAL","") | AP10: =IF(ISTEXT(H10),"", "Absent") | AQ10: =NOT(ISBLANK(I10)) -> TRUE | AR10: =ROW(AR10)-1 -> 9 | AU10: BS 1/6 | AV10: 11 | AW10: TRUE | AX10: =IF(OR(AND(AL10=0,AW10),AND(AL10<>0,NOT(AW10))),TRUE,FALSE) -> TRUE | AY10: =AV10-AC10 -> 2 | BA10: TRUE | BB10: =IF(BA10,IF(EXACT(W10,"Initial"),TRUE,FALSE),"") -> TRUE | BC10: =IF(BB10,IF(AL10=0,TRUE,AL10),"") -> TRUE | BD10: =IF(BC10,AK10,"") -> 9 | BF10: =IF(EXACT($W10,"Initial"),$U10,IFERROR(0/0,"")) -> 44690 | BG10: =IF(EXACT($W10,"Initial"),$A10,IFERROR(0/0,"")) -> RUN-NDHM_2022-05-09_RFR-009 | BH10: =IF(EXACT($W10,"Initial"),E10,IFERROR(0/0,"")) -> 9 | BI10: =IF(EXACT($W10,"Initial"),AC10,IFERROR(0/0,"")) -> 9 | BJ10: =IF(EXACT($W10,"Initial"),$AK10,IFERROR(0/0,"")) -> 9 | BK10: =IF(EXACT($W10,"Initial"),$AL10,IFERROR(0/0,"")) -> 0 | BL10: =IFNA(IF(VLOOKUP(FLOOR($B10,1),'APS Tubes by Date Import'!$B$2:$L22,1,FALSE)=FLOOR($BL9,1),IFERROR(0/0,""),VLOOKUP(FLOOR($B10,1),'APS Tubes by Date Import'!$B$2:$L22,1,FALSE)),"") -> 44690 | BM10: =IF(ISBLANK($BL10),IFERROR(0/0,""),VLOOKUP(FLOOR($B10,1),'APS Tubes by Date Import'!$B$2:$L22,2,FALSE)) -> 7 | BN10: =IF(ISBLANK($BL10),IFERROR(0/0,""),VLOOKUP(FLOOR($B10,1),'APS Tubes by Date Import'!$B$2:$L22,11,FALSE)) -> 44697 | BO10: =IF(ISBLANK($BL10),IFERROR(0/0,""),VLOOKUP(FLOOR($B10,1),'APS Tubes by Date Import'!$B$2:$L22,6,FALSE)) -> 0 | BP10: =BJ10 -> 9 | BQ10: =BP10-BM10 -> 2 | BS10: =IF(ISBLANK(BP10),IFERROR(0/0,""),IF($BR10<=4,TRUE,IFERROR(0/0,""))) -> TRUE | BT10: =IFS(OR(BR10=0.1,BR10=1.1,BR10=2.1),"NULL > NEG",BR10=3, "Delete NULL",TRUE,IFERROR(0/0,""))
A11: =CONCATENATE("RUN-",'Process Ref'!$A$1,"_",TEXT(U11,"YYYY-MM-DD"),"_RFR-",TEXT(AR11,"000"),IF(EXACT(W11,"Initial"),"",CONCATENATE("_",W11))) -> RUN-NDHM_2022-05-16_RFR-010 | B11: 44697.366 | D11: NeedhamTBS | E11: 10 | F11: 220516 | G11: https://drive.google.com/open?id=1RM8Nu3_LxhpV9mQ6U5K5o6srXhvLSkLa | H11: https://drive.google.com/open?id=1liIgEqVcL9cV4INLhU97gTIMjlcW76JO | I11: https://drive.google.com/open?id=1BpSBcQfCj3azvqUeXD7jmiMEilTwskYz | J11: 0 | K11: emily perlman is run as a sponsor under my profile | P11: =M11>=2 -> FALSE | Q11: FALSE | S11: FALSE | T11: FALSE | U11: 44697 | V11: 0.375 | W11: Initial | X11: 10 Samples -> 12 Reactions, NDHM273699 - AH63 | Y11: FALSE | Z11: 12 | AA11: =IF(ISBLANK(Z11),IFERROR(0/0,""),Z11-E11) -> 2 | AB11: =IF(AA11 = 2,FALSE,TRUE) -> FALSE | AC11: 10 | AD11: 0 | AE11: =IF(W11="Initial",AD11,(IF(AJ11=TRUE,"CORRECT ME",AD11/3))) -> 0 | AF11: 0 | AG11: 0 | AH11: 0 | AI11: 0 | AJ11: FALSE | AK11: =IF(W11="Initial",AC11,IF(AJ11=TRUE,"CORRECT ME",AC11/3)) -> 10 | AL11: 0 | AM11: 0 | AN11: =IFNA(VLOOKUP($A11,'Tube Reactions'!$I$2:$J22,2,FALSE),"") -> #REF! | AO11: =IF(AND(AM11>0,AM11<>AN11),"NOT EQUAL","") -> #REF! | AP11: =IF(ISTEXT(H11),"", "Absent") | AQ11: =NOT(ISBLANK(I11)) -> TRUE | AR11: =ROW(AR11)-1 -> 10 | AU11: BS 1/6 | AV11: 12 | AW11: TRUE | AX11: =IF(OR(AND(AL11=0,AW11),AND(AL11<>0,NOT(AW11))),TRUE,FALSE) -> TRUE | AY11: =AV11-AC11 -> 2 | BA11: TRUE | BB11: =IF(BA11,IF(EXACT(W11,"Initial"),TRUE,FALSE),"") -> TRUE | BC11: =IF(BB11,IF(AL11=0,TRUE,AL11),"") -> TRUE | BD11: =IF(BC11,AK11,"") -> 10 | BF11: =IF(EXACT($W11,"Initial"),$U11,IFERROR(0/0,"")) -> 44697 | BG11: =IF(EXACT($W11,"Initial"),$A11,IFERROR(0/0,"")) -> RUN-NDHM_2022-05-16_RFR-010 | BH11: =IF(EXACT($W11,"Initial"),E11,IFERROR(0/0,"")) -> 10 | BI11: =IF(EXACT($W11,"Initial"),AC11,IFERROR(0/0,"")) -> 10 | BJ11: =IF(EXACT($W11,"Initial"),$AK11,IFERROR(0/0,"")) -> 10 | BK11: =IF(EXACT($W11,"Initial"),$AL11,IFERROR(0/0,"")) -> 0 | BL11: =IFNA(IF(VLOOKUP(FLOOR($B11,1),'APS Tubes by Date Import'!$B$2:$L22,1,FALSE)=FLOOR($BL10,1),IFERROR(0/0,""),VLOOKUP(FLOOR($B11,1),'APS Tubes by Date Import'!$B$2:$L22,1,FALSE)),"") -> 44697 | BM11: =IF(ISBLANK($BL11),IFERROR(0/0,""),VLOOKUP(FLOOR($B11,1),'APS Tubes by Date Import'!$B$2:$L22,2,FALSE)) -> 9 | BN11: =IF(ISBLANK($BL11),IFERROR(0/0,""),VLOOKUP(FLOOR($B11,1),'APS Tubes by Date Import'!$B$2:$L22,11,FALSE)) -> 44713 | BO11: =IF(ISBLANK($BL11),IFERROR(0/0,""),VLOOKUP(FLOOR($B11,1),'APS Tubes by Date Import'!$B$2:$L22,6,FALSE)) -> 0 | BP11: =BJ11 -> 10 | BQ11: =BP11-BM11 -> 1 | BS11: =IF(ISBLANK(BP11),IFERROR(0/0,""),IF($BR11<=4,TRUE,IFERROR(0/0,""))) -> TRUE | BT11: realized photo was from prev day so deleted
A12: =CONCATENATE("RUN-",'Process Ref'!$A$1,"_",TEXT(U12,"YYYY-MM-DD"),"_RFR-",TEXT(AR12,"000"),IF(EXACT(W12,"Initial"),"",CONCATENATE("_",W12))) -> RUN-NDHM_2022-05-23_RFR-011 | B12: 44704.394 | D12: NeedhamTBS | E12: 8 | F12: 220523_1 | G12: https://drive.google.com/open?id=1n33Lyu3PaM6_CdNpWiQJoWvBasQfoqOQ | H12: https://drive.google.com/open?id=1HUWY2NVlmFJv6NvgIkNSw4yCUN5pLoCo | I12: https://drive.google.com/open?id=1RGL3H8AGtP8YWShC2rKG98i1eT9g0qBm | J12: 0 | K12: manually entered for geshem teperow with myself as the sponsor as it was not inputted by the participant in advance | P12: =M12>=2 -> FALSE | Q12: FALSE | S12: FALSE | T12: FALSE | U12: 44704 | V12: 0.41666667 | W12: Initial | X12: 8 Samples, Manual Entrry for NDHM251519 | Y12: FALSE | Z12: 10 | AA12: =IF(ISBLANK(Z12),IFERROR(0/0,""),Z12-E12) -> 2 | AB12: =IF(AA12 = 2,FALSE,TRUE) -> FALSE | AC12: 8 | AD12: 0 | AE12: =IF(W12="Initial",AD12,(IF(AJ12=TRUE,"CORRECT ME",AD12/3))) -> 0 | AF12: 0 | AG12: 0 | AH12: =IF(W12="Initial",AG12,(IF(AJ12=TRUE,"CORRECT ME",AG12/3))) -> 0 | AI12: 0 | AJ12: FALSE | AK12: =IF(W12="Initial",AC12,IF(AJ12=TRUE,"CORRECT ME",AC12/3)) -> 8 | AL12: 0 | AM12: 0 | AN12: =IFNA(VLOOKUP($A12,'Tube Reactions'!$I$2:$J23,2,FALSE),"") -> #REF! | AO12: =IF(AND(AM12>0,AM12<>AN12),"NOT EQUAL","") -> #REF! | AP12: =IF(ISTEXT(H12),"", "Absent") | AQ12: =NOT(ISBLANK(I12)) -> TRUE | AR12: =ROW(AR12)-1 -> 11 | AU12: BS 1/6 | AV12: 10 | AW12: TRUE | AX12: =IF(OR(AND(AL12=0,AW12),AND(AL12<>0,NOT(AW12))),TRUE,FALSE) -> TRUE | AY12: =AV12-AC12 -> 2 | BA12: FALSE | BB12: =IF(BA12,IF(EXACT(W12,"Initial"),TRUE,FALSE),"") | BC12: =IF(BB12,IF(AL12=0,TRUE,AL12),"") | BD12: =IF(BC12,AK12,"") | BF12: =IF(EXACT($W12,"Initial"),$U12,IFERROR(0/0,"")) -> 44704 | BG12: =IF(EXACT($W12,"Initial"),$A12,IFERROR(0/0,"")) -> RUN-NDHM_2022-05-23_RFR-011 | BH12: =IF(EXACT($W12,"Initial"),E12,IFERROR(0/0,"")) -> 8 | BI12: =IF(EXACT($W12,"Initial"),AC12,IFERROR(0/0,"")) -> 8 | BJ12: =IF(EXACT($W12,"Initial"),$AK12,IFERROR(0/0,"")) -> 8 | BK12: =IF(EXACT($W12,"Initial"),$AL12,IFERROR(0/0,"")) -> 0 | BL12: =IFNA(IF(VLOOKUP(FLOOR($B12,1),'APS Tubes by Date Import'!$B$2:$L22,1,FALSE)=FLOOR($BL11,1),IFERROR(0/0,""),VLOOKUP(FLOOR($B12,1),'APS Tubes by Date Import'!$B$2:$L22,1,FALSE)),"") -> 44704 | BM12: =IF(ISBLANK($BL12),IFERROR(0/0,""),VLOOKUP(FLOOR($B12,1),'APS Tubes by Date Import'!$B$2:$L22,2,FALSE)) -> 8 | BN12: =IF(ISBLANK($BL12),IFERROR(0/0,""),VLOOKUP(FLOOR($B12,1),'APS Tubes by Date Import'!$B$2:$L22,11,FALSE)) -> 44718 | BO12: =IF(ISBLANK($BL12),IFERROR(0/0,""),VLOOKUP(FLOOR($B12,1),'APS Tubes by Date Import'!$B$2:$L22,6,FALSE)) -> 0 | BP12: =BJ12 -> 8 | BQ12: =BP12-BM12 -> 0 | BS12: =IF(ISBLANK(BP12),IFERROR(0/0,""),IF($BR12<=4,TRUE,IFERROR(0/0,""))) -> TRUE | BT12: =IFS(BR12=2,"NULL > NEG",BR12=3, "Delete NULL",TRUE,IFERROR(0/0,""))
A13: =CONCATENATE("RUN-",'Process Ref'!$A$1,"_",TEXT(U13,"YYYY-MM-DD"),"_RFR-",TEXT(AR13,"000"),IF(EXACT(W13,"Initial"),"",CONCATENATE("_",W13))) -> RUN-NDHM_2022-06-01_RFR-012 | B13: 44713.341 | D13: NeedhamTBS | E13: 13 | F13: 220601-1 | G13: https://drive.google.com/open?id=1JS0geHIGgPv8jwDbX30lFx8behvVLyRd | H13: https://drive.google.com/open?id=1CRKGq_-5qBcYv1N2ufZOtUVnLhCLBe8v | I13: https://drive.google.com/open?id=1Nr3DTV2AM-EdEk7HHI9k0YkSbeAUeBfH | J13: 0 | K13: A7 and B2 were more red than pink, but not orange. | M13: 1.8 | O13: Extra blank assumed at end, 1.5 and 1.1 and 1.2 | P13: =M13>=2 -> FALSE | Q13: FALSE | S13: FALSE | T13: FALSE | U13: 44713 | V13: 0.39583333 | W13: Initial | Y13: FALSE | Z13: 15 | AA13: =IF(ISBLANK(Z13),IFERROR(0/0,""),Z13-E13) -> 2 | AB13: =IF(AA13 = 2,FALSE,TRUE) -> FALSE | AC13: 14 | AD13: 0 | AE13: =IF(W13="Initial",AD13,(IF(AJ13=TRUE,"CORRECT ME",AD13/3))) -> 0 | AF13: 0 | AG13: 0 | AH13: 0 | AI13: 0 | AJ13: FALSE | AK13: =IF(W13="Initial",AC13,IF(AJ13=TRUE,"CORRECT ME",AC13/3)) -> 14 | AL13: 0 | AM13: 0 | AN13: =IFNA(VLOOKUP($A13,'Tube Reactions'!$I$2:$J24,2,FALSE),"") -> #REF! | AO13: =IF(AND(AM13>0,AM13<>AN13),"NOT EQUAL","") -> #REF! | AP13: =IF(ISTEXT(H13),"", "Absent") | AQ13: =NOT(ISBLANK(I13)) -> TRUE | AR13: =ROW(AR13)-1 -> 12 | AS13: Image is horribly compressed by a saturation boost. Tubes are noted as being more red than normal. Could this be improper reaction mix? | AT13: Image is horribly compressed by a saturation boost. Tubes are noted as being more red than normal. Could this be improper reaction mix? | AU13: BS 1/6 | AV13: 16 | AW13: TRUE | AX13: =IF(OR(AND(AL13=0,AW13),AND(AL13<>0,NOT(AW13))),TRUE,FALSE) -> TRUE | AY13: =AV13-AC13 -> 2 | BA13: TRUE | BB13: =IF(BA13,IF(EXACT(W13,"Initial"),TRUE,FALSE),"") -> TRUE | BC13: =IF(BB13,IF(AL13=0,TRUE,AL13),"") -> TRUE | BD13: =IF(BC13,AK13,"") -> 14 | BF13: =IF(EXACT($W13,"Initial"),$U13,IFERROR(0/0,"")) -> 44713 | BG13: =IF(EXACT($W13,"Initial"),$A13,IFERROR(0/0,"")) -> RUN-NDHM_2022-06-01_RFR-012 | BH13: =IF(EXACT($W13,"Initial"),E13,IFERROR(0/0,"")) -> 13 | BI13: =IF(EXACT($W13,"Initial"),AC13,IFERROR(0/0,"")) -> 14 | BJ13: =IF(EXACT($W13,"Initial"),$AK13,IFERROR(0/0,"")) -> 14 | BK13: =IF(EXACT($W13,"Initial"),$AL13,IFERROR(0/0,"")) -> 0 | BL13: =IFNA(IF(VLOOKUP(FLOOR($B13,1),'APS Tubes by Date Import'!$B$2:$L22,1,FALSE)=FLOOR($BL12,1),IFERROR(0/0,""),VLOOKUP(FLOOR($B13,1),'APS Tubes by Date Import'!$B$2:$L22,1,FALSE)),"") -> 44713 | BM13: =IF(ISBLANK($BL13),IFERROR(0/0,""),VLOOKUP(FLOOR($B13,1),'APS Tubes by Date Import'!$B$2:$L22,2,FALSE)) -> 10 | BN13: =IF(ISBLANK($BL13),IFERROR(0/0,""),VLOOKUP(FLOOR($B13,1),'APS Tubes by Date Import'!$B$2:$L22,11,FALSE)) -> 44733 | BO13: =IF(ISBLANK($BL13),IFERROR(0/0,""),VLOOKUP(FLOOR($B13,1),'APS Tubes by Date Import'!$B$2:$L22,6,FALSE)) -> 0 | BP13: =BJ13 -> 14 | BQ13: =BP13-BM13 -> 4 | BS13: =IF(ISBLANK(BP13),IFERROR(0/0,""),IF($BR13<=4,TRUE,IFERROR(0/0,""))) -> TRUE | BT13: =IFS(BR13=2,"NULL > NEG",BR13=3, "Delete NULL",TRUE,IFERROR(0/0,""))
A14: =CONCATENATE("RUN-",'Process Ref'!$A$1,"_",TEXT(U14,"YYYY-MM-DD"),"_RFR-",TEXT(AR14,"000"),IF(EXACT(W14,"Initial"),"",CONCATENATE("_",W14))) -> RUN-NDHM_2022-06-06_RFR-013 | B14: 44718.362 | D14: NeedhamTBS | E14: 8 | F14: 220606-1 | G14: https://drive.google.com/open?id=1VrUIpv6xD2SVmvFRDsB8ihDgeFejzXAh | H14: https://drive.google.com/open?id=1unASn4Gtj2wECmCWAt8laI3cLMd2m5Aw | I14: https://drive.google.com/open?id=1L0uCP5HxTnplJgQytbVm3K-xk_SGGqjW | J14: 0 | K14: A 3&4 are slightly lighter. in past runs this color has been fine to call negative. | M14: 1.5 | O14: 6 blanks in last strip | P14: =M14>=2 -> FALSE | Q14: FALSE | S14: FALSE | T14: FALSE | U14: 44718 | V14: 0.41666667 | W14: Initial | X14: AG417 not in appivo | Y14: FALSE | Z14: 10 | AA14: =IF(ISBLANK(Z14),IFERROR(0/0,""),Z14-E14) -> 2 | AB14: =IF(AA14 = 2,FALSE,TRUE) -> FALSE | AC14: 14 | AD14: 0 | AE14: 0 | AF14: 0 | AG14: 0 | AH14: 0 | AI14: 0 | AJ14: FALSE | AK14: =IF(W14="Initial",AC14,IF(AJ14=TRUE,"CORRECT ME",AC14/3)) -> 14 | AL14: 0 | AM14: 1 | AN14: =IFNA(VLOOKUP($A14,'Tube Reactions'!$I$2:$J25,2,FALSE),"") -> #REF! | AO14: =IF(AND(AM14>0,AM14<>AN14),"NOT EQUAL","") -> #REF! | AP14: =IF(ISTEXT(H14),"", "Absent") | AQ14: =NOT(ISBLANK(I14)) -> TRUE | AR14: =ROW(AR14)-1 -> 13 | AU14: BS 1/6 | AV14: 16 | AW14: TRUE | AX14: =IF(OR(AND(AL14=0,AW14),AND(AL14<>0,NOT(AW14))),TRUE,FALSE) -> TRUE | AY14: =AV14-AC14 -> 2 | BA14: TRUE | BB14: =IF(BA14,IF(EXACT(W14,"Initial"),TRUE,FALSE),"") -> TRUE | BC14: =IF(BB14,IF(AL14=0,TRUE,AL14),"") -> TRUE | BD14: =IF(BC14,AK14,"") -> 14 | BF14: =IF(EXACT($W14,"Initial"),$U14,IFERROR(0/0,"")) -> 44718 | BG14: =IF(EXACT($W14,"Initial"),$A14,IFERROR(0/0,"")) -> RUN-NDHM_2022-06-06_RFR-013 | BH14: =IF(EXACT($W14,"Initial"),E14,IFERROR(0/0,"")) -> 8 | BI14: =IF(EXACT($W14,"Initial"),AC14,IFERROR(0/0,"")) -> 14 | BJ14: =IF(EXACT($W14,"Initial"),$AK14,IFERROR(0/0,"")) -> 14 | BK14: =IF(EXACT($W14,"Initial"),$AL14,IFERROR(0/0,"")) -> 0 | BL14: =IFNA(IF(VLOOKUP(FLOOR($B14,1),'APS Tubes by Date Import'!$B$2:$L22,1,FALSE)=FLOOR($BL13,1),IFERROR(0/0,""),VLOOKUP(FLOOR($B14,1),'APS Tubes by Date Import'!$B$2:$L22,1,FALSE)),"") -> 44718 | BM14: =IF(ISBLANK($BL14),IFERROR(0/0,""),VLOOKUP(FLOOR($B14,1),'APS Tubes by Date Import'!$B$2:$L22,2,FALSE)) -> 7 | BN14: =IF(ISBLANK($BL14),IFERROR(0/0,""),VLOOKUP(FLOOR($B14,1),'APS Tubes by Date Import'!$B$2:$L22,11,FALSE)) -> 44739 | BO14: =IF(ISBLANK($BL14),IFERROR(0/0,""),VLOOKUP(FLOOR($B14,1),'APS Tubes by Date Import'!$B$2:$L22,6,FALSE)) -> 0 | BP14: =BJ14 -> 14 | BQ14: =BP14-BM14 -> 7 | BS14: =IF(ISBLANK(BP14),IFERROR(0/0,""),IF($BR14<=4,TRUE,IFERROR(0/0,""))) -> TRUE | BT14: =IFS(BR14=2,"NULL > NEG",BR14=3, "Delete NULL",TRUE,IFERROR(0/0,""))
A15: =CONCATENATE("RUN-",'Process Ref'!$A$1,"_",TEXT(U15,"YYYY-MM-DD"),"_RFR-",TEXT(AR15,"000"),IF(EXACT(W15,"Initial"),"",CONCATENATE("_",W15))) -> RUN-NDHM_2022-06-13_RFR-014 | B15: 44725.389 | D15: NeedhamTBS | E15: 4 | F15: 220613-1 | G15: https://drive.google.com/open?id=1wtZppJTrRINj8aoKEYBDPrCxw_iCn09v | H15: https://drive.google.com/open?id=1IsSNG79No27AK9Kw2OyucssGDirtFp_V | I15: https://drive.google.com/open?id=1EIRH_GizuMdHmoysBVxndXWUgGTJI8Lo | J15: 1 inconclusive, will re run sample AH9644 | K15: sample in spot A3 is inconclusive and will be rerun | M15: 1.5 | O15: 2 blanks | P15: =M15>=2 -> FALSE | Q15: FALSE | S15: FALSE | T15: TRUE | U15: 44725 | V15: 0.41666667 | W15: Initial | Y15: TRUE | Z15: 6 | AA15: =IF(ISBLANK(Z15),IFERROR(0/0,""),Z15-E15) -> 2 | AB15: =IF(AA15 = 2,FALSE,TRUE) -> FALSE | AC15: 6 | AD15: 1 | AE15: =IF(W15="Initial",AD15,(IF(AJ15=TRUE,"CORRECT ME",AD15/3))) -> 1 | AF15: 0 | AG15: 0 | AH15: 0 | AI15: 0 | AJ15: FALSE | AK15: 4 | AL15: 1.1 | AM15: 1 | AN15: =IFNA(VLOOKUP($A15,'Tube Reactions'!$I$2:$J26,2,FALSE),"") -> #REF! | AO15: =IF(AND(AM15>0,AM15<>AN15),"NOT EQUAL","") -> #REF! | AP15: =IF(ISTEXT(H15),"", "Absent") | AQ15: =NOT(ISBLANK(I15)) -> TRUE | AR15: =ROW(AR15)-1 -> 14 | AS15: Run form list 4 tube IDs run | AU15: BS 1/6 | AV15: 8 | AW15: FALSE | AX15: =IF(OR(AND(AL15=0,AW15),AND(AL15<>0,NOT(AW15))),TRUE,FALSE) -> TRUE | AY15: =AV15-AC15 -> 2 | BA15: FALSE | BB15: =IF(BA15,IF(EXACT(W15,"Initial"),TRUE,FALSE),"") | BC15: =IF(BB15,IF(AL15=0,TRUE,AL15),"") | BD15: =IF(BC15,AK15,"") | BF15: =IF(EXACT($W15,"Initial"),$U15,IFERROR(0/0,"")) -> 44725 | BG15: =IF(EXACT($W15,"Initial"),$A15,IFERROR(0/0,"")) -> RUN-NDHM_2022-06-13_RFR-014 | BH15: =IF(EXACT($W15,"Initial"),E15,IFERROR(0/0,"")) -> 4 | BI15: =IF(EXACT($W15,"Initial"),AC15,IFERROR(0/0,"")) -> 6 | BJ15: =IF(EXACT($W15,"Initial"),$AK15,IFERROR(0/0,"")) -> 4 | BK15: =IF(EXACT($W15,"Initial"),$AL15,IFERROR(0/0,"")) -> 1.1 | BL15: =IFNA(IF(VLOOKUP(FLOOR($B15,1),'APS Tubes by Date Import'!$B$2:$L22,1,FALSE)=FLOOR($BL14,1),IFERROR(0/0,""),VLOOKUP(FLOOR($B15,1),'APS Tubes by Date Import'!$B$2:$L22,1,FALSE)),"") -> 44725 | BM15: =IF(ISBLANK($BL15),IFERROR(0/0,""),VLOOKUP(FLOOR($B15,1),'APS Tubes by Date Import'!$B$2:$L22,2,FALSE)) -> 4 | BN15: =IF(ISBLANK($BL15),IFERROR(0/0,""),VLOOKUP(FLOOR($B15,1),'APS Tubes by Date Import'!$B$2:$L22,11,FALSE)) -> 44753 | BO15: =IF(ISBLANK($BL15),IFERROR(0/0,""),VLOOKUP(FLOOR($B15,1),'APS Tubes by Date Import'!$B$2:$L22,6,FALSE)) -> 0 | BP15: =BJ15 -> 4 | BQ15: =BP15-BM15 -> 0 | BS15: =IF(ISBLANK(BP15),IFERROR(0/0,""),IF($BR15<=4,TRUE,IFERROR(0/0,""))) -> TRUE | BT15: =IFS(BR15=2,"NULL > NEG",BR15=3, "Delete NULL",TRUE,IFERROR(0/0,""))
A16: =CONCATENATE("RUN-",'Process Ref'!$A$1,"_",TEXT(U16,"YYYY-MM-DD"),"_RFR-",TEXT(AR16,"000"),IF(EXACT(W16,"Initial"),"",CONCATENATE("_",W16))) -> RUN-NDHM_2022-06-13_RFR-015_Re-run | B16: 44725.412 | D16: needham tbh | E16: 1 | F16: 220613-1 | G16: https://drive.google.com/open?id=1rOtIhx03aNQ3ZZiJQOvW1URI1TZor3LS | H16: https://drive.google.com/open?id=1PLawb2eN8Upohy96ZMdXH7VY4SjuyJXI | I16: https://drive.google.com/open?id=1iGdm0ek_bP8BnNWCXENjjADsoBsnZnxg | J16: originally inconclusive, rerun is done to address that | K16: sample is negative | M16: 1.9 | O16: Reuploded initial run form | P16: =M16>=2 -> FALSE | Q16: FALSE | S16: FALSE | T16: TRUE | U16: 44725 | V16: 0.45833333 | W16: Re-run | Y16: FALSE | AA16: =IF(ISBLANK(Z16),IFERROR(0/0,""),Z16-E16) | AB16: =IF(AA16 = 2,FALSE,TRUE) -> TRUE | AC16: 3 | AD16: 0 | AE16: =IF(W16="Initial",AD16,(IF(AJ16=TRUE,"CORRECT ME",AD16/3))) -> 0 | AF16: 0 | AG16: 0 | AH16: =IF(W16="Initial",AG16,(IF(AJ16=TRUE,"CORRECT ME",AG16/3))) -> 0 | AI16: 0 | AJ16: FALSE | AK16: =IF(W16="Initial",AC16,IF(AJ16=TRUE,"CORRECT ME",AC16/3)) -> 1 | AL16: Rerun | AN16: =IFNA(VLOOKUP($A16,'Tube Reactions'!$I$2:$J27,2,FALSE),"") -> #REF! | AO16: =IF(AND(AM16>0,AM16<>AN16),"NOT EQUAL","") -> #REF! | AP16: =IF(ISTEXT(H16),"", "Absent") | AQ16: =NOT(ISBLANK(I16)) -> TRUE | AR16: =ROW(AR16)-1 -> 15 | AU16: BS 1/6 | AV16: 5 | AW16: TRUE | AX16: =IF(OR(AND(AL16=0,AW16),AND(AL16<>0,NOT(AW16))),TRUE,FALSE) -> FALSE | AY16: =AV16-AC16 -> 2 | BA16: TRUE | BB16: =IF(BA16,IF(EXACT(W16,"Initial"),TRUE,FALSE),"") -> FALSE | BC16: =IF(BB16,IF(AL16=0,TRUE,AL16),"") | BD16: =IF(BC16,AK16,"") | BF16: =IF(EXACT($W16,"Initial"),$U16,IFERROR(0/0,"")) | BG16: =IF(EXACT($W16,"Initial"),$A16,IFERROR(0/0,"")) | BH16: =IF(EXACT($W16,"Initial"),E16,IFERROR(0/0,"")) | BI16: =IF(EXACT($W16,"Initial"),AC16,IFERROR(0/0,"")) | BJ16: =IF(EXACT($W16,"Initial"),$AK16,IFERROR(0/0,"")) | BK16: =IF(EXACT($W16,"Initial"),$AL16,IFERROR(0/0,"")) | BL16: =IFNA(IF(VLOOKUP(FLOOR($B16,1),'APS Tubes by Date Import'!$B$2:$L22,1,FALSE)=FLOOR($BL15,1),IFERROR(0/0,""),VLOOKUP(FLOOR($B16,1),'APS Tubes by Date Import'!$B$2:$L22,1,FALSE)),"") | BM16: =IF(ISBLANK($BL16),IFERROR(0/0,""),VLOOKUP(FLOOR($B16,1),'APS Tubes by Date Import'!$B$2:$L22,2,FALSE)) | BN16: =IF(ISBLANK($BL16),IFERROR(0/0,""),VLOOKUP(FLOOR($B16,1),'APS Tubes by Date Import'!$B$2:$L22,11,FALSE)) | BO16: =IF(ISBLANK($BL16),IFERROR(0/0,""),VLOOKUP(FLOOR($B16,1),'APS Tubes by Date Import'!$B$2:$L22,6,FALSE)) | BP16: =BJ16 | BQ16: =BP16-BM16 -> 0 | BS16: =IF(ISBLANK(BP16),IFERROR(0/0,""),IF($BR16<=4,TRUE,IFERROR(0/0,""))) | BT16: =IFS(BR16=2,"NULL > NEG",BR16=3, "Delete NULL",TRUE,IFERROR(0/0,""))
A17: =CONCATENATE("RUN-",'Process Ref'!$A$1,"_",TEXT(U17,"YYYY-MM-DD"),"_RFR-",TEXT(AR17,"000"),IF(EXACT(W17,"Initial"),"",CONCATENATE("_",W17))) -> RUN-NDHM_2022-06-21_RFR-016 | B17: 44733.404 | D17: needham tbs | E17: 2 | F17: 220621 | G17: https://drive.google.com/open?id=1oKnVyN0ZPD7-WrHPBnBafNRnx5PY6dO2 | H17: https://drive.google.com/open?id=1ERWpQnqcUDXg9nt1ed43YPE3bGssqNMK | I17: https://drive.google.com/open?id=18-PCz5uo9JV_C7VWlqhXUKknKj0-eTaF | J17: sample in spot A3 was darker red instead of pink but should be fine since it wasn’t orange. | K17: layla taylor did not input her collection tube so I had to collect and sponsor for her. | P17: =M17>=2 -> FALSE | Q17: FALSE | S17: FALSE | T17: FALSE | U17: 44733 | V17: 0.45833333 | W17: Initial | X17: Self Input tube AG4603 for NDHM689009 | Y17: FALSE | Z17: 4 | AA17: =IF(ISBLANK(Z17),IFERROR(0/0,""),Z17-E17) -> 2 | AB17: =IF(AA17 = 2,FALSE,TRUE) -> FALSE | AC17: 2 | AD17: 0 | AE17: 0 | AF17: 0 | AG17: 0 | AH17: =IF(W17="Initial",AG17,(IF(AJ17=TRUE,"CORRECT ME",AG17/3))) -> 0 | AI17: 0 | AJ17: FALSE | AK17: =IF(W17="Initial",AC17,IF(AJ17=TRUE,"CORRECT ME",AC17/3)) -> 2 | AL17: 0 | AM17: 0 | AN17: =IFNA(VLOOKUP($A17,'Tube Reactions'!$I$2:$J28,2,FALSE),"") -> #REF! | AO17: =IF(AND(AM17>0,AM17<>AN17),"NOT EQUAL","") -> #REF! | AP17: =IF(ISTEXT(H17),"", "Absent") | AQ17: =NOT(ISBLANK(I17)) -> TRUE | AR17: =ROW(AR17)-1 -> 16 | AU17: BS 1/6 | AV17: 4 | AW17: TRUE | AX17: =IF(OR(AND(AL17=0,AW17),AND(AL17<>0,NOT(AW17))),TRUE,FALSE) -> TRUE | AY17: =AV17-AC17 -> 2 | BA17: TRUE | BB17: =IF(BA17,IF(EXACT(W17,"Initial"),TRUE,FALSE),"") -> TRUE | BC17: =IF(BB17,IF(AL17=0,TRUE,AL17),"") -> TRUE | BD17: =IF(BC17,AK17,"") -> 2 | BF17: =IF(EXACT($W17,"Initial"),$U17,IFERROR(0/0,"")) -> 44733 | BG17: =IF(EXACT($W17,"Initial"),$A17,IFERROR(0/0,"")) -> RUN-NDHM_2022-06-21_RFR-016 | BH17: =IF(EXACT($W17,"Initial"),E17,IFERROR(0/0,"")) -> 2 | BI17: =IF(EXACT($W17,"Initial"),AC17,IFERROR(0/0,"")) -> 2 | BJ17: =IF(EXACT($W17,"Initial"),$AK17,IFERROR(0/0,"")) -> 2 | BK17: =IF(EXACT($W17,"Initial"),$AL17,IFERROR(0/0,"")) -> 0 | BL17: =IFNA(IF(VLOOKUP(FLOOR($B17,1),'APS Tubes by Date Import'!$B$2:$L22,1,FALSE)=FLOOR($BL16,1),IFERROR(0/0,""),VLOOKUP(FLOOR($B17,1),'APS Tubes by Date Import'!$B$2:$L22,1,FALSE)),"") -> 44733 | BM17: =IF(ISBLANK($BL17),IFERROR(0/0,""),VLOOKUP(FLOOR($B17,1),'APS Tubes by Date Import'!$B$2:$L22,2,FALSE)) -> 2 | BN17: =IF(ISBLANK($BL17),IFERROR(0/0,""),VLOOKUP(FLOOR($B17,1),'APS Tubes by Date Import'!$B$2:$L22,11,FALSE)) -> 44760 | BO17: =IF(ISBLANK($BL17),IFERROR(0/0,""),VLOOKUP(FLOOR($B17,1),'APS Tubes by Date Import'!$B$2:$L22,6,FALSE)) -> 0 | BP17: =BJ17 -> 2 | BQ17: =BP17-BM17 -> 0 | BS17: =IF(ISBLANK(BP17),IFERROR(0/0,""),IF($BR17<=4,TRUE,IFERROR(0/0,""))) -> TRUE | BT17: =IFS(BR17=2,"NULL > NEG",BR17=3, "Delete NULL",TRUE,IFERROR(0/0,""))
A18: =CONCATENATE("RUN-",'Process Ref'!$A$1,"_",TEXT(U18,"YYYY-MM-DD"),"_RFR-",TEXT(AR18,"000"),IF(EXACT(W18,"Initial"),"",CONCATENATE("_",W18))) -> RUN-NDHM_2022-06-27_RFR-017 | B18: 44739.377 | D18: NeedhamTBS | E18: 1 | F18: 220627-1 | G18: https://drive.google.com/open?id=1YtyAEu96dMsYgvRuXGZOuWFXIthAG-FF | I18: https://drive.google.com/open?id=1Ot1xHRqelI_jVpMw-0S_8fFz1YR9sfJ_ | J18: 0 | P18: =M18>=2 -> FALSE | Q18: FALSE | S18: FALSE | T18: FALSE | U18: 44739 | V18: 0.41666667 | W18: Initial | X18: 1 Test -> Negative Result | Y18: FALSE | Z18: 3 | AA18: =IF(ISBLANK(Z18),IFERROR(0/0,""),Z18-E18) -> 2 | AB18: =IF(AA18 = 2,FALSE,TRUE) -> FALSE | AC18: 1 | AD18: 0 | AE18: =IF(W18="Initial",AD18,(IF(AJ18=TRUE,"CORRECT ME",AD18/3))) -> 0 | AF18: 0 | AG18: 0 | AH18: 0 | AI18: 0 | AJ18: FALSE | AK18: =IF(W18="Initial",AC18,IF(AJ18=TRUE,"CORRECT ME",AC18/3)) -> 1 | AL18: 0 | AM18: 0 | AN18: =IFNA(VLOOKUP($A18,'Tube Reactions'!$I$2:$J29,2,FALSE),"") -> #REF! | AO18: =IF(AND(AM18>0,AM18<>AN18),"NOT EQUAL","") -> #REF! | AP18: =IF(ISTEXT(H18),"", "Absent") -> Absent | AQ18: =NOT(ISBLANK(I18)) -> TRUE | AR18: =ROW(AR18)-1 -> 17 | AU18: BS 1/6 | AV18: 3 | AW18: TRUE | AX18: =IF(OR(AND(AL18=0,AW18),AND(AL18<>0,NOT(AW18))),TRUE,FALSE) -> TRUE | AY18: =AV18-AC18 -> 2 | BA18: FALSE | BB18: =IF(BA18,IF(EXACT(W18,"Initial"),TRUE,FALSE),"") | BC18: =IF(BB18,IF(AL18=0,TRUE,AL18),"") | BD18: =IF(BC18,AK18,"") | BF18: =IF(EXACT($W18,"Initial"),$U18,IFERROR(0/0,"")) -> 44739 | BG18: =IF(EXACT($W18,"Initial"),$A18,IFERROR(0/0,"")) -> RUN-NDHM_2022-06-27_RFR-017 | BH18: =IF(EXACT($W18,"Initial"),E18,IFERROR(0/0,"")) -> 1 | BI18: =IF(EXACT($W18,"Initial"),AC18,IFERROR(0/0,"")) -> 1 | BJ18: =IF(EXACT($W18,"Initial"),$AK18,IFERROR(0/0,"")) -> 1 | BK18: =IF(EXACT($W18,"Initial"),$AL18,IFERROR(0/0,"")) -> 0 | BL18: =IFNA(IF(VLOOKUP(FLOOR($B18,1),'APS Tubes by Date Import'!$B$2:$L22,1,FALSE)=FLOOR($BL17,1),IFERROR(0/0,""),VLOOKUP(FLOOR($B18,1),'APS Tubes by Date Import'!$B$2:$L22,1,FALSE)),"") -> 44739 | BM18: =IF(ISBLANK($BL18),IFERROR(0/0,""),VLOOKUP(FLOOR($B18,1),'APS Tubes by Date Import'!$B$2:$L22,2,FALSE)) -> 1 | BN18: =IF(ISBLANK($BL18),IFERROR(0/0,""),VLOOKUP(FLOOR($B18,1),'APS Tubes by Date Import'!$B$2:$L22,11,FALSE)) -> 44767 | BO18: =IF(ISBLANK($BL18),IFERROR(0/0,""),VLOOKUP(FLOOR($B18,1),'APS Tubes by Date Import'!$B$2:$L22,6,FALSE)) -> 0 | BP18: =BJ18 -> 1 | BQ18: =BP18-BM18 -> 0 | BS18: =IF(ISBLANK(BP18),IFERROR(0/0,""),IF($BR18<=4,TRUE,IFERROR(0/0,""))) -> TRUE | BT18: =IFS(BR18=2,"NULL > NEG",BR18=3, "Delete NULL",TRUE,IFERROR(0/0,""))
A19: =CONCATENATE("RUN-",'Process Ref'!$A$1,"_",TEXT(U19,"YYYY-MM-DD"),"_RFR-",TEXT(AR19,"000"),IF(EXACT(W19,"Initial"),"",CONCATENATE("_",W19))) -> RUN-NDHM_2022-07-11_RFR-018 | B19: 44753.401 | D19: NeedhamTBS | E19: 3 | F19: 220711-1 | G19: https://drive.google.com/open?id=1bkP-Yg71e_UOLKRLaGte6e9MPrti92r1 | I19: https://drive.google.com/open?id=1LPYeW83Y8NsWLvnBMU6jQvey_9vVdIP1 | J19: 0 | K19: all negative! | P19: =M19>=2 -> FALSE | Q19: FALSE | S19: FALSE | T19: FALSE | U19: 44753 | V19: 0.45833333 | W19: Initial | Y19: FALSE | Z19: 5 | AA19: =IF(ISBLANK(Z19),IFERROR(0/0,""),Z19-E19) -> 2 | AB19: =IF(AA19 = 2,FALSE,TRUE) -> FALSE | AC19: 3 | AD19: 0 | AE19: 0 | AF19: 0 | AG19: 0 | AH19: =IF(W19="Initial",AG19,(IF(AJ19=TRUE,"CORRECT ME",AG19/3))) -> 0 | AI19: 0 | AJ19: FALSE | AK19: 1 | AL19: 0 | AM19: 0 | AN19: =IFNA(VLOOKUP($A19,'Tube Reactions'!$I$2:$J30,2,FALSE),"") -> #REF! | AO19: =IF(AND(AM19>0,AM19<>AN19),"NOT EQUAL","") -> #REF! | AP19: =IF(ISTEXT(H19),"", "Absent") -> Absent | AQ19: =NOT(ISBLANK(I19)) -> TRUE | AR19: =ROW(AR19)-1 -> 18 | AU19: BS 1/6 | AV19: 5 | AW19: TRUE | AX19: =IF(OR(AND(AL19=0,AW19),AND(AL19<>0,NOT(AW19))),TRUE,FALSE) -> TRUE | AY19: =AV19-AC19 -> 2 | BA19: TRUE | BB19: =IF(BA19,IF(EXACT(W19,"Initial"),TRUE,FALSE),"") -> TRUE | BC19: =IF(BB19,IF(AL19=0,TRUE,AL19),"") -> TRUE | BD19: =IF(BC19,AK19,"") -> 1 | BF19: =IF(EXACT($W19,"Initial"),$U19,IFERROR(0/0,"")) -> 44753 | BG19: =IF(EXACT($W19,"Initial"),$A19,IFERROR(0/0,"")) -> RUN-NDHM_2022-07-11_RFR-018 | BH19: =IF(EXACT($W19,"Initial"),E19,IFERROR(0/0,"")) -> 3 | BI19: =IF(EXACT($W19,"Initial"),AC19,IFERROR(0/0,"")) -> 3 | BJ19: =IF(EXACT($W19,"Initial"),$AK19,IFERROR(0/0,"")) -> 1 | BK19: =IF(EXACT($W19,"Initial"),$AL19,IFERROR(0/0,"")) -> 0 | BL19: =IFNA(IF(VLOOKUP(FLOOR($B19,1),'APS Tubes by Date Import'!$B$2:$L22,1,FALSE)=FLOOR($BL18,1),IFERROR(0/0,""),VLOOKUP(FLOOR($B19,1),'APS Tubes by Date Import'!$B$2:$L22,1,FALSE)),"") -> 44753 | BM19: =IF(ISBLANK($BL19),IFERROR(0/0,""),VLOOKUP(FLOOR($B19,1),'APS Tubes by Date Import'!$B$2:$L22,2,FALSE)) -> 1 | BN19: =IF(ISBLANK($BL19),IFERROR(0/0,""),VLOOKUP(FLOOR($B19,1),'APS Tubes by Date Import'!$B$2:$L22,11,FALSE)) -> 44816 | BO19: =IF(ISBLANK($BL19),IFERROR(0/0,""),VLOOKUP(FLOOR($B19,1),'APS Tubes by Date Import'!$B$2:$L22,6,FALSE)) -> 0 | BP19: =BJ19 -> 1 | BQ19: =BP19-BM19 -> 0 | BS19: =IF(ISBLANK(BP19),IFERROR(0/0,""),IF($BR19<=4,TRUE,IFERROR(0/0,""))) -> TRUE | BT19: =IFS(BR19=2,"NULL > NEG",BR19=3, "Delete NULL",TRUE,IFERROR(0/0,""))
A20: =CONCATENATE("RUN-",'Process Ref'!$A$1,"_",TEXT(U20,"YYYY-MM-DD"),"_RFR-",TEXT(AR20,"000"),IF(EXACT(W20,"Initial"),"",CONCATENATE("_",W20))) -> RUN-NDHM_2022-07-18_RFR-019 | B20: 44760.423 | D20: NeedhamTBS | E20: 1 | F20: 2201718 | G20: https://drive.google.com/open?id=1Ka3ZjbaCoPNnFfx3y6_1pE2JWE1F6oYj | I20: https://drive.google.com/open?id=1mIuDA95xNz1JHMmrj7bgGAisSRzQUEH2 | J20: 0 | K20: only one test and it came back negative | P20: =M20>=2 -> FALSE | Q20: FALSE | S20: FALSE | T20: FALSE | U20: 44760 | V20: 0.45833333 | W20: Initial | Y20: FALSE | Z20: 3 | AA20: =IF(ISBLANK(Z20),IFERROR(0/0,""),Z20-E20) -> 2 | AB20: =IF(AA20 = 2,FALSE,TRUE) -> FALSE | AC20: 1 | AD20: 0 | AE20: =IF(W20="Initial",AD20,(IF(AJ20=TRUE,"CORRECT ME",AD20/3))) -> 0 | AF20: 0 | AG20: 0 | AH20: =IF(W20="Initial",AG20,(IF(AJ20=TRUE,"CORRECT ME",AG20/3))) -> 0 | AI20: 0 | AJ20: FALSE | AK20: =IF(W20="Initial",AC20,IF(AJ20=TRUE,"CORRECT ME",AC20/3)) -> 1 | AL20: 0 | AM20: 0 | AN20: =IFNA(VLOOKUP($A20,'Tube Reactions'!$I$2:$J31,2,FALSE),"") -> #REF! | AO20: =IF(AND(AM20>0,AM20<>AN20),"NOT EQUAL","") -> #REF! | AP20: =IF(ISTEXT(H20),"", "Absent") -> Absent | AQ20: =NOT(ISBLANK(I20)) -> TRUE | AR20: =ROW(AR20)-1 -> 19 | AU20: BS 1/6 | AV20: 3 | AW20: TRUE | AX20: =IF(OR(AND(AL20=0,AW20),AND(AL20<>0,NOT(AW20))),TRUE,FALSE) -> TRUE | AY20: =AV20-AC20 -> 2 | BA20: FALSE | BB20: =IF(BA20,IF(EXACT(W20,"Initial"),TRUE,FALSE),"") | BC20: =IF(BB20,IF(AL20=0,TRUE,AL20),"") | BD20: =IF(BC20,AK20,"") | BF20: =IF(EXACT($W20,"Initial"),$U20,IFERROR(0/0,"")) -> 44760 | BG20: =IF(EXACT($W20,"Initial"),$A20,IFERROR(0/0,"")) -> RUN-NDHM_2022-07-18_RFR-019 | BH20: =IF(EXACT($W20,"Initial"),E20,IFERROR(0/0,"")) -> 1 | BI20: =IF(EXACT($W20,"Initial"),AC20,IFERROR(0/0,"")) -> 1 | BJ20: =IF(EXACT($W20,"Initial"),$AK20,IFERROR(0/0,"")) -> 1 | BK20: =IF(EXACT($W20,"Initial"),$AL20,IFERROR(0/0,"")) -> 0 | BL20: =IFNA(IF(VLOOKUP(FLOOR($B20,1),'APS Tubes by Date Import'!$B$2:$L22,1,FALSE)=FLOOR($BL19,1),IFERROR(0/0,""),VLOOKUP(FLOOR($B20,1),'APS Tubes by Date Import'!$B$2:$L22,1,FALSE)),"") -> 44760 | BM20: =IF(ISBLANK($BL20),IFERROR(0/0,""),VLOOKUP(FLOOR($B20,1),'APS Tubes by Date Import'!$B$2:$L22,2,FALSE)) -> 1 | BN20: =IF(ISBLANK($BL20),IFERROR(0/0,""),VLOOKUP(FLOOR($B20,1),'APS Tubes by Date Import'!$B$2:$L22,11,FALSE)) -> 44837 | BO20: =IF(ISBLANK($BL20),IFERROR(0/0,""),VLOOKUP(FLOOR($B20,1),'APS Tubes by Date Import'!$B$2:$L22,6,FALSE)) -> 0 | BP20: =BJ20 -> 1 | BQ20: =BP20-BM20 -> 0 | BS20: =IF(ISBLANK(BP20),IFERROR(0/0,""),IF($BR20<=4,TRUE,IFERROR(0/0,""))) -> TRUE | BT20: =IFS(BR20=2,"NULL > NEG",BR20=3, "Delete NULL",TRUE,IFERROR(0/0,""))
A21: =CONCATENATE("RUN-",'Process Ref'!$A$1,"_",TEXT(U21,"YYYY-MM-DD"),"_RFR-",TEXT(AR21,"000"),IF(EXACT(W21,"Initial"),"",CONCATENATE("_",W21))) -> RUN-NDHM_2022-07-25_RFR-020 | B21: 44767.434 | D21: NeedhamTBS | E21: 3 | F21: 220725-1 | G21: https://drive.google.com/open?id=1YEbG5fMwAkOVA8NmhHedanumSrjUoKej | H21: https://drive.google.com/open?id=120LJ4LuTcvI1a6Fe3KieZ1mpmTzM2VxI | I21: https://drive.google.com/open?id=19hBDAiTTDTL1OABR29vUQi5zjf3M5k4G | J21: 0 | K21: only 3 tests today | P21: =M21>=2 -> FALSE | Q21: FALSE | S21: FALSE | T21: FALSE | U21: 44767 | V21: 0.45833333 | W21: Initial | X21: 3 Samples, New 1X ISS | Y21: FALSE | Z21: 5 | AA21: =IF(ISBLANK(Z21),IFERROR(0/0,""),Z21-E21) -> 2 | AB21: =IF(AA21 = 2,FALSE,TRUE) -> FALSE | AC21: 3 | AD21: 0 | AE21: =IF(W21="Initial",AD21,(IF(AJ21=TRUE,"CORRECT ME",AD21/3))) -> 0 | AF21: 0 | AG21: 0 | AH21: =IF(W21="Initial",AG21,(IF(AJ21=TRUE,"CORRECT ME",AG21/3))) -> 0 | AI21: 0 | AJ21: FALSE | AK21: =IF(W21="Initial",AC21,IF(AJ21=TRUE,"CORRECT ME",AC21/3)) -> 3 | AL21: 0 | AM21: 0 | AN21: =IFNA(VLOOKUP($A21,'Tube Reactions'!$I$2:$J32,2,FALSE),"") -> #REF! | AO21: =IF(AND(AM21>0,AM21<>AN21),"NOT EQUAL","") -> #REF! | AP21: =IF(ISTEXT(H21),"", "Absent") | AQ21: =NOT(ISBLANK(I21)) -> TRUE | AR21: =ROW(AR21)-1 -> 20 | AU21: BS 1/6 | AV21: 5 | AW21: TRUE | AX21: =IF(OR(AND(AL21=0,AW21),AND(AL21<>0,NOT(AW21))),TRUE,FALSE) -> TRUE | AY21: =AV21-AC21 -> 2 | BA21: FALSE | BB21: =IF(BA21,IF(EXACT(W21,"Initial"),TRUE,FALSE),"") | BC21: =IF(BB21,IF(AL21=0,TRUE,AL21),"") | BD21: =IF(BC21,AK21,"") | BF21: =IF(EXACT($W21,"Initial"),$U21,IFERROR(0/0,"")) -> 44767 | BG21: =IF(EXACT($W21,"Initial"),$A21,IFERROR(0/0,"")) -> RUN-NDHM_2022-07-25_RFR-020 | BH21: =IF(EXACT($W21,"Initial"),E21,IFERROR(0/0,"")) -> 3 | BI21: =IF(EXACT($W21,"Initial"),AC21,IFERROR(0/0,"")) -> 3 | BJ21: =IF(EXACT($W21,"Initial"),$AK21,IFERROR(0/0,"")) -> 3 | BK21: =IF(EXACT($W21,"Initial"),$AL21,IFERROR(0/0,"")) -> 0 | BL21: =IFNA(IF(VLOOKUP(FLOOR($B21,1),'APS Tubes by Date Import'!$B$2:$L22,1,FALSE)=FLOOR($BL20,1),IFERROR(0/0,""),VLOOKUP(FLOOR($B21,1),'APS Tubes by Date Import'!$B$2:$L22,1,FALSE)),"") -> 44767 | BM21: =IF(ISBLANK($BL21),IFERROR(0/0,""),VLOOKUP(FLOOR($B21,1),'APS Tubes by Date Import'!$B$2:$L22,2,FALSE)) -> 3 | BN21: =IF(ISBLANK($BL21),IFERROR(0/0,""),VLOOKUP(FLOOR($B21,1),'APS Tubes by Date Import'!$B$2:$L22,11,FALSE)) | BO21: =IF(ISBLANK($BL21),IFERROR(0/0,""),VLOOKUP(FLOOR($B21,1),'APS Tubes by Date Import'!$B$2:$L22,6,FALSE)) -> 0 | BP21: =BJ21 -> 3 | BQ21: =BP21-BM21 -> 0 | BS21: =IF(ISBLANK(BP21),IFERROR(0/0,""),IF($BR21<=4,TRUE,IFERROR(0/0,""))) -> TRUE | BT21: =IFS(BR21=2,"NULL > NEG",BR21=3, "Delete NULL",TRUE,IFERROR(0/0,""))
A22: =CONCATENATE("RUN-",'Process Ref'!$A$1,"_",TEXT(U22,"YYYY-MM-DD"),"_RFR-",TEXT(AR22,"000"),IF(EXACT(W22,"Initial"),"",CONCATENATE("_",W22))) -> RUN-NDHM_2022-10-03_RFR-021 | B22: 44837.512 | D22: needham tbs | E22: 1 | F22: 220310 | G22: https://drive.google.com/open?id=1ctsNeqo0z6vLIzBXF8KrpNZ29gGZg8Kj | I22: https://drive.google.com/open?id=1QENx0Hj5GX2F6WcJHO7HyPZraREyMKB6 | J22: none | K22: only one sample. next 2 weeks are jewish holidays and the temple will be closed. | P22: =M22>=2 -> FALSE | Q22: FALSE | S22: FALSE | T22: FALSE | U22: 44837 | V22: 0.54166667 | W22: Initial | Y22: FALSE | Z22: 4 | AA22: =IF(ISBLANK(Z22),IFERROR(0/0,""),Z22-E22) -> 3 | AB22: =IF(AA22 = 2,FALSE,TRUE) -> TRUE | AC22: 2 | AD22: 0 | AE22: =IF(W22="Initial",AD22,(IF(AJ22=TRUE,"CORRECT ME",AD22/3))) -> 0 | AF22: 0 | AG22: 0 | AH22: =IF(W22="Initial",AG22,(IF(AJ22=TRUE,"CORRECT ME",AG22/3))) -> 0 | AI22: 0 | AJ22: FALSE | AK22: 1 | AL22: 0 | AM22: 0 | AN22: =IFNA(VLOOKUP($A22,'Tube Reactions'!$I$2:$J33,2,FALSE),"") -> #REF! | AO22: =IF(AND(AM22>0,AM22<>AN22),"NOT EQUAL","") -> #REF! | AP22: =IF(ISTEXT(H22),"", "Absent") -> Absent | AQ22: =NOT(ISBLANK(I22)) -> TRUE | AR22: =ROW(AR22)-1 -> 21 | AT22: note explicitly says only one sample was run | AU22: BS 1/6 | AV22: 4 | AW22: TRUE | AX22: =IF(OR(AND(AL22=0,AW22),AND(AL22<>0,NOT(AW22))),TRUE,FALSE) -> TRUE | AY22: =AV22-AC22 -> 2 | BA22: FALSE | BB22: =IF(BA22,IF(EXACT(W22,"Initial"),TRUE,FALSE),"") | BC22: =IF(BB22,IF(AL22=0,TRUE,AL22),"") | BD22: =IF(BC22,AK22,"") | BF22: =IF(EXACT($W22,"Initial"),$U22,IFERROR(0/0,"")) -> 44837 | BG22: =IF(EXACT($W22,"Initial"),$A22,IFERROR(0/0,"")) -> RUN-NDHM_2022-10-03_RFR-021 | BH22: =IF(EXACT($W22,"Initial"),E22,IFERROR(0/0,"")) -> 1 | BI22: =IF(EXACT($W22,"Initial"),AC22,IFERROR(0/0,"")) -> 2 | BJ22: =IF(EXACT($W22,"Initial"),$AK22,IFERROR(0/0,"")) -> 1 | BK22: =IF(EXACT($W22,"Initial"),$AL22,IFERROR(0/0,"")) -> 0 | BL22: =IFNA(IF(VLOOKUP(FLOOR($B22,1),'APS Tubes by Date Import'!$B$2:$L22,1,FALSE)=FLOOR($BL21,1),IFERROR(0/0,""),VLOOKUP(FLOOR($B22,1),'APS Tubes by Date Import'!$B$2:$L22,1,FALSE)),"") -> 44837 | BM22: =IF(ISBLANK($BL22),IFERROR(0/0,""),VLOOKUP(FLOOR($B22,1),'APS Tubes by Date Import'!$B$2:$L22,2,FALSE)) -> 1 | BN22: =IF(ISBLANK($BL22),IFERROR(0/0,""),VLOOKUP(FLOOR($B22,1),'APS Tubes by Date Import'!$B$2:$L22,11,FALSE)) | BO22: =IF(ISBLANK($BL22),IFERROR(0/0,""),VLOOKUP(FLOOR($B22,1),'APS Tubes by Date Import'!$B$2:$L22,6,FALSE)) -> 0 | BP22: =BJ22 -> 1 | BQ22: =BP22-BM22 -> 0 | BS22: =IF(ISBLANK(BP22),IFERROR(0/0,""),IF($BR22<=4,TRUE,IFERROR(0/0,""))) -> TRUE | BT22: =IFS(BR22=2,"NULL > NEG",BR22=3, "Delete NULL",TRUE,IFERROR(0/0,""))

Sheet APS Tubes Import
A1: =IFERROR(__xludf.DUMMYFUNCTION("IMPORTRANGE('APS Tubes by Date Import'!$A$2,""APS Tubes!$A1:$D"")"),"TUBE ID") -> TUBE ID | B1: =IFERROR(__xludf.DUMMYFUNCTION("""COMPUTED_VALUE"""),"COLLECTION DATE") -> COLLECTION DATE | C1: =IFERROR(__xludf.DUMMYFUNCTION("""COMPUTED_VALUE"""),"COLLECTION TIME") -> COLLECTION TIME | D1: =IFERROR(__xludf.DUMMYFUNCTION("""COMPUTED_VALUE"""),"SPONSOR PERSON ID") -> SPONSOR PERSON ID | G1: =IFERROR(__xludf.DUMMYFUNCTION("IMPORTRANGE('APS Tubes by Date Import'!$A$2,""APS Tubes!$G1:$N"")"),"APP RESULT") -> APP RESULT | H1: =IFERROR(__xludf.DUMMYFUNCTION("""COMPUTED_VALUE"""),"FINAL RESULT") -> FINAL RESULT | I1: =IFERROR(__xludf.DUMMYFUNCTION("""COMPUTED_VALUE"""),"RESULT DATE") -> RESULT DATE | J1: =IFERROR(__xludf.DUMMYFUNCTION("""COMPUTED_VALUE"""),"RESULT TIME") -> RESULT TIME | K1: =IFERROR(__xludf.DUMMYFUNCTION("""COMPUTED_VALUE"""),"Result Correct Code") -> Result Correct Code | L1: =IFERROR(__xludf.DUMMYFUNCTION("""COMPUTED_VALUE"""),"Correction Notes") -> Correction Notes | M1: =IFERROR(__xludf.DUMMYFUNCTION("""COMPUTED_VALUE"""),"NOTE") -> NOTE | N1: =IFERROR(__xludf.DUMMYFUNCTION("""COMPUTED_VALUE"""),"NUM SAMPLES (Pool Level)") -> NUM SAMPLES (Pool Level) | O1: First Row of Collection Date | P1: =IFERROR(__xludf.DUMMYFUNCTION("IMPORTRANGE('APS Tubes by Date Import'!$A$2,""APS Tubes!$Q1:$Q"")"),"Result Date Minus Collect Date") -> Result Date Minus Collect Date | Q1: AUTO ASSIGN RUN ID? | R1: PASS1 ASSIGNED RUN ID | S1: TUBE RUN DAY AFTER COLLECT? | T1: TUBE RUN IN 2ND RUN OF SAME DAY? | U1: PASS2 ASSIGNED RUN ID | V1: FINAL ASSIGNED RUN ID | W1: TUBE ID RUN DAY AFTER COLLECT | X1: TUBE ID RUN IN 2ND RUN OF SAME DAY | Y1: =IF(Z1=0,"IN SYNC!","NOT IN SYNC - VALUES IN BOOLEAN COLS (CYAN)") -> IN SYNC! | Z1: =COUNTIF($Y$2:$Z89,TRUE) -> 0
A2: =IFERROR(__xludf.DUMMYFUNCTION("""COMPUTED_VALUE"""),"AG575") -> AG575 | B2: =IFERROR(__xludf.DUMMYFUNCTION("""COMPUTED_VALUE"""),44683.0) -> 44683 | C2: =IFERROR(__xludf.DUMMYFUNCTION("""COMPUTED_VALUE"""),0.17497685185185186) -> 0.17497685 | D2: =IFERROR(__xludf.DUMMYFUNCTION("""COMPUTED_VALUE"""),"SpNDHM955894") -> SpNDHM955894 | G2: =IFERROR(__xludf.DUMMYFUNCTION("""COMPUTED_VALUE"""),"Negative") -> Negative | H2: =IFERROR(__xludf.DUMMYFUNCTION("""COMPUTED_VALUE"""),"Negative") -> Negative | I2: =IFERROR(__xludf.DUMMYFUNCTION("""COMPUTED_VALUE"""),44683.0) -> 44683 | J2: =IFERROR(__xludf.DUMMYFUNCTION("""COMPUTED_VALUE"""),0.3578125) -> 0.3578125 | N2: =IFERROR(__xludf.DUMMYFUNCTION("""COMPUTED_VALUE"""),4.0) -> 4 | O2: =IF(B2<>B1,TRUE,IFERROR(0/0,"")) -> TRUE | P2: =IFERROR(__xludf.DUMMYFUNCTION("""COMPUTED_VALUE"""),0.0) -> 0 | Q2: =VLOOKUP(B2,'Run Reconcile'!B$2:O89,14,FALSE) -> TRUE | R2: {=IF(Q2, INDEX('Run Reconcile'!A$2:A89,MATCH(B2,'Run Reconcile'!B$2:B89,0),1),IFERROR(0/0,""))} -> RUN-NDHM_2022-05-02_RFR-006 | S2: =IF(ISBLANK(W2),IFERROR(0/0,""),TRUE) | T2: =IF(ISBLANK(X2),IFERROR(0/0,""),TRUE) | U2: {=IF(ISBLANK(R2), IF(S2,INDEX('Run Reconcile'!A$2:A89,1+MATCH(B2,'Run Reconcile'!B$2:B89,0),1),IF(T2,INDEX('Run Reconcile'!A$2:A89,1+MATCH(B2,'Run Reconcile'!B$2:B89,0),1),INDEX('Run Reconcile'!A$2:A89,MATCH(B2,'Run Reconcile'!B$2:B89,0),1))),IFERROR(0/0,""))} | V2: =CONCATENATE($R2,$U2) -> RUN-NDHM_2022-05-02_RFR-006 | Y2: =IF(_xlfn.ISFORMULA(S2),IFERROR(0/0,""),TRUE) | Z2: =IF(_xlfn.ISFORMULA(T2),IFERROR(0/0,""),TRUE)
A3: =IFERROR(__xludf.DUMMYFUNCTION("""COMPUTED_VALUE"""),"AK7133") -> AK7133 | B3: =IFERROR(__xludf.DUMMYFUNCTION("""COMPUTED_VALUE"""),44683.0) -> 44683 | C3: =IFERROR(__xludf.DUMMYFUNCTION("""COMPUTED_VALUE"""),0.17721064814814816) -> 0.17721065 | D3: =IFERROR(__xludf.DUMMYFUNCTION("""COMPUTED_VALUE"""),"SpNDHM118014") -> SpNDHM118014 | G3: =IFERROR(__xludf.DUMMYFUNCTION("""COMPUTED_VALUE"""),"Negative") -> Negative | H3: =IFERROR(__xludf.DUMMYFUNCTION("""COMPUTED_VALUE"""),"Negative") -> Negative | I3: =IFERROR(__xludf.DUMMYFUNCTION("""COMPUTED_VALUE"""),44683.0) -> 44683 | J3: =IFERROR(__xludf.DUMMYFUNCTION("""COMPUTED_VALUE"""),0.3578125) -> 0.3578125 | N3: =IFERROR(__xludf.DUMMYFUNCTION("""COMPUTED_VALUE"""),2.0) -> 2 | O3: =IF(B3<>B2,TRUE,IFERROR(0/0,"")) | P3: =IFERROR(__xludf.DUMMYFUNCTION("""COMPUTED_VALUE"""),0.0) -> 0 | Q3: =VLOOKUP(B3,'Run Reconcile'!B$2:O89,14,FALSE) -> TRUE | R3: {=IF(Q3, INDEX('Run Reconcile'!A$2:A89,MATCH(B3,'Run Reconcile'!B$2:B89,0),1),IFERROR(0/0,""))} -> RUN-NDHM_2022-05-02_RFR-006 | S3: =IF(ISBLANK(W3),IFERROR(0/0,""),TRUE) | T3: =IF(ISBLANK(X3),IFERROR(0/0,""),TRUE) | U3: {=IF(ISBLANK(R3), IF(S3,INDEX('Run Reconcile'!A$2:A89,1+MATCH(B3,'Run Reconcile'!B$2:B89,0),1),IF(T3,INDEX('Run Reconcile'!A$2:A89,1+MATCH(B3,'Run Reconcile'!B$2:B89,0),1),INDEX('Run Reconcile'!A$2:A89,MATCH(B3,'Run Reconcile'!B$2:B89,0),1))),IFERROR(0/0,""))} | V3: =CONCATENATE($R3,$U3) -> RUN-NDHM_2022-05-02_RFR-006 | Y3: =IF(_xlfn.ISFORMULA(S3),IFERROR(0/0,""),TRUE) | Z3: =IF(_xlfn.ISFORMULA(T3),IFERROR(0/0,""),TRUE)
