Workbook

Sheet ALL Tube Results
A1: =IFERROR(__xludf.DUMMYFUNCTION("QUERY({ 'APS Tubes IMPORT'!A1:A3212; 'ARF Tubes'!M2:M3212 }, ""SELECT Col1 WHERE Col1 IS NOT NULL"", 0)"),"TUBE ID") -> TUBE ID | B1: =IFERROR(__xludf.DUMMYFUNCTION("QUERY({ 'APS Tubes IMPORT'!V1:V3212; 'ARF Tubes'!N2:N3212 }, ""SELECT Col1 WHERE Col1 IS NOT NULL"", 0)"),"FINAL ASSIGNED RUN ID") -> FINAL ASSIGNED RUN ID | C1: ='Run Reconcile'!B1 -> RUN DATE | D1: ='APS Tubes IMPORT'!B1 -> COLLECTION DATE | E1: ='APS Tubes IMPORT'!C1 -> COLLECTION TIME | F1: =IFERROR(__xludf.DUMMYFUNCTION("QUERY({ 'APS Tubes IMPORT'!H1:H3212; 'ARF Tubes'!P2:P3212 }, ""SELECT Col1 WHERE Col1 IS NOT NULL"", 0)"),"FINAL RESULT") -> FINAL RESULT | G1: ='APS Tubes IMPORT'!N1 -> NUM SAMPLES (Pool Level)
A2: =IFERROR(__xludf.DUMMYFUNCTION("""COMPUTED_VALUE"""),"AH7429") -> AH7429 | B2: =IFERROR(__xludf.DUMMYFUNCTION("""COMPUTED_VALUE"""),"RUN-ABRM_2022-09-05_RFR-001") -> RUN-ABRM_2022-09-05_RFR-001 | C2: =VLOOKUP(B2,'Run Reconcile'!A$2:B3212,2,FALSE) -> 44809 | D2: =IFERROR(__xludf.DUMMYFUNCTION("QUERY({ 'APS Tubes IMPORT'!B2:B3212 }, ""SELECT Col1 WHERE Col1 IS NOT NULL"", 0)"),44809.0) -> 44809 | E2: =IFERROR(__xludf.DUMMYFUNCTION("QUERY({ 'APS Tubes IMPORT'!C2:C3212; 'ARF Tubes'!P2:P3212 }, ""SELECT Col1 WHERE Col1 IS NOT NULL"", 0)"),0.301898148147302) -> 0.30189815 | F2: =IFERROR(__xludf.DUMMYFUNCTION("""COMPUTED_VALUE"""),"Negative") -> Negative | G2: =IFERROR(__xludf.DUMMYFUNCTION("QUERY({ 'APS Tubes IMPORT'!N2:N3212 }, ""SELECT Col1 WHERE Col1 IS NOT NULL"", 0)"),2.0) -> 2
A3: =IFERROR(__xludf.DUMMYFUNCTION("""COMPUTED_VALUE"""),"AG448") -> AG448 | B3: =IFERROR(__xludf.DUMMYFUNCTION("""COMPUTED_VALUE"""),"RUN-ABRM_2022-09-05_RFR-001") -> RUN-ABRM_2022-09-05_RFR-001 | C3: =VLOOKUP(B3,'Run Reconcile'!A$2:B3212,2,FALSE) -> 44809 | D3: =IFERROR(__xludf.DUMMYFUNCTION("""COMPUTED_VALUE"""),44809.0) -> 44809 | E3: =IFERROR(__xludf.DUMMYFUNCTION("""COMPUTED_VALUE"""),0.35114583333415794) -> 0.35114583 | F3: =IFERROR(__xludf.DUMMYFUNCTION("""COMPUTED_VALUE"""),"Negative") -> Negative | G3: =IFERROR(__xludf.DUMMYFUNCTION("""COMPUTED_VALUE"""),4.0) -> 4
A4: =IFERROR(__xludf.DUMMYFUNCTION("""COMPUTED_VALUE"""),"AJ8004") -> AJ8004 | B4: =IFERROR(__xludf.DUMMYFUNCTION("""COMPUTED_VALUE"""),"RUN-ABRM_2022-09-05_RFR-001") -> RUN-ABRM_2022-09-05_RFR-001 | C4: =VLOOKUP(B4,'Run Reconcile'!A$2:B3212,2,FALSE) -> 44809 | D4: =IFERROR(__xludf.DUMMYFUNCTION("""COMPUTED_VALUE"""),44809.0) -> 44809 | E4: =IFERROR(__xludf.DUMMYFUNCTION("""COMPUTED_VALUE"""),0.375138888888614) -> 0.37513889 | F4: =IFERROR(__xludf.DUMMYFUNCTION("""COMPUTED_VALUE"""),"Negative") -> Negative | G4: =IFERROR(__xludf.DUMMYFUNCTION("""COMPUTED_VALUE"""),3.0) -> 3
A5: =IFERROR(__xludf.DUMMYFUNCTION("""COMPUTED_VALUE"""),"AH8068") -> AH8068 | B5: =IFERROR(__xludf.DUMMYFUNCTION("""COMPUTED_VALUE"""),"RUN-ABRM_2022-09-05_RFR-001") -> RUN-ABRM_2022-09-05_RFR-001 | C5: =VLOOKUP(B5,'Run Reconcile'!A$2:B3212,2,FALSE) -> 44809 | D5: =IFERROR(__xludf.DUMMYFUNCTION("""COMPUTED_VALUE"""),44809.0) -> 44809 | E5: =IFERROR(__xludf.DUMMYFUNCTION("""COMPUTED_VALUE"""),0.39384259259168175) -> 0.39384259 | F5: =IFERROR(__xludf.DUMMYFUNCTION("""COMPUTED_VALUE"""),"Negative") -> Negative | G5: =IFERROR(__xludf.DUMMYFUNCTION("""COMPUTED_VALUE"""),2.0) -> 2
A6: =IFERROR(__xludf.DUMMYFUNCTION("""COMPUTED_VALUE"""),"AH9257") -> AH9257 | B6: =IFERROR(__xludf.DUMMYFUNCTION("""COMPUTED_VALUE"""),"RUN-ABRM_2022-09-05_RFR-001") -> RUN-ABRM_2022-09-05_RFR-001 | C6: =VLOOKUP(B6,'Run Reconcile'!A$2:B3212,2,FALSE) -> 44809 | D6: =IFERROR(__xludf.DUMMYFUNCTION("""COMPUTED_VALUE"""),44809.0) -> 44809 | E6: =IFERROR(__xludf.DUMMYFUNCTION("""COMPUTED_VALUE"""),0.40921296296437504) -> 0.40921296 | F6: =IFERROR(__xludf.DUMMYFUNCTION("""COMPUTED_VALUE"""),"Negative") -> Negative | G6: =IFERROR(__xludf.DUMMYFUNCTION("""COMPUTED_VALUE"""),2.0) -> 2
A7: =IFERROR(__xludf.DUMMYFUNCTION("""COMPUTED_VALUE"""),"AG1276") -> AG1276 | B7: =IFERROR(__xludf.DUMMYFUNCTION("""COMPUTED_VALUE"""),"RUN-ABRM_2022-09-05_RFR-001") -> RUN-ABRM_2022-09-05_RFR-001 | C7: =VLOOKUP(B7,'Run Reconcile'!A$2:B3212,2,FALSE) -> 44809 | D7: =IFERROR(__xludf.DUMMYFUNCTION("""COMPUTED_VALUE"""),44809.0) -> 44809 | E7: =IFERROR(__xludf.DUMMYFUNCTION("""COMPUTED_VALUE"""),0.4484374999992724) -> 0.4484375 | F7: =IFERROR(__xludf.DUMMYFUNCTION("""COMPUTED_VALUE"""),"Negative") -> Negative | G7: =IFERROR(__xludf.DUMMYFUNCTION("""COMPUTED_VALUE"""),2.0) -> 2
A8: =IFERROR(__xludf.DUMMYFUNCTION("""COMPUTED_VALUE"""),"AG1434") -> AG1434 | B8: =IFERROR(__xludf.DUMMYFUNCTION("""COMPUTED_VALUE"""),"RUN-ABRM_2022-09-05_RFR-001") -> RUN-ABRM_2022-09-05_RFR-001 | C8: =VLOOKUP(B8,'Run Reconcile'!A$2:B3212,2,FALSE) -> 44809 | D8: =IFERROR(__xludf.DUMMYFUNCTION("""COMPUTED_VALUE"""),44809.0) -> 44809 | E8: =IFERROR(__xludf.DUMMYFUNCTION("""COMPUTED_VALUE"""),0.5504513888881775) -> 0.55045139 | F8: =IFERROR(__xludf.DUMMYFUNCTION("""COMPUTED_VALUE"""),"Negative") -> Negative | G8: =IFERROR(__xludf.DUMMYFUNCTION("""COMPUTED_VALUE"""),1.0) -> 1
A9: =IFERROR(__xludf.DUMMYFUNCTION("""COMPUTED_VALUE"""),"AG2096") -> AG2096 | B9: =IFERROR(__xludf.DUMMYFUNCTION("""COMPUTED_VALUE"""),"RUN-ABRM_2022-09-05_RFR-001") -> RUN-ABRM_2022-09-05_RFR-001 | C9: =VLOOKUP(B9,'Run Reconcile'!A$2:B3212,2,FALSE) -> 44809 | D9: =IFERROR(__xludf.DUMMYFUNCTION("""COMPUTED_VALUE"""),44809.0) -> 44809 | E9: =IFERROR(__xludf.DUMMYFUNCTION("""COMPUTED_VALUE"""),0.5509837962963502) -> 0.5509838 | F9: =IFERROR(__xludf.DUMMYFUNCTION("""COMPUTED_VALUE"""),"Negative") -> Negative | G9: =IFERROR(__xludf.DUMMYFUNCTION("""COMPUTED_VALUE"""),1.0) -> 1
A10: =IFERROR(__xludf.DUMMYFUNCTION("""COMPUTED_VALUE"""),"AH8397") -> AH8397 | B10: =IFERROR(__xludf.DUMMYFUNCTION("""COMPUTED_VALUE"""),"RUN-ABRM_2022-09-05_RFR-001") -> RUN-ABRM_2022-09-05_RFR-001 | C10: =VLOOKUP(B10,'Run Reconcile'!A$2:B3212,2,FALSE) -> 44809 | D10: =IFERROR(__xludf.DUMMYFUNCTION("""COMPUTED_VALUE"""),44809.0) -> 44809 | E10: =IFERROR(__xludf.DUMMYFUNCTION("""COMPUTED_VALUE"""),0.5515625000007276) -> 0.5515625 | F10: =IFERROR(__xludf.DUMMYFUNCTION("""COMPUTED_VALUE"""),"Negative") -> Negative | G10: =IFERROR(__xludf.DUMMYFUNCTION("""COMPUTED_VALUE"""),2.0) -> 2
A11: =IFERROR(__xludf.DUMMYFUNCTION("""COMPUTED_VALUE"""),"AG1056") -> AG1056 | B11: =IFERROR(__xludf.DUMMYFUNCTION("""COMPUTED_VALUE"""),"RUN-ABRM_2022-09-05_RFR-001") -> RUN-ABRM_2022-09-05_RFR-001 | C11: =VLOOKUP(B11,'Run Reconcile'!A$2:B3212,2,FALSE) -> 44809 | D11: =IFERROR(__xludf.DUMMYFUNCTION("""COMPUTED_VALUE"""),44809.0) -> 44809 | E11: =IFERROR(__xludf.DUMMYFUNCTION("""COMPUTED_VALUE"""),0.5518518518510973) -> 0.55185185 | F11: =IFERROR(__xludf.DUMMYFUNCTION("""COMPUTED_VALUE"""),"Negative") -> Negative | G11: =IFERROR(__xludf.DUMMYFUNCTION("""COMPUTED_VALUE"""),4.0) -> 4
A12: =IFERROR(__xludf.DUMMYFUNCTION("""COMPUTED_VALUE"""),"AH8238") -> AH8238 | B12: =IFERROR(__xludf.DUMMYFUNCTION("""COMPUTED_VALUE"""),"RUN-ABRM_2022-09-05_RFR-001") -> RUN-ABRM_2022-09-05_RFR-001 | C12: =VLOOKUP(B12,'Run Reconcile'!A$2:B3212,2,FALSE) -> 44809 | D12: =IFERROR(__xludf.DUMMYFUNCTION("""COMPUTED_VALUE"""),44809.0) -> 44809 | E12: =IFERROR(__xludf.DUMMYFUNCTION("""COMPUTED_VALUE"""),0.6387152777788287) -> 0.63871528 | F12: =IFERROR(__xludf.DUMMYFUNCTION("""COMPUTED_VALUE"""),"Negative") -> Negative | G12: =IFERROR(__xludf.DUMMYFUNCTION("""COMPUTED_VALUE"""),1.0) -> 1
A13: =IFERROR(__xludf.DUMMYFUNCTION("""COMPUTED_VALUE"""),"AH7722") -> AH7722 | B13: =IFERROR(__xludf.DUMMYFUNCTION("""COMPUTED_VALUE"""),"RUN-ABRM_2022-09-06_RFR-002") -> RUN-ABRM_2022-09-06_RFR-002 | C13: =VLOOKUP(B13,'Run Reconcile'!A$2:B3212,2,FALSE) -> 44810 | D13: =IFERROR(__xludf.DUMMYFUNCTION("""COMPUTED_VALUE"""),44810.0) -> 44810 | E13: =IFERROR(__xludf.DUMMYFUNCTION("""COMPUTED_VALUE"""),0.20773148148145992) -> 0.20773148 | F13: =IFERROR(__xludf.DUMMYFUNCTION("""COMPUTED_VALUE"""),"Negative") -> Negative | G13: =IFERROR(__xludf.DUMMYFUNCTION("""COMPUTED_VALUE"""),2.0) -> 2
A14: =IFERROR(__xludf.DUMMYFUNCTION("""COMPUTED_VALUE"""),"AH8567") -> AH8567 | B14: =IFERROR(__xludf.DUMMYFUNCTION("""COMPUTED_VALUE"""),"RUN-ABRM_2022-09-06_RFR-002") -> RUN-ABRM_2022-09-06_RFR-002 | C14: =VLOOKUP(B14,'Run Reconcile'!A$2:B3212,2,FALSE) -> 44810 | D14: =IFERROR(__xludf.DUMMYFUNCTION("""COMPUTED_VALUE"""),44810.0) -> 44810 | E14: =IFERROR(__xludf.DUMMYFUNCTION("""COMPUTED_VALUE"""),0.28258101851679385) -> 0.28258102 | F14: =IFERROR(__xludf.DUMMYFUNCTION("""COMPUTED_VALUE"""),"Negative") -> Negative | G14: =IFERROR(__xludf.DUMMYFUNCTION("""COMPUTED_VALUE"""),3.0) -> 3
A15: =IFERROR(__xludf.DUMMYFUNCTION("""COMPUTED_VALUE"""),"AH8614") -> AH8614 | B15: =IFERROR(__xludf.DUMMYFUNCTION("""COMPUTED_VALUE"""),"RUN-ABRM_2022-09-06_RFR-002") -> RUN-ABRM_2022-09-06_RFR-002 | C15: =VLOOKUP(B15,'Run Reconcile'!A$2:B3212,2,FALSE) -> 44810 | D15: =IFERROR(__xludf.DUMMYFUNCTION("""COMPUTED_VALUE"""),44810.0) -> 44810 | E15: =IFERROR(__xludf.DUMMYFUNCTION("""COMPUTED_VALUE"""),0.29910879629460396) -> 0.2991088 | F15: =IFERROR(__xludf.DUMMYFUNCTION("""COMPUTED_VALUE"""),"Negative") -> Negative | G15: =IFERROR(__xludf.DUMMYFUNCTION("""COMPUTED_VALUE"""),2.0) -> 2
A16: =IFERROR(__xludf.DUMMYFUNCTION("""COMPUTED_VALUE"""),"AK5855") -> AK5855 | B16: =IFERROR(__xludf.DUMMYFUNCTION("""COMPUTED_VALUE"""),"RUN-ABRM_2022-09-06_RFR-002") -> RUN-ABRM_2022-09-06_RFR-002 | C16: =VLOOKUP(B16,'Run Reconcile'!A$2:B3212,2,FALSE) -> 44810 | D16: =IFERROR(__xludf.DUMMYFUNCTION("""COMPUTED_VALUE"""),44810.0) -> 44810 | E16: =IFERROR(__xludf.DUMMYFUNCTION("""COMPUTED_VALUE"""),0.30761574074131204) -> 0.30761574 | F16: =IFERROR(__xludf.DUMMYFUNCTION("""COMPUTED_VALUE"""),"Negative") -> Negative | G16: =IFERROR(__xludf.DUMMYFUNCTION("""COMPUTED_VALUE"""),4.0) -> 4
A17: =IFERROR(__xludf.DUMMYFUNCTION("""COMPUTED_VALUE"""),"AG1798") -> AG1798 | B17: =IFERROR(__xludf.DUMMYFUNCTION("""COMPUTED_VALUE"""),"RUN-ABRM_2022-09-06_RFR-002") -> RUN-ABRM_2022-09-06_RFR-002 | C17: =VLOOKUP(B17,'Run Reconcile'!A$2:B3212,2,FALSE) -> 44810 | D17: =IFERROR(__xludf.DUMMYFUNCTION("""COMPUTED_VALUE"""),44810.0) -> 44810 | E17: =IFERROR(__xludf.DUMMYFUNCTION("""COMPUTED_VALUE"""),0.3100694444437977) -> 0.31006944 | F17: =IFERROR(__xludf.DUMMYFUNCTION("""COMPUTED_VALUE"""),"Negative") -> Negative | G17: =IFERROR(__xludf.DUMMYFUNCTION("""COMPUTED_VALUE"""),2.0) -> 2
A18: =IFERROR(__xludf.DUMMYFUNCTION("""COMPUTED_VALUE"""),"AH9538") -> AH9538 | B18: =IFERROR(__xludf.DUMMYFUNCTION("""COMPUTED_VALUE"""),"RUN-ABRM_2022-09-06_RFR-002") -> RUN-ABRM_2022-09-06_RFR-002 | C18: =VLOOKUP(B18,'Run Reconcile'!A$2:B3212,2,FALSE) -> 44810 | D18: =IFERROR(__xludf.DUMMYFUNCTION("""COMPUTED_VALUE"""),44810.0) -> 44810 | E18: =IFERROR(__xludf.DUMMYFUNCTION("""COMPUTED_VALUE"""),0.31447916666729725) -> 0.31447917 | F18: =IFERROR(__xludf.DUMMYFUNCTION("""COMPUTED_VALUE"""),"Negative") -> Negative | G18: =IFERROR(__xludf.DUMMYFUNCTION("""COMPUTED_VALUE"""),1.0) -> 1
A19: =IFERROR(__xludf.DUMMYFUNCTION("""COMPUTED_VALUE"""),"AH7857") -> AH7857 | B19: =IFERROR(__xludf.DUMMYFUNCTION("""COMPUTED_VALUE"""),"RUN-ABRM_2022-09-06_RFR-002") -> RUN-ABRM_2022-09-06_RFR-002 | C19: =VLOOKUP(B19,'Run Reconcile'!A$2:B3212,2,FALSE) -> 44810 | D19: =IFERROR(__xludf.DUMMYFUNCTION("""COMPUTED_VALUE"""),44810.0) -> 44810 | E19: =IFERROR(__xludf.DUMMYFUNCTION("""COMPUTED_VALUE"""),0.31672453703868086) -> 0.31672454 | F19: =IFERROR(__xludf.DUMMYFUNCTION("""COMPUTED_VALUE"""),"Negative") -> Negative | G19: =IFERROR(__xludf.DUMMYFUNCTION("""COMPUTED_VALUE"""),1.0) -> 1
A20: =IFERROR(__xludf.DUMMYFUNCTION("""COMPUTED_VALUE"""),"AH9830") -> AH9830 | B20: =IFERROR(__xludf.DUMMYFUNCTION("""COMPUTED_VALUE"""),"RUN-ABRM_2022-09-07_RFR-003") -> RUN-ABRM_2022-09-07_RFR-003 | C20: =VLOOKUP(B20,'Run Reconcile'!A$2:B3212,2,FALSE) -> 44811 | D20: =IFERROR(__xludf.DUMMYFUNCTION("""COMPUTED_VALUE"""),44811.0) -> 44811 | E20: =IFERROR(__xludf.DUMMYFUNCTION("""COMPUTED_VALUE"""),0.23423611111138598) -> 0.23423611 | F20: =IFERROR(__xludf.DUMMYFUNCTION("""COMPUTED_VALUE"""),"Negative") -> Negative | G20: =IFERROR(__xludf.DUMMYFUNCTION("""COMPUTED_VALUE"""),3.0) -> 3
A21: =IFERROR(__xludf.DUMMYFUNCTION("""COMPUTED_VALUE"""),"AH8447") -> AH8447 | B21: =IFERROR(__xludf.DUMMYFUNCTION("""COMPUTED_VALUE"""),"RUN-ABRM_2022-09-07_RFR-003") -> RUN-ABRM_2022-09-07_RFR-003 | C21: =VLOOKUP(B21,'Run Reconcile'!A$2:B3212,2,FALSE) -> 44811 | D21: =IFERROR(__xludf.DUMMYFUNCTION("""COMPUTED_VALUE"""),44811.0) -> 44811 | E21: =IFERROR(__xludf.DUMMYFUNCTION("""COMPUTED_VALUE"""),0.2401504629633564) -> 0.24015046 | F21: =IFERROR(__xludf.DUMMYFUNCTION("""COMPUTED_VALUE"""),"Negative") -> Negative | G21: =IFERROR(__xludf.DUMMYFUNCTION("""COMPUTED_VALUE"""),3.0) -> 3
A22: =IFERROR(__xludf.DUMMYFUNCTION("""COMPUTED_VALUE"""),"AK6001") -> AK6001 | B22: =IFERROR(__xludf.DUMMYFUNCTION("""COMPUTED_VALUE"""),"RUN-ABRM_2022-09-07_RFR-003") -> RUN-ABRM_2022-09-07_RFR-003 | C22: =VLOOKUP(B22,'Run Reconcile'!A$2:B3212,2,FALSE) -> 44811 | D22: =IFERROR(__xludf.DUMMYFUNCTION("""COMPUTED_VALUE"""),44811.0) -> 44811 | E22: =IFERROR(__xludf.DUMMYFUNCTION("""COMPUTED_VALUE"""),0.2798032407408755) -> 0.27980324 | F22: =IFERROR(__xludf.DUMMYFUNCTION("""COMPUTED_VALUE"""),"Negative") -> Negative | G22: =IFERROR(__xludf.DUMMYFUNCTION("""COMPUTED_VALUE"""),3.0) -> 3
A23: =IFERROR(__xludf.DUMMYFUNCTION("""COMPUTED_VALUE"""),"AG1741") -> AG1741 | B23: =IFERROR(__xludf.DUMMYFUNCTION("""COMPUTED_VALUE"""),"RUN-ABRM_2022-09-07_RFR-003") -> RUN-ABRM_2022-09-07_RFR-003 | C23: =VLOOKUP(B23,'Run Reconcile'!A$2:B3212,2,FALSE) -> 44811 | D23: =IFERROR(__xludf.DUMMYFUNCTION("""COMPUTED_VALUE"""),44811.0) -> 44811 | E23: =IFERROR(__xludf.DUMMYFUNCTION("""COMPUTED_VALUE"""),0.29594907407226856) -> 0.29594907 | F23: =IFERROR(__xludf.DUMMYFUNCTION("""COMPUTED_VALUE"""),"Negative") -> Negative | G23: =IFERROR(__xludf.DUMMYFUNCTION("""COMPUTED_VALUE"""),1.0) -> 1
A24: =IFERROR(__xludf.DUMMYFUNCTION("""COMPUTED_VALUE"""),"AG1355") -> AG1355 | B24: =IFERROR(__xludf.DUMMYFUNCTION("""COMPUTED_VALUE"""),"RUN-ABRM_2022-09-07_RFR-003") -> RUN-ABRM_2022-09-07_RFR-003 | C24: =VLOOKUP(B24,'Run Reconcile'!A$2:B3212,2,FALSE) -> 44811 | D24: =IFERROR(__xludf.DUMMYFUNCTION("""COMPUTED_VALUE"""),44811.0) -> 44811 | E24: =IFERROR(__xludf.DUMMYFUNCTION("""COMPUTED_VALUE"""),0.3039351851839456) -> 0.30393519 | F24: =IFERROR(__xludf.DUMMYFUNCTION("""COMPUTED_VALUE"""),"Negative") -> Negative | G24: =IFERROR(__xludf.DUMMYFUNCTION("""COMPUTED_VALUE"""),2.0) -> 2
A25: =IFERROR(__xludf.DUMMYFUNCTION("""COMPUTED_VALUE"""),"AH8245") -> AH8245 | B25: =IFERROR(__xludf.DUMMYFUNCTION("""COMPUTED_VALUE"""),"RUN-ABRM_2022-09-07_RFR-003") -> RUN-ABRM_2022-09-07_RFR-003 | C25: =VLOOKUP(B25,'Run Reconcile'!A$2:B3212,2,FALSE) -> 44811 | D25: =IFERROR(__xludf.DUMMYFUNCTION("""COMPUTED_VALUE"""),44811.0) -> 44811 | E25: =IFERROR(__xludf.DUMMYFUNCTION("""COMPUTED_VALUE"""),0.3564236111124046) -> 0.35642361 | F25: =IFERROR(__xludf.DUMMYFUNCTION("""COMPUTED_VALUE"""),"Negative") -> Negative | G25: =IFERROR(__xludf.DUMMYFUNCTION("""COMPUTED_VALUE"""),1.0) -> 1
A26: =IFERROR(__xludf.DUMMYFUNCTION("""COMPUTED_VALUE"""),"AH1291") -> AH1291 | B26: =IFERROR(__xludf.DUMMYFUNCTION("""COMPUTED_VALUE"""),"RUN-ABRM_2022-09-07_RFR-003") -> RUN-ABRM_2022-09-07_RFR-003 | C26: =VLOOKUP(B26,'Run Reconcile'!A$2:B3212,2,FALSE) -> 44811 | D26: =IFERROR(__xludf.DUMMYFUNCTION("""COMPUTED_VALUE"""),44811.0) -> 44811 | E26: =IFERROR(__xludf.DUMMYFUNCTION("""COMPUTED_VALUE"""),0.416782407406572) -> 0.41678241 | F26: =IFERROR(__xludf.DUMMYFUNCTION("""COMPUTED_VALUE"""),"Negative") -> Negative | G26: =IFERROR(__xludf.DUMMYFUNCTION("""COMPUTED_VALUE"""),1.0) -> 1
A27: =IFERROR(__xludf.DUMMYFUNCTION("""COMPUTED_VALUE"""),"AH8513") -> AH8513 | B27: =IFERROR(__xludf.DUMMYFUNCTION("""COMPUTED_VALUE"""),"RUN-ABRM_2022-09-07_RFR-003") -> RUN-ABRM_2022-09-07_RFR-003 | C27: =VLOOKUP(B27,'Run Reconcile'!A$2:B3212,2,FALSE) -> 44811 | D27: =IFERROR(__xludf.DUMMYFUNCTION("""COMPUTED_VALUE"""),44811.0) -> 44811 | E27: =IFERROR(__xludf.DUMMYFUNCTION("""COMPUTED_VALUE"""),0.4171990740724141) -> 0.41719907 | F27: =IFERROR(__xludf.DUMMYFUNCTION("""COMPUTED_VALUE"""),"Negative") -> Negative | G27: =IFERROR(__xludf.DUMMYFUNCTION("""COMPUTED_VALUE"""),2.0) -> 2
A28: =IFERROR(__xludf.DUMMYFUNCTION("""COMPUTED_VALUE"""),"AH7993") -> AH7993 | B28: =IFERROR(__xludf.DUMMYFUNCTION("""COMPUTED_VALUE"""),"RUN-ABRM_2022-09-07_RFR-003") -> RUN-ABRM_2022-09-07_RFR-003 | C28: =VLOOKUP(B28,'Run Reconcile'!A$2:B3212,2,FALSE) -> 44811 | D28: =IFERROR(__xludf.DUMMYFUNCTION("""COMPUTED_VALUE"""),44811.0) -> 44811 | E28: =IFERROR(__xludf.DUMMYFUNCTION("""COMPUTED_VALUE"""),0.4176967592575238) -> 0.41769676 | F28: =IFERROR(__xludf.DUMMYFUNCTION("""COMPUTED_VALUE"""),"Negative") -> Negative | G28: =IFERROR(__xludf.DUMMYFUNCTION("""COMPUTED_VALUE"""),3.0) -> 3
A29: =IFERROR(__xludf.DUMMYFUNCTION("""COMPUTED_VALUE"""),"AH7395") -> AH7395 | B29: =IFERROR(__xludf.DUMMYFUNCTION("""COMPUTED_VALUE"""),"RUN-ABRM_2022-09-07_RFR-003") -> RUN-ABRM_2022-09-07_RFR-003 | C29: =VLOOKUP(B29,'Run Reconcile'!A$2:B3212,2,FALSE) -> 44811 | D29: =IFERROR(__xludf.DUMMYFUNCTION("""COMPUTED_VALUE"""),44811.0) -> 44811 | E29: =IFERROR(__xludf.DUMMYFUNCTION("""COMPUTED_VALUE"""),0.41811342592700385) -> 0.41811343 | F29: =IFERROR(__xludf.DUMMYFUNCTION("""COMPUTED_VALUE"""),"Negative") -> Negative | G29: =IFERROR(__xludf.DUMMYFUNCTION("""COMPUTED_VALUE"""),1.0) -> 1
A30: =IFERROR(__xludf.DUMMYFUNCTION("""COMPUTED_VALUE"""),"AH9075") -> AH9075 | B30: =IFERROR(__xludf.DUMMYFUNCTION("""COMPUTED_VALUE"""),"RUN-ABRM_2022-09-07_RFR-003") -> RUN-ABRM_2022-09-07_RFR-003 | C30: =VLOOKUP(B30,'Run Reconcile'!A$2:B3212,2,FALSE) -> 44811 | D30: =IFERROR(__xludf.DUMMYFUNCTION("""COMPUTED_VALUE"""),44811.0) -> 44811 | E30: =IFERROR(__xludf.DUMMYFUNCTION("""COMPUTED_VALUE"""),0.41879629629693227) -> 0.4187963 | F30: =IFERROR(__xludf.DUMMYFUNCTION("""COMPUTED_VALUE"""),"Negative") -> Negative | G30: =IFERROR(__xludf.DUMMYFUNCTION("""COMPUTED_VALUE"""),5.0) -> 5
A31: =IFERROR(__xludf.DUMMYFUNCTION("""COMPUTED_VALUE"""),"AJ9638") -> AJ9638 | B31: =IFERROR(__xludf.DUMMYFUNCTION("""COMPUTED_VALUE"""),"RUN-ABRM_2022-09-08_RFR-004") -> RUN-ABRM_2022-09-08_RFR-004 | C31: =VLOOKUP(B31,'Run Reconcile'!A$2:B3212,2,FALSE) -> 44812 | D31: =IFERROR(__xludf.DUMMYFUNCTION("""COMPUTED_VALUE"""),44812.0) -> 44812 | E31: =IFERROR(__xludf.DUMMYFUNCTION("""COMPUTED_VALUE"""),0.23843750000014552) -> 0.2384375 | F31: =IFERROR(__xludf.DUMMYFUNCTION("""COMPUTED_VALUE"""),"Negative") -> Negative | G31: =IFERROR(__xludf.DUMMYFUNCTION("""COMPUTED_VALUE"""),1.0) -> 1
A32: =IFERROR(__xludf.DUMMYFUNCTION("""COMPUTED_VALUE"""),"AH9869") -> AH9869 | B32: =IFERROR(__xludf.DUMMYFUNCTION("""COMPUTED_VALUE"""),"RUN-ABRM_2022-09-08_RFR-004") -> RUN-ABRM_2022-09-08_RFR-004 | C32: =VLOOKUP(B32,'Run Reconcile'!A$2:B3212,2,FALSE) -> 44812 | D32: =IFERROR(__xludf.DUMMYFUNCTION("""COMPUTED_VALUE"""),44812.0) -> 44812 | E32: =IFERROR(__xludf.DUMMYFUNCTION("""COMPUTED_VALUE"""),0.2650694444455439) -> 0.26506944 | F32: =IFERROR(__xludf.DUMMYFUNCTION("""COMPUTED_VALUE"""),"Negative") -> Negative | G32: =IFERROR(__xludf.DUMMYFUNCTION("""COMPUTED_VALUE"""),3.0) -> 3
A33: =IFERROR(__xludf.DUMMYFUNCTION("""COMPUTED_VALUE"""),"AH8928") -> AH8928 | B33: =IFERROR(__xludf.DUMMYFUNCTION("""COMPUTED_VALUE"""),"RUN-ABRM_2022-09-08_RFR-004") -> RUN-ABRM_2022-09-08_RFR-004 | C33: =VLOOKUP(B33,'Run Reconcile'!A$2:B3212,2,FALSE) -> 44812 | D33: =IFERROR(__xludf.DUMMYFUNCTION("""COMPUTED_VALUE"""),44812.0) -> 44812 | E33: =IFERROR(__xludf.DUMMYFUNCTION("""COMPUTED_VALUE"""),0.2744097222239361) -> 0.27440972 | F33: =IFERROR(__xludf.DUMMYFUNCTION("""COMPUTED_VALUE"""),"Negative") -> Negative | G33: =IFERROR(__xludf.DUMMYFUNCTION("""COMPUTED_VALUE"""),2.0) -> 2
A34: =IFERROR(__xludf.DUMMYFUNCTION("""COMPUTED_VALUE"""),"AH9456") -> AH9456 | B34: =IFERROR(__xludf.DUMMYFUNCTION("""COMPUTED_VALUE"""),"RUN-ABRM_2022-09-08_RFR-004") -> RUN-ABRM_2022-09-08_RFR-004 | C34: =VLOOKUP(B34,'Run Reconcile'!A$2:B3212,2,FALSE) -> 44812 | D34: =IFERROR(__xludf.DUMMYFUNCTION("""COMPUTED_VALUE"""),44812.0) -> 44812 | E34: =IFERROR(__xludf.DUMMYFUNCTION("""COMPUTED_VALUE"""),0.2965046296303626) -> 0.29650463 | F34: =IFERROR(__xludf.DUMMYFUNCTION("""COMPUTED_VALUE"""),"Negative") -> Negative | G34: =IFERROR(__xludf.DUMMYFUNCTION("""COMPUTED_VALUE"""),2.0) -> 2
A35: =IFERROR(__xludf.DUMMYFUNCTION("""COMPUTED_VALUE"""),"AG1602") -> AG1602 | B35: =IFERROR(__xludf.DUMMYFUNCTION("""COMPUTED_VALUE"""),"RUN-ABRM_2022-09-08_RFR-004") -> RUN-ABRM_2022-09-08_RFR-004 | C35: =VLOOKUP(B35,'Run Reconcile'!A$2:B3212,2,FALSE) -> 44812 | D35: =IFERROR(__xludf.DUMMYFUNCTION("""COMPUTED_VALUE"""),44812.0) -> 44812 | E35: =IFERROR(__xludf.DUMMYFUNCTION("""COMPUTED_VALUE"""),0.299629629629635) -> 0.29962963 | F35: =IFERROR(__xludf.DUMMYFUNCTION("""COMPUTED_VALUE"""),"Negative") -> Negative | G35: =IFERROR(__xludf.DUMMYFUNCTION("""COMPUTED_VALUE"""),3.0) -> 3
A36: =IFERROR(__xludf.DUMMYFUNCTION("""COMPUTED_VALUE"""),"AH8945") -> AH8945 | B36: =IFERROR(__xludf.DUMMYFUNCTION("""COMPUTED_VALUE"""),"RUN-ABRM_2022-09-08_RFR-004") -> RUN-ABRM_2022-09-08_RFR-004 | C36: =VLOOKUP(B36,'Run Reconcile'!A$2:B3212,2,FALSE) -> 44812 | D36: =IFERROR(__xludf.DUMMYFUNCTION("""COMPUTED_VALUE"""),44812.0) -> 44812 | E36: =IFERROR(__xludf.DUMMYFUNCTION("""COMPUTED_VALUE"""),0.3060416666667152) -> 0.30604167 | F36: =IFERROR(__xludf.DUMMYFUNCTION("""COMPUTED_VALUE"""),"Negative") -> Negative | G36: =IFERROR(__xludf.DUMMYFUNCTION("""COMPUTED_VALUE"""),3.0) -> 3
A37: =IFERROR(__xludf.DUMMYFUNCTION("""COMPUTED_VALUE"""),"AG2192") -> AG2192 | B37: =IFERROR(__xludf.DUMMYFUNCTION("""COMPUTED_VALUE"""),"RUN-ABRM_2022-09-08_RFR-004") -> RUN-ABRM_2022-09-08_RFR-004 | C37: =VLOOKUP(B37,'Run Reconcile'!A$2:B3212,2,FALSE) -> 44812 | D37: =IFERROR(__xludf.DUMMYFUNCTION("""COMPUTED_VALUE"""),44812.0) -> 44812 | E37: =IFERROR(__xludf.DUMMYFUNCTION("""COMPUTED_VALUE"""),0.3097337962972233) -> 0.3097338 | F37: =IFERROR(__xludf.DUMMYFUNCTION("""COMPUTED_VALUE"""),"Negative") -> Negative | G37: =IFERROR(__xludf.DUMMYFUNCTION("""COMPUTED_VALUE"""),2.0) -> 2
A38: =IFERROR(__xludf.DUMMYFUNCTION("""COMPUTED_VALUE"""),"AH8930") -> AH8930 | B38: =IFERROR(__xludf.DUMMYFUNCTION("""COMPUTED_VALUE"""),"RUN-ABRM_2022-09-08_RFR-004") -> RUN-ABRM_2022-09-08_RFR-004 | C38: =VLOOKUP(B38,'Run Reconcile'!A$2:B3212,2,FALSE) -> 44812 | D38: =IFERROR(__xludf.DUMMYFUNCTION("""COMPUTED_VALUE"""),44812.0) -> 44812 | E38: =IFERROR(__xludf.DUMMYFUNCTION("""COMPUTED_VALUE"""),0.3197337962956226) -> 0.3197338 | F38: =IFERROR(__xludf.DUMMYFUNCTION("""COMPUTED_VALUE"""),"Negative") -> Negative | G38: =IFERROR(__xludf.DUMMYFUNCTION("""COMPUTED_VALUE"""),1.0) -> 1
A39: =IFERROR(__xludf.DUMMYFUNCTION("""COMPUTED_VALUE"""),"AH8554") -> AH8554 | B39: =IFERROR(__xludf.DUMMYFUNCTION("""COMPUTED_VALUE"""),"RUN-ABRM_2022-09-08_RFR-004") -> RUN-ABRM_2022-09-08_RFR-004 | C39: =VLOOKUP(B39,'Run Reconcile'!A$2:B3212,2,FALSE) -> 44812 | D39: =IFERROR(__xludf.DUMMYFUNCTION("""COMPUTED_VALUE"""),44812.0) -> 44812 | E39: =IFERROR(__xludf.DUMMYFUNCTION("""COMPUTED_VALUE"""),0.3210416666661331) -> 0.32104167 | F39: =IFERROR(__xludf.DUMMYFUNCTION("""COMPUTED_VALUE"""),"Negative") -> Negative | G39: =IFERROR(__xludf.DUMMYFUNCTION("""COMPUTED_VALUE"""),2.0) -> 2
A40: =IFERROR(__xludf.DUMMYFUNCTION("""COMPUTED_VALUE"""),"AG1115") -> AG1115 | B40: =IFERROR(__xludf.DUMMYFUNCTION("""COMPUTED_VALUE"""),"RUN-ABRM_2022-09-08_RFR-004") -> RUN-ABRM_2022-09-08_RFR-004 | C40: =VLOOKUP(B40,'Run Reconcile'!A$2:B3212,2,FALSE) -> 44812 | D40: =IFERROR(__xludf.DUMMYFUNCTION("""COMPUTED_VALUE"""),44812.0) -> 44812 | E40: =IFERROR(__xludf.DUMMYFUNCTION("""COMPUTED_VALUE"""),0.41913194444350665) -> 0.41913194 | F40: =IFERROR(__xludf.DUMMYFUNCTION("""COMPUTED_VALUE"""),"Negative") -> Negative | G40: =IFERROR(__xludf.DUMMYFUNCTION("""COMPUTED_VALUE"""),1.0) -> 1
A41: =IFERROR(__xludf.DUMMYFUNCTION("""COMPUTED_VALUE"""),"AG1508") -> AG1508 | B41: =IFERROR(__xludf.DUMMYFUNCTION("""COMPUTED_VALUE"""),"RUN-ABRM_2022-09-08_RFR-004") -> RUN-ABRM_2022-09-08_RFR-004 | C41: =VLOOKUP(B41,'Run Reconcile'!A$2:B3212,2,FALSE) -> 44812 | D41: =IFERROR(__xludf.DUMMYFUNCTION("""COMPUTED_VALUE"""),44812.0) -> 44812 | E41: =IFERROR(__xludf.DUMMYFUNCTION("""COMPUTED_VALUE"""),0.4196180555554747) -> 0.41961806 | F41: =IFERROR(__xludf.DUMMYFUNCTION("""COMPUTED_VALUE"""),"Negative") -> Negative | G41: =IFERROR(__xludf.DUMMYFUNCTION("""COMPUTED_VALUE"""),2.0) -> 2
A42: =IFERROR(__xludf.DUMMYFUNCTION("""COMPUTED_VALUE"""),"AG805") -> AG805 | B42: =IFERROR(__xludf.DUMMYFUNCTION("""COMPUTED_VALUE"""),"RUN-ABRM_2022-09-08_RFR-004") -> RUN-ABRM_2022-09-08_RFR-004 | C42: =VLOOKUP(B42,'Run Reconcile'!A$2:B3212,2,FALSE) -> 44812 | D42: =IFERROR(__xludf.DUMMYFUNCTION("""COMPUTED_VALUE"""),44812.0) -> 44812 | E42: =IFERROR(__xludf.DUMMYFUNCTION("""COMPUTED_VALUE"""),0.42003472222131677) -> 0.42003472 | F42: =IFERROR(__xludf.DUMMYFUNCTION("""COMPUTED_VALUE"""),"Negative") -> Negative | G42: =IFERROR(__xludf.DUMMYFUNCTION("""COMPUTED_VALUE"""),2.0) -> 2
A43: =IFERROR(__xludf.DUMMYFUNCTION("""COMPUTED_VALUE"""),"AG763") -> AG763 | B43: =IFERROR(__xludf.DUMMYFUNCTION("""COMPUTED_VALUE"""),"RUN-ABRM_2022-09-09_RFR-006") -> RUN-ABRM_2022-09-09_RFR-006 | C43: =VLOOKUP(B43,'Run Reconcile'!A$2:B3212,2,FALSE) -> 44813 | D43: =IFERROR(__xludf.DUMMYFUNCTION("""COMPUTED_VALUE"""),44813.0) -> 44813 | E43: =IFERROR(__xludf.DUMMYFUNCTION("""COMPUTED_VALUE"""),0.23739583333372138) -> 0.23739583 | F43: =IFERROR(__xludf.DUMMYFUNCTION("""COMPUTED_VALUE"""),"Negative") -> Negative | G43: =IFERROR(__xludf.DUMMYFUNCTION("""COMPUTED_VALUE"""),3.0) -> 3
A44: =IFERROR(__xludf.DUMMYFUNCTION("""COMPUTED_VALUE"""),"AG1200") -> AG1200 | B44: =IFERROR(__xludf.DUMMYFUNCTION("""COMPUTED_VALUE"""),"RUN-ABRM_2022-09-09_RFR-006") -> RUN-ABRM_2022-09-09_RFR-006 | C44: =VLOOKUP(B44,'Run Reconcile'!A$2:B3212,2,FALSE) -> 44813 | D44: =IFERROR(__xludf.DUMMYFUNCTION("""COMPUTED_VALUE"""),44813.0) -> 44813 | E44: =IFERROR(__xludf.DUMMYFUNCTION("""COMPUTED_VALUE"""),0.2857291666659876) -> 0.28572917 | F44: =IFERROR(__xludf.DUMMYFUNCTION("""COMPUTED_VALUE"""),"Negative") -> Negative | G44: =IFERROR(__xludf.DUMMYFUNCTION("""COMPUTED_VALUE"""),3.0) -> 3
A45: =IFERROR(__xludf.DUMMYFUNCTION("""COMPUTED_VALUE"""),"AG1215") -> AG1215 | B45: =IFERROR(__xludf.DUMMYFUNCTION("""COMPUTED_VALUE"""),"RUN-ABRM_2022-09-09_RFR-006") -> RUN-ABRM_2022-09-09_RFR-006 | C45: =VLOOKUP(B45,'Run Reconcile'!A$2:B3212,2,FALSE) -> 44813 | D45: =IFERROR(__xludf.DUMMYFUNCTION("""COMPUTED_VALUE"""),44813.0) -> 44813 | E45: =IFERROR(__xludf.DUMMYFUNCTION("""COMPUTED_VALUE"""),0.28711805555576575) -> 0.28711806 | F45: =IFERROR(__xludf.DUMMYFUNCTION("""COMPUTED_VALUE"""),"Negative") -> Negative | G45: =IFERROR(__xludf.DUMMYFUNCTION("""COMPUTED_VALUE"""),3.0) -> 3
A46: =IFERROR(__xludf.DUMMYFUNCTION("""COMPUTED_VALUE"""),"AG2189") -> AG2189 | B46: =IFERROR(__xludf.DUMMYFUNCTION("""COMPUTED_VALUE"""),"RUN-ABRM_2022-09-09_RFR-006") -> RUN-ABRM_2022-09-09_RFR-006 | C46: =VLOOKUP(B46,'Run Reconcile'!A$2:B3212,2,FALSE) -> 44813 | D46: =IFERROR(__xludf.DUMMYFUNCTION("""COMPUTED_VALUE"""),44813.0) -> 44813 | E46: =IFERROR(__xludf.DUMMYFUNCTION("""COMPUTED_VALUE"""),0.29245370370335877) -> 0.2924537 | F46: =IFERROR(__xludf.DUMMYFUNCTION("""COMPUTED_VALUE"""),"Negative") -> Negative | G46: =IFERROR(__xludf.DUMMYFUNCTION("""COMPUTED_VALUE"""),3.0) -> 3
A47: =IFERROR(__xludf.DUMMYFUNCTION("""COMPUTED_VALUE"""),"AG304") -> AG304 | B47: =IFERROR(__xludf.DUMMYFUNCTION("""COMPUTED_VALUE"""),"RUN-ABRM_2022-09-09_RFR-006") -> RUN-ABRM_2022-09-09_RFR-006 | C47: =VLOOKUP(B47,'Run Reconcile'!A$2:B3212,2,FALSE) -> 44813 | D47: =IFERROR(__xludf.DUMMYFUNCTION("""COMPUTED_VALUE"""),44813.0) -> 44813 | E47: =IFERROR(__xludf.DUMMYFUNCTION("""COMPUTED_VALUE"""),0.3120254629611736) -> 0.31202546 | F47: =IFERROR(__xludf.DUMMYFUNCTION("""COMPUTED_VALUE"""),"Negative") -> Negative | G47: =IFERROR(__xludf.DUMMYFUNCTION("""COMPUTED_VALUE"""),1.0) -> 1
A48: =IFERROR(__xludf.DUMMYFUNCTION("""COMPUTED_VALUE"""),"AK5961") -> AK5961 | B48: =IFERROR(__xludf.DUMMYFUNCTION("""COMPUTED_VALUE"""),"RUN-ABRM_2022-09-09_RFR-006") -> RUN-ABRM_2022-09-09_RFR-006 | C48: =VLOOKUP(B48,'Run Reconcile'!A$2:B3212,2,FALSE) -> 44813 | D48: =IFERROR(__xludf.DUMMYFUNCTION("""COMPUTED_VALUE"""),44813.0) -> 44813 | E48: =IFERROR(__xludf.DUMMYFUNCTION("""COMPUTED_VALUE"""),0.31451388889036025) -> 0.31451389 | F48: =IFERROR(__xludf.DUMMYFUNCTION("""COMPUTED_VALUE"""),"Negative") -> Negative | G48: =IFERROR(__xludf.DUMMYFUNCTION("""COMPUTED_VALUE"""),1.0) -> 1
A49: =IFERROR(__xludf.DUMMYFUNCTION("""COMPUTED_VALUE"""),"AG2194") -> AG2194 | B49: =IFERROR(__xludf.DUMMYFUNCTION("""COMPUTED_VALUE"""),"RUN-ABRM_2022-09-09_RFR-006") -> RUN-ABRM_2022-09-09_RFR-006 | C49: =VLOOKUP(B49,'Run Reconcile'!A$2:B3212,2,FALSE) -> 44813 | D49: =IFERROR(__xludf.DUMMYFUNCTION("""COMPUTED_VALUE"""),44813.0) -> 44813 | E49: =IFERROR(__xludf.DUMMYFUNCTION("""COMPUTED_VALUE"""),0.3168287037042319) -> 0.3168287 | F49: =IFERROR(__xludf.DUMMYFUNCTION("""COMPUTED_VALUE"""),"Negative") -> Negative | G49: =IFERROR(__xludf.DUMMYFUNCTION("""COMPUTED_VALUE"""),1.0) -> 1
A50: =IFERROR(__xludf.DUMMYFUNCTION("""COMPUTED_VALUE"""),"AH9650") -> AH9650 | B50: =IFERROR(__xludf.DUMMYFUNCTION("""COMPUTED_VALUE"""),"RUN-ABRM_2022-09-09_RFR-006") -> RUN-ABRM_2022-09-09_RFR-006 | C50: =VLOOKUP(B50,'Run Reconcile'!A$2:B3212,2,FALSE) -> 44813 | D50: =IFERROR(__xludf.DUMMYFUNCTION("""COMPUTED_VALUE"""),44813.0) -> 44813 | E50: =IFERROR(__xludf.DUMMYFUNCTION("""COMPUTED_VALUE"""),0.3387731481489027) -> 0.33877315 | F50: =IFERROR(__xludf.DUMMYFUNCTION("""COMPUTED_VALUE"""),"Negative") -> Negative | G50: =IFERROR(__xludf.DUMMYFUNCTION("""COMPUTED_VALUE"""),2.0) -> 2
A51: =IFERROR(__xludf.DUMMYFUNCTION("""COMPUTED_VALUE"""),"AH7760") -> AH7760 | B51: =IFERROR(__xludf.DUMMYFUNCTION("""COMPUTED_VALUE"""),"RUN-ABRM_2022-09-09_RFR-006") -> RUN-ABRM_2022-09-09_RFR-006 | C51: =VLOOKUP(B51,'Run Reconcile'!A$2:B3212,2,FALSE) -> 44813 | D51: =IFERROR(__xludf.DUMMYFUNCTION("""COMPUTED_VALUE"""),44813.0) -> 44813 | E51: =IFERROR(__xludf.DUMMYFUNCTION("""COMPUTED_VALUE"""),0.37788194444510737) -> 0.37788194 | F51: =IFERROR(__xludf.DUMMYFUNCTION("""COMPUTED_VALUE"""),"Negative") -> Negative | G51: =IFERROR(__xludf.DUMMYFUNCTION("""COMPUTED_VALUE"""),3.0) -> 3
A52: =IFERROR(__xludf.DUMMYFUNCTION("""COMPUTED_VALUE"""),"AG1883") -> AG1883 | B52: =IFERROR(__xludf.DUMMYFUNCTION("""COMPUTED_VALUE"""),"RUN-ABRM_2022-09-09_RFR-006") -> RUN-ABRM_2022-09-09_RFR-006 | C52: =VLOOKUP(B52,'Run Reconcile'!A$2:B3212,2,FALSE) -> 44813 | D52: =IFERROR(__xludf.DUMMYFUNCTION("""COMPUTED_VALUE"""),44813.0) -> 44813 | E52: =IFERROR(__xludf.DUMMYFUNCTION("""COMPUTED_VALUE"""),0.3783449074071541) -> 0.37834491 | F52: =IFERROR(__xludf.DUMMYFUNCTION("""COMPUTED_VALUE"""),"Negative") -> Negative | G52: =IFERROR(__xludf.DUMMYFUNCTION("""COMPUTED_VALUE"""),2.0) -> 2
A53: =IFERROR(__xludf.DUMMYFUNCTION("""COMPUTED_VALUE"""),"AG2204") -> AG2204 | B53: =IFERROR(__xludf.DUMMYFUNCTION("""COMPUTED_VALUE"""),"RUN-ABRM_2022-09-09_RFR-006") -> RUN-ABRM_2022-09-09_RFR-006 | C53: =VLOOKUP(B53,'Run Reconcile'!A$2:B3212,2,FALSE) -> 44813 | D53: =IFERROR(__xludf.DUMMYFUNCTION("""COMPUTED_VALUE"""),44813.0) -> 44813 | E53: =IFERROR(__xludf.DUMMYFUNCTION("""COMPUTED_VALUE"""),0.37862268518438214) -> 0.37862269 | F53: =IFERROR(__xludf.DUMMYFUNCTION("""COMPUTED_VALUE"""),"Negative") -> Negative | G53: =IFERROR(__xludf.DUMMYFUNCTION("""COMPUTED_VALUE"""),1.0) -> 1
A54: =IFERROR(__xludf.DUMMYFUNCTION("""COMPUTED_VALUE"""),"AG1074") -> AG1074 | B54: =IFERROR(__xludf.DUMMYFUNCTION("""COMPUTED_VALUE"""),"RUN-ABRM_2022-09-10_RFR-009") -> RUN-ABRM_2022-09-10_RFR-009 | C54: =VLOOKUP(B54,'Run Reconcile'!A$2:B3212,2,FALSE) -> 44814 | D54: =IFERROR(__xludf.DUMMYFUNCTION("""COMPUTED_VALUE"""),44814.0) -> 44814 | E54: =IFERROR(__xludf.DUMMYFUNCTION("""COMPUTED_VALUE"""),0.22677083333474002) -> 0.22677083 | F54: =IFERROR(__xludf.DUMMYFUNCTION("""COMPUTED_VALUE"""),"Negative") -> Negative | G54: =IFERROR(__xludf.DUMMYFUNCTION("""COMPUTED_VALUE"""),1.0) -> 1
A55: =IFERROR(__xludf.DUMMYFUNCTION("""COMPUTED_VALUE"""),"AH8609") -> AH8609 | B55: =IFERROR(__xludf.DUMMYFUNCTION("""COMPUTED_VALUE"""),"RUN-ABRM_2022-09-10_RFR-009") -> RUN-ABRM_2022-09-10_RFR-009 | C55: =VLOOKUP(B55,'Run Reconcile'!A$2:B3212,2,FALSE) -> 44814 | D55: =IFERROR(__xludf.DUMMYFUNCTION("""COMPUTED_VALUE"""),44814.0) -> 44814 | E55: =IFERROR(__xludf.DUMMYFUNCTION("""COMPUTED_VALUE"""),0.22719907407372375) -> 0.22719907 | F55: =IFERROR(__xludf.DUMMYFUNCTION("""COMPUTED_VALUE"""),"Negative") -> Negative | G55: =IFERROR(__xludf.DUMMYFUNCTION("""COMPUTED_VALUE"""),1.0) -> 1
A56: =IFERROR(__xludf.DUMMYFUNCTION("""COMPUTED_VALUE"""),"AJ9653") -> AJ9653 | B56: =IFERROR(__xludf.DUMMYFUNCTION("""COMPUTED_VALUE"""),"RUN-ABRM_2022-09-12_RFR-010") -> RUN-ABRM_2022-09-12_RFR-010 | C56: =VLOOKUP(B56,'Run Reconcile'!A$2:B3212,2,FALSE) -> 44816 | D56: =IFERROR(__xludf.DUMMYFUNCTION("""COMPUTED_VALUE"""),44816.0) -> 44816 | E56: =IFERROR(__xludf.DUMMYFUNCTION("""COMPUTED_VALUE"""),0.2184606481496303) -> 0.21846065 | F56: =IFERROR(__xludf.DUMMYFUNCTION("""COMPUTED_VALUE"""),"Negative") -> Negative | G56: =IFERROR(__xludf.DUMMYFUNCTION("""COMPUTED_VALUE"""),1.0) -> 1
A57: =IFERROR(__xludf.DUMMYFUNCTION("""COMPUTED_VALUE"""),"AH7736") -> AH7736 | B57: =IFERROR(__xludf.DUMMYFUNCTION("""COMPUTED_VALUE"""),"RUN-ABRM_2022-09-12_RFR-010") -> RUN-ABRM_2022-09-12_RFR-010 | C57: =VLOOKUP(B57,'Run Reconcile'!A$2:B3212,2,FALSE) -> 44816 | D57: =IFERROR(__xludf.DUMMYFUNCTION("""COMPUTED_VALUE"""),44816.0) -> 44816 | E57: =IFERROR(__xludf.DUMMYFUNCTION("""COMPUTED_VALUE"""),0.2359027777783922) -> 0.23590278 | F57: =IFERROR(__xludf.DUMMYFUNCTION("""COMPUTED_VALUE"""),"Negative") -> Negative | G57: =IFERROR(__xludf.DUMMYFUNCTION("""COMPUTED_VALUE"""),3.0) -> 3
A58: =IFERROR(__xludf.DUMMYFUNCTION("""COMPUTED_VALUE"""),"AG603") -> AG603 | B58: =IFERROR(__xludf.DUMMYFUNCTION("""COMPUTED_VALUE"""),"RUN-ABRM_2022-09-12_RFR-010") -> RUN-ABRM_2022-09-12_RFR-010 | C58: =VLOOKUP(B58,'Run Reconcile'!A$2:B3212,2,FALSE) -> 44816 | D58: =IFERROR(__xludf.DUMMYFUNCTION("""COMPUTED_VALUE"""),44816.0) -> 44816 | E58: =IFERROR(__xludf.DUMMYFUNCTION("""COMPUTED_VALUE"""),0.29853009259386454) -> 0.29853009 | F58: =IFERROR(__xludf.DUMMYFUNCTION("""COMPUTED_VALUE"""),"Negative") -> Negative | G58: =IFERROR(__xludf.DUMMYFUNCTION("""COMPUTED_VALUE"""),4.0) -> 4
A59: =IFERROR(__xludf.DUMMYFUNCTION("""COMPUTED_VALUE"""),"AJ8560") -> AJ8560 | B59: =IFERROR(__xludf.DUMMYFUNCTION("""COMPUTED_VALUE"""),"RUN-ABRM_2022-09-12_RFR-010") -> RUN-ABRM_2022-09-12_RFR-010 | C59: =VLOOKUP(B59,'Run Reconcile'!A$2:B3212,2,FALSE) -> 44816 | D59: =IFERROR(__xludf.DUMMYFUNCTION("""COMPUTED_VALUE"""),44816.0) -> 44816 | E59: =IFERROR(__xludf.DUMMYFUNCTION("""COMPUTED_VALUE"""),0.29921296296379296) -> 0.29921296 | F59: =IFERROR(__xludf.DUMMYFUNCTION("""COMPUTED_VALUE"""),"Negative") -> Negative | G59: =IFERROR(__xludf.DUMMYFUNCTION("""COMPUTED_VALUE"""),2.0) -> 2
A60: =IFERROR(__xludf.DUMMYFUNCTION("""COMPUTED_VALUE"""),"AH7777") -> AH7777 | B60: =IFERROR(__xludf.DUMMYFUNCTION("""COMPUTED_VALUE"""),"RUN-ABRM_2022-09-12_RFR-010") -> RUN-ABRM_2022-09-12_RFR-010 | C60: =VLOOKUP(B60,'Run Reconcile'!A$2:B3212,2,FALSE) -> 44816 | D60: =IFERROR(__xludf.DUMMYFUNCTION("""COMPUTED_VALUE"""),44816.0) -> 44816 | E60: =IFERROR(__xludf.DUMMYFUNCTION("""COMPUTED_VALUE"""),0.2995023148141627) -> 0.29950231 | F60: =IFERROR(__xludf.DUMMYFUNCTION("""COMPUTED_VALUE"""),"Negative") -> Negative | G60: =IFERROR(__xludf.DUMMYFUNCTION("""COMPUTED_VALUE"""),3.0) -> 3
A61: =IFERROR(__xludf.DUMMYFUNCTION("""COMPUTED_VALUE"""),"AG2029") -> AG2029 | B61: =IFERROR(__xludf.DUMMYFUNCTION("""COMPUTED_VALUE"""),"RUN-ABRM_2022-09-12_RFR-010") -> RUN-ABRM_2022-09-12_RFR-010 | C61: =VLOOKUP(B61,'Run Reconcile'!A$2:B3212,2,FALSE) -> 44816 | D61: =IFERROR(__xludf.DUMMYFUNCTION("""COMPUTED_VALUE"""),44816.0) -> 44816 | E61: =IFERROR(__xludf.DUMMYFUNCTION("""COMPUTED_VALUE"""),0.29976851851824904) -> 0.29976852 | F61: =IFERROR(__xludf.DUMMYFUNCTION("""COMPUTED_VALUE"""),"Negative") -> Negative | G61: =IFERROR(__xludf.DUMMYFUNCTION("""COMPUTED_VALUE"""),4.0) -> 4
A62: =IFERROR(__xludf.DUMMYFUNCTION("""COMPUTED_VALUE"""),"AG314") -> AG314 | B62: =IFERROR(__xludf.DUMMYFUNCTION("""COMPUTED_VALUE"""),"RUN-ABRM_2022-09-12_RFR-010") -> RUN-ABRM_2022-09-12_RFR-010 | C62: =VLOOKUP(B62,'Run Reconcile'!A$2:B3212,2,FALSE) -> 44816 | D62: =IFERROR(__xludf.DUMMYFUNCTION("""COMPUTED_VALUE"""),44816.0) -> 44816 | E62: =IFERROR(__xludf.DUMMYFUNCTION("""COMPUTED_VALUE"""),0.31299768518510973) -> 0.31299769 | F62: =IFERROR(__xludf.DUMMYFUNCTION("""COMPUTED_VALUE"""),"Negative") -> Negative | G62: =IFERROR(__xludf.DUMMYFUNCTION("""COMPUTED_VALUE"""),2.0) -> 2
A63: =IFERROR(__xludf.DUMMYFUNCTION("""COMPUTED_VALUE"""),"AG1519") -> AG1519 | B63: =IFERROR(__xludf.DUMMYFUNCTION("""COMPUTED_VALUE"""),"RUN-ABRM_2022-09-12_RFR-010") -> RUN-ABRM_2022-09-12_RFR-010 | C63: =VLOOKUP(B63,'Run Reconcile'!A$2:B3212,2,FALSE) -> 44816 | D63: =IFERROR(__xludf.DUMMYFUNCTION("""COMPUTED_VALUE"""),44816.0) -> 44816 | E63: =IFERROR(__xludf.DUMMYFUNCTION("""COMPUTED_VALUE"""),0.31520833333343035) -> 0.31520833 | F63: =IFERROR(__xludf.DUMMYFUNCTION("""COMPUTED_VALUE"""),"Negative") -> Negative | G63: =IFERROR(__xludf.DUMMYFUNCTION("""COMPUTED_VALUE"""),3.0) -> 3
A64: =IFERROR(__xludf.DUMMYFUNCTION("""COMPUTED_VALUE"""),"AG1274") -> AG1274 | B64: =IFERROR(__xludf.DUMMYFUNCTION("""COMPUTED_VALUE"""),"RUN-ABRM_2022-09-12_RFR-010") -> RUN-ABRM_2022-09-12_RFR-010 | C64: =VLOOKUP(B64,'Run Reconcile'!A$2:B3212,2,FALSE) -> 44816 | D64: =IFERROR(__xludf.DUMMYFUNCTION("""COMPUTED_VALUE"""),44816.0) -> 44816 | E64: =IFERROR(__xludf.DUMMYFUNCTION("""COMPUTED_VALUE"""),0.3163078703692008) -> 0.31630787 | F64: =IFERROR(__xludf.DUMMYFUNCTION("""COMPUTED_VALUE"""),"Negative") -> Negative | G64: =IFERROR(__xludf.DUMMYFUNCTION("""COMPUTED_VALUE"""),1.0) -> 1
A65: =IFERROR(__xludf.DUMMYFUNCTION("""COMPUTED_VALUE"""),"AH7409") -> AH7409 | B65: =IFERROR(__xludf.DUMMYFUNCTION("""COMPUTED_VALUE"""),"RUN-ABRM_2022-09-12_RFR-010") -> RUN-ABRM_2022-09-12_RFR-010 | C65: =VLOOKUP(B65,'Run Reconcile'!A$2:B3212,2,FALSE) -> 44816 | D65: =IFERROR(__xludf.DUMMYFUNCTION("""COMPUTED_VALUE"""),44816.0) -> 44816 | E65: =IFERROR(__xludf.DUMMYFUNCTION("""COMPUTED_VALUE"""),0.38988425926072523) -> 0.38988426 | F65: =IFERROR(__xludf.DUMMYFUNCTION("""COMPUTED_VALUE"""),"Negative") -> Negative | G65: =IFERROR(__xludf.DUMMYFUNCTION("""COMPUTED_VALUE"""),1.0) -> 1
A66: =IFERROR(__xludf.DUMMYFUNCTION("""COMPUTED_VALUE"""),"AH9849") -> AH9849 | B66: =IFERROR(__xludf.DUMMYFUNCTION("""COMPUTED_VALUE"""),"RUN-ABRM_2022-09-12_RFR-010") -> RUN-ABRM_2022-09-12_RFR-010 | C66: =VLOOKUP(B66,'Run Reconcile'!A$2:B3212,2,FALSE) -> 44816 | D66: =IFERROR(__xludf.DUMMYFUNCTION("""COMPUTED_VALUE"""),44816.0) -> 44816 | E66: =IFERROR(__xludf.DUMMYFUNCTION("""COMPUTED_VALUE"""),0.39071759259240935) -> 0.39071759 | F66: =IFERROR(__xludf.DUMMYFUNCTION("""COMPUTED_VALUE"""),"Negative") -> Negative | G66: =IFERROR(__xludf.DUMMYFUNCTION("""COMPUTED_VALUE"""),3.0) -> 3
A67: =IFERROR(__xludf.DUMMYFUNCTION("""COMPUTED_VALUE"""),"AH7778") -> AH7778 | B67: =IFERROR(__xludf.DUMMYFUNCTION("""COMPUTED_VALUE"""),"RUN-ABRM_2022-09-12_RFR-010") -> RUN-ABRM_2022-09-12_RFR-010 | C67: =VLOOKUP(B67,'Run Reconcile'!A$2:B3212,2,FALSE) -> 44816 | D67: =IFERROR(__xludf.DUMMYFUNCTION("""COMPUTED_VALUE"""),44816.0) -> 44816 | E67: =IFERROR(__xludf.DUMMYFUNCTION("""COMPUTED_VALUE"""),0.3910300925927004) -> 0.39103009 | F67: =IFERROR(__xludf.DUMMYFUNCTION("""COMPUTED_VALUE"""),"Negative") -> Negative | G67: =IFERROR(__xludf.DUMMYFUNCTION("""COMPUTED_VALUE"""),3.0) -> 3
A68: =IFERROR(__xludf.DUMMYFUNCTION("""COMPUTED_VALUE"""),"AH8950") -> AH8950 | B68: =IFERROR(__xludf.DUMMYFUNCTION("""COMPUTED_VALUE"""),"RUN-ABRM_2022-09-13_RFR-011") -> RUN-ABRM_2022-09-13_RFR-011 | C68: =VLOOKUP(B68,'Run Reconcile'!A$2:B3212,2,FALSE) -> 44817 | D68: =IFERROR(__xludf.DUMMYFUNCTION("""COMPUTED_VALUE"""),44817.0) -> 44817 | E68: =IFERROR(__xludf.DUMMYFUNCTION("""COMPUTED_VALUE"""),0.23276620370234014) -> 0.2327662 | F68: =IFERROR(__xludf.DUMMYFUNCTION("""COMPUTED_VALUE"""),"Negative") -> Negative | G68: =IFERROR(__xludf.DUMMYFUNCTION("""COMPUTED_VALUE"""),3.0) -> 3
A69: =IFERROR(__xludf.DUMMYFUNCTION("""COMPUTED_VALUE"""),"AJ8497") -> AJ8497 | B69: =IFERROR(__xludf.DUMMYFUNCTION("""COMPUTED_VALUE"""),"RUN-ABRM_2022-09-13_RFR-011") -> RUN-ABRM_2022-09-13_RFR-011 | C69: =VLOOKUP(B69,'Run Reconcile'!A$2:B3212,2,FALSE) -> 44817 | D69: =IFERROR(__xludf.DUMMYFUNCTION("""COMPUTED_VALUE"""),44817.0) -> 44817 | E69: =IFERROR(__xludf.DUMMYFUNCTION("""COMPUTED_VALUE"""),0.2521412037021946) -> 0.2521412 | F69: =IFERROR(__xludf.DUMMYFUNCTION("""COMPUTED_VALUE"""),"Negative") -> Negative | G69: =IFERROR(__xludf.DUMMYFUNCTION("""COMPUTED_VALUE"""),1.0) -> 1
A70: =IFERROR(__xludf.DUMMYFUNCTION("""COMPUTED_VALUE"""),"AG1299") -> AG1299 | B70: =IFERROR(__xludf.DUMMYFUNCTION("""COMPUTED_VALUE"""),"RUN-ABRM_2022-09-13_RFR-011") -> RUN-ABRM_2022-09-13_RFR-011 | C70: =VLOOKUP(B70,'Run Reconcile'!A$2:B3212,2,FALSE) -> 44817 | D70: =IFERROR(__xludf.DUMMYFUNCTION("""COMPUTED_VALUE"""),44817.0) -> 44817 | E70: =IFERROR(__xludf.DUMMYFUNCTION("""COMPUTED_VALUE"""),0.28467592592642177) -> 0.28467593 | F70: =IFERROR(__xludf.DUMMYFUNCTION("""COMPUTED_VALUE"""),"Negative") -> Negative | G70: =IFERROR(__xludf.DUMMYFUNCTION("""COMPUTED_VALUE"""),3.0) -> 3
A71: =IFERROR(__xludf.DUMMYFUNCTION("""COMPUTED_VALUE"""),"AG745") -> AG745 | B71: =IFERROR(__xludf.DUMMYFUNCTION("""COMPUTED_VALUE"""),"RUN-ABRM_2022-09-13_RFR-011") -> RUN-ABRM_2022-09-13_RFR-011 | C71: =VLOOKUP(B71,'Run Reconcile'!A$2:B3212,2,FALSE) -> 44817 | D71: =IFERROR(__xludf.DUMMYFUNCTION("""COMPUTED_VALUE"""),44817.0) -> 44817 | E71: =IFERROR(__xludf.DUMMYFUNCTION("""COMPUTED_VALUE"""),0.29765046296233777) -> 0.29765046 | F71: =IFERROR(__xludf.DUMMYFUNCTION("""COMPUTED_VALUE"""),"Negative") -> Negative | G71: =IFERROR(__xludf.DUMMYFUNCTION("""COMPUTED_VALUE"""),3.0) -> 3
A72: =IFERROR(__xludf.DUMMYFUNCTION("""COMPUTED_VALUE"""),"AG970") -> AG970 | B72: =IFERROR(__xludf.DUMMYFUNCTION("""COMPUTED_VALUE"""),"RUN-ABRM_2022-09-13_RFR-011") -> RUN-ABRM_2022-09-13_RFR-011 | C72: =VLOOKUP(B72,'Run Reconcile'!A$2:B3212,2,FALSE) -> 44817 | D72: =IFERROR(__xludf.DUMMYFUNCTION("""COMPUTED_VALUE"""),44817.0) -> 44817 | E72: =IFERROR(__xludf.DUMMYFUNCTION("""COMPUTED_VALUE"""),0.3003240740727051) -> 0.30032407 | F72: =IFERROR(__xludf.DUMMYFUNCTION("""COMPUTED_VALUE"""),"Negative") -> Negative | G72: =IFERROR(__xludf.DUMMYFUNCTION("""COMPUTED_VALUE"""),2.0) -> 2
A73: =IFERROR(__xludf.DUMMYFUNCTION("""COMPUTED_VALUE"""),"AG1601") -> AG1601 | B73: =IFERROR(__xludf.DUMMYFUNCTION("""COMPUTED_VALUE"""),"RUN-ABRM_2022-09-13_RFR-011") -> RUN-ABRM_2022-09-13_RFR-011 | C73: =VLOOKUP(B73,'Run Reconcile'!A$2:B3212,2,FALSE) -> 44817 | D73: =IFERROR(__xludf.DUMMYFUNCTION("""COMPUTED_VALUE"""),44817.0) -> 44817 | E73: =IFERROR(__xludf.DUMMYFUNCTION("""COMPUTED_VALUE"""),0.3117013888877409) -> 0.31170139 | F73: =IFERROR(__xludf.DUMMYFUNCTION("""COMPUTED_VALUE"""),"Negative") -> Negative | G73: =IFERROR(__xludf.DUMMYFUNCTION("""COMPUTED_VALUE"""),4.0) -> 4
A74: =IFERROR(__xludf.DUMMYFUNCTION("""COMPUTED_VALUE"""),"AH8280") -> AH8280 | B74: =IFERROR(__xludf.DUMMYFUNCTION("""COMPUTED_VALUE"""),"RUN-ABRM_2022-09-13_RFR-011") -> RUN-ABRM_2022-09-13_RFR-011 | C74: =VLOOKUP(B74,'Run Reconcile'!A$2:B3212,2,FALSE) -> 44817 | D74: =IFERROR(__xludf.DUMMYFUNCTION("""COMPUTED_VALUE"""),44817.0) -> 44817 | E74: =IFERROR(__xludf.DUMMYFUNCTION("""COMPUTED_VALUE"""),0.3117708333338669) -> 0.31177083 | F74: =IFERROR(__xludf.DUMMYFUNCTION("""COMPUTED_VALUE"""),"Negative") -> Negative | G74: =IFERROR(__xludf.DUMMYFUNCTION("""COMPUTED_VALUE"""),2.0) -> 2
A75: =IFERROR(__xludf.DUMMYFUNCTION("""COMPUTED_VALUE"""),"AH8811") -> AH8811 | B75: =IFERROR(__xludf.DUMMYFUNCTION("""COMPUTED_VALUE"""),"RUN-ABRM_2022-09-13_RFR-011") -> RUN-ABRM_2022-09-13_RFR-011 | C75: =VLOOKUP(B75,'Run Reconcile'!A$2:B3212,2,FALSE) -> 44817 | D75: =IFERROR(__xludf.DUMMYFUNCTION("""COMPUTED_VALUE"""),44817.0) -> 44817 | E75: =IFERROR(__xludf.DUMMYFUNCTION("""COMPUTED_VALUE"""),0.31484953703693463) -> 0.31484954 | F75: =IFERROR(__xludf.DUMMYFUNCTION("""COMPUTED_VALUE"""),"Negative") -> Negative | G75: =IFERROR(__xludf.DUMMYFUNCTION("""COMPUTED_VALUE"""),2.0) -> 2
A76: =IFERROR(__xludf.DUMMYFUNCTION("""COMPUTED_VALUE"""),"AH9221") -> AH9221 | B76: =IFERROR(__xludf.DUMMYFUNCTION("""COMPUTED_VALUE"""),"RUN-ABRM_2022-09-13_RFR-011") -> RUN-ABRM_2022-09-13_RFR-011 | C76: =VLOOKUP(B76,'Run Reconcile'!A$2:B3212,2,FALSE) -> 44817 | D76: =IFERROR(__xludf.DUMMYFUNCTION("""COMPUTED_VALUE"""),44817.0) -> 44817 | E76: =IFERROR(__xludf.DUMMYFUNCTION("""COMPUTED_VALUE"""),0.3152662037027767) -> 0.3152662 | F76: =IFERROR(__xludf.DUMMYFUNCTION("""COMPUTED_VALUE"""),"Negative") -> Negative | G76: =IFERROR(__xludf.DUMMYFUNCTION("""COMPUTED_VALUE"""),1.0) -> 1
A77: =IFERROR(__xludf.DUMMYFUNCTION("""COMPUTED_VALUE"""),"AH9740") -> AH9740 | B77: =IFERROR(__xludf.DUMMYFUNCTION("""COMPUTED_VALUE"""),"RUN-ABRM_2022-09-13_RFR-011") -> RUN-ABRM_2022-09-13_RFR-011 | C77: =VLOOKUP(B77,'Run Reconcile'!A$2:B3212,2,FALSE) -> 44817 | D77: =IFERROR(__xludf.DUMMYFUNCTION("""COMPUTED_VALUE"""),44817.0) -> 44817 | E77: =IFERROR(__xludf.DUMMYFUNCTION("""COMPUTED_VALUE"""),0.36761574073898373) -> 0.36761574 | F77: =IFERROR(__xludf.DUMMYFUNCTION("""COMPUTED_VALUE"""),"Negative") -> Negative | G77: =IFERROR(__xludf.DUMMYFUNCTION("""COMPUTED_VALUE"""),4.0) -> 4
A78: =IFERROR(__xludf.DUMMYFUNCTION("""COMPUTED_VALUE"""),"AH9305") -> AH9305 | B78: =IFERROR(__xludf.DUMMYFUNCTION("""COMPUTED_VALUE"""),"RUN-ABRM_2022-09-13_RFR-011") -> RUN-ABRM_2022-09-13_RFR-011 | C78: =VLOOKUP(B78,'Run Reconcile'!A$2:B3212,2,FALSE) -> 44817 | D78: =IFERROR(__xludf.DUMMYFUNCTION("""COMPUTED_VALUE"""),44817.0) -> 44817 | E78: =IFERROR(__xludf.DUMMYFUNCTION("""COMPUTED_VALUE"""),0.3679513888891961) -> 0.36795139 | F78: =IFERROR(__xludf.DUMMYFUNCTION("""COMPUTED_VALUE"""),"Negative") -> Negative | G78: =IFERROR(__xludf.DUMMYFUNCTION("""COMPUTED_VALUE"""),1.0) -> 1
A79: =IFERROR(__xludf.DUMMYFUNCTION("""COMPUTED_VALUE"""),"AH8338") -> AH8338 | B79: =IFERROR(__xludf.DUMMYFUNCTION("""COMPUTED_VALUE"""),"RUN-ABRM_2022-09-13_RFR-011") -> RUN-ABRM_2022-09-13_RFR-011 | C79: =VLOOKUP(B79,'Run Reconcile'!A$2:B3212,2,FALSE) -> 44817 | D79: =IFERROR(__xludf.DUMMYFUNCTION("""COMPUTED_VALUE"""),44817.0) -> 44817 | E79: =IFERROR(__xludf.DUMMYFUNCTION("""COMPUTED_VALUE"""),0.3685648148129985) -> 0.36856481 | F79: =IFERROR(__xludf.DUMMYFUNCTION("""COMPUTED_VALUE"""),"Negative") -> Negative | G79: =IFERROR(__xludf.DUMMYFUNCTION("""COMPUTED_VALUE"""),5.0) -> 5
A80: =IFERROR(__xludf.DUMMYFUNCTION("""COMPUTED_VALUE"""),"AH7549") -> AH7549 | B80: =IFERROR(__xludf.DUMMYFUNCTION("""COMPUTED_VALUE"""),"RUN-ABRM_2022-09-13_RFR-011") -> RUN-ABRM_2022-09-13_RFR-011 | C80: =VLOOKUP(B80,'Run Reconcile'!A$2:B3212,2,FALSE) -> 44817 | D80: =IFERROR(__xludf.DUMMYFUNCTION("""COMPUTED_VALUE"""),44817.0) -> 44817 | E80: =IFERROR(__xludf.DUMMYFUNCTION("""COMPUTED_VALUE"""),0.36899305555562023) -> 0.36899306 | F80: =IFERROR(__xludf.DUMMYFUNCTION("""COMPUTED_VALUE"""),"Negative") -> Negative | G80: =IFERROR(__xludf.DUMMYFUNCTION("""COMPUTED_VALUE"""),5.0) -> 5
A81: =IFERROR(__xludf.DUMMYFUNCTION("""COMPUTED_VALUE"""),"AG493") -> AG493 | B81: =IFERROR(__xludf.DUMMYFUNCTION("""COMPUTED_VALUE"""),"RUN-ABRM_2022-09-14_RFR-013") -> RUN-ABRM_2022-09-14_RFR-013 | C81: =VLOOKUP(B81,'Run Reconcile'!A$2:B3212,2,FALSE) -> 44818 | D81: =IFERROR(__xludf.DUMMYFUNCTION("""COMPUTED_VALUE"""),44818.0) -> 44818 | E81: =IFERROR(__xludf.DUMMYFUNCTION("""COMPUTED_VALUE"""),0.21755787037182017) -> 0.21755787 | F81: =IFERROR(__xludf.DUMMYFUNCTION("""COMPUTED_VALUE"""),"Negative") -> Negative | G81: =IFERROR(__xludf.DUMMYFUNCTION("""COMPUTED_VALUE"""),3.0) -> 3
A82: =IFERROR(__xludf.DUMMYFUNCTION("""COMPUTED_VALUE"""),"AG357") -> AG357 | B82: =IFERROR(__xludf.DUMMYFUNCTION("""COMPUTED_VALUE"""),"RUN-ABRM_2022-09-14_RFR-013") -> RUN-ABRM_2022-09-14_RFR-013 | C82: =VLOOKUP(B82,'Run Reconcile'!A$2:B3212,2,FALSE) -> 44818 | D82: =IFERROR(__xludf.DUMMYFUNCTION("""COMPUTED_VALUE"""),44818.0) -> 44818 | E82: =IFERROR(__xludf.DUMMYFUNCTION("""COMPUTED_VALUE"""),0.24834490740613546) -> 0.24834491 | F82: =IFERROR(__xludf.DUMMYFUNCTION("""COMPUTED_VALUE"""),"Negative") -> Negative | G82: =IFERROR(__xludf.DUMMYFUNCTION("""COMPUTED_VALUE"""),1.0) -> 1
A83: =IFERROR(__xludf.DUMMYFUNCTION("""COMPUTED_VALUE"""),"AG743") -> AG743 | B83: =IFERROR(__xludf.DUMMYFUNCTION("""COMPUTED_VALUE"""),"RUN-ABRM_2022-09-14_RFR-013") -> RUN-ABRM_2022-09-14_RFR-013 | C83: =VLOOKUP(B83,'Run Reconcile'!A$2:B3212,2,FALSE) -> 44818 | D83: =IFERROR(__xludf.DUMMYFUNCTION("""COMPUTED_VALUE"""),44818.0) -> 44818 | E83: =IFERROR(__xludf.DUMMYFUNCTION("""COMPUTED_VALUE"""),0.24957175926101627) -> 0.24957176 | F83: =IFERROR(__xludf.DUMMYFUNCTION("""COMPUTED_VALUE"""),"Negative") -> Negative | G83: =IFERROR(__xludf.DUMMYFUNCTION("""COMPUTED_VALUE"""),2.0) -> 2
A84: =IFERROR(__xludf.DUMMYFUNCTION("""COMPUTED_VALUE"""),"AG97") -> AG97 | B84: =IFERROR(__xludf.DUMMYFUNCTION("""COMPUTED_VALUE"""),"RUN-ABRM_2022-09-14_RFR-013") -> RUN-ABRM_2022-09-14_RFR-013 | C84: =VLOOKUP(B84,'Run Reconcile'!A$2:B3212,2,FALSE) -> 44818 | D84: =IFERROR(__xludf.DUMMYFUNCTION("""COMPUTED_VALUE"""),44818.0) -> 44818 | E84: =IFERROR(__xludf.DUMMYFUNCTION("""COMPUTED_VALUE"""),0.28548611111182254) -> 0.28548611 | F84: =IFERROR(__xludf.DUMMYFUNCTION("""COMPUTED_VALUE"""),"Negative") -> Negative | G84: =IFERROR(__xludf.DUMMYFUNCTION("""COMPUTED_VALUE"""),3.0) -> 3
A85: =IFERROR(__xludf.DUMMYFUNCTION("""COMPUTED_VALUE"""),"AG430") -> AG430 | B85: =IFERROR(__xludf.DUMMYFUNCTION("""COMPUTED_VALUE"""),"RUN-ABRM_2022-09-14_RFR-013") -> RUN-ABRM_2022-09-14_RFR-013 | C85: =VLOOKUP(B85,'Run Reconcile'!A$2:B3212,2,FALSE) -> 44818 | D85: =IFERROR(__xludf.DUMMYFUNCTION("""COMPUTED_VALUE"""),44818.0) -> 44818 | E85: =IFERROR(__xludf.DUMMYFUNCTION("""COMPUTED_VALUE"""),0.3194328703721112) -> 0.31943287 | F85: =IFERROR(__xludf.DUMMYFUNCTION("""COMPUTED_VALUE"""),"Negative") -> Negative | G85: =IFERROR(__xludf.DUMMYFUNCTION("""COMPUTED_VALUE"""),2.0) -> 2
A86: =IFERROR(__xludf.DUMMYFUNCTION("""COMPUTED_VALUE"""),"AH8149") -> AH8149 | B86: =IFERROR(__xludf.DUMMYFUNCTION("""COMPUTED_VALUE"""),"RUN-ABRM_2022-09-14_RFR-013") -> RUN-ABRM_2022-09-14_RFR-013 | C86: =VLOOKUP(B86,'Run Reconcile'!A$2:B3212,2,FALSE) -> 44818 | D86: =IFERROR(__xludf.DUMMYFUNCTION("""COMPUTED_VALUE"""),44818.0) -> 44818 | E86: =IFERROR(__xludf.DUMMYFUNCTION("""COMPUTED_VALUE"""),0.38315972222335404) -> 0.38315972 | F86: =IFERROR(__xludf.DUMMYFUNCTION("""COMPUTED_VALUE"""),"Negative") -> Negative | G86: =IFERROR(__xludf.DUMMYFUNCTION("""COMPUTED_VALUE"""),4.0) -> 4
A87: =IFERROR(__xludf.DUMMYFUNCTION("""COMPUTED_VALUE"""),"AH8887") -> AH8887 | B87: =IFERROR(__xludf.DUMMYFUNCTION("""COMPUTED_VALUE"""),"RUN-ABRM_2022-09-14_RFR-013") -> RUN-ABRM_2022-09-14_RFR-013 | C87: =VLOOKUP(B87,'Run Reconcile'!A$2:B3212,2,FALSE) -> 44818 | D87: =IFERROR(__xludf.DUMMYFUNCTION("""COMPUTED_VALUE"""),44818.0) -> 44818 | E87: =IFERROR(__xludf.DUMMYFUNCTION("""COMPUTED_VALUE"""),0.38351851851984975) -> 0.38351852 | F87: =IFERROR(__xludf.DUMMYFUNCTION("""COMPUTED_VALUE"""),"Negative") -> Negative | G87: =IFERROR(__xludf.DUMMYFUNCTION("""COMPUTED_VALUE"""),2.0) -> 2
A88: =IFERROR(__xludf.DUMMYFUNCTION("""COMPUTED_VALUE"""),"AG1461") -> AG1461 | B88: =IFERROR(__xludf.DUMMYFUNCTION("""COMPUTED_VALUE"""),"RUN-ABRM_2022-09-14_RFR-013") -> RUN-ABRM_2022-09-14_RFR-013 | C88: =VLOOKUP(B88,'Run Reconcile'!A$2:B3212,2,FALSE) -> 44818 | D88: =IFERROR(__xludf.DUMMYFUNCTION("""COMPUTED_VALUE"""),44818.0) -> 44818 | E88: =IFERROR(__xludf.DUMMYFUNCTION("""COMPUTED_VALUE"""),0.3839120370357705) -> 0.38391204 | F88: =IFERROR(__xludf.DUMMYFUNCTION("""COMPUTED_VALUE"""),"Negative") -> Negative | G88: =IFERROR(__xludf.DUMMYFUNCTION("""COMPUTED_VALUE"""),3.0) -> 3
A89: =IFERROR(__xludf.DUMMYFUNCTION("""COMPUTED_VALUE"""),"AH9111") -> AH9111 | B89: =IFERROR(__xludf.DUMMYFUNCTION("""COMPUTED_VALUE"""),"RUN-ABRM_2022-09-14_RFR-013") -> RUN-ABRM_2022-09-14_RFR-013 | C89: =VLOOKUP(B89,'Run Reconcile'!A$2:B3212,2,FALSE) -> 44818 | D89: =IFERROR(__xludf.DUMMYFUNCTION("""COMPUTED_VALUE"""),44818.0) -> 44818 | E89: =IFERROR(__xludf.DUMMYFUNCTION("""COMPUTED_VALUE"""),0.3842708333322662) -> 0.38427083 | F89: =IFERROR(__xludf.DUMMYFUNCTION("""COMPUTED_VALUE"""),"Negative") -> Negative | G89: =IFERROR(__xludf.DUMMYFUNCTION("""COMPUTED_VALUE"""),3.0) -> 3
A90: =IFERROR(__xludf.DUMMYFUNCTION("""COMPUTED_VALUE"""),"AH8913") -> AH8913 | B90: =IFERROR(__xludf.DUMMYFUNCTION("""COMPUTED_VALUE"""),"RUN-ABRM_2022-09-15_RFR-014") -> RUN-ABRM_2022-09-15_RFR-014 | C90: =VLOOKUP(B90,'Run Reconcile'!A$2:B3212,2,FALSE) -> 44819 | D90: =IFERROR(__xludf.DUMMYFUNCTION("""COMPUTED_VALUE"""),44819.0) -> 44819 | E90: =IFERROR(__xludf.DUMMYFUNCTION("""COMPUTED_VALUE"""),0.2295023148144537) -> 0.22950231 | F90: =IFERROR(__xludf.DUMMYFUNCTION("""COMPUTED_VALUE"""),"Negative") -> Negative | G90: =IFERROR(__xludf.DUMMYFUNCTION("""COMPUTED_VALUE"""),1.0) -> 1
A91: =IFERROR(__xludf.DUMMYFUNCTION("""COMPUTED_VALUE"""),"AG1470") -> AG1470 | B91: =IFERROR(__xludf.DUMMYFUNCTION("""COMPUTED_VALUE"""),"RUN-ABRM_2022-09-15_RFR-014") -> RUN-ABRM_2022-09-15_RFR-014 | C91: =VLOOKUP(B91,'Run Reconcile'!A$2:B3212,2,FALSE) -> 44819 | D91: =IFERROR(__xludf.DUMMYFUNCTION("""COMPUTED_VALUE"""),44819.0) -> 44819 | E91: =IFERROR(__xludf.DUMMYFUNCTION("""COMPUTED_VALUE"""),0.2955787037026312) -> 0.2955787 | F91: =IFERROR(__xludf.DUMMYFUNCTION("""COMPUTED_VALUE"""),"Negative") -> Negative | G91: =IFERROR(__xludf.DUMMYFUNCTION("""COMPUTED_VALUE"""),2.0) -> 2
A92: =IFERROR(__xludf.DUMMYFUNCTION("""COMPUTED_VALUE"""),"AH8807") -> AH8807 | B92: =IFERROR(__xludf.DUMMYFUNCTION("""COMPUTED_VALUE"""),"RUN-ABRM_2022-09-15_RFR-014") -> RUN-ABRM_2022-09-15_RFR-014 | C92: =VLOOKUP(B92,'Run Reconcile'!A$2:B3212,2,FALSE) -> 44819 | D92: =IFERROR(__xludf.DUMMYFUNCTION("""COMPUTED_VALUE"""),44819.0) -> 44819 | E92: =IFERROR(__xludf.DUMMYFUNCTION("""COMPUTED_VALUE"""),0.30060185185357113) -> 0.30060185 | F92: =IFERROR(__xludf.DUMMYFUNCTION("""COMPUTED_VALUE"""),"Negative") -> Negative | G92: =IFERROR(__xludf.DUMMYFUNCTION("""COMPUTED_VALUE"""),3.0) -> 3
A93: =IFERROR(__xludf.DUMMYFUNCTION("""COMPUTED_VALUE"""),"AK6338") -> AK6338 | B93: =IFERROR(__xludf.DUMMYFUNCTION("""COMPUTED_VALUE"""),"RUN-ABRM_2022-09-15_RFR-014") -> RUN-ABRM_2022-09-15_RFR-014 | C93: =VLOOKUP(B93,'Run Reconcile'!A$2:B3212,2,FALSE) -> 44819 | D93: =IFERROR(__xludf.DUMMYFUNCTION("""COMPUTED_VALUE"""),44819.0) -> 44819 | E93: =IFERROR(__xludf.DUMMYFUNCTION("""COMPUTED_VALUE"""),0.3016319444432156) -> 0.30163194 | F93: =IFERROR(__xludf.DUMMYFUNCTION("""COMPUTED_VALUE"""),"Negative") -> Negative | G93: =IFERROR(__xludf.DUMMYFUNCTION("""COMPUTED_VALUE"""),3.0) -> 3
A94: =IFERROR(__xludf.DUMMYFUNCTION("""COMPUTED_VALUE"""),"AH7854") -> AH7854 | B94: =IFERROR(__xludf.DUMMYFUNCTION("""COMPUTED_VALUE"""),"RUN-ABRM_2022-09-15_RFR-014") -> RUN-ABRM_2022-09-15_RFR-014 | C94: =VLOOKUP(B94,'Run Reconcile'!A$2:B3212,2,FALSE) -> 44819 | D94: =IFERROR(__xludf.DUMMYFUNCTION("""COMPUTED_VALUE"""),44819.0) -> 44819 | E94: =IFERROR(__xludf.DUMMYFUNCTION("""COMPUTED_VALUE"""),0.3032060185178125) -> 0.30320602 | F94: =IFERROR(__xludf.DUMMYFUNCTION("""COMPUTED_VALUE"""),"Negative") -> Negative | G94: =IFERROR(__xludf.DUMMYFUNCTION("""COMPUTED_VALUE"""),1.0) -> 1
A95: =IFERROR(__xludf.DUMMYFUNCTION("""COMPUTED_VALUE"""),"AH9085") -> AH9085 | B95: =IFERROR(__xludf.DUMMYFUNCTION("""COMPUTED_VALUE"""),"RUN-ABRM_2022-09-15_RFR-014") -> RUN-ABRM_2022-09-15_RFR-014 | C95: =VLOOKUP(B95,'Run Reconcile'!A$2:B3212,2,FALSE) -> 44819 | D95: =IFERROR(__xludf.DUMMYFUNCTION("""COMPUTED_VALUE"""),44819.0) -> 44819 | E95: =IFERROR(__xludf.DUMMYFUNCTION("""COMPUTED_VALUE"""),0.32207175925941556) -> 0.32207176 | F95: =IFERROR(__xludf.DUMMYFUNCTION("""COMPUTED_VALUE"""),"Negative") -> Negative | G95: =IFERROR(__xludf.DUMMYFUNCTION("""COMPUTED_VALUE"""),2.0) -> 2
A96: =IFERROR(__xludf.DUMMYFUNCTION("""COMPUTED_VALUE"""),"AG1324") -> AG1324 | B96: =IFERROR(__xludf.DUMMYFUNCTION("""COMPUTED_VALUE"""),"RUN-ABRM_2022-09-15_RFR-014") -> RUN-ABRM_2022-09-15_RFR-014 | C96: =VLOOKUP(B96,'Run Reconcile'!A$2:B3212,2,FALSE) -> 44819 | D96: =IFERROR(__xludf.DUMMYFUNCTION("""COMPUTED_VALUE"""),44819.0) -> 44819 | E96: =IFERROR(__xludf.DUMMYFUNCTION("""COMPUTED_VALUE"""),0.3709027777767915) -> 0.37090278 | F96: =IFERROR(__xludf.DUMMYFUNCTION("""COMPUTED_VALUE"""),"Negative") -> Negative | G96: =IFERROR(__xludf.DUMMYFUNCTION("""COMPUTED_VALUE"""),1.0) -> 1
A97: =IFERROR(__xludf.DUMMYFUNCTION("""COMPUTED_VALUE"""),"AH8537") -> AH8537 | B97: =IFERROR(__xludf.DUMMYFUNCTION("""COMPUTED_VALUE"""),"RUN-ABRM_2022-09-15_RFR-014") -> RUN-ABRM_2022-09-15_RFR-014 | C97: =VLOOKUP(B97,'Run Reconcile'!A$2:B3212,2,FALSE) -> 44819 | D97: =IFERROR(__xludf.DUMMYFUNCTION("""COMPUTED_VALUE"""),44819.0) -> 44819 | E97: =IFERROR(__xludf.DUMMYFUNCTION("""COMPUTED_VALUE"""),0.3712962962963502) -> 0.3712963 | F97: =IFERROR(__xludf.DUMMYFUNCTION("""COMPUTED_VALUE"""),"Negative") -> Negative | G97: =IFERROR(__xludf.DUMMYFUNCTION("""COMPUTED_VALUE"""),3.0) -> 3
A98: =IFERROR(__xludf.DUMMYFUNCTION("""COMPUTED_VALUE"""),"AH8654") -> AH8654 | B98: =IFERROR(__xludf.DUMMYFUNCTION("""COMPUTED_VALUE"""),"RUN-ABRM_2022-09-15_RFR-014") -> RUN-ABRM_2022-09-15_RFR-014 | C98: =VLOOKUP(B98,'Run Reconcile'!A$2:B3212,2,FALSE) -> 44819 | D98: =IFERROR(__xludf.DUMMYFUNCTION("""COMPUTED_VALUE"""),44819.0) -> 44819 | E98: =IFERROR(__xludf.DUMMYFUNCTION("""COMPUTED_VALUE"""),0.37167824073912925) -> 0.37167824 | F98: =IFERROR(__xludf.DUMMYFUNCTION("""COMPUTED_VALUE"""),"Negative") -> Negative | G98: =IFERROR(__xludf.DUMMYFUNCTION("""COMPUTED_VALUE"""),3.0) -> 3
A99: =IFERROR(__xludf.DUMMYFUNCTION("""COMPUTED_VALUE"""),"AH7689") -> AH7689 | B99: =IFERROR(__xludf.DUMMYFUNCTION("""COMPUTED_VALUE"""),"RUN-ABRM_2022-09-15_RFR-014") -> RUN-ABRM_2022-09-15_RFR-014 | C99: =VLOOKUP(B99,'Run Reconcile'!A$2:B3212,2,FALSE) -> 44819 | D99: =IFERROR(__xludf.DUMMYFUNCTION("""COMPUTED_VALUE"""),44819.0) -> 44819 | E99: =IFERROR(__xludf.DUMMYFUNCTION("""COMPUTED_VALUE"""),0.37196759259313694) -> 0.37196759 | F99: =IFERROR(__xludf.DUMMYFUNCTION("""COMPUTED_VALUE"""),"Negative") -> Negative | G99: =IFERROR(__xludf.DUMMYFUNCTION("""COMPUTED_VALUE"""),3.0) -> 3
A100: =IFERROR(__xludf.DUMMYFUNCTION("""COMPUTED_VALUE"""),"AG1697") -> AG1697 | B100: =IFERROR(__xludf.DUMMYFUNCTION("""COMPUTED_VALUE"""),"RUN-ABRM_2022-09-16_RFR-015") -> RUN-ABRM_2022-09-16_RFR-015 | C100: =VLOOKUP(B100,'Run Reconcile'!A$2:B3212,2,FALSE) -> 44820 | D100: =IFERROR(__xludf.DUMMYFUNCTION("""COMPUTED_VALUE"""),44820.0) -> 44820 | E100: =IFERROR(__xludf.DUMMYFUNCTION("""COMPUTED_VALUE"""),0.2615162037036498) -> 0.2615162 | F100: =IFERROR(__xludf.DUMMYFUNCTION("""COMPUTED_VALUE"""),"Negative") -> Negative | G100: =IFERROR(__xludf.DUMMYFUNCTION("""COMPUTED_VALUE"""),3.0) -> 3
...

Sheet Weekly
A1: Week Start Date | B1: Week End Date | C1: =CONCATENATE("Weekly Participants ",SUM(C2:C99)) -> Weekly Participants 2954 | D1: =CONCATENATE("Weekly Tubes Run ",SUM(D2:D99)) -> Weekly Tubes Run 1379 | E1: =CONCATENATE("Weekly Positive Tubes ",SUM(E2:E99)) -> Weekly Positive Tubes 9 | F1: =CONCATENATE("Weekly Inconclusive Tubes ",SUM(F2:F99)) -> Weekly Inconclusive Tubes 3 | G1: % Positive
A2: =MIN('ALL Tube Results'!C:C) - WEEKDAY(MIN('ALL Tube Results'!C:C), 3) -> 44809 | B2: =A2+6 -> 44815 | C2: =SUMIFS('ALL Tube Results'!$G$2:$G99, 'ALL Tube Results'!$C$2:$C99, ">="&A2, 'ALL Tube Results'!$C$2:$C99, "<="&B2) -> 113 | D2: =COUNTIFS('ALL Tube Results'!$C2:$C99, ">="&A2, 'ALL Tube Results'!$C2:$C99, "<="&B2) -> 61 | E2: =COUNTIFS('ALL Tube Results'!$C2:$C99, ">="&A2, 'ALL Tube Results'!$C2:$C99, "<="&B2, 'ALL Tube Results'!$F2:$F99, "Positive") -> 0 | F2: =COUNTIFS('ALL Tube Results'!$C2:$C99, ">="&A2, 'ALL Tube Results'!$C2:$C99, "<="&B2, 'ALL Tube Results'!$F2:$F99, "Inconclusive") -> 0 | G2: =IFERROR(E2/D2,IFERROR(0/0,"")) -> 0 | I2: =TEXT(A2,"ddd") -> Mon
A3: =B2+1 -> 44816 | B3: =A3+6 -> 44822 | C3: =SUMIFS('ALL Tube Results'!$G$2:$G99, 'ALL Tube Results'!$C$2:$C99, ">="&A3, 'ALL Tube Results'!$C$2:$C99, "<="&B3) -> 130 | D3: =COUNTIFS('ALL Tube Results'!$C3:$C99, ">="&A3, 'ALL Tube Results'!$C3:$C99, "<="&B3) -> 52 | E3: =COUNTIFS('ALL Tube Results'!$C3:$C99, ">="&A3, 'ALL Tube Results'!$C3:$C99, "<="&B3, 'ALL Tube Results'!$F3:$F99, "Positive") -> 0 | F3: =COUNTIFS('ALL Tube Results'!$C3:$C99, ">="&A3, 'ALL Tube Results'!$C3:$C99, "<="&B3, 'ALL Tube Results'!$F3:$F99, "Inconclusive") -> 0 | G3: =IFERROR(E3/D3,IFERROR(0/0,"")) -> 0
A4: =A3+7 -> 44823 | B4: =A4+6 -> 44829 | C4: =SUMIFS('ALL Tube Results'!$G$2:$G99, 'ALL Tube Results'!$C$2:$C99, ">="&A4, 'ALL Tube Results'!$C$2:$C99, "<="&B4) -> 108 | D4: =COUNTIFS('ALL Tube Results'!$C4:$C99, ">="&A4, 'ALL Tube Results'!$C4:$C99, "<="&B4) -> 48 | E4: =COUNTIFS('ALL Tube Results'!$C4:$C99, ">="&A4, 'ALL Tube Results'!$C4:$C99, "<="&B4, 'ALL Tube Results'!$F4:$F99, "Positive") -> 0 | F4: =COUNTIFS('ALL Tube Results'!$C4:$C99, ">="&A4, 'ALL Tube Results'!$C4:$C99, "<="&B4, 'ALL Tube Results'!$F4:$F99, "Inconclusive") -> 0 | G4: =IFERROR(E4/D4,IFERROR(0/0,"")) -> 0
A5: =A4+7 -> 44830 | B5: =A5+6 -> 44836 | C5: =SUMIFS('ALL Tube Results'!$G$2:$G99, 'ALL Tube Results'!$C$2:$C99, ">="&A5, 'ALL Tube Results'!$C$2:$C99, "<="&B5) -> 139 | D5: =COUNTIFS('ALL Tube Results'!$C5:$C99, ">="&A5, 'ALL Tube Results'!$C5:$C99, "<="&B5) -> 59 | E5: =COUNTIFS('ALL Tube Results'!$C5:$C99, ">="&A5, 'ALL Tube Results'!$C5:$C99, "<="&B5, 'ALL Tube Results'!$F5:$F99, "Positive") -> 0 | F5: =COUNTIFS('ALL Tube Results'!$C5:$C99, ">="&A5, 'ALL Tube Results'!$C5:$C99, "<="&B5, 'ALL Tube Results'!$F5:$F99, "Inconclusive") -> 0 | G5: =IFERROR(E5/D5,IFERROR(0/0,"")) -> 0
A6: =A5+7 -> 44837 | B6: =A6+6 -> 44843 | C6: =SUMIFS('ALL Tube Results'!$G$2:$G99, 'ALL Tube Results'!$C$2:$C99, ">="&A6, 'ALL Tube Results'!$C$2:$C99, "<="&B6) -> 138 | D6: =COUNTIFS('ALL Tube Results'!$C6:$C99, ">="&A6, 'ALL Tube Results'!$C6:$C99, "<="&B6) -> 59 | E6: =COUNTIFS('ALL Tube Results'!$C6:$C99, ">="&A6, 'ALL Tube Results'!$C6:$C99, "<="&B6, 'ALL Tube Results'!$F6:$F99, "Positive") -> 0 | F6: =COUNTIFS('ALL Tube Results'!$C6:$C99, ">="&A6, 'ALL Tube Results'!$C6:$C99, "<="&B6, 'ALL Tube Results'!$F6:$F99, "Inconclusive") -> 0 | G6: =IFERROR(E6/D6,IFERROR(0/0,"")) -> 0
A7: =A6+7 -> 44844 | B7: =A7+6 -> 44850 | C7: =SUMIFS('ALL Tube Results'!$G$2:$G99, 'ALL Tube Results'!$C$2:$C99, ">="&A7, 'ALL Tube Results'!$C$2:$C99, "<="&B7) -> 106 | D7: =COUNTIFS('ALL Tube Results'!$C7:$C99, ">="&A7, 'ALL Tube Results'!$C7:$C99, "<="&B7) -> 46 | E7: =COUNTIFS('ALL Tube Results'!$C7:$C99, ">="&A7, 'ALL Tube Results'!$C7:$C99, "<="&B7, 'ALL Tube Results'!$F7:$F99, "Positive") -> 0 | F7: =COUNTIFS('ALL Tube Results'!$C7:$C99, ">="&A7, 'ALL Tube Results'!$C7:$C99, "<="&B7, 'ALL Tube Results'!$F7:$F99, "Inconclusive") -> 0 | G7: =IFERROR(E7/D7,IFERROR(0/0,"")) -> 0
A8: =A7+7 -> 44851 | B8: =A8+6 -> 44857 | C8: =SUMIFS('ALL Tube Results'!$G$2:$G99, 'ALL Tube Results'!$C$2:$C99, ">="&A8, 'ALL Tube Results'!$C$2:$C99, "<="&B8) -> 99 | D8: =COUNTIFS('ALL Tube Results'!$C8:$C99, ">="&A8, 'ALL Tube Results'!$C8:$C99, "<="&B8) -> 46 | E8: =COUNTIFS('ALL Tube Results'!$C8:$C99, ">="&A8, 'ALL Tube Results'!$C8:$C99, "<="&B8, 'ALL Tube Results'!$F8:$F99, "Positive") -> 0 | F8: =COUNTIFS('ALL Tube Results'!$C8:$C99, ">="&A8, 'ALL Tube Results'!$C8:$C99, "<="&B8, 'ALL Tube Results'!$F8:$F99, "Inconclusive") -> 0 | G8: =IFERROR(E8/D8,IFERROR(0/0,"")) -> 0
A9: =A8+7 -> 44858 | B9: =A9+6 -> 44864 | C9: =SUMIFS('ALL Tube Results'!$G$2:$G99, 'ALL Tube Results'!$C$2:$C99, ">="&A9, 'ALL Tube Results'!$C$2:$C99, "<="&B9) -> 106 | D9: =COUNTIFS('ALL Tube Results'!$C9:$C99, ">="&A9, 'ALL Tube Results'!$C9:$C99, "<="&B9) -> 48 | E9: =COUNTIFS('ALL Tube Results'!$C9:$C99, ">="&A9, 'ALL Tube Results'!$C9:$C99, "<="&B9, 'ALL Tube Results'!$F9:$F99, "Positive") -> 0 | F9: =COUNTIFS('ALL Tube Results'!$C9:$C99, ">="&A9, 'ALL Tube Results'!$C9:$C99, "<="&B9, 'ALL Tube Results'!$F9:$F99, "Inconclusive") -> 0 | G9: =IFERROR(E9/D9,IFERROR(0/0,"")) -> 0
A10: =A9+7 -> 44865 | B10: =A10+6 -> 44871 | C10: =SUMIFS('ALL Tube Results'!$G$2:$G99, 'ALL Tube Results'!$C$2:$C99, ">="&A10, 'ALL Tube Results'!$C$2:$C99, "<="&B10) -> 73 | D10: =COUNTIFS('ALL Tube Results'!$C10:$C99, ">="&A10, 'ALL Tube Results'!$C10:$C99, "<="&B10) -> 34 | E10: =COUNTIFS('ALL Tube Results'!$C10:$C99, ">="&A10, 'ALL Tube Results'!$C10:$C99, "<="&B10, 'ALL Tube Results'!$F10:$F99, "Positive") -> 0 | F10: =COUNTIFS('ALL Tube Results'!$C10:$C99, ">="&A10, 'ALL Tube Results'!$C10:$C99, "<="&B10, 'ALL Tube Results'!$F10:$F99, "Inconclusive") -> 0 | G10: =IFERROR(E10/D10,IFERROR(0/0,"")) -> 0
A11: =A10+7 -> 44872 | B11: =A11+6 -> 44878 | C11: =SUMIFS('ALL Tube Results'!$G$2:$G99, 'ALL Tube Results'!$C$2:$C99, ">="&A11, 'ALL Tube Results'!$C$2:$C99, "<="&B11) -> 90 | D11: =COUNTIFS('ALL Tube Results'!$C11:$C99, ">="&A11, 'ALL Tube Results'!$C11:$C99, "<="&B11) -> 41 | E11: =COUNTIFS('ALL Tube Results'!$C11:$C99, ">="&A11, 'ALL Tube Results'!$C11:$C99, "<="&B11, 'ALL Tube Results'!$F11:$F99, "Positive") -> 0 | F11: =COUNTIFS('ALL Tube Results'!$C11:$C99, ">="&A11, 'ALL Tube Results'!$C11:$C99, "<="&B11, 'ALL Tube Results'!$F11:$F99, "Inconclusive") -> 0 | G11: =IFERROR(E11/D11,IFERROR(0/0,"")) -> 0
A12: =A11+7 -> 44879 | B12: =A12+6 -> 44885 | C12: =SUMIFS('ALL Tube Results'!$G$2:$G99, 'ALL Tube Results'!$C$2:$C99, ">="&A12, 'ALL Tube Results'!$C$2:$C99, "<="&B12) -> 81 | D12: =COUNTIFS('ALL Tube Results'!$C12:$C99, ">="&A12, 'ALL Tube Results'!$C12:$C99, "<="&B12) -> 41 | E12: =COUNTIFS('ALL Tube Results'!$C12:$C99, ">="&A12, 'ALL Tube Results'!$C12:$C99, "<="&B12, 'ALL Tube Results'!$F12:$F99, "Positive") -> 0 | F12: =COUNTIFS('ALL Tube Results'!$C12:$C99, ">="&A12, 'ALL Tube Results'!$C12:$C99, "<="&B12, 'ALL Tube Results'!$F12:$F99, "Inconclusive") -> 0 | G12: =IFERROR(E12/D12,IFERROR(0/0,"")) -> 0
A13: =A12+7 -> 44886 | B13: =A13+6 -> 44892 | C13: =SUMIFS('ALL Tube Results'!$G$2:$G99, 'ALL Tube Results'!$C$2:$C99, ">="&A13, 'ALL Tube Results'!$C$2:$C99, "<="&B13) -> 44 | D13: =COUNTIFS('ALL Tube Results'!$C13:$C99, ">="&A13, 'ALL Tube Results'!$C13:$C99, "<="&B13) -> 25 | E13: =COUNTIFS('ALL Tube Results'!$C13:$C99, ">="&A13, 'ALL Tube Results'!$C13:$C99, "<="&B13, 'ALL Tube Results'!$F13:$F99, "Positive") -> 0 | F13: =COUNTIFS('ALL Tube Results'!$C13:$C99, ">="&A13, 'ALL Tube Results'!$C13:$C99, "<="&B13, 'ALL Tube Results'!$F13:$F99, "Inconclusive") -> 0 | G13: =IFERROR(E13/D13,IFERROR(0/0,"")) -> 0
A14: =A13+7 -> 44893 | B14: =A14+6 -> 44899 | C14: =SUMIFS('ALL Tube Results'!$G$2:$G99, 'ALL Tube Results'!$C$2:$C99, ">="&A14, 'ALL Tube Results'!$C$2:$C99, "<="&B14) -> 101 | D14: =COUNTIFS('ALL Tube Results'!$C14:$C99, ">="&A14, 'ALL Tube Results'!$C14:$C99, "<="&B14) -> 43 | E14: =COUNTIFS('ALL Tube Results'!$C14:$C99, ">="&A14, 'ALL Tube Results'!$C14:$C99, "<="&B14, 'ALL Tube Results'!$F14:$F99, "Positive") -> 0 | F14: =COUNTIFS('ALL Tube Results'!$C14:$C99, ">="&A14, 'ALL Tube Results'!$C14:$C99, "<="&B14, 'ALL Tube Results'!$F14:$F99, "Inconclusive") -> 0 | G14: =IFERROR(E14/D14,IFERROR(0/0,"")) -> 0
A15: =A14+7 -> 44900 | B15: =A15+6 -> 44906 | C15: =SUMIFS('ALL Tube Results'!$G$2:$G99, 'ALL Tube Results'!$C$2:$C99, ">="&A15, 'ALL Tube Results'!$C$2:$C99, "<="&B15) -> 90 | D15: =COUNTIFS('ALL Tube Results'!$C15:$C99, ">="&A15, 'ALL Tube Results'!$C15:$C99, "<="&B15) -> 37 | E15: =COUNTIFS('ALL Tube Results'!$C15:$C99, ">="&A15, 'ALL Tube Results'!$C15:$C99, "<="&B15, 'ALL Tube Results'!$F15:$F99, "Positive") -> 1 | F15: =COUNTIFS('ALL Tube Results'!$C15:$C99, ">="&A15, 'ALL Tube Results'!$C15:$C99, "<="&B15, 'ALL Tube Results'!$F15:$F99, "Inconclusive") -> 0 | G15: =IFERROR(E15/D15,IFERROR(0/0,"")) -> 0.027027027
A16: =A15+7 -> 44907 | B16: =A16+6 -> 44913 | C16: =SUMIFS('ALL Tube Results'!$G$2:$G99, 'ALL Tube Results'!$C$2:$C99, ">="&A16, 'ALL Tube Results'!$C$2:$C99, "<="&B16) -> 19 | D16: =COUNTIFS('ALL Tube Results'!$C16:$C99, ">="&A16, 'ALL Tube Results'!$C16:$C99, "<="&B16) -> 13 | E16: =COUNTIFS('ALL Tube Results'!$C16:$C99, ">="&A16, 'ALL Tube Results'!$C16:$C99, "<="&B16, 'ALL Tube Results'!$F16:$F99, "Positive") -> 0 | F16: =COUNTIFS('ALL Tube Results'!$C16:$C99, ">="&A16, 'ALL Tube Results'!$C16:$C99, "<="&B16, 'ALL Tube Results'!$F16:$F99, "Inconclusive") -> 0 | G16: =IFERROR(E16/D16,IFERROR(0/0,"")) -> 0
A17: =A16+7 -> 44914 | B17: =A17+6 -> 44920 | C17: =SUMIFS('ALL Tube Results'!$G$2:$G99, 'ALL Tube Results'!$C$2:$C99, ">="&A17, 'ALL Tube Results'!$C$2:$C99, "<="&B17) -> 54 | D17: =COUNTIFS('ALL Tube Results'!$C17:$C99, ">="&A17, 'ALL Tube Results'!$C17:$C99, "<="&B17) -> 26 | E17: =COUNTIFS('ALL Tube Results'!$C17:$C99, ">="&A17, 'ALL Tube Results'!$C17:$C99, "<="&B17, 'ALL Tube Results'!$F17:$F99, "Positive") -> 2 | F17: =COUNTIFS('ALL Tube Results'!$C17:$C99, ">="&A17, 'ALL Tube Results'!$C17:$C99, "<="&B17, 'ALL Tube Results'!$F17:$F99, "Inconclusive") -> 0 | G17: =IFERROR(E17/D17,IFERROR(0/0,"")) -> 0.076923077
A18: =A17+7 -> 44921 | B18: =A18+6 -> 44927 | C18: =SUMIFS('ALL Tube Results'!$G$2:$G99, 'ALL Tube Results'!$C$2:$C99, ">="&A18, 'ALL Tube Results'!$C$2:$C99, "<="&B18) -> 0 | D18: =COUNTIFS('ALL Tube Results'!$C18:$C99, ">="&A18, 'ALL Tube Results'!$C18:$C99, "<="&B18) -> 0 | E18: =COUNTIFS('ALL Tube Results'!$C18:$C99, ">="&A18, 'ALL Tube Results'!$C18:$C99, "<="&B18, 'ALL Tube Results'!$F18:$F99, "Positive") -> 0 | F18: =COUNTIFS('ALL Tube Results'!$C18:$C99, ">="&A18, 'ALL Tube Results'!$C18:$C99, "<="&B18, 'ALL Tube Results'!$F18:$F99, "Inconclusive") -> 0 | G18: =IFERROR(E18/D18,IFERROR(0/0,""))
A19: =A18+7 -> 44928 | B19: =A19+6 -> 44934 | C19: =SUMIFS('ALL Tube Results'!$G$2:$G99, 'ALL Tube Results'!$C$2:$C99, ">="&A19, 'ALL Tube Results'!$C$2:$C99, "<="&B19) -> 93 | D19: =COUNTIFS('ALL Tube Results'!$C19:$C99, ">="&A19, 'ALL Tube Results'!$C19:$C99, "<="&B19) -> 38 | E19: =COUNTIFS('ALL Tube Results'!$C19:$C99, ">="&A19, 'ALL Tube Results'!$C19:$C99, "<="&B19, 'ALL Tube Results'!$F19:$F99, "Positive") -> 0 | F19: =COUNTIFS('ALL Tube Results'!$C19:$C99, ">="&A19, 'ALL Tube Results'!$C19:$C99, "<="&B19, 'ALL Tube Results'!$F19:$F99, "Inconclusive") -> 0 | G19: =IFERROR(E19/D19,IFERROR(0/0,"")) -> 0
A20: =A19+7 -> 44935 | B20: =A20+6 -> 44941 | C20: =SUMIFS('ALL Tube Results'!$G$2:$G99, 'ALL Tube Results'!$C$2:$C99, ">="&A20, 'ALL Tube Results'!$C$2:$C99, "<="&B20) -> 80 | D20: =COUNTIFS('ALL Tube Results'!$C20:$C99, ">="&A20, 'ALL Tube Results'!$C20:$C99, "<="&B20) -> 39 | E20: =COUNTIFS('ALL Tube Results'!$C20:$C99, ">="&A20, 'ALL Tube Results'!$C20:$C99, "<="&B20, 'ALL Tube Results'!$F20:$F99, "Positive") -> 0 | F20: =COUNTIFS('ALL Tube Results'!$C20:$C99, ">="&A20, 'ALL Tube Results'!$C20:$C99, "<="&B20, 'ALL Tube Results'!$F20:$F99, "Inconclusive") -> 2 | G20: =IFERROR(E20/D20,IFERROR(0/0,"")) -> 0
A21: =A20+7 -> 44942 | B21: =A21+6 -> 44948 | C21: =SUMIFS('ALL Tube Results'!$G$2:$G99, 'ALL Tube Results'!$C$2:$C99, ">="&A21, 'ALL Tube Results'!$C$2:$C99, "<="&B21) -> 86 | D21: =COUNTIFS('ALL Tube Results'!$C21:$C99, ">="&A21, 'ALL Tube Results'!$C21:$C99, "<="&B21) -> 40 | E21: =COUNTIFS('ALL Tube Results'!$C21:$C99, ">="&A21, 'ALL Tube Results'!$C21:$C99, "<="&B21, 'ALL Tube Results'!$F21:$F99, "Positive") -> 0 | F21: =COUNTIFS('ALL Tube Results'!$C21:$C99, ">="&A21, 'ALL Tube Results'!$C21:$C99, "<="&B21, 'ALL Tube Results'!$F21:$F99, "Inconclusive") -> 1 | G21: =IFERROR(E21/D21,IFERROR(0/0,"")) -> 0
A22: =A21+7 -> 44949 | B22: =A22+6 -> 44955 | C22: =SUMIFS('ALL Tube Results'!$G$2:$G99, 'ALL Tube Results'!$C$2:$C99, ">="&A22, 'ALL Tube Results'!$C$2:$C99, "<="&B22) -> 65 | D22: =COUNTIFS('ALL Tube Results'!$C22:$C99, ">="&A22, 'ALL Tube Results'!$C22:$C99, "<="&B22) -> 29 | E22: =COUNTIFS('ALL Tube Results'!$C22:$C99, ">="&A22, 'ALL Tube Results'!$C22:$C99, "<="&B22, 'ALL Tube Results'!$F22:$F99, "Positive") -> 0 | F22: =COUNTIFS('ALL Tube Results'!$C22:$C99, ">="&A22, 'ALL Tube Results'!$C22:$C99, "<="&B22, 'ALL Tube Results'!$F22:$F99, "Inconclusive") -> 0 | G22: =IFERROR(E22/D22,IFERROR(0/0,"")) -> 0
A23: =A22+7 -> 44956 | B23: =A23+6 -> 44962 | C23: =SUMIFS('ALL Tube Results'!$G$2:$G99, 'ALL Tube Results'!$C$2:$C99, ">="&A23, 'ALL Tube Results'!$C$2:$C99, "<="&B23) -> 13 | D23: =COUNTIFS('ALL Tube Results'!$C23:$C99, ">="&A23, 'ALL Tube Results'!$C23:$C99, "<="&B23) -> 7 | E23: =COUNTIFS('ALL Tube Results'!$C23:$C99, ">="&A23, 'ALL Tube Results'!$C23:$C99, "<="&B23, 'ALL Tube Results'!$F23:$F99, "Positive") -> 0 | F23: =COUNTIFS('ALL Tube Results'!$C23:$C99, ">="&A23, 'ALL Tube Results'!$C23:$C99, "<="&B23, 'ALL Tube Results'!$F23:$F99, "Inconclusive") -> 0 | G23: =IFERROR(E23/D23,IFERROR(0/0,"")) -> 0
A24: =A23+7 -> 44963 | B24: =A24+6 -> 44969 | C24: =SUMIFS('ALL Tube Results'!$G$2:$G99, 'ALL Tube Results'!$C$2:$C99, ">="&A24, 'ALL Tube Results'!$C$2:$C99, "<="&B24) -> 70 | D24: =COUNTIFS('ALL Tube Results'!$C24:$C99, ">="&A24, 'ALL Tube Results'!$C24:$C99, "<="&B24) -> 33 | E24: =COUNTIFS('ALL Tube Results'!$C24:$C99, ">="&A24, 'ALL Tube Results'!$C24:$C99, "<="&B24, 'ALL Tube Results'!$F24:$F99, "Positive") -> 0 | F24: =COUNTIFS('ALL Tube Results'!$C24:$C99, ">="&A24, 'ALL Tube Results'!$C24:$C99, "<="&B24, 'ALL Tube Results'!$F24:$F99, "Inconclusive") -> 0 | G24: =IFERROR(E24/D24,IFERROR(0/0,"")) -> 0
A25: =A24+7 -> 44970 | B25: =A25+6 -> 44976 | C25: =SUMIFS('ALL Tube Results'!$G$2:$G99, 'ALL Tube Results'!$C$2:$C99, ">="&A25, 'ALL Tube Results'!$C$2:$C99, "<="&B25) -> 87 | D25: =COUNTIFS('ALL Tube Results'!$C25:$C99, ">="&A25, 'ALL Tube Results'!$C25:$C99, "<="&B25) -> 39 | E25: =COUNTIFS('ALL Tube Results'!$C25:$C99, ">="&A25, 'ALL Tube Results'!$C25:$C99, "<="&B25, 'ALL Tube Results'!$F25:$F99, "Positive") -> 0 | F25: =COUNTIFS('ALL Tube Results'!$C25:$C99, ">="&A25, 'ALL Tube Results'!$C25:$C99, "<="&B25, 'ALL Tube Results'!$F25:$F99, "Inconclusive") -> 0 | G25: =IFERROR(E25/D25,IFERROR(0/0,"")) -> 0
A26: =A25+7 -> 44977 | B26: =A26+6 -> 44983 | C26: =SUMIFS('ALL Tube Results'!$G$2:$G99, 'ALL Tube Results'!$C$2:$C99, ">="&A26, 'ALL Tube Results'!$C$2:$C99, "<="&B26) -> 89 | D26: =COUNTIFS('ALL Tube Results'!$C26:$C99, ">="&A26, 'ALL Tube Results'!$C26:$C99, "<="&B26) -> 40 | E26: =COUNTIFS('ALL Tube Results'!$C26:$C99, ">="&A26, 'ALL Tube Results'!$C26:$C99, "<="&B26, 'ALL Tube Results'!$F26:$F99, "Positive") -> 0 | F26: =COUNTIFS('ALL Tube Results'!$C26:$C99, ">="&A26, 'ALL Tube Results'!$C26:$C99, "<="&B26, 'ALL Tube Results'!$F26:$F99, "Inconclusive") -> 0 | G26: =IFERROR(E26/D26,IFERROR(0/0,"")) -> 0
A27: =A26+7 -> 44984 | B27: =A27+6 -> 44990 | C27: =SUMIFS('ALL Tube Results'!$G$2:$G99, 'ALL Tube Results'!$C$2:$C99, ">="&A27, 'ALL Tube Results'!$C$2:$C99, "<="&B27) -> 81 | D27: =COUNTIFS('ALL Tube Results'!$C27:$C99, ">="&A27, 'ALL Tube Results'!$C27:$C99, "<="&B27) -> 37 | E27: =COUNTIFS('ALL Tube Results'!$C27:$C99, ">="&A27, 'ALL Tube Results'!$C27:$C99, "<="&B27, 'ALL Tube Results'!$F27:$F99, "Positive") -> 0 | F27: =COUNTIFS('ALL Tube Results'!$C27:$C99, ">="&A27, 'ALL Tube Results'!$C27:$C99, "<="&B27, 'ALL Tube Results'!$F27:$F99, "Inconclusive") -> 0 | G27: =IFERROR(E27/D27,IFERROR(0/0,"")) -> 0
A28: =A27+7 -> 44991 | B28: =A28+6 -> 44997 | C28: =SUMIFS('ALL Tube Results'!$G$2:$G99, 'ALL Tube Results'!$C$2:$C99, ">="&A28, 'ALL Tube Results'!$C$2:$C99, "<="&B28) -> 112 | D28: =COUNTIFS('ALL Tube Results'!$C28:$C99, ">="&A28, 'ALL Tube Results'!$C28:$C99, "<="&B28) -> 47 | E28: =COUNTIFS('ALL Tube Results'!$C28:$C99, ">="&A28, 'ALL Tube Results'!$C28:$C99, "<="&B28, 'ALL Tube Results'!$F28:$F99, "Positive") -> 0 | F28: =COUNTIFS('ALL Tube Results'!$C28:$C99, ">="&A28, 'ALL Tube Results'!$C28:$C99, "<="&B28, 'ALL Tube Results'!$F28:$F99, "Inconclusive") -> 0 | G28: =IFERROR(E28/D28,IFERROR(0/0,"")) -> 0
A29: =A28+7 -> 44998 | B29: =A29+6 -> 45004 | C29: =SUMIFS('ALL Tube Results'!$G$2:$G99, 'ALL Tube Results'!$C$2:$C99, ">="&A29, 'ALL Tube Results'!$C$2:$C99, "<="&B29) -> 0 | D29: =COUNTIFS('ALL Tube Results'!$C29:$C99, ">="&A29, 'ALL Tube Results'!$C29:$C99, "<="&B29) -> 0 | E29: =COUNTIFS('ALL Tube Results'!$C29:$C99, ">="&A29, 'ALL Tube Results'!$C29:$C99, "<="&B29, 'ALL Tube Results'!$F29:$F99, "Positive") -> 0 | F29: =COUNTIFS('ALL Tube Results'!$C29:$C99, ">="&A29, 'ALL Tube Results'!$C29:$C99, "<="&B29, 'ALL Tube Results'!$F29:$F99, "Inconclusive") -> 0 | G29: =IFERROR(E29/D29,IFERROR(0/0,""))
A30: =A29+7 -> 45005 | B30: =A30+6 -> 45011 | C30: =SUMIFS('ALL Tube Results'!$G$2:$G99, 'ALL Tube Results'!$C$2:$C99, ">="&A30, 'ALL Tube Results'!$C$2:$C99, "<="&B30) -> 84 | D30: =COUNTIFS('ALL Tube Results'!$C30:$C99, ">="&A30, 'ALL Tube Results'!$C30:$C99, "<="&B30) -> 37 | E30: =COUNTIFS('ALL Tube Results'!$C30:$C99, ">="&A30, 'ALL Tube Results'!$C30:$C99, "<="&B30, 'ALL Tube Results'!$F30:$F99, "Positive") -> 0 | F30: =COUNTIFS('ALL Tube Results'!$C30:$C99, ">="&A30, 'ALL Tube Results'!$C30:$C99, "<="&B30, 'ALL Tube Results'!$F30:$F99, "Inconclusive") -> 0 | G30: =IFERROR(E30/D30,IFERROR(0/0,"")) -> 0
A31: =A30+7 -> 45012 | B31: =A31+6 -> 45018 | C31: =SUMIFS('ALL Tube Results'!$G$2:$G99, 'ALL Tube Results'!$C$2:$C99, ">="&A31, 'ALL Tube Results'!$C$2:$C99, "<="&B31) -> 90 | D31: =COUNTIFS('ALL Tube Results'!$C31:$C99, ">="&A31, 'ALL Tube Results'!$C31:$C99, "<="&B31) -> 40 | E31: =COUNTIFS('ALL Tube Results'!$C31:$C99, ">="&A31, 'ALL Tube Results'!$C31:$C99, "<="&B31, 'ALL Tube Results'!$F31:$F99, "Positive") -> 1 | F31: =COUNTIFS('ALL Tube Results'!$C31:$C99, ">="&A31, 'ALL Tube Results'!$C31:$C99, "<="&B31, 'ALL Tube Results'!$F31:$F99, "Inconclusive") -> 0 | G31: =IFERROR(E31/D31,IFERROR(0/0,"")) -> 0.025
A32: =A31+7 -> 45019 | B32: =A32+6 -> 45025 | C32: =SUMIFS('ALL Tube Results'!$G$2:$G99, 'ALL Tube Results'!$C$2:$C99, ">="&A32, 'ALL Tube Results'!$C$2:$C99, "<="&B32) -> 54 | D32: =COUNTIFS('ALL Tube Results'!$C32:$C99, ">="&A32, 'ALL Tube Results'!$C32:$C99, "<="&B32) -> 28 | E32: =COUNTIFS('ALL Tube Results'!$C32:$C99, ">="&A32, 'ALL Tube Results'!$C32:$C99, "<="&B32, 'ALL Tube Results'!$F32:$F99, "Positive") -> 0 | F32: =COUNTIFS('ALL Tube Results'!$C32:$C99, ">="&A32, 'ALL Tube Results'!$C32:$C99, "<="&B32, 'ALL Tube Results'!$F32:$F99, "Inconclusive") -> 0 | G32: =IFERROR(E32/D32,IFERROR(0/0,"")) -> 0
A33: =A32+7 -> 45026 | B33: =A33+6 -> 45032 | C33: =SUMIFS('ALL Tube Results'!$G$2:$G99, 'ALL Tube Results'!$C$2:$C99, ">="&A33, 'ALL Tube Results'!$C$2:$C99, "<="&B33) -> 81 | D33: =COUNTIFS('ALL Tube Results'!$C33:$C99, ">="&A33, 'ALL Tube Results'!$C33:$C99, "<="&B33) -> 39 | E33: =COUNTIFS('ALL Tube Results'!$C33:$C99, ">="&A33, 'ALL Tube Results'!$C33:$C99, "<="&B33, 'ALL Tube Results'!$F33:$F99, "Positive") -> 0 | F33: =COUNTIFS('ALL Tube Results'!$C33:$C99, ">="&A33, 'ALL Tube Results'!$C33:$C99, "<="&B33, 'ALL Tube Results'!$F33:$F99, "Inconclusive") -> 0 | G33: =IFERROR(E33/D33,IFERROR(0/0,"")) -> 0
A34: =A33+7 -> 45033 | B34: =A34+6 -> 45039 | C34: =SUMIFS('ALL Tube Results'!$G$2:$G99, 'ALL Tube Results'!$C$2:$C99, ">="&A34, 'ALL Tube Results'!$C$2:$C99, "<="&B34) -> 67 | D34: =COUNTIFS('ALL Tube Results'!$C34:$C99, ">="&A34, 'ALL Tube Results'!$C34:$C99, "<="&B34) -> 39 | E34: =COUNTIFS('ALL Tube Results'!$C34:$C99, ">="&A34, 'ALL Tube Results'!$C34:$C99, "<="&B34, 'ALL Tube Results'!$F34:$F99, "Positive") -> 0 | F34: =COUNTIFS('ALL Tube Results'!$C34:$C99, ">="&A34, 'ALL Tube Results'!$C34:$C99, "<="&B34, 'ALL Tube Results'!$F34:$F99, "Inconclusive") -> 0 | G34: =IFERROR(E34/D34,IFERROR(0/0,"")) -> 0
A35: =A34+7 -> 45040 | B35: =A35+6 -> 45046 | C35: =SUMIFS('ALL Tube Results'!$G$2:$G99, 'ALL Tube Results'!$C$2:$C99, ">="&A35, 'ALL Tube Results'!$C$2:$C99, "<="&B35) -> 55 | D35: =COUNTIFS('ALL Tube Results'!$C35:$C99, ">="&A35, 'ALL Tube Results'!$C35:$C99, "<="&B35) -> 33 | E35: =COUNTIFS('ALL Tube Results'!$C35:$C99, ">="&A35, 'ALL Tube Results'!$C35:$C99, "<="&B35, 'ALL Tube Results'!$F35:$F99, "Positive") -> 0 | F35: =COUNTIFS('ALL Tube Results'!$C35:$C99, ">="&A35, 'ALL Tube Results'!$C35:$C99, "<="&B35, 'ALL Tube Results'!$F35:$F99, "Inconclusive") -> 0 | G35: =IFERROR(E35/D35,IFERROR(0/0,"")) -> 0
A36: =A35+7 -> 45047 | B36: =A36+6 -> 45053 | C36: =SUMIFS('ALL Tube Results'!$G$2:$G99, 'ALL Tube Results'!$C$2:$C99, ">="&A36, 'ALL Tube Results'!$C$2:$C99, "<="&B36) -> 43 | D36: =COUNTIFS('ALL Tube Results'!$C36:$C99, ">="&A36, 'ALL Tube Results'!$C36:$C99, "<="&B36) -> 22 | E36: =COUNTIFS('ALL Tube Results'!$C36:$C99, ">="&A36, 'ALL Tube Results'!$C36:$C99, "<="&B36, 'ALL Tube Results'!$F36:$F99, "Positive") -> 0 | F36: =COUNTIFS('ALL Tube Results'!$C36:$C99, ">="&A36, 'ALL Tube Results'!$C36:$C99, "<="&B36, 'ALL Tube Results'!$F36:$F99, "Inconclusive") -> 0 | G36: =IFERROR(E36/D36,IFERROR(0/0,"")) -> 0
A37: =A36+7 -> 45054 | B37: =A37+6 -> 45060 | C37: =SUMIFS('ALL Tube Results'!$G$2:$G99, 'ALL Tube Results'!$C$2:$C99, ">="&A37, 'ALL Tube Results'!$C$2:$C99, "<="&B37) -> 67 | D37: =COUNTIFS('ALL Tube Results'!$C37:$C99, ">="&A37, 'ALL Tube Results'!$C37:$C99, "<="&B37) -> 31 | E37: =COUNTIFS('ALL Tube Results'!$C37:$C99, ">="&A37, 'ALL Tube Results'!$C37:$C99, "<="&B37, 'ALL Tube Results'!$F37:$F99, "Positive") -> 0 | F37: =COUNTIFS('ALL Tube Results'!$C37:$C99, ">="&A37, 'ALL Tube Results'!$C37:$C99, "<="&B37, 'ALL Tube Results'!$F37:$F99, "Inconclusive") -> 0 | G37: =IFERROR(E37/D37,IFERROR(0/0,"")) -> 0
A38: =A37+7 -> 45061 | B38: =A38+6 -> 45067 | C38: =SUMIFS('ALL Tube Results'!$G$2:$G99, 'ALL Tube Results'!$C$2:$C99, ">="&A38, 'ALL Tube Results'!$C$2:$C99, "<="&B38) -> 54 | D38: =COUNTIFS('ALL Tube Results'!$C38:$C99, ">="&A38, 'ALL Tube Results'!$C38:$C99, "<="&B38) -> 31 | E38: =COUNTIFS('ALL Tube Results'!$C38:$C99, ">="&A38, 'ALL Tube Results'!$C38:$C99, "<="&B38, 'ALL Tube Results'!$F38:$F99, "Positive") -> 1 | F38: =COUNTIFS('ALL Tube Results'!$C38:$C99, ">="&A38, 'ALL Tube Results'!$C38:$C99, "<="&B38, 'ALL Tube Results'!$F38:$F99, "Inconclusive") -> 0 | G38: =IFERROR(E38/D38,IFERROR(0/0,"")) -> 0.032258065
A39: =A38+7 -> 45068 | B39: =A39+6 -> 45074 | C39: =SUMIFS('ALL Tube Results'!$G$2:$G99, 'ALL Tube Results'!$C$2:$C99, ">="&A39, 'ALL Tube Results'!$C$2:$C99, "<="&B39) -> 49 | D39: =COUNTIFS('ALL Tube Results'!$C39:$C99, ">="&A39, 'ALL Tube Results'!$C39:$C99, "<="&B39) -> 26 | E39: =COUNTIFS('ALL Tube Results'!$C39:$C99, ">="&A39, 'ALL Tube Results'!$C39:$C99, "<="&B39, 'ALL Tube Results'!$F39:$F99, "Positive") -> 4 | F39: =COUNTIFS('ALL Tube Results'!$C39:$C99, ">="&A39, 'ALL Tube Results'!$C39:$C99, "<="&B39, 'ALL Tube Results'!$F39:$F99, "Inconclusive") -> 0 | G39: =IFERROR(E39/D39,IFERROR(0/0,"")) -> 0.15384615
A40: =A39+7 -> 45075 | B40: =A40+6 -> 45081 | C40: =SUMIFS('ALL Tube Results'!$G$2:$G99, 'ALL Tube Results'!$C$2:$C99, ">="&A40, 'ALL Tube Results'!$C$2:$C99, "<="&B40) -> 43 | D40: =COUNTIFS('ALL Tube Results'!$C40:$C99, ">="&A40, 'ALL Tube Results'!$C40:$C99, "<="&B40) -> 25 | E40: =COUNTIFS('ALL Tube Results'!$C40:$C99, ">="&A40, 'ALL Tube Results'!$C40:$C99, "<="&B40, 'ALL Tube Results'!$F40:$F99, "Positive") -> 0 | F40: =COUNTIFS('ALL Tube Results'!$C40:$C99, ">="&A40, 'ALL Tube Results'!$C40:$C99, "<="&B40, 'ALL Tube Results'!$F40:$F99, "Inconclusive") -> 0 | G40: =IFERROR(E40/D40,IFERROR(0/0,"")) -> 0

Sheet Runs Compare
A1: ALL Tube RESULTS by Run ID | B1: =COUNT(B3:B259) -> 184 | C1: =SUM(C2:C259) -> 1379 | D1: =SUM(D2:D259) -> 1367 | E1: =SUM(E2:E259) -> 9 | F1: =SUM(F2:F259) -> 3 | H1: =SUM(H2:H259) -> 0 | L1: =SUM(L2:L259) -> 100 | M1: =SUM(M2:M259) -> 0 | N1: =SUM(N2:N259) -> 1 | P1: =SUM(P2:P259) -> 22 | R1: Run Reconciled RESULTS | S1: =CONCATENATE("Delta Run Reconciled to ALL Tubes ",T1-C1) -> Delta Run Reconciled to ALL Tubes 0 | T1: =SUM(T2:T259) -> 1379 | U1: =COUNTIF(U3:U259,FALSE) -> 0 | V1: =SUM(V2:V259) -> 0 | W1: =SUM(W2:W259) -> 0 | Y1: RFR Data - PreExcl RESULTS | AA1: =SUM(AA2:AA259) -> 1279 | AB1: =SUM(AB2:AB259) -> 1268 | AC1: =SUM(AC2:AC259) -> 9 | AD1: =SUM(AD2:AD259) -> 2 | AG1: APS Final RESULTS by Reconciled Run ID | AI1: =SUM(AI3:AI259) -> 1357 | AJ1: =SUM(AJ3:AJ259) -> 1346 | AK1: =SUM(AK3:AK259) -> 8 | AL1: =SUM(AL3:AL259) -> 3 | AM1: =SUM(AM3:AM259) -> 0 | AO1: APS Final RESULTS by Collect Date | AP1: =SUM(AP2:AP259) -> 660 | AQ1: =SUM(AQ2:AQ259) -> 506 | AR1: =SUM(AR2:AR259) -> 0 | AS1: =SUM(AS2:AS259) -> 0 | AT1: =SUM(AT2:AT259) -> 0
A2: Run ID | B2: Run Date | C2: Number of Tubes | D2: Negative | E2: Positive | F2: Inconclusive | H2: Delta to Run Reconciled Results | I2: T | J2: P | K2: I | L2: Delta to RFR preExcl Audit Num Run Tubes | M2: Delta to RFR preExcl Audit Num Positives | N2: Delta to RFR preExcl Audit Num Inconclusives | P2: Delta to APS | R2: Run ID | S2: Run Date | T2: Reconciled Tube Run Count | U2: Exact Run ID Match to ALL Tube Results (Col A) | Y2: Run ID - RFR Initial Only | Z2: Run Date | AA2: ='RFR Data - preExcl'!AK1 -> RFR Audit Num Run Tubes | AB2: Calculated Negs | AC2: ='RFR Data - preExcl'!AI1 -> Audit Pos Session Calls | AD2: ='RFR Data - preExcl'!AF1 -> Audit Inc Session Calls | AE2: preExcl Match Row | AG2: Final Assigned Run ID | AH2: Run Date | AI2: Number of Tubes | AJ2: Negative | AK2: Positive | AL2: Inconclusive | AM2: Null | AO2: ='APS Tubes by Date IMPORT'!B1 -> APS COLLECT DATE | AP2: Number of Tubes | AQ2: Negative | AR2: Positive | AS2: Inconclusive | AT2: Null
A3: {=SORT(UNIQUE('ALL Tube Results'!B2:B259))} -> RUN-ABRM_2022-09-05_RFR-001 | B3: =VLOOKUP(A3,'ALL Tube Results'!$B$2:$D259,2,FALSE) -> 44809 | C3: =COUNTIF('ALL Tube Results'!B2:B259, A3) -> 12 | D3: =COUNTIFS('ALL Tube Results'!$B2:$B259, $A3, 'ALL Tube Results'!$F2:$F259, "Negative") -> 12 | E3: =COUNTIFS('ALL Tube Results'!$B2:$B259, $A3, 'ALL Tube Results'!$F2:$F259, "Positive") -> 0 | F3: =COUNTIFS('ALL Tube Results'!$B2:$B259, $A3, 'ALL Tube Results'!$F2:$F259, "Inconclusive") -> 0 | G3: =IFERROR(VLOOKUP($A3,R$3:T259,3,FALSE),IFERROR(0/0,"") ) -> 12 | H3: =IF($C3=G3,IFERROR(0/0,""),$C3-G3) | I3: =IFERROR(VLOOKUP($A3,Y$3:AA259,3,FALSE),IFERROR(0/0,"") ) -> 12 | J3: =IFERROR(VLOOKUP($A3,Y$3:AD259,5,FALSE),IFERROR(0/0,"") ) -> 0 | K3: =IFERROR(VLOOKUP($A3,Y$3:AD259,6,FALSE),IFERROR(0/0,"")) -> 0 | L3: =IF($C3=I3,IFERROR(0/0,""),$C3-I3) | M3: =IF($E3=J3,IFERROR(0/0,""),$E3-J3) | N3: =IF($F3=K3,IFERROR(0/0,""),$F3-K3) | O3: =IFERROR(VLOOKUP($A3,AG$3:AI259,3,FALSE),IFERROR(0/0,"") ) -> 11 | P3: =IF($C3=O3,IFERROR(0/0,""),$C3-O3) -> 1 | R3: {=SORT('Run Reconcile'!A2:B259,1,TRUE)} -> RUN-ABRM_2022-09-05_RFR-001 | S3: 44809 | T3: =VLOOKUP(R3,'Run Reconcile'!$A$2:$L259,12,FALSE) -> 12 | U3: =IF(EXACT(A2,R2),IFERROR(0/0,""),FALSE) | Y3: =IFERROR(__xludf.DUMMYFUNCTION("SORT(FILTER('Run Reconcile'!A2:B259,'Run Reconcile'!A2:A259<>""*"",REGEXMATCH('Run Reconcile'!A2:A259,""RFR-"")),1,TRUE) "),"RUN-ABRM_2022-09-05_RFR-001") -> RUN-ABRM_2022-09-05_RFR-001 | Z3: =IFERROR(__xludf.DUMMYFUNCTION("""COMPUTED_VALUE"""),44809.0) -> 44809 | AA3: {=INDEX('RFR Data - preExcl'!AK$2:AK259,$AE3,1)} -> 12 | AB3: =AA3-AC3-AD3 -> 12 | AC3: {=INDEX('RFR Data - preExcl'!AI$2:AI259,$AE3,1)} -> 0 | AD3: {=INDEX('RFR Data - preExcl'!AF$2:AF259,$AE3,1)} -> 0 | AE3: =IFNA(MATCH(Y3,'RFR Data - preExcl'!A$2:A259,0),"") -> 1 | AG3: {=SORT(UNIQUE('APS Tubes IMPORT'!V2:V259))} -> RUN-ABRM_2022-09-05_RFR-001 | AH3: =VLOOKUP(AG3,'Run Reconcile'!A$2:B259,2,FALSE) -> 44809 | AI3: =COUNTIF('APS Tubes IMPORT'!$V$2:$V259, AG3) -> 11 | AJ3: =COUNTIFS('APS Tubes IMPORT'!V$2:V259, AG3, 'APS Tubes IMPORT'!H$2:H259, "Negative") -> 11 | AK3: =COUNTIFS('APS Tubes IMPORT'!V$2:V259, AG3, 'APS Tubes IMPORT'!H$2:H259, "Positive") -> 0 | AL3: =COUNTIFS('APS Tubes IMPORT'!V$2:V259, AG3, 'APS Tubes IMPORT'!H$2:H259, "Inconclusive") -> 0 | AM3: =COUNTIFS('APS Tubes IMPORT'!V$2:V259, AG3, 'APS Tubes IMPORT'!H$2:H259, "Null") -> 0 | AO3: ='APS Tubes by Date IMPORT'!B2 -> 44809 | AP3: ='APS Tubes by Date IMPORT'!C2 -> 11 | AQ3: ='APS Tubes by Date IMPORT'!D2 -> 11 | AR3: ='APS Tubes by Date IMPORT'!E2 -> 0 | AS3: ='APS Tubes by Date IMPORT'!F2 -> 0 | AT3: ='APS Tubes by Date IMPORT'!G2 -> 0
A4: RUN-ABRM_2022-09-06_RFR-002 | B4: =VLOOKUP(A4,'ALL Tube Results'!$B$2:$D259,2,FALSE) -> 44810 | C4: =COUNTIF('ALL Tube Results'!B3:B259, A4) -> 13 | D4: =COUNTIFS('ALL Tube Results'!$B3:$B259, $A4, 'ALL Tube Results'!$F3:$F259, "Negative") -> 13 | E4: =COUNTIFS('ALL Tube Results'!$B3:$B259, $A4, 'ALL Tube Results'!$F3:$F259, "Positive") -> 0 | F4: =COUNTIFS('ALL Tube Results'!$B3:$B259, $A4, 'ALL Tube Results'!$F3:$F259, "Inconclusive") -> 0 | G4: =IFERROR(VLOOKUP($A4,R$3:T260,3,FALSE),IFERROR(0/0,"") ) -> 13 | H4: =IF($C4=G4,IFERROR(0/0,""),$C4-G4) | I4: =IFERROR(VLOOKUP($A4,Y$3:AA260,3,FALSE),IFERROR(0/0,"") ) -> 13 | J4: =IFERROR(VLOOKUP($A4,Y$3:AD260,5,FALSE),IFERROR(0/0,"") ) -> 0 | K4: =IFERROR(VLOOKUP($A4,Y$3:AD260,6,FALSE),IFERROR(0/0,"")) -> 0 | L4: =IF($C4=I4,IFERROR(0/0,""),$C4-I4) | M4: =IF($E4=J4,IFERROR(0/0,""),$E4-J4) | N4: =IF($F4=K4,IFERROR(0/0,""),$F4-K4) | O4: =IFERROR(VLOOKUP($A4,AG$3:AI260,3,FALSE),IFERROR(0/0,"") ) -> 7 | P4: =IF($C4=O4,IFERROR(0/0,""),$C4-O4) -> 6 | R4: RUN-ABRM_2022-09-06_RFR-002 | S4: 44810 | T4: =VLOOKUP(R4,'Run Reconcile'!$A$2:$L259,12,FALSE) -> 13 | U4: =IF(EXACT(A3,R3),IFERROR(0/0,""),FALSE) | Y4: =IFERROR(__xludf.DUMMYFUNCTION("""COMPUTED_VALUE"""),"RUN-ABRM_2022-09-06_RFR-002") -> RUN-ABRM_2022-09-06_RFR-002 | Z4: =IFERROR(__xludf.DUMMYFUNCTION("""COMPUTED_VALUE"""),44810.0) -> 44810 | AA4: {=INDEX('RFR Data - preExcl'!AK$2:AK259,$AE4,1)} -> 13 | AB4: =AA4-AC4-AD4 -> 13 | AC4: {=INDEX('RFR Data - preExcl'!AI$2:AI259,$AE4,1)} -> 0 | AD4: {=INDEX('RFR Data - preExcl'!AF$2:AF259,$AE4,1)} -> 0 | AE4: =IFNA(MATCH(Y4,'RFR Data - preExcl'!A$2:A259,0),"") -> 2 | AG4: RUN-ABRM_2022-09-06_RFR-002 | AH4: =VLOOKUP(AG4,'Run Reconcile'!A$2:B259,2,FALSE) -> 44810 | AI4: =COUNTIF('APS Tubes IMPORT'!$V$2:$V259, AG4) -> 7 | AJ4: =COUNTIFS('APS Tubes IMPORT'!V$2:V259, AG4, 'APS Tubes IMPORT'!H$2:H259, "Negative") -> 7 | AK4: =COUNTIFS('APS Tubes IMPORT'!V3:V259, AG4, 'APS Tubes IMPORT'!H3:H259, "Positive") -> 0 | AL4: =COUNTIFS('APS Tubes IMPORT'!V3:V259, AG4, 'APS Tubes IMPORT'!H3:H259, "Inconclusive") -> 0 | AM4: =COUNTIFS('APS Tubes IMPORT'!V3:V259, AG4, 'APS Tubes IMPORT'!H3:H259, "Null") -> 0 | AO4: ='APS Tubes by Date IMPORT'!B3 -> 44810 | AP4: ='APS Tubes by Date IMPORT'!C3 -> 7 | AQ4: ='APS Tubes by Date IMPORT'!D3 -> 7 | AR4: ='APS Tubes by Date IMPORT'!E3 -> 0 | AS4: ='APS Tubes by Date IMPORT'!F3 -> 0 | AT4: ='APS Tubes by Date IMPORT'!G3 -> 0
A5: RUN-ABRM_2022-09-07_RFR-003 | B5: =VLOOKUP(A5,'ALL Tube Results'!$B$2:$D259,2,FALSE) -> 44811 | C5: =COUNTIF('ALL Tube Results'!B4:B259, A5) -> 11 | D5: =COUNTIFS('ALL Tube Results'!$B4:$B259, $A5, 'ALL Tube Results'!$F4:$F259, "Negative") -> 11 | E5: =COUNTIFS('ALL Tube Results'!$B4:$B259, $A5, 'ALL Tube Results'!$F4:$F259, "Positive") -> 0 | F5: =COUNTIFS('ALL Tube Results'!$B4:$B259, $A5, 'ALL Tube Results'!$F4:$F259, "Inconclusive") -> 0 | G5: =IFERROR(VLOOKUP($A5,R$3:T261,3,FALSE),IFERROR(0/0,"") ) -> 11 | H5: =IF($C5=G5,IFERROR(0/0,""),$C5-G5) | I5: =IFERROR(VLOOKUP($A5,Y$3:AA261,3,FALSE),IFERROR(0/0,"") ) -> 11 | J5: =IFERROR(VLOOKUP($A5,Y$3:AD261,5,FALSE),IFERROR(0/0,"") ) -> 0 | K5: =IFERROR(VLOOKUP($A5,Y$3:AD261,6,FALSE),IFERROR(0/0,"")) -> 0 | L5: =IF($C5=I5,IFERROR(0/0,""),$C5-I5) | M5: =IF($E5=J5,IFERROR(0/0,""),$E5-J5) | N5: =IF($F5=K5,IFERROR(0/0,""),$F5-K5) | O5: =IFERROR(VLOOKUP($A5,AG$3:AI261,3,FALSE),IFERROR(0/0,"") ) -> 11 | P5: =IF($C5=O5,IFERROR(0/0,""),$C5-O5) | R5: RUN-ABRM_2022-09-07_RFR-003 | S5: 44811 | T5: =VLOOKUP(R5,'Run Reconcile'!$A$2:$L259,12,FALSE) -> 11 | U5: =IF(EXACT(A4,R4),IFERROR(0/0,""),FALSE) | Y5: =IFERROR(__xludf.DUMMYFUNCTION("""COMPUTED_VALUE"""),"RUN-ABRM_2022-09-07_RFR-003") -> RUN-ABRM_2022-09-07_RFR-003 | Z5: =IFERROR(__xludf.DUMMYFUNCTION("""COMPUTED_VALUE"""),44811.0) -> 44811 | AA5: {=INDEX('RFR Data - preExcl'!AK$2:AK259,$AE5,1)} -> 11 | AB5: =AA5-AC5-AD5 -> 11 | AC5: {=INDEX('RFR Data - preExcl'!AI$2:AI259,$AE5,1)} -> 0 | AD5: {=INDEX('RFR Data - preExcl'!AF$2:AF259,$AE5,1)} -> 0 | AE5: =IFNA(MATCH(Y5,'RFR Data - preExcl'!A$2:A259,0),"") -> 3 | AG5: RUN-ABRM_2022-09-07_RFR-003 | AH5: =VLOOKUP(AG5,'Run Reconcile'!A$2:B259,2,FALSE) -> 44811 | AI5: =COUNTIF('APS Tubes IMPORT'!$V$2:$V259, AG5) -> 11 | AJ5: =COUNTIFS('APS Tubes IMPORT'!V$2:V259, AG5, 'APS Tubes IMPORT'!H$2:H259, "Negative") -> 11 | AK5: =COUNTIFS('APS Tubes IMPORT'!V4:V259, AG5, 'APS Tubes IMPORT'!H4:H259, "Positive") -> 0 | AL5: =COUNTIFS('APS Tubes IMPORT'!V4:V259, AG5, 'APS Tubes IMPORT'!H4:H259, "Inconclusive") -> 0 | AM5: =COUNTIFS('APS Tubes IMPORT'!V4:V259, AG5, 'APS Tubes IMPORT'!H4:H259, "Null") -> 0 | AO5: ='APS Tubes by Date IMPORT'!B4 -> 44811 | AP5: ='APS Tubes by Date IMPORT'!C4 -> 11 | AQ5: ='APS Tubes by Date IMPORT'!D4 -> 11 | AR5: ='APS Tubes by Date IMPORT'!E4 -> 0 | AS5: ='APS Tubes by Date IMPORT'!F4 -> 0 | AT5: ='APS Tubes by Date IMPORT'!G4 -> 0
A6: RUN-ABRM_2022-09-08_RFR-004 | B6: =VLOOKUP(A6,'ALL Tube Results'!$B$2:$D259,2,FALSE) -> 44812 | C6: =COUNTIF('ALL Tube Results'!B5:B259, A6) -> 12 | D6: =COUNTIFS('ALL Tube Results'!$B5:$B259, $A6, 'ALL Tube Results'!$F5:$F259, "Negative") -> 12 | E6: =COUNTIFS('ALL Tube Results'!$B5:$B259, $A6, 'ALL Tube Results'!$F5:$F259, "Positive") -> 0 | F6: =COUNTIFS('ALL Tube Results'!$B5:$B259, $A6, 'ALL Tube Results'!$F5:$F259, "Inconclusive") -> 0 | G6: =IFERROR(VLOOKUP($A6,R$3:T262,3,FALSE),IFERROR(0/0,"") ) -> 12 | H6: =IF($C6=G6,IFERROR(0/0,""),$C6-G6) | I6: =IFERROR(VLOOKUP($A6,Y$3:AA262,3,FALSE),IFERROR(0/0,"") ) -> 12 | J6: =IFERROR(VLOOKUP($A6,Y$3:AD262,5,FALSE),IFERROR(0/0,"") ) -> 0 | K6: =IFERROR(VLOOKUP($A6,Y$3:AD262,6,FALSE),IFERROR(0/0,"")) -> 0 | L6: =IF($C6=I6,IFERROR(0/0,""),$C6-I6) | M6: =IF($E6=J6,IFERROR(0/0,""),$E6-J6) | N6: =IF($F6=K6,IFERROR(0/0,""),$F6-K6) | O6: =IFERROR(VLOOKUP($A6,AG$3:AI262,3,FALSE),IFERROR(0/0,"") ) -> 12 | P6: =IF($C6=O6,IFERROR(0/0,""),$C6-O6) | R6: RUN-ABRM_2022-09-08_RFR-004 | S6: 44812 | T6: =VLOOKUP(R6,'Run Reconcile'!$A$2:$L259,12,FALSE) -> 12 | U6: =IF(EXACT(A5,R5),IFERROR(0/0,""),FALSE) | Y6: =IFERROR(__xludf.DUMMYFUNCTION("""COMPUTED_VALUE"""),"RUN-ABRM_2022-09-08_RFR-004") -> RUN-ABRM_2022-09-08_RFR-004 | Z6: =IFERROR(__xludf.DUMMYFUNCTION("""COMPUTED_VALUE"""),44812.0) -> 44812 | AA6: {=INDEX('RFR Data - preExcl'!AK$2:AK259,$AE6,1)} -> 12 | AB6: =AA6-AC6-AD6 -> 12 | AC6: {=INDEX('RFR Data - preExcl'!AI$2:AI259,$AE6,1)} -> 0 | AD6: {=INDEX('RFR Data - preExcl'!AF$2:AF259,$AE6,1)} -> 0 | AE6: =IFNA(MATCH(Y6,'RFR Data - preExcl'!A$2:A259,0),"") -> 4 | AG6: RUN-ABRM_2022-09-08_RFR-004 | AH6: =VLOOKUP(AG6,'Run Reconcile'!A$2:B259,2,FALSE) -> 44812 | AI6: =COUNTIF('APS Tubes IMPORT'!$V$2:$V259, AG6) -> 12 | AJ6: =COUNTIFS('APS Tubes IMPORT'!V$2:V259, AG6, 'APS Tubes IMPORT'!H$2:H259, "Negative") -> 12 | AK6: =COUNTIFS('APS Tubes IMPORT'!V5:V259, AG6, 'APS Tubes IMPORT'!H5:H259, "Positive") -> 0 | AL6: =COUNTIFS('APS Tubes IMPORT'!V5:V259, AG6, 'APS Tubes IMPORT'!H5:H259, "Inconclusive") -> 0 | AM6: =COUNTIFS('APS Tubes IMPORT'!V5:V259, AG6, 'APS Tubes IMPORT'!H5:H259, "Null") -> 0 | AO6: ='APS Tubes by Date IMPORT'!B5 -> 44812 | AP6: ='APS Tubes by Date IMPORT'!C5 -> 12 | AQ6: ='APS Tubes by Date IMPORT'!D5 -> 12 | AR6: ='APS Tubes by Date IMPORT'!E5 -> 0 | AS6: ='APS Tubes by Date IMPORT'!F5 -> 0 | AT6: ='APS Tubes by Date IMPORT'!G5 -> 0
A7: RUN-ABRM_2022-09-09_RFR-006 | B7: =VLOOKUP(A7,'ALL Tube Results'!$B$2:$D259,2,FALSE) -> 44813 | C7: =COUNTIF('ALL Tube Results'!B6:B259, A7) -> 11 | D7: =COUNTIFS('ALL Tube Results'!$B6:$B259, $A7, 'ALL Tube Results'!$F6:$F259, "Negative") -> 11 | E7: =COUNTIFS('ALL Tube Results'!$B6:$B259, $A7, 'ALL Tube Results'!$F6:$F259, "Positive") -> 0 | F7: =COUNTIFS('ALL Tube Results'!$B6:$B259, $A7, 'ALL Tube Results'!$F6:$F259, "Inconclusive") -> 0 | G7: =IFERROR(VLOOKUP($A7,R$3:T263,3,FALSE),IFERROR(0/0,"") ) -> 11 | H7: =IF($C7=G7,IFERROR(0/0,""),$C7-G7) | I7: =IFERROR(VLOOKUP($A7,Y$3:AA263,3,FALSE),IFERROR(0/0,"") ) -> 11 | J7: =IFERROR(VLOOKUP($A7,Y$3:AD263,5,FALSE),IFERROR(0/0,"") ) -> 0 | K7: =IFERROR(VLOOKUP($A7,Y$3:AD263,6,FALSE),IFERROR(0/0,"")) -> 0 | L7: =IF($C7=I7,IFERROR(0/0,""),$C7-I7) | M7: =IF($E7=J7,IFERROR(0/0,""),$E7-J7) | N7: =IF($F7=K7,IFERROR(0/0,""),$F7-K7) | O7: =IFERROR(VLOOKUP($A7,AG$3:AI263,3,FALSE),IFERROR(0/0,"") ) -> 11 | P7: =IF($C7=O7,IFERROR(0/0,""),$C7-O7) | R7: RUN-ABRM_2022-09-09_RFR-006 | S7: 44813 | T7: =VLOOKUP(R7,'Run Reconcile'!$A$2:$L259,12,FALSE) -> 11 | U7: =IF(EXACT(A6,R6),IFERROR(0/0,""),FALSE) | Y7: =IFERROR(__xludf.DUMMYFUNCTION("""COMPUTED_VALUE"""),"RUN-ABRM_2022-09-09_RFR-006") -> RUN-ABRM_2022-09-09_RFR-006 | Z7: =IFERROR(__xludf.DUMMYFUNCTION("""COMPUTED_VALUE"""),44813.0) -> 44813 | AA7: {=INDEX('RFR Data - preExcl'!AK$2:AK259,$AE7,1)} -> 11 | AB7: =AA7-AC7-AD7 -> 11 | AC7: {=INDEX('RFR Data - preExcl'!AI$2:AI259,$AE7,1)} -> 0 | AD7: {=INDEX('RFR Data - preExcl'!AF$2:AF259,$AE7,1)} -> 0 | AE7: =IFNA(MATCH(Y7,'RFR Data - preExcl'!A$2:A259,0),"") -> 6 | AG7: RUN-ABRM_2022-09-09_RFR-006 | AH7: =VLOOKUP(AG7,'Run Reconcile'!A$2:B259,2,FALSE) -> 44813 | AI7: =COUNTIF('APS Tubes IMPORT'!$V$2:$V259, AG7) -> 11 | AJ7: =COUNTIFS('APS Tubes IMPORT'!V$2:V259, AG7, 'APS Tubes IMPORT'!H$2:H259, "Negative") -> 11 | AK7: =COUNTIFS('APS Tubes IMPORT'!V6:V259, AG7, 'APS Tubes IMPORT'!H6:H259, "Positive") -> 0 | AL7: =COUNTIFS('APS Tubes IMPORT'!V6:V259, AG7, 'APS Tubes IMPORT'!H6:H259, "Inconclusive") -> 0 | AM7: =COUNTIFS('APS Tubes IMPORT'!V6:V259, AG7, 'APS Tubes IMPORT'!H6:H259, "Null") -> 0 | AO7: ='APS Tubes by Date IMPORT'!B6 -> 44813 | AP7: ='APS Tubes by Date IMPORT'!C6 -> 11 | AQ7: ='APS Tubes by Date IMPORT'!D6 -> 11 | AR7: ='APS Tubes by Date IMPORT'!E6 -> 0 | AS7: ='APS Tubes by Date IMPORT'!F6 -> 0 | AT7: ='APS Tubes by Date IMPORT'!G6 -> 0
A8: RUN-ABRM_2022-09-10_RFR-009 | B8: =VLOOKUP(A8,'ALL Tube Results'!$B$2:$D259,2,FALSE) -> 44814 | C8: =COUNTIF('ALL Tube Results'!B7:B259, A8) -> 2 | D8: =COUNTIFS('ALL Tube Results'!$B7:$B259, $A8, 'ALL Tube Results'!$F7:$F259, "Negative") -> 2 | E8: =COUNTIFS('ALL Tube Results'!$B7:$B259, $A8, 'ALL Tube Results'!$F7:$F259, "Positive") -> 0 | F8: =COUNTIFS('ALL Tube Results'!$B7:$B259, $A8, 'ALL Tube Results'!$F7:$F259, "Inconclusive") -> 0 | G8: =IFERROR(VLOOKUP($A8,R$3:T264,3,FALSE),IFERROR(0/0,"") ) -> 2 | H8: =IF($C8=G8,IFERROR(0/0,""),$C8-G8) | I8: =IFERROR(VLOOKUP($A8,Y$3:AA264,3,FALSE),IFERROR(0/0,"") ) -> 2 | J8: =IFERROR(VLOOKUP($A8,Y$3:AD264,5,FALSE),IFERROR(0/0,"") ) -> 0 | K8: =IFERROR(VLOOKUP($A8,Y$3:AD264,6,FALSE),IFERROR(0/0,"")) -> 0 | L8: =IF($C8=I8,IFERROR(0/0,""),$C8-I8) | M8: =IF($E8=J8,IFERROR(0/0,""),$E8-J8) | N8: =IF($F8=K8,IFERROR(0/0,""),$F8-K8) | O8: =IFERROR(VLOOKUP($A8,AG$3:AI264,3,FALSE),IFERROR(0/0,"") ) -> 2 | P8: =IF($C8=O8,IFERROR(0/0,""),$C8-O8) | R8: RUN-ABRM_2022-09-10_RFR-009 | S8: 44814 | T8: =VLOOKUP(R8,'Run Reconcile'!$A$2:$L259,12,FALSE) -> 2 | U8: =IF(EXACT(A7,R7),IFERROR(0/0,""),FALSE) | Y8: =IFERROR(__xludf.DUMMYFUNCTION("""COMPUTED_VALUE"""),"RUN-ABRM_2022-09-10_RFR-009") -> RUN-ABRM_2022-09-10_RFR-009 | Z8: =IFERROR(__xludf.DUMMYFUNCTION("""COMPUTED_VALUE"""),44814.0) -> 44814 | AA8: {=INDEX('RFR Data - preExcl'!AK$2:AK259,$AE8,1)} -> 2 | AB8: =AA8-AC8-AD8 -> 2 | AC8: {=INDEX('RFR Data - preExcl'!AI$2:AI259,$AE8,1)} -> 0 | AD8: {=INDEX('RFR Data - preExcl'!AF$2:AF259,$AE8,1)} -> 0 | AE8: =IFNA(MATCH(Y8,'RFR Data - preExcl'!A$2:A259,0),"") -> 9 | AG8: RUN-ABRM_2022-09-10_RFR-009 | AH8: =VLOOKUP(AG8,'Run Reconcile'!A$2:B259,2,FALSE) -> 44814 | AI8: =COUNTIF('APS Tubes IMPORT'!$V$2:$V259, AG8) -> 2 | AJ8: =COUNTIFS('APS Tubes IMPORT'!V$2:V259, AG8, 'APS Tubes IMPORT'!H$2:H259, "Negative") -> 2 | AK8: =COUNTIFS('APS Tubes IMPORT'!V7:V259, AG8, 'APS Tubes IMPORT'!H7:H259, "Positive") -> 0 | AL8: =COUNTIFS('APS Tubes IMPORT'!V7:V259, AG8, 'APS Tubes IMPORT'!H7:H259, "Inconclusive") -> 0 | AM8: =COUNTIFS('APS Tubes IMPORT'!V7:V259, AG8, 'APS Tubes IMPORT'!H7:H259, "Null") -> 0 | AO8: ='APS Tubes by Date IMPORT'!B7 -> 44814 | AP8: ='APS Tubes by Date IMPORT'!C7 -> 2 | AQ8: ='APS Tubes by Date IMPORT'!D7 -> 2 | AR8: ='APS Tubes by Date IMPORT'!E7 -> 0 | AS8: ='APS Tubes by Date IMPORT'!F7 -> 0 | AT8: ='APS Tubes by Date IMPORT'!G7 -> 0
A9: RUN-ABRM_2022-09-12_RFR-010 | B9: =VLOOKUP(A9,'ALL Tube Results'!$B$2:$D259,2,FALSE) -> 44816 | C9: =COUNTIF('ALL Tube Results'!B8:B259, A9) -> 12 | D9: =COUNTIFS('ALL Tube Results'!$B8:$B259, $A9, 'ALL Tube Results'!$F8:$F259, "Negative") -> 12 | E9: =COUNTIFS('ALL Tube Results'!$B8:$B259, $A9, 'ALL Tube Results'!$F8:$F259, "Positive") -> 0 | F9: =COUNTIFS('ALL Tube Results'!$B8:$B259, $A9, 'ALL Tube Results'!$F8:$F259, "Inconclusive") -> 0 | G9: =IFERROR(VLOOKUP($A9,R$3:T265,3,FALSE),IFERROR(0/0,"") ) -> 12 | H9: =IF($C9=G9,IFERROR(0/0,""),$C9-G9) | I9: =IFERROR(VLOOKUP($A9,Y$3:AA265,3,FALSE),IFERROR(0/0,"") ) -> 12 | J9: =IFERROR(VLOOKUP($A9,Y$3:AD265,5,FALSE),IFERROR(0/0,"") ) -> 0 | K9: =IFERROR(VLOOKUP($A9,Y$3:AD265,6,FALSE),IFERROR(0/0,"")) -> 0 | L9: =IF($C9=I9,IFERROR(0/0,""),$C9-I9) | M9: =IF($E9=J9,IFERROR(0/0,""),$E9-J9) | N9: =IF($F9=K9,IFERROR(0/0,""),$F9-K9) | O9: =IFERROR(VLOOKUP($A9,AG$3:AI265,3,FALSE),IFERROR(0/0,"") ) -> 12 | P9: =IF($C9=O9,IFERROR(0/0,""),$C9-O9) | R9: RUN-ABRM_2022-09-12_RFR-010 | S9: 44816 | T9: =VLOOKUP(R9,'Run Reconcile'!$A$2:$L259,12,FALSE) -> 12 | U9: =IF(EXACT(A8,R8),IFERROR(0/0,""),FALSE) | Y9: =IFERROR(__xludf.DUMMYFUNCTION("""COMPUTED_VALUE"""),"RUN-ABRM_2022-09-12_RFR-010") -> RUN-ABRM_2022-09-12_RFR-010 | Z9: =IFERROR(__xludf.DUMMYFUNCTION("""COMPUTED_VALUE"""),44816.0) -> 44816 | AA9: {=INDEX('RFR Data - preExcl'!AK$2:AK259,$AE9,1)} -> 12 | AB9: =AA9-AC9-AD9 -> 12 | AC9: {=INDEX('RFR Data - preExcl'!AI$2:AI259,$AE9,1)} -> 0 | AD9: {=INDEX('RFR Data - preExcl'!AF$2:AF259,$AE9,1)} -> 0 | AE9: =IFNA(MATCH(Y9,'RFR Data - preExcl'!A$2:A259,0),"") -> 10 | AG9: RUN-ABRM_2022-09-12_RFR-010 | AH9: =VLOOKUP(AG9,'Run Reconcile'!A$2:B259,2,FALSE) -> 44816 | AI9: =COUNTIF('APS Tubes IMPORT'!$V$2:$V259, AG9) -> 12 | AJ9: =COUNTIFS('APS Tubes IMPORT'!V$2:V259, AG9, 'APS Tubes IMPORT'!H$2:H259, "Negative") -> 12 | AK9: =COUNTIFS('APS Tubes IMPORT'!V8:V259, AG9, 'APS Tubes IMPORT'!H8:H259, "Positive") -> 0 | AL9: =COUNTIFS('APS Tubes IMPORT'!V8:V259, AG9, 'APS Tubes IMPORT'!H8:H259, "Inconclusive") -> 0 | AM9: =COUNTIFS('APS Tubes IMPORT'!V8:V259, AG9, 'APS Tubes IMPORT'!H8:H259, "Null") -> 0 | AO9: ='APS Tubes by Date IMPORT'!B8 -> 44816 | AP9: ='APS Tubes by Date IMPORT'!C8 -> 12 | AQ9: ='APS Tubes by Date IMPORT'!D8 -> 12 | AR9: ='APS Tubes by Date IMPORT'!E8 -> 0 | AS9: ='APS Tubes by Date IMPORT'!F8 -> 0 | AT9: ='APS Tubes by Date IMPORT'!G8 -> 0
A10: RUN-ABRM_2022-09-13_RFR-011 | B10: =VLOOKUP(A10,'ALL Tube Results'!$B$2:$D259,2,FALSE) -> 44817 | C10: =COUNTIF('ALL Tube Results'!B9:B259, A10) -> 13 | D10: =COUNTIFS('ALL Tube Results'!$B9:$B259, $A10, 'ALL Tube Results'!$F9:$F259, "Negative") -> 13 | E10: =COUNTIFS('ALL Tube Results'!$B9:$B259, $A10, 'ALL Tube Results'!$F9:$F259, "Positive") -> 0 | F10: =COUNTIFS('ALL Tube Results'!$B9:$B259, $A10, 'ALL Tube Results'!$F9:$F259, "Inconclusive") -> 0 | G10: =IFERROR(VLOOKUP($A10,R$3:T266,3,FALSE),IFERROR(0/0,"") ) -> 13 | H10: =IF($C10=G10,IFERROR(0/0,""),$C10-G10) | I10: =IFERROR(VLOOKUP($A10,Y$3:AA266,3,FALSE),IFERROR(0/0,"") ) -> 13 | J10: =IFERROR(VLOOKUP($A10,Y$3:AD266,5,FALSE),IFERROR(0/0,"") ) -> 0 | K10: =IFERROR(VLOOKUP($A10,Y$3:AD266,6,FALSE),IFERROR(0/0,"")) -> 0 | L10: =IF($C10=I10,IFERROR(0/0,""),$C10-I10) | M10: =IF($E10=J10,IFERROR(0/0,""),$E10-J10) | N10: =IF($F10=K10,IFERROR(0/0,""),$F10-K10) | O10: =IFERROR(VLOOKUP($A10,AG$3:AI266,3,FALSE),IFERROR(0/0,"") ) -> 13 | P10: =IF($C10=O10,IFERROR(0/0,""),$C10-O10) | R10: RUN-ABRM_2022-09-13_RFR-011 | S10: 44817 | T10: =VLOOKUP(R10,'Run Reconcile'!$A$2:$L259,12,FALSE) -> 13 | U10: =IF(EXACT(A9,R9),IFERROR(0/0,""),FALSE) | Y10: =IFERROR(__xludf.DUMMYFUNCTION("""COMPUTED_VALUE"""),"RUN-ABRM_2022-09-13_RFR-011") -> RUN-ABRM_2022-09-13_RFR-011 | Z10: =IFERROR(__xludf.DUMMYFUNCTION("""COMPUTED_VALUE"""),44817.0) -> 44817 | AA10: {=INDEX('RFR Data - preExcl'!AK$2:AK259,$AE10,1)} -> 13 | AB10: =AA10-AC10-AD10 -> 13 | AC10: {=INDEX('RFR Data - preExcl'!AI$2:AI259,$AE10,1)} -> 0 | AD10: {=INDEX('RFR Data - preExcl'!AF$2:AF259,$AE10,1)} -> 0 | AE10: =IFNA(MATCH(Y10,'RFR Data - preExcl'!A$2:A259,0),"") -> 11 | AG10: RUN-ABRM_2022-09-13_RFR-011 | AH10: =VLOOKUP(AG10,'Run Reconcile'!A$2:B259,2,FALSE) -> 44817 | AI10: =COUNTIF('APS Tubes IMPORT'!$V$2:$V259, AG10) -> 13 | AJ10: =COUNTIFS('APS Tubes IMPORT'!V$2:V259, AG10, 'APS Tubes IMPORT'!H$2:H259, "Negative") -> 13 | AK10: =COUNTIFS('APS Tubes IMPORT'!V9:V259, AG10, 'APS Tubes IMPORT'!H9:H259, "Positive") -> 0 | AL10: =COUNTIFS('APS Tubes IMPORT'!V9:V259, AG10, 'APS Tubes IMPORT'!H9:H259, "Inconclusive") -> 0 | AM10: =COUNTIFS('APS Tubes IMPORT'!V9:V259, AG10, 'APS Tubes IMPORT'!H9:H259, "Null") -> 0 | AO10: ='APS Tubes by Date IMPORT'!B9 -> 44817 | AP10: ='APS Tubes by Date IMPORT'!C9 -> 13 | AQ10: ='APS Tubes by Date IMPORT'!D9 -> 13 | AR10: ='APS Tubes by Date IMPORT'!E9 -> 0 | AS10: ='APS Tubes by Date IMPORT'!F9 -> 0 | AT10: ='APS Tubes by Date IMPORT'!G9 -> 0
A11: RUN-ABRM_2022-09-14_RFR-013 | B11: =VLOOKUP(A11,'ALL Tube Results'!$B$2:$D259,2,FALSE) -> 44818 | C11: =COUNTIF('ALL Tube Results'!B10:B259, A11) -> 9 | D11: =COUNTIFS('ALL Tube Results'!$B10:$B259, $A11, 'ALL Tube Results'!$F10:$F259, "Negative") -> 9 | E11: =COUNTIFS('ALL Tube Results'!$B10:$B259, $A11, 'ALL Tube Results'!$F10:$F259, "Positive") -> 0 | F11: =COUNTIFS('ALL Tube Results'!$B10:$B259, $A11, 'ALL Tube Results'!$F10:$F259, "Inconclusive") -> 0 | G11: =IFERROR(VLOOKUP($A11,R$3:T267,3,FALSE),IFERROR(0/0,"") ) -> 9 | H11: =IF($C11=G11,IFERROR(0/0,""),$C11-G11) | I11: =IFERROR(VLOOKUP($A11,Y$3:AA267,3,FALSE),IFERROR(0/0,"") ) -> 9 | J11: =IFERROR(VLOOKUP($A11,Y$3:AD267,5,FALSE),IFERROR(0/0,"") ) -> 0 | K11: =IFERROR(VLOOKUP($A11,Y$3:AD267,6,FALSE),IFERROR(0/0,"")) -> 0 | L11: =IF($C11=I11,IFERROR(0/0,""),$C11-I11) | M11: =IF($E11=J11,IFERROR(0/0,""),$E11-J11) | N11: =IF($F11=K11,IFERROR(0/0,""),$F11-K11) | O11: =IFERROR(VLOOKUP($A11,AG$3:AI267,3,FALSE),IFERROR(0/0,"") ) -> 9 | P11: =IF($C11=O11,IFERROR(0/0,""),$C11-O11) | R11: RUN-ABRM_2022-09-14_RFR-013 | S11: 44818 | T11: =VLOOKUP(R11,'Run Reconcile'!$A$2:$L259,12,FALSE) -> 9 | U11: =IF(EXACT(A10,R10),IFERROR(0/0,""),FALSE) | Y11: =IFERROR(__xludf.DUMMYFUNCTION("""COMPUTED_VALUE"""),"RUN-ABRM_2022-09-14_RFR-013") -> RUN-ABRM_2022-09-14_RFR-013 | Z11: =IFERROR(__xludf.DUMMYFUNCTION("""COMPUTED_VALUE"""),44818.0) -> 44818 | AA11: {=INDEX('RFR Data - preExcl'!AK$2:AK259,$AE11,1)} -> 9 | AB11: =AA11-AC11-AD11 -> 9 | AC11: {=INDEX('RFR Data - preExcl'!AI$2:AI259,$AE11,1)} -> 0 | AD11: {=INDEX('RFR Data - preExcl'!AF$2:AF259,$AE11,1)} -> 0 | AE11: =IFNA(MATCH(Y11,'RFR Data - preExcl'!A$2:A259,0),"") -> 13 | AG11: RUN-ABRM_2022-09-14_RFR-013 | AH11: =VLOOKUP(AG11,'Run Reconcile'!A$2:B259,2,FALSE) -> 44818 | AI11: =COUNTIF('APS Tubes IMPORT'!$V$2:$V259, AG11) -> 9 | AJ11: =COUNTIFS('APS Tubes IMPORT'!V$2:V259, AG11, 'APS Tubes IMPORT'!H$2:H259, "Negative") -> 9 | AK11: =COUNTIFS('APS Tubes IMPORT'!V10:V259, AG11, 'APS Tubes IMPORT'!H10:H259, "Positive") -> 0 | AL11: =COUNTIFS('APS Tubes IMPORT'!V10:V259, AG11, 'APS Tubes IMPORT'!H10:H259, "Inconclusive") -> 0 | AM11: =COUNTIFS('APS Tubes IMPORT'!V10:V259, AG11, 'APS Tubes IMPORT'!H10:H259, "Null") -> 0 | AO11: ='APS Tubes by Date IMPORT'!B10 -> 44818 | AP11: ='APS Tubes by Date IMPORT'!C10 -> 9 | AQ11: ='APS Tubes by Date IMPORT'!D10 -> 9 | AR11: ='APS Tubes by Date IMPORT'!E10 -> 0 | AS11: ='APS Tubes by Date IMPORT'!F10 -> 0 | AT11: ='APS Tubes by Date IMPORT'!G10 -> 0
A12: RUN-ABRM_2022-09-15_RFR-014 | B12: =VLOOKUP(A12,'ALL Tube Results'!$B$2:$D259,2,FALSE) -> 44819 | C12: =COUNTIF('ALL Tube Results'!B11:B259, A12) -> 10 | D12: =COUNTIFS('ALL Tube Results'!$B11:$B259, $A12, 'ALL Tube Results'!$F11:$F259, "Negative") -> 10 | E12: =COUNTIFS('ALL Tube Results'!$B11:$B259, $A12, 'ALL Tube Results'!$F11:$F259, "Positive") -> 0 | F12: =COUNTIFS('ALL Tube Results'!$B11:$B259, $A12, 'ALL Tube Results'!$F11:$F259, "Inconclusive") -> 0 | G12: =IFERROR(VLOOKUP($A12,R$3:T268,3,FALSE),IFERROR(0/0,"") ) -> 10 | H12: =IF($C12=G12,IFERROR(0/0,""),$C12-G12) | I12: =IFERROR(VLOOKUP($A12,Y$3:AA268,3,FALSE),IFERROR(0/0,"") ) -> 10 | J12: =IFERROR(VLOOKUP($A12,Y$3:AD268,5,FALSE),IFERROR(0/0,"") ) -> 0 | K12: =IFERROR(VLOOKUP($A12,Y$3:AD268,6,FALSE),IFERROR(0/0,"")) -> 0 | L12: =IF($C12=I12,IFERROR(0/0,""),$C12-I12) | M12: =IF($E12=J12,IFERROR(0/0,""),$E12-J12) | N12: =IF($F12=K12,IFERROR(0/0,""),$F12-K12) | O12: =IFERROR(VLOOKUP($A12,AG$3:AI268,3,FALSE),IFERROR(0/0,"") ) -> 10 | P12: =IF($C12=O12,IFERROR(0/0,""),$C12-O12) | R12: RUN-ABRM_2022-09-15_RFR-014 | S12: 44819 | T12: =VLOOKUP(R12,'Run Reconcile'!$A$2:$L259,12,FALSE) -> 10 | U12: =IF(EXACT(A11,R11),IFERROR(0/0,""),FALSE) | Y12: =IFERROR(__xludf.DUMMYFUNCTION("""COMPUTED_VALUE"""),"RUN-ABRM_2022-09-15_RFR-014") -> RUN-ABRM_2022-09-15_RFR-014 | Z12: =IFERROR(__xludf.DUMMYFUNCTION("""COMPUTED_VALUE"""),44819.0) -> 44819 | AA12: {=INDEX('RFR Data - preExcl'!AK$2:AK259,$AE12,1)} -> 10 | AB12: =AA12-AC12-AD12 -> 10 | AC12: {=INDEX('RFR Data - preExcl'!AI$2:AI259,$AE12,1)} -> 0 | AD12: {=INDEX('RFR Data - preExcl'!AF$2:AF259,$AE12,1)} -> 0 | AE12: =IFNA(MATCH(Y12,'RFR Data - preExcl'!A$2:A259,0),"") -> 14 | AG12: RUN-ABRM_2022-09-15_RFR-014 | AH12: =VLOOKUP(AG12,'Run Reconcile'!A$2:B259,2,FALSE) -> 44819 | AI12: =COUNTIF('APS Tubes IMPORT'!$V$2:$V259, AG12) -> 10 | AJ12: =COUNTIFS('APS Tubes IMPORT'!V$2:V259, AG12, 'APS Tubes IMPORT'!H$2:H259, "Negative") -> 10 | AK12: =COUNTIFS('APS Tubes IMPORT'!V11:V259, AG12, 'APS Tubes IMPORT'!H11:H259, "Positive") -> 0 | AL12: =COUNTIFS('APS Tubes IMPORT'!V11:V259, AG12, 'APS Tubes IMPORT'!H11:H259, "Inconclusive") -> 0 | AM12: =COUNTIFS('APS Tubes IMPORT'!V11:V259, AG12, 'APS Tubes IMPORT'!H11:H259, "Null") -> 0 | AO12: ='APS Tubes by Date IMPORT'!B11 -> 44819 | AP12: ='APS Tubes by Date IMPORT'!C11 -> 10 | AQ12: ='APS Tubes by Date IMPORT'!D11 -> 10 | AR12: ='APS Tubes by Date IMPORT'!E11 -> 0 | AS12: ='APS Tubes by Date IMPORT'!F11 -> 0 | AT12: ='APS Tubes by Date IMPORT'!G11 -> 0
A13: RUN-ABRM_2022-09-16_RFR-015 | B13: =VLOOKUP(A13,'ALL Tube Results'!$B$2:$D259,2,FALSE) -> 44820 | C13: =COUNTIF('ALL Tube Results'!B12:B259, A13) -> 8 | D13: =COUNTIFS('ALL Tube Results'!$B12:$B259, $A13, 'ALL Tube Results'!$F12:$F259, "Negative") -> 8 | E13: =COUNTIFS('ALL Tube Results'!$B12:$B259, $A13, 'ALL Tube Results'!$F12:$F259, "Positive") -> 0 | F13: =COUNTIFS('ALL Tube Results'!$B12:$B259, $A13, 'ALL Tube Results'!$F12:$F259, "Inconclusive") -> 0 | G13: =IFERROR(VLOOKUP($A13,R$3:T269,3,FALSE),IFERROR(0/0,"") ) -> 8 | H13: =IF($C13=G13,IFERROR(0/0,""),$C13-G13) | I13: =IFERROR(VLOOKUP($A13,Y$3:AA269,3,FALSE),IFERROR(0/0,"") ) -> 8 | J13: =IFERROR(VLOOKUP($A13,Y$3:AD269,5,FALSE),IFERROR(0/0,"") ) -> 0 | K13: =IFERROR(VLOOKUP($A13,Y$3:AD269,6,FALSE),IFERROR(0/0,"")) -> 0 | L13: =IF($C13=I13,IFERROR(0/0,""),$C13-I13) | M13: =IF($E13=J13,IFERROR(0/0,""),$E13-J13) | N13: =IF($F13=K13,IFERROR(0/0,""),$F13-K13) | O13: =IFERROR(VLOOKUP($A13,AG$3:AI269,3,FALSE),IFERROR(0/0,"") ) -> 8 | P13: =IF($C13=O13,IFERROR(0/0,""),$C13-O13) | R13: RUN-ABRM_2022-09-16_RFR-015 | S13: 44820 | T13: =VLOOKUP(R13,'Run Reconcile'!$A$2:$L259,12,FALSE) -> 8 | U13: =IF(EXACT(A12,R12),IFERROR(0/0,""),FALSE) | Y13: =IFERROR(__xludf.DUMMYFUNCTION("""COMPUTED_VALUE"""),"RUN-ABRM_2022-09-16_RFR-015") -> RUN-ABRM_2022-09-16_RFR-015 | Z13: =IFERROR(__xludf.DUMMYFUNCTION("""COMPUTED_VALUE"""),44820.0) -> 44820 | AA13: {=INDEX('RFR Data - preExcl'!AK$2:AK259,$AE13,1)} -> 8 | AB13: =AA13-AC13-AD13 -> 8 | AC13: {=INDEX('RFR Data - preExcl'!AI$2:AI259,$AE13,1)} -> 0 | AD13: {=INDEX('RFR Data - preExcl'!AF$2:AF259,$AE13,1)} -> 0 | AE13: =IFNA(MATCH(Y13,'RFR Data - preExcl'!A$2:A259,0),"") -> 15 | AG13: RUN-ABRM_2022-09-16_RFR-015 | AH13: =VLOOKUP(AG13,'Run Reconcile'!A$2:B259,2,FALSE) -> 44820 | AI13: =COUNTIF('APS Tubes IMPORT'!$V$2:$V259, AG13) -> 8 | AJ13: =COUNTIFS('APS Tubes IMPORT'!V$2:V259, AG13, 'APS Tubes IMPORT'!H$2:H259, "Negative") -> 8 | AK13: =COUNTIFS('APS Tubes IMPORT'!V12:V259, AG13, 'APS Tubes IMPORT'!H12:H259, "Positive") -> 0 | AL13: =COUNTIFS('APS Tubes IMPORT'!V12:V259, AG13, 'APS Tubes IMPORT'!H12:H259, "Inconclusive") -> 0 | AM13: =COUNTIFS('APS Tubes IMPORT'!V12:V259, AG13, 'APS Tubes IMPORT'!H12:H259, "Null") -> 0 | AO13: ='APS Tubes by Date IMPORT'!B12 -> 44820 | AP13: ='APS Tubes by Date IMPORT'!C12 -> 8 | AQ13: ='APS Tubes by Date IMPORT'!D12 -> 8 | AR13: ='APS Tubes by Date IMPORT'!E12 -> 0 | AS13: ='APS Tubes by Date IMPORT'!F12 -> 0 | AT13: ='APS Tubes by Date IMPORT'!G12 -> 0
A14: RUN-ABRM_2022-09-19_RFR-017 | B14: =VLOOKUP(A14,'ALL Tube Results'!$B$2:$D259,2,FALSE) -> 44823 | C14: =COUNTIF('ALL Tube Results'!B13:B259, A14) -> 10 | D14: =COUNTIFS('ALL Tube Results'!$B13:$B259, $A14, 'ALL Tube Results'!$F13:$F259, "Negative") -> 10 | E14: =COUNTIFS('ALL Tube Results'!$B13:$B259, $A14, 'ALL Tube Results'!$F13:$F259, "Positive") -> 0 | F14: =COUNTIFS('ALL Tube Results'!$B13:$B259, $A14, 'ALL Tube Results'!$F13:$F259, "Inconclusive") -> 0 | G14: =IFERROR(VLOOKUP($A14,R$3:T270,3,FALSE),IFERROR(0/0,"") ) -> 10 | H14: =IF($C14=G14,IFERROR(0/0,""),$C14-G14) | I14: =IFERROR(VLOOKUP($A14,Y$3:AA270,3,FALSE),IFERROR(0/0,"") ) -> 10 | J14: =IFERROR(VLOOKUP($A14,Y$3:AD270,5,FALSE),IFERROR(0/0,"") ) -> 0 | K14: =IFERROR(VLOOKUP($A14,Y$3:AD270,6,FALSE),IFERROR(0/0,"")) -> 0 | L14: =IF($C14=I14,IFERROR(0/0,""),$C14-I14) | M14: =IF($E14=J14,IFERROR(0/0,""),$E14-J14) | N14: =IF($F14=K14,IFERROR(0/0,""),$F14-K14) | O14: =IFERROR(VLOOKUP($A14,AG$3:AI270,3,FALSE),IFERROR(0/0,"") ) -> 10 | P14: =IF($C14=O14,IFERROR(0/0,""),$C14-O14) | R14: RUN-ABRM_2022-09-19_RFR-017 | S14: 44823 | T14: =VLOOKUP(R14,'Run Reconcile'!$A$2:$L259,12,FALSE) -> 10 | U14: =IF(EXACT(A13,R13),IFERROR(0/0,""),FALSE) | Y14: =IFERROR(__xludf.DUMMYFUNCTION("""COMPUTED_VALUE"""),"RUN-ABRM_2022-09-19_RFR-017") -> RUN-ABRM_2022-09-19_RFR-017 | Z14: =IFERROR(__xludf.DUMMYFUNCTION("""COMPUTED_VALUE"""),44823.0) -> 44823 | AA14: {=INDEX('RFR Data - preExcl'!AK$2:AK259,$AE14,1)} -> 10 | AB14: =AA14-AC14-AD14 -> 10 | AC14: {=INDEX('RFR Data - preExcl'!AI$2:AI259,$AE14,1)} -> 0 | AD14: {=INDEX('RFR Data - preExcl'!AF$2:AF259,$AE14,1)} -> 0 | AE14: =IFNA(MATCH(Y14,'RFR Data - preExcl'!A$2:A259,0),"") -> 17 | AG14: RUN-ABRM_2022-09-19_RFR-017 | AH14: =VLOOKUP(AG14,'Run Reconcile'!A$2:B259,2,FALSE) -> 44823 | AI14: =COUNTIF('APS Tubes IMPORT'!$V$2:$V259, AG14) -> 10 | AJ14: =COUNTIFS('APS Tubes IMPORT'!V$2:V259, AG14, 'APS Tubes IMPORT'!H$2:H259, "Negative") -> 10 | AK14: =COUNTIFS('APS Tubes IMPORT'!V13:V259, AG14, 'APS Tubes IMPORT'!H13:H259, "Positive") -> 0 | AL14: =COUNTIFS('APS Tubes IMPORT'!V13:V259, AG14, 'APS Tubes IMPORT'!H13:H259, "Inconclusive") -> 0 | AM14: =COUNTIFS('APS Tubes IMPORT'!V13:V259, AG14, 'APS Tubes IMPORT'!H13:H259, "Null") -> 0 | AO14: ='APS Tubes by Date IMPORT'!B13 -> 44823 | AP14: ='APS Tubes by Date IMPORT'!C13 -> 10 | AQ14: ='APS Tubes by Date IMPORT'!D13 -> 10 | AR14: ='APS Tubes by Date IMPORT'!E13 -> 0 | AS14: ='APS Tubes by Date IMPORT'!F13 -> 0 | AT14: ='APS Tubes by Date IMPORT'!G13 -> 0
A15: RUN-ABRM_2022-09-20_RFR-018 | B15: =VLOOKUP(A15,'ALL Tube Results'!$B$2:$D259,2,FALSE) -> 44824 | C15: =COUNTIF('ALL Tube Results'!B14:B259, A15) -> 12 | D15: =COUNTIFS('ALL Tube Results'!$B14:$B259, $A15, 'ALL Tube Results'!$F14:$F259, "Negative") -> 12 | E15: =COUNTIFS('ALL Tube Results'!$B14:$B259, $A15, 'ALL Tube Results'!$F14:$F259, "Positive") -> 0 | F15: =COUNTIFS('ALL Tube Results'!$B14:$B259, $A15, 'ALL Tube Results'!$F14:$F259, "Inconclusive") -> 0 | G15: =IFERROR(VLOOKUP($A15,R$3:T271,3,FALSE),IFERROR(0/0,"") ) -> 12 | H15: =IF($C15=G15,IFERROR(0/0,""),$C15-G15) | I15: =IFERROR(VLOOKUP($A15,Y$3:AA271,3,FALSE),IFERROR(0/0,"") ) -> 12 | J15: =IFERROR(VLOOKUP($A15,Y$3:AD271,5,FALSE),IFERROR(0/0,"") ) -> 0 | K15: =IFERROR(VLOOKUP($A15,Y$3:AD271,6,FALSE),IFERROR(0/0,"")) -> 0 | L15: =IF($C15=I15,IFERROR(0/0,""),$C15-I15) | M15: =IF($E15=J15,IFERROR(0/0,""),$E15-J15) | N15: =IF($F15=K15,IFERROR(0/0,""),$F15-K15) | O15: =IFERROR(VLOOKUP($A15,AG$3:AI271,3,FALSE),IFERROR(0/0,"") ) -> 12 | P15: =IF($C15=O15,IFERROR(0/0,""),$C15-O15) | R15: RUN-ABRM_2022-09-20_RFR-018 | S15: 44824 | T15: =VLOOKUP(R15,'Run Reconcile'!$A$2:$L259,12,FALSE) -> 12 | U15: =IF(EXACT(A14,R14),IFERROR(0/0,""),FALSE) | Y15: =IFERROR(__xludf.DUMMYFUNCTION("""COMPUTED_VALUE"""),"RUN-ABRM_2022-09-20_RFR-018") -> RUN-ABRM_2022-09-20_RFR-018 | Z15: =IFERROR(__xludf.DUMMYFUNCTION("""COMPUTED_VALUE"""),44824.0) -> 44824 | AA15: {=INDEX('RFR Data - preExcl'!AK$2:AK259,$AE15,1)} -> 12 | AB15: =AA15-AC15-AD15 -> 12 | AC15: {=INDEX('RFR Data - preExcl'!AI$2:AI259,$AE15,1)} -> 0 | AD15: {=INDEX('RFR Data - preExcl'!AF$2:AF259,$AE15,1)} -> 0 | AE15: =IFNA(MATCH(Y15,'RFR Data - preExcl'!A$2:A259,0),"") -> 18 | AG15: RUN-ABRM_2022-09-20_RFR-018 | AH15: =VLOOKUP(AG15,'Run Reconcile'!A$2:B259,2,FALSE) -> 44824 | AI15: =COUNTIF('APS Tubes IMPORT'!$V$2:$V259, AG15) -> 12 | AJ15: =COUNTIFS('APS Tubes IMPORT'!V$2:V259, AG15, 'APS Tubes IMPORT'!H$2:H259, "Negative") -> 12 | AK15: =COUNTIFS('APS Tubes IMPORT'!V14:V259, AG15, 'APS Tubes IMPORT'!H14:H259, "Positive") -> 0 | AL15: =COUNTIFS('APS Tubes IMPORT'!V14:V259, AG15, 'APS Tubes IMPORT'!H14:H259, "Inconclusive") -> 0 | AM15: =COUNTIFS('APS Tubes IMPORT'!V14:V259, AG15, 'APS Tubes IMPORT'!H14:H259, "Null") -> 0 | AO15: ='APS Tubes by Date IMPORT'!B14 -> 44824 | AP15: ='APS Tubes by Date IMPORT'!C14 -> 12 | AQ15: ='APS Tubes by Date IMPORT'!D14 -> 12 | AR15: ='APS Tubes by Date IMPORT'!E14 -> 0 | AS15: ='APS Tubes by Date IMPORT'!F14 -> 0 | AT15: ='APS Tubes by Date IMPORT'!G14 -> 0
A16: RUN-ABRM_2022-09-21_RFR-019 | B16: =VLOOKUP(A16,'ALL Tube Results'!$B$2:$D259,2,FALSE) -> 44825 | C16: =COUNTIF('ALL Tube Results'!B15:B259, A16) -> 10 | D16: =COUNTIFS('ALL Tube Results'!$B15:$B259, $A16, 'ALL Tube Results'!$F15:$F259, "Negative") -> 10 | E16: =COUNTIFS('ALL Tube Results'!$B15:$B259, $A16, 'ALL Tube Results'!$F15:$F259, "Positive") -> 0 | F16: =COUNTIFS('ALL Tube Results'!$B15:$B259, $A16, 'ALL Tube Results'!$F15:$F259, "Inconclusive") -> 0 | G16: =IFERROR(VLOOKUP($A16,R$3:T272,3,FALSE),IFERROR(0/0,"") ) -> 10 | H16: =IF($C16=G16,IFERROR(0/0,""),$C16-G16) | I16: =IFERROR(VLOOKUP($A16,Y$3:AA272,3,FALSE),IFERROR(0/0,"") ) -> 10 | J16: =IFERROR(VLOOKUP($A16,Y$3:AD272,5,FALSE),IFERROR(0/0,"") ) -> 0 | K16: =IFERROR(VLOOKUP($A16,Y$3:AD272,6,FALSE),IFERROR(0/0,"")) -> 0 | L16: =IF($C16=I16,IFERROR(0/0,""),$C16-I16) | M16: =IF($E16=J16,IFERROR(0/0,""),$E16-J16) | N16: =IF($F16=K16,IFERROR(0/0,""),$F16-K16) | O16: =IFERROR(VLOOKUP($A16,AG$3:AI272,3,FALSE),IFERROR(0/0,"") ) -> 10 | P16: =IF($C16=O16,IFERROR(0/0,""),$C16-O16) | R16: RUN-ABRM_2022-09-21_RFR-019 | S16: 44825 | T16: =VLOOKUP(R16,'Run Reconcile'!$A$2:$L259,12,FALSE) -> 10 | U16: =IF(EXACT(A15,R15),IFERROR(0/0,""),FALSE) | Y16: =IFERROR(__xludf.DUMMYFUNCTION("""COMPUTED_VALUE"""),"RUN-ABRM_2022-09-21_RFR-019") -> RUN-ABRM_2022-09-21_RFR-019 | Z16: =IFERROR(__xludf.DUMMYFUNCTION("""COMPUTED_VALUE"""),44825.0) -> 44825 | AA16: {=INDEX('RFR Data - preExcl'!AK$2:AK259,$AE16,1)} -> 10 | AB16: =AA16-AC16-AD16 -> 10 | AC16: {=INDEX('RFR Data - preExcl'!AI$2:AI259,$AE16,1)} -> 0 | AD16: {=INDEX('RFR Data - preExcl'!AF$2:AF259,$AE16,1)} -> 0 | AE16: =IFNA(MATCH(Y16,'RFR Data - preExcl'!A$2:A259,0),"") -> 19 | AG16: RUN-ABRM_2022-09-21_RFR-019 | AH16: =VLOOKUP(AG16,'Run Reconcile'!A$2:B259,2,FALSE) -> 44825 | AI16: =COUNTIF('APS Tubes IMPORT'!$V$2:$V259, AG16) -> 10 | AJ16: =COUNTIFS('APS Tubes IMPORT'!V$2:V259, AG16, 'APS Tubes IMPORT'!H$2:H259, "Negative") -> 10 | AK16: =COUNTIFS('APS Tubes IMPORT'!V15:V259, AG16, 'APS Tubes IMPORT'!H15:H259, "Positive") -> 0 | AL16: =COUNTIFS('APS Tubes IMPORT'!V15:V259, AG16, 'APS Tubes IMPORT'!H15:H259, "Inconclusive") -> 0 | AM16: =COUNTIFS('APS Tubes IMPORT'!V15:V259, AG16, 'APS Tubes IMPORT'!H15:H259, "Null") -> 0 | AO16: ='APS Tubes by Date IMPORT'!B15 -> 44825 | AP16: ='APS Tubes by Date IMPORT'!C15 -> 10 | AQ16: ='APS Tubes by Date IMPORT'!D15 -> 10 | AR16: ='APS Tubes by Date IMPORT'!E15 -> 0 | AS16: ='APS Tubes by Date IMPORT'!F15 -> 0 | AT16: ='APS Tubes by Date IMPORT'!G15 -> 0
A17: RUN-ABRM_2022-09-22_RFR-021 | B17: =VLOOKUP(A17,'ALL Tube Results'!$B$2:$D259,2,FALSE) -> 44826 | C17: =COUNTIF('ALL Tube Results'!B16:B259, A17) -> 7 | D17: =COUNTIFS('ALL Tube Results'!$B16:$B259, $A17, 'ALL Tube Results'!$F16:$F259, "Negative") -> 7 | E17: =COUNTIFS('ALL Tube Results'!$B16:$B259, $A17, 'ALL Tube Results'!$F16:$F259, "Positive") -> 0 | F17: =COUNTIFS('ALL Tube Results'!$B16:$B259, $A17, 'ALL Tube Results'!$F16:$F259, "Inconclusive") -> 0 | G17: =IFERROR(VLOOKUP($A17,R$3:T273,3,FALSE),IFERROR(0/0,"") ) -> 7 | H17: =IF($C17=G17,IFERROR(0/0,""),$C17-G17) | I17: =IFERROR(VLOOKUP($A17,Y$3:AA273,3,FALSE),IFERROR(0/0,"") ) -> 7 | J17: =IFERROR(VLOOKUP($A17,Y$3:AD273,5,FALSE),IFERROR(0/0,"") ) -> 0 | K17: =IFERROR(VLOOKUP($A17,Y$3:AD273,6,FALSE),IFERROR(0/0,"")) -> 0 | L17: =IF($C17=I17,IFERROR(0/0,""),$C17-I17) | M17: =IF($E17=J17,IFERROR(0/0,""),$E17-J17) | N17: =IF($F17=K17,IFERROR(0/0,""),$F17-K17) | O17: =IFERROR(VLOOKUP($A17,AG$3:AI273,3,FALSE),IFERROR(0/0,"") ) -> 7 | P17: =IF($C17=O17,IFERROR(0/0,""),$C17-O17) | R17: RUN-ABRM_2022-09-22_RFR-021 | S17: 44826 | T17: =VLOOKUP(R17,'Run Reconcile'!$A$2:$L259,12,FALSE) -> 7 | U17: =IF(EXACT(A16,R16),IFERROR(0/0,""),FALSE) | Y17: =IFERROR(__xludf.DUMMYFUNCTION("""COMPUTED_VALUE"""),"RUN-ABRM_2022-09-22_RFR-021") -> RUN-ABRM_2022-09-22_RFR-021 | Z17: =IFERROR(__xludf.DUMMYFUNCTION("""COMPUTED_VALUE"""),44826.0) -> 44826 | AA17: {=INDEX('RFR Data - preExcl'!AK$2:AK259,$AE17,1)} -> 7 | AB17: =AA17-AC17-AD17 -> 7 | AC17: {=INDEX('RFR Data - preExcl'!AI$2:AI259,$AE17,1)} -> 0 | AD17: {=INDEX('RFR Data - preExcl'!AF$2:AF259,$AE17,1)} -> 0 | AE17: =IFNA(MATCH(Y17,'RFR Data - preExcl'!A$2:A259,0),"") -> 21 | AG17: RUN-ABRM_2022-09-22_RFR-021 | AH17: =VLOOKUP(AG17,'Run Reconcile'!A$2:B259,2,FALSE) -> 44826 | AI17: =COUNTIF('APS Tubes IMPORT'!$V$2:$V259, AG17) -> 7 | AJ17: =COUNTIFS('APS Tubes IMPORT'!V$2:V259, AG17, 'APS Tubes IMPORT'!H$2:H259, "Negative") -> 7 | AK17: =COUNTIFS('APS Tubes IMPORT'!V16:V259, AG17, 'APS Tubes IMPORT'!H16:H259, "Positive") -> 0 | AL17: =COUNTIFS('APS Tubes IMPORT'!V16:V259, AG17, 'APS Tubes IMPORT'!H16:H259, "Inconclusive") -> 0 | AM17: =COUNTIFS('APS Tubes IMPORT'!V16:V259, AG17, 'APS Tubes IMPORT'!H16:H259, "Null") -> 0 | AO17: ='APS Tubes by Date IMPORT'!B16 -> 44826 | AP17: ='APS Tubes by Date IMPORT'!C16 -> 7 | AQ17: ='APS Tubes by Date IMPORT'!D16 -> 7 | AR17: ='APS Tubes by Date IMPORT'!E16 -> 0 | AS17: ='APS Tubes by Date IMPORT'!F16 -> 0 | AT17: ='APS Tubes by Date IMPORT'!G16 -> 0
A18: RUN-ABRM_2022-09-23_RFR-022 | B18: =VLOOKUP(A18,'ALL Tube Results'!$B$2:$D259,2,FALSE) -> 44827 | C18: =COUNTIF('ALL Tube Results'!B17:B259, A18) -> 9 | D18: =COUNTIFS('ALL Tube Results'!$B17:$B259, $A18, 'ALL Tube Results'!$F17:$F259, "Negative") -> 9 | E18: =COUNTIFS('ALL Tube Results'!$B17:$B259, $A18, 'ALL Tube Results'!$F17:$F259, "Positive") -> 0 | F18: =COUNTIFS('ALL Tube Results'!$B17:$B259, $A18, 'ALL Tube Results'!$F17:$F259, "Inconclusive") -> 0 | G18: =IFERROR(VLOOKUP($A18,R$3:T274,3,FALSE),IFERROR(0/0,"") ) -> 9 | H18: =IF($C18=G18,IFERROR(0/0,""),$C18-G18) | I18: =IFERROR(VLOOKUP($A18,Y$3:AA274,3,FALSE),IFERROR(0/0,"") ) -> 9 | J18: =IFERROR(VLOOKUP($A18,Y$3:AD274,5,FALSE),IFERROR(0/0,"") ) -> 0 | K18: =IFERROR(VLOOKUP($A18,Y$3:AD274,6,FALSE),IFERROR(0/0,"")) -> 0 | L18: =IF($C18=I18,IFERROR(0/0,""),$C18-I18) | M18: =IF($E18=J18,IFERROR(0/0,""),$E18-J18) | N18: =IF($F18=K18,IFERROR(0/0,""),$F18-K18) | O18: =IFERROR(VLOOKUP($A18,AG$3:AI274,3,FALSE),IFERROR(0/0,"") ) -> 9 | P18: =IF($C18=O18,IFERROR(0/0,""),$C18-O18) | R18: RUN-ABRM_2022-09-23_RFR-022 | S18: 44827 | T18: =VLOOKUP(R18,'Run Reconcile'!$A$2:$L259,12,FALSE) -> 9 | U18: =IF(EXACT(A17,R17),IFERROR(0/0,""),FALSE) | Y18: =IFERROR(__xludf.DUMMYFUNCTION("""COMPUTED_VALUE"""),"RUN-ABRM_2022-09-23_RFR-022") -> RUN-ABRM_2022-09-23_RFR-022 | Z18: =IFERROR(__xludf.DUMMYFUNCTION("""COMPUTED_VALUE"""),44827.0) -> 44827 | AA18: {=INDEX('RFR Data - preExcl'!AK$2:AK259,$AE18,1)} -> 9 | AB18: =AA18-AC18-AD18 -> 9 | AC18: {=INDEX('RFR Data - preExcl'!AI$2:AI259,$AE18,1)} -> 0 | AD18: {=INDEX('RFR Data - preExcl'!AF$2:AF259,$AE18,1)} -> 0 | AE18: =IFNA(MATCH(Y18,'RFR Data - preExcl'!A$2:A259,0),"") -> 22 | AG18: RUN-ABRM_2022-09-23_RFR-022 | AH18: =VLOOKUP(AG18,'Run Reconcile'!A$2:B259,2,FALSE) -> 44827 | AI18: =COUNTIF('APS Tubes IMPORT'!$V$2:$V259, AG18) -> 9 | AJ18: =COUNTIFS('APS Tubes IMPORT'!V$2:V259, AG18, 'APS Tubes IMPORT'!H$2:H259, "Negative") -> 9 | AK18: =COUNTIFS('APS Tubes IMPORT'!V17:V259, AG18, 'APS Tubes IMPORT'!H17:H259, "Positive") -> 0 | AL18: =COUNTIFS('APS Tubes IMPORT'!V17:V259, AG18, 'APS Tubes IMPORT'!H17:H259, "Inconclusive") -> 0 | AM18: =COUNTIFS('APS Tubes IMPORT'!V17:V259, AG18, 'APS Tubes IMPORT'!H17:H259, "Null") -> 0 | AO18: ='APS Tubes by Date IMPORT'!B17 -> 44827 | AP18: ='APS Tubes by Date IMPORT'!C17 -> 9 | AQ18: ='APS Tubes by Date IMPORT'!D17 -> 9 | AR18: ='APS Tubes by Date IMPORT'!E17 -> 0 | AS18: ='APS Tubes by Date IMPORT'!F17 -> 0 | AT18: ='APS Tubes by Date IMPORT'!G17 -> 0
A19: RUN-ABRM_2022-09-26_RFR-023 | B19: =VLOOKUP(A19,'ALL Tube Results'!$B$2:$D259,2,FALSE) -> 44830 | C19: =COUNTIF('ALL Tube Results'!B18:B259, A19) -> 12 | D19: =COUNTIFS('ALL Tube Results'!$B18:$B259, $A19, 'ALL Tube Results'!$F18:$F259, "Negative") -> 12 | E19: =COUNTIFS('ALL Tube Results'!$B18:$B259, $A19, 'ALL Tube Results'!$F18:$F259, "Positive") -> 0 | F19: =COUNTIFS('ALL Tube Results'!$B18:$B259, $A19, 'ALL Tube Results'!$F18:$F259, "Inconclusive") -> 0 | G19: =IFERROR(VLOOKUP($A19,R$3:T275,3,FALSE),IFERROR(0/0,"") ) -> 12 | H19: =IF($C19=G19,IFERROR(0/0,""),$C19-G19) | I19: =IFERROR(VLOOKUP($A19,Y$3:AA275,3,FALSE),IFERROR(0/0,"") ) -> 12 | J19: =IFERROR(VLOOKUP($A19,Y$3:AD275,5,FALSE),IFERROR(0/0,"") ) -> 0 | K19: =IFERROR(VLOOKUP($A19,Y$3:AD275,6,FALSE),IFERROR(0/0,"")) -> 0 | L19: =IF($C19=I19,IFERROR(0/0,""),$C19-I19) | M19: =IF($E19=J19,IFERROR(0/0,""),$E19-J19) | N19: =IF($F19=K19,IFERROR(0/0,""),$F19-K19) | O19: =IFERROR(VLOOKUP($A19,AG$3:AI275,3,FALSE),IFERROR(0/0,"") ) -> 12 | P19: =IF($C19=O19,IFERROR(0/0,""),$C19-O19) | R19: RUN-ABRM_2022-09-26_RFR-023 | S19: 44830 | T19: =VLOOKUP(R19,'Run Reconcile'!$A$2:$L259,12,FALSE) -> 12 | U19: =IF(EXACT(A18,R18),IFERROR(0/0,""),FALSE) | Y19: =IFERROR(__xludf.DUMMYFUNCTION("""COMPUTED_VALUE"""),"RUN-ABRM_2022-09-26_RFR-023") -> RUN-ABRM_2022-09-26_RFR-023 | Z19: =IFERROR(__xludf.DUMMYFUNCTION("""COMPUTED_VALUE"""),44830.0) -> 44830 | AA19: {=INDEX('RFR Data - preExcl'!AK$2:AK259,$AE19,1)} -> 12 | AB19: =AA19-AC19-AD19 -> 12 | AC19: {=INDEX('RFR Data - preExcl'!AI$2:AI259,$AE19,1)} -> 0 | AD19: {=INDEX('RFR Data - preExcl'!AF$2:AF259,$AE19,1)} -> 0 | AE19: =IFNA(MATCH(Y19,'RFR Data - preExcl'!A$2:A259,0),"") -> 23 | AG19: RUN-ABRM_2022-09-26_RFR-023 | AH19: =VLOOKUP(AG19,'Run Reconcile'!A$2:B259,2,FALSE) -> 44830 | AI19: =COUNTIF('APS Tubes IMPORT'!$V$2:$V259, AG19) -> 12 | AJ19: =COUNTIFS('APS Tubes IMPORT'!V$2:V259, AG19, 'APS Tubes IMPORT'!H$2:H259, "Negative") -> 12 | AK19: =COUNTIFS('APS Tubes IMPORT'!V18:V259, AG19, 'APS Tubes IMPORT'!H18:H259, "Positive") -> 0 | AL19: =COUNTIFS('APS Tubes IMPORT'!V18:V259, AG19, 'APS Tubes IMPORT'!H18:H259, "Inconclusive") -> 0 | AM19: =COUNTIFS('APS Tubes IMPORT'!V18:V259, AG19, 'APS Tubes IMPORT'!H18:H259, "Null") -> 0 | AO19: ='APS Tubes by Date IMPORT'!B18 -> 44830 | AP19: ='APS Tubes by Date IMPORT'!C18 -> 12 | AQ19: ='APS Tubes by Date IMPORT'!D18 -> 12 | AR19: ='APS Tubes by Date IMPORT'!E18 -> 0 | AS19: ='APS Tubes by Date IMPORT'!F18 -> 0 | AT19: ='APS Tubes by Date IMPORT'!G18 -> 0
A20: RUN-ABRM_2022-09-27_RFR-025 | B20: =VLOOKUP(A20,'ALL Tube Results'!$B$2:$D259,2,FALSE) -> 44831 | C20: =COUNTIF('ALL Tube Results'!B19:B259, A20) -> 12 | D20: =COUNTIFS('ALL Tube Results'!$B19:$B259, $A20, 'ALL Tube Results'!$F19:$F259, "Negative") -> 12 | E20: =COUNTIFS('ALL Tube Results'!$B19:$B259, $A20, 'ALL Tube Results'!$F19:$F259, "Positive") -> 0 | F20: =COUNTIFS('ALL Tube Results'!$B19:$B259, $A20, 'ALL Tube Results'!$F19:$F259, "Inconclusive") -> 0 | G20: =IFERROR(VLOOKUP($A20,R$3:T276,3,FALSE),IFERROR(0/0,"") ) -> 12 | H20: =IF($C20=G20,IFERROR(0/0,""),$C20-G20) | I20: =IFERROR(VLOOKUP($A20,Y$3:AA276,3,FALSE),IFERROR(0/0,"") ) -> 12 | J20: =IFERROR(VLOOKUP($A20,Y$3:AD276,5,FALSE),IFERROR(0/0,"") ) -> 0 | K20: =IFERROR(VLOOKUP($A20,Y$3:AD276,6,FALSE),IFERROR(0/0,"")) -> 0 | L20: =IF($C20=I20,IFERROR(0/0,""),$C20-I20) | M20: =IF($E20=J20,IFERROR(0/0,""),$E20-J20) | N20: =IF($F20=K20,IFERROR(0/0,""),$F20-K20) | O20: =IFERROR(VLOOKUP($A20,AG$3:AI276,3,FALSE),IFERROR(0/0,"") ) -> 12 | P20: =IF($C20=O20,IFERROR(0/0,""),$C20-O20) | R20: RUN-ABRM_2022-09-27_RFR-025 | S20: 44831 | T20: =VLOOKUP(R20,'Run Reconcile'!$A$2:$L259,12,FALSE) -> 12 | U20: =IF(EXACT(A19,R19),IFERROR(0/0,""),FALSE) | Y20: =IFERROR(__xludf.DUMMYFUNCTION("""COMPUTED_VALUE"""),"RUN-ABRM_2022-09-27_RFR-025") -> RUN-ABRM_2022-09-27_RFR-025 | Z20: =IFERROR(__xludf.DUMMYFUNCTION("""COMPUTED_VALUE"""),44831.0) -> 44831 | AA20: {=INDEX('RFR Data - preExcl'!AK$2:AK259,$AE20,1)} -> 12 | AB20: =AA20-AC20-AD20 -> 12 | AC20: {=INDEX('RFR Data - preExcl'!AI$2:AI259,$AE20,1)} -> 0 | AD20: {=INDEX('RFR Data - preExcl'!AF$2:AF259,$AE20,1)} -> 0 | AE20: =IFNA(MATCH(Y20,'RFR Data - preExcl'!A$2:A259,0),"") -> 25 | AG20: RUN-ABRM_2022-09-27_RFR-025 | AH20: =VLOOKUP(AG20,'Run Reconcile'!A$2:B259,2,FALSE) -> 44831 | AI20: =COUNTIF('APS Tubes IMPORT'!$V$2:$V259, AG20) -> 12 | AJ20: =COUNTIFS('APS Tubes IMPORT'!V$2:V259, AG20, 'APS Tubes IMPORT'!H$2:H259, "Negative") -> 12 | AK20: =COUNTIFS('APS Tubes IMPORT'!V19:V259, AG20, 'APS Tubes IMPORT'!H19:H259, "Positive") -> 0 | AL20: =COUNTIFS('APS Tubes IMPORT'!V19:V259, AG20, 'APS Tubes IMPORT'!H19:H259, "Inconclusive") -> 0 | AM20: =COUNTIFS('APS Tubes IMPORT'!V19:V259, AG20, 'APS Tubes IMPORT'!H19:H259, "Null") -> 0 | AO20: ='APS Tubes by Date IMPORT'!B19 -> 44831 | AP20: ='APS Tubes by Date IMPORT'!C19 -> 12 | AQ20: ='APS Tubes by Date IMPORT'!D19 -> 12 | AR20: ='APS Tubes by Date IMPORT'!E19 -> 0 | AS20: ='APS Tubes by Date IMPORT'!F19 -> 0 | AT20: ='APS Tubes by Date IMPORT'!G19 -> 0
A21: RUN-ABRM_2022-09-28_RFR-026 | B21: =VLOOKUP(A21,'ALL Tube Results'!$B$2:$D259,2,FALSE) -> 44832 | C21: =COUNTIF('ALL Tube Results'!B20:B259, A21) -> 12 | D21: =COUNTIFS('ALL Tube Results'!$B20:$B259, $A21, 'ALL Tube Results'!$F20:$F259, "Negative") -> 12 | E21: =COUNTIFS('ALL Tube Results'!$B20:$B259, $A21, 'ALL Tube Results'!$F20:$F259, "Positive") -> 0 | F21: =COUNTIFS('ALL Tube Results'!$B20:$B259, $A21, 'ALL Tube Results'!$F20:$F259, "Inconclusive") -> 0 | G21: =IFERROR(VLOOKUP($A21,R$3:T277,3,FALSE),IFERROR(0/0,"") ) -> 12 | H21: =IF($C21=G21,IFERROR(0/0,""),$C21-G21) | I21: =IFERROR(VLOOKUP($A21,Y$3:AA277,3,FALSE),IFERROR(0/0,"") ) -> 12 | J21: =IFERROR(VLOOKUP($A21,Y$3:AD277,5,FALSE),IFERROR(0/0,"") ) -> 0 | K21: =IFERROR(VLOOKUP($A21,Y$3:AD277,6,FALSE),IFERROR(0/0,"")) -> 0 | L21: =IF($C21=I21,IFERROR(0/0,""),$C21-I21) | M21: =IF($E21=J21,IFERROR(0/0,""),$E21-J21) | N21: =IF($F21=K21,IFERROR(0/0,""),$F21-K21) | O21: =IFERROR(VLOOKUP($A21,AG$3:AI277,3,FALSE),IFERROR(0/0,"") ) -> 12 | P21: =IF($C21=O21,IFERROR(0/0,""),$C21-O21) | R21: RUN-ABRM_2022-09-28_RFR-026 | S21: 44832 | T21: =VLOOKUP(R21,'Run Reconcile'!$A$2:$L259,12,FALSE) -> 12 | U21: =IF(EXACT(A20,R20),IFERROR(0/0,""),FALSE) | Y21: =IFERROR(__xludf.DUMMYFUNCTION("""COMPUTED_VALUE"""),"RUN-ABRM_2022-09-28_RFR-026") -> RUN-ABRM_2022-09-28_RFR-026 | Z21: =IFERROR(__xludf.DUMMYFUNCTION("""COMPUTED_VALUE"""),44832.0) -> 44832 | AA21: {=INDEX('RFR Data - preExcl'!AK$2:AK259,$AE21,1)} -> 12 | AB21: =AA21-AC21-AD21 -> 12 | AC21: {=INDEX('RFR Data - preExcl'!AI$2:AI259,$AE21,1)} -> 0 | AD21: {=INDEX('RFR Data - preExcl'!AF$2:AF259,$AE21,1)} -> 0 | AE21: =IFNA(MATCH(Y21,'RFR Data - preExcl'!A$2:A259,0),"") -> 26 | AG21: RUN-ABRM_2022-09-28_RFR-026 | AH21: =VLOOKUP(AG21,'Run Reconcile'!A$2:B259,2,FALSE) -> 44832 | AI21: =COUNTIF('APS Tubes IMPORT'!$V$2:$V259, AG21) -> 12 | AJ21: =COUNTIFS('APS Tubes IMPORT'!V$2:V259, AG21, 'APS Tubes IMPORT'!H$2:H259, "Negative") -> 12 | AK21: =COUNTIFS('APS Tubes IMPORT'!V20:V259, AG21, 'APS Tubes IMPORT'!H20:H259, "Positive") -> 0 | AL21: =COUNTIFS('APS Tubes IMPORT'!V20:V259, AG21, 'APS Tubes IMPORT'!H20:H259, "Inconclusive") -> 0 | AM21: =COUNTIFS('APS Tubes IMPORT'!V20:V259, AG21, 'APS Tubes IMPORT'!H20:H259, "Null") -> 0 | AO21: ='APS Tubes by Date IMPORT'!B20 -> 44832 | AP21: ='APS Tubes by Date IMPORT'!C20 -> 12 | AQ21: ='APS Tubes by Date IMPORT'!D20 -> 12 | AR21: ='APS Tubes by Date IMPORT'!E20 -> 0 | AS21: ='APS Tubes by Date IMPORT'!F20 -> 0 | AT21: ='APS Tubes by Date IMPORT'!G20 -> 0
A22: RUN-ABRM_2022-09-29_RFR-028 | B22: =VLOOKUP(A22,'ALL Tube Results'!$B$2:$D259,2,FALSE) -> 44833 | C22: =COUNTIF('ALL Tube Results'!B21:B259, A22) -> 13 | D22: =COUNTIFS('ALL Tube Results'!$B21:$B259, $A22, 'ALL Tube Results'!$F21:$F259, "Negative") -> 13 | E22: =COUNTIFS('ALL Tube Results'!$B21:$B259, $A22, 'ALL Tube Results'!$F21:$F259, "Positive") -> 0 | F22: =COUNTIFS('ALL Tube Results'!$B21:$B259, $A22, 'ALL Tube Results'!$F21:$F259, "Inconclusive") -> 0 | G22: =IFERROR(VLOOKUP($A22,R$3:T278,3,FALSE),IFERROR(0/0,"") ) -> 13 | H22: =IF($C22=G22,IFERROR(0/0,""),$C22-G22) | I22: =IFERROR(VLOOKUP($A22,Y$3:AA278,3,FALSE),IFERROR(0/0,"") ) -> 13 | J22: =IFERROR(VLOOKUP($A22,Y$3:AD278,5,FALSE),IFERROR(0/0,"") ) -> 0 | K22: =IFERROR(VLOOKUP($A22,Y$3:AD278,6,FALSE),IFERROR(0/0,"")) -> 0 | L22: =IF($C22=I22,IFERROR(0/0,""),$C22-I22) | M22: =IF($E22=J22,IFERROR(0/0,""),$E22-J22) | N22: =IF($F22=K22,IFERROR(0/0,""),$F22-K22) | O22: =IFERROR(VLOOKUP($A22,AG$3:AI278,3,FALSE),IFERROR(0/0,"") ) -> 13 | P22: =IF($C22=O22,IFERROR(0/0,""),$C22-O22) | R22: RUN-ABRM_2022-09-29_RFR-028 | S22: 44833 | T22: =VLOOKUP(R22,'Run Reconcile'!$A$2:$L259,12,FALSE) -> 13 | U22: =IF(EXACT(A21,R21),IFERROR(0/0,""),FALSE) | Y22: =IFERROR(__xludf.DUMMYFUNCTION("""COMPUTED_VALUE"""),"RUN-ABRM_2022-09-29_RFR-028") -> RUN-ABRM_2022-09-29_RFR-028 | Z22: =IFERROR(__xludf.DUMMYFUNCTION("""COMPUTED_VALUE"""),44833.0) -> 44833 | AA22: {=INDEX('RFR Data - preExcl'!AK$2:AK259,$AE22,1)} -> 13 | AB22: =AA22-AC22-AD22 -> 13 | AC22: {=INDEX('RFR Data - preExcl'!AI$2:AI259,$AE22,1)} -> 0 | AD22: {=INDEX('RFR Data - preExcl'!AF$2:AF259,$AE22,1)} -> 0 | AE22: =IFNA(MATCH(Y22,'RFR Data - preExcl'!A$2:A259,0),"") -> 28 | AG22: RUN-ABRM_2022-09-29_RFR-028 | AH22: =VLOOKUP(AG22,'Run Reconcile'!A$2:B259,2,FALSE) -> 44833 | AI22: =COUNTIF('APS Tubes IMPORT'!$V$2:$V259, AG22) -> 13 | AJ22: =COUNTIFS('APS Tubes IMPORT'!V$2:V259, AG22, 'APS Tubes IMPORT'!H$2:H259, "Negative") -> 13 | AK22: =COUNTIFS('APS Tubes IMPORT'!V21:V259, AG22, 'APS Tubes IMPORT'!H21:H259, "Positive") -> 0 | AL22: =COUNTIFS('APS Tubes IMPORT'!V21:V259, AG22, 'APS Tubes IMPORT'!H21:H259, "Inconclusive") -> 0 | AM22: =COUNTIFS('APS Tubes IMPORT'!V21:V259, AG22, 'APS Tubes IMPORT'!H21:H259, "Null") -> 0 | AO22: ='APS Tubes by Date IMPORT'!B21 -> 44833 | AP22: ='APS Tubes by Date IMPORT'!C21 -> 13 | AQ22: ='APS Tubes by Date IMPORT'!D21 -> 13 | AR22: ='APS Tubes by Date IMPORT'!E21 -> 0 | AS22: ='APS Tubes by Date IMPORT'!F21 -> 0 | AT22: ='APS Tubes by Date IMPORT'!G21 -> 0
A23: RUN-ABRM_2022-09-30_RFR-030 | B23: =VLOOKUP(A23,'ALL Tube Results'!$B$2:$D259,2,FALSE) -> 44834 | C23: =COUNTIF('ALL Tube Results'!B22:B259, A23) -> 10 | D23: =COUNTIFS('ALL Tube Results'!$B22:$B259, $A23, 'ALL Tube Results'!$F22:$F259, "Negative") -> 10 | E23: =COUNTIFS('ALL Tube Results'!$B22:$B259, $A23, 'ALL Tube Results'!$F22:$F259, "Positive") -> 0 | F23: =COUNTIFS('ALL Tube Results'!$B22:$B259, $A23, 'ALL Tube Results'!$F22:$F259, "Inconclusive") -> 0 | G23: =IFERROR(VLOOKUP($A23,R$3:T279,3,FALSE),IFERROR(0/0,"") ) -> 10 | H23: =IF($C23=G23,IFERROR(0/0,""),$C23-G23) | I23: =IFERROR(VLOOKUP($A23,Y$3:AA279,3,FALSE),IFERROR(0/0,"") ) -> 10 | J23: =IFERROR(VLOOKUP($A23,Y$3:AD279,5,FALSE),IFERROR(0/0,"") ) -> 0 | K23: =IFERROR(VLOOKUP($A23,Y$3:AD279,6,FALSE),IFERROR(0/0,"")) -> 0 | L23: =IF($C23=I23,IFERROR(0/0,""),$C23-I23) | M23: =IF($E23=J23,IFERROR(0/0,""),$E23-J23) | N23: =IF($F23=K23,IFERROR(0/0,""),$F23-K23) | O23: =IFERROR(VLOOKUP($A23,AG$3:AI279,3,FALSE),IFERROR(0/0,"") ) -> 10 | P23: =IF($C23=O23,IFERROR(0/0,""),$C23-O23) | R23: RUN-ABRM_2022-09-30_RFR-030 | S23: 44834 | T23: =VLOOKUP(R23,'Run Reconcile'!$A$2:$L259,12,FALSE) -> 10 | U23: =IF(EXACT(A22,R22),IFERROR(0/0,""),FALSE) | Y23: =IFERROR(__xludf.DUMMYFUNCTION("""COMPUTED_VALUE"""),"RUN-ABRM_2022-09-30_RFR-030") -> RUN-ABRM_2022-09-30_RFR-030 | Z23: =IFERROR(__xludf.DUMMYFUNCTION("""COMPUTED_VALUE"""),44834.0) -> 44834 | AA23: {=INDEX('RFR Data - preExcl'!AK$2:AK259,$AE23,1)} -> 10 | AB23: =AA23-AC23-AD23 -> 10 | AC23: {=INDEX('RFR Data - preExcl'!AI$2:AI259,$AE23,1)} -> 0 | AD23: {=INDEX('RFR Data - preExcl'!AF$2:AF259,$AE23,1)} -> 0 | AE23: =IFNA(MATCH(Y23,'RFR Data - preExcl'!A$2:A259,0),"") -> 30 | AG23: RUN-ABRM_2022-09-30_RFR-030 | AH23: =VLOOKUP(AG23,'Run Reconcile'!A$2:B259,2,FALSE) -> 44834 | AI23: =COUNTIF('APS Tubes IMPORT'!$V$2:$V259, AG23) -> 10 | AJ23: =COUNTIFS('APS Tubes IMPORT'!V$2:V259, AG23, 'APS Tubes IMPORT'!H$2:H259, "Negative") -> 10 | AK23: =COUNTIFS('APS Tubes IMPORT'!V22:V259, AG23, 'APS Tubes IMPORT'!H22:H259, "Positive") -> 0 | AL23: =COUNTIFS('APS Tubes IMPORT'!V22:V259, AG23, 'APS Tubes IMPORT'!H22:H259, "Inconclusive") -> 0 | AM23: =COUNTIFS('APS Tubes IMPORT'!V22:V259, AG23, 'APS Tubes IMPORT'!H22:H259, "Null") -> 0 | AO23: ='APS Tubes by Date IMPORT'!B22 -> 44834 | AP23: ='APS Tubes by Date IMPORT'!C22 -> 10 | AQ23: ='APS Tubes by Date IMPORT'!D22 -> 10 | AR23: ='APS Tubes by Date IMPORT'!E22 -> 0 | AS23: ='APS Tubes by Date IMPORT'!F22 -> 0 | AT23: ='APS Tubes by Date IMPORT'!G22 -> 0
A24: RUN-ABRM_2022-10-03_RFR-032 | B24: =VLOOKUP(A24,'ALL Tube Results'!$B$2:$D259,2,FALSE) -> 44837 | C24: =COUNTIF('ALL Tube Results'!B23:B259, A24) -> 11 | D24: =COUNTIFS('ALL Tube Results'!$B23:$B259, $A24, 'ALL Tube Results'!$F23:$F259, "Negative") -> 11 | E24: =COUNTIFS('ALL Tube Results'!$B23:$B259, $A24, 'ALL Tube Results'!$F23:$F259, "Positive") -> 0 | F24: =COUNTIFS('ALL Tube Results'!$B23:$B259, $A24, 'ALL Tube Results'!$F23:$F259, "Inconclusive") -> 0 | G24: =IFERROR(VLOOKUP($A24,R$3:T280,3,FALSE),IFERROR(0/0,"") ) -> 11 | H24: =IF($C24=G24,IFERROR(0/0,""),$C24-G24) | I24: =IFERROR(VLOOKUP($A24,Y$3:AA280,3,FALSE),IFERROR(0/0,"") ) -> 11 | J24: =IFERROR(VLOOKUP($A24,Y$3:AD280,5,FALSE),IFERROR(0/0,"") ) -> 0 | K24: =IFERROR(VLOOKUP($A24,Y$3:AD280,6,FALSE),IFERROR(0/0,"")) -> 0 | L24: =IF($C24=I24,IFERROR(0/0,""),$C24-I24) | M24: =IF($E24=J24,IFERROR(0/0,""),$E24-J24) | N24: =IF($F24=K24,IFERROR(0/0,""),$F24-K24) | O24: =IFERROR(VLOOKUP($A24,AG$3:AI280,3,FALSE),IFERROR(0/0,"") ) -> 11 | P24: =IF($C24=O24,IFERROR(0/0,""),$C24-O24) | R24: RUN-ABRM_2022-10-03_RFR-032 | S24: 44837 | T24: =VLOOKUP(R24,'Run Reconcile'!$A$2:$L259,12,FALSE) -> 11 | U24: =IF(EXACT(A23,R23),IFERROR(0/0,""),FALSE) | Y24: =IFERROR(__xludf.DUMMYFUNCTION("""COMPUTED_VALUE"""),"RUN-ABRM_2022-10-03_RFR-032") -> RUN-ABRM_2022-10-03_RFR-032 | Z24: =IFERROR(__xludf.DUMMYFUNCTION("""COMPUTED_VALUE"""),44837.0) -> 44837 | AA24: {=INDEX('RFR Data - preExcl'!AK$2:AK259,$AE24,1)} -> 11 | AB24: =AA24-AC24-AD24 -> 11 | AC24: {=INDEX('RFR Data - preExcl'!AI$2:AI259,$AE24,1)} -> 0 | AD24: {=INDEX('RFR Data - preExcl'!AF$2:AF259,$AE24,1)} -> 0 | AE24: =IFNA(MATCH(Y24,'RFR Data - preExcl'!A$2:A259,0),"") -> 32 | AG24: RUN-ABRM_2022-10-03_RFR-032 | AH24: =VLOOKUP(AG24,'Run Reconcile'!A$2:B259,2,FALSE) -> 44837 | AI24: =COUNTIF('APS Tubes IMPORT'!$V$2:$V259, AG24) -> 11 | AJ24: =COUNTIFS('APS Tubes IMPORT'!V$2:V259, AG24, 'APS Tubes IMPORT'!H$2:H259, "Negative") -> 11 | AK24: =COUNTIFS('APS Tubes IMPORT'!V23:V259, AG24, 'APS Tubes IMPORT'!H23:H259, "Positive") -> 0 | AL24: =COUNTIFS('APS Tubes IMPORT'!V23:V259, AG24, 'APS Tubes IMPORT'!H23:H259, "Inconclusive") -> 0 | AM24: =COUNTIFS('APS Tubes IMPORT'!V23:V259, AG24, 'APS Tubes IMPORT'!H23:H259, "Null") -> 0 | AO24: ='APS Tubes by Date IMPORT'!B23 -> 44837 | AP24: ='APS Tubes by Date IMPORT'!C23 -> 11 | AQ24: ='APS Tubes by Date IMPORT'!D23 -> 11 | AR24: ='APS Tubes by Date IMPORT'!E23 -> 0 | AS24: ='APS Tubes by Date IMPORT'!F23 -> 0 | AT24: ='APS Tubes by Date IMPORT'!G23 -> 0
A25: RUN-ABRM_2022-10-04_RFR-033 | B25: =VLOOKUP(A25,'ALL Tube Results'!$B$2:$D259,2,FALSE) -> 44838 | C25: =COUNTIF('ALL Tube Results'!B24:B259, A25) -> 11 | D25: =COUNTIFS('ALL Tube Results'!$B24:$B259, $A25, 'ALL Tube Results'!$F24:$F259, "Negative") -> 11 | E25: =COUNTIFS('ALL Tube Results'!$B24:$B259, $A25, 'ALL Tube Results'!$F24:$F259, "Positive") -> 0 | F25: =COUNTIFS('ALL Tube Results'!$B24:$B259, $A25, 'ALL Tube Results'!$F24:$F259, "Inconclusive") -> 0 | G25: =IFERROR(VLOOKUP($A25,R$3:T281,3,FALSE),IFERROR(0/0,"") ) -> 11 | H25: =IF($C25=G25,IFERROR(0/0,""),$C25-G25) | I25: =IFERROR(VLOOKUP($A25,Y$3:AA281,3,FALSE),IFERROR(0/0,"") ) -> 11 | J25: =IFERROR(VLOOKUP($A25,Y$3:AD281,5,FALSE),IFERROR(0/0,"") ) -> 0 | K25: =IFERROR(VLOOKUP($A25,Y$3:AD281,6,FALSE),IFERROR(0/0,"")) -> 0 | L25: =IF($C25=I25,IFERROR(0/0,""),$C25-I25) | M25: =IF($E25=J25,IFERROR(0/0,""),$E25-J25) | N25: =IF($F25=K25,IFERROR(0/0,""),$F25-K25) | O25: =IFERROR(VLOOKUP($A25,AG$3:AI281,3,FALSE),IFERROR(0/0,"") ) -> 11 | P25: =IF($C25=O25,IFERROR(0/0,""),$C25-O25) | R25: RUN-ABRM_2022-10-04_RFR-033 | S25: 44838 | T25: =VLOOKUP(R25,'Run Reconcile'!$A$2:$L259,12,FALSE) -> 11 | U25: =IF(EXACT(A24,R24),IFERROR(0/0,""),FALSE) | Y25: =IFERROR(__xludf.DUMMYFUNCTION("""COMPUTED_VALUE"""),"RUN-ABRM_2022-10-04_RFR-033") -> RUN-ABRM_2022-10-04_RFR-033 | Z25: =IFERROR(__xludf.DUMMYFUNCTION("""COMPUTED_VALUE"""),44838.0) -> 44838 | AA25: {=INDEX('RFR Data - preExcl'!AK$2:AK259,$AE25,1)} -> 11 | AB25: =AA25-AC25-AD25 -> 11 | AC25: {=INDEX('RFR Data - preExcl'!AI$2:AI259,$AE25,1)} -> 0 | AD25: {=INDEX('RFR Data - preExcl'!AF$2:AF259,$AE25,1)} -> 0 | AE25: =IFNA(MATCH(Y25,'RFR Data - preExcl'!A$2:A259,0),"") -> 33 | AG25: RUN-ABRM_2022-10-04_RFR-033 | AH25: =VLOOKUP(AG25,'Run Reconcile'!A$2:B259,2,FALSE) -> 44838 | AI25: =COUNTIF('APS Tubes IMPORT'!$V$2:$V259, AG25) -> 11 | AJ25: =COUNTIFS('APS Tubes IMPORT'!V$2:V259, AG25, 'APS Tubes IMPORT'!H$2:H259, "Negative") -> 11 | AK25: =COUNTIFS('APS Tubes IMPORT'!V24:V259, AG25, 'APS Tubes IMPORT'!H24:H259, "Positive") -> 0 | AL25: =COUNTIFS('APS Tubes IMPORT'!V24:V259, AG25, 'APS Tubes IMPORT'!H24:H259, "Inconclusive") -> 0 | AM25: =COUNTIFS('APS Tubes IMPORT'!V24:V259, AG25, 'APS Tubes IMPORT'!H24:H259, "Null") -> 0 | AO25: ='APS Tubes by Date IMPORT'!B24 -> 44838 | AP25: ='APS Tubes by Date IMPORT'!C24 -> 11 | AQ25: ='APS Tubes by Date IMPORT'!D24 -> 11 | AR25: ='APS Tubes by Date IMPORT'!E24 -> 0 | AS25: ='APS Tubes by Date IMPORT'!F24 -> 0 | AT25: ='APS Tubes by Date IMPORT'!G24 -> 0
A26: RUN-ABRM_2022-10-05_RFR-034 | B26: =VLOOKUP(A26,'ALL Tube Results'!$B$2:$D259,2,FALSE) -> 44839 | C26: =COUNTIF('ALL Tube Results'!B25:B259, A26) -> 13 | D26: =COUNTIFS('ALL Tube Results'!$B25:$B259, $A26, 'ALL Tube Results'!$F25:$F259, "Negative") -> 13 | E26: =COUNTIFS('ALL Tube Results'!$B25:$B259, $A26, 'ALL Tube Results'!$F25:$F259, "Positive") -> 0 | F26: =COUNTIFS('ALL Tube Results'!$B25:$B259, $A26, 'ALL Tube Results'!$F25:$F259, "Inconclusive") -> 0 | G26: =IFERROR(VLOOKUP($A26,R$3:T282,3,FALSE),IFERROR(0/0,"") ) -> 13 | H26: =IF($C26=G26,IFERROR(0/0,""),$C26-G26) | I26: =IFERROR(VLOOKUP($A26,Y$3:AA282,3,FALSE),IFERROR(0/0,"") ) -> 13 | J26: =IFERROR(VLOOKUP($A26,Y$3:AD282,5,FALSE),IFERROR(0/0,"") ) -> 0 | K26: =IFERROR(VLOOKUP($A26,Y$3:AD282,6,FALSE),IFERROR(0/0,"")) -> 0 | L26: =IF($C26=I26,IFERROR(0/0,""),$C26-I26) | M26: =IF($E26=J26,IFERROR(0/0,""),$E26-J26) | N26: =IF($F26=K26,IFERROR(0/0,""),$F26-K26) | O26: =IFERROR(VLOOKUP($A26,AG$3:AI282,3,FALSE),IFERROR(0/0,"") ) -> 13 | P26: =IF($C26=O26,IFERROR(0/0,""),$C26-O26) | R26: RUN-ABRM_2022-10-05_RFR-034 | S26: 44839 | T26: =VLOOKUP(R26,'Run Reconcile'!$A$2:$L259,12,FALSE) -> 13 | U26: =IF(EXACT(A25,R25),IFERROR(0/0,""),FALSE) | Y26: =IFERROR(__xludf.DUMMYFUNCTION("""COMPUTED_VALUE"""),"RUN-ABRM_2022-10-05_RFR-034") -> RUN-ABRM_2022-10-05_RFR-034 | Z26: =IFERROR(__xludf.DUMMYFUNCTION("""COMPUTED_VALUE"""),44839.0) -> 44839 | AA26: {=INDEX('RFR Data - preExcl'!AK$2:AK259,$AE26,1)} -> 13 | AB26: =AA26-AC26-AD26 -> 13 | AC26: {=INDEX('RFR Data - preExcl'!AI$2:AI259,$AE26,1)} -> 0 | AD26: {=INDEX('RFR Data - preExcl'!AF$2:AF259,$AE26,1)} -> 0 | AE26: =IFNA(MATCH(Y26,'RFR Data - preExcl'!A$2:A259,0),"") -> 34 | AG26: RUN-ABRM_2022-10-05_RFR-034 | AH26: =VLOOKUP(AG26,'Run Reconcile'!A$2:B259,2,FALSE) -> 44839 | AI26: =COUNTIF('APS Tubes IMPORT'!$V$2:$V259, AG26) -> 13 | AJ26: =COUNTIFS('APS Tubes IMPORT'!V$2:V259, AG26, 'APS Tubes IMPORT'!H$2:H259, "Negative") -> 13 | AK26: =COUNTIFS('APS Tubes IMPORT'!V25:V259, AG26, 'APS Tubes IMPORT'!H25:H259, "Positive") -> 0 | AL26: =COUNTIFS('APS Tubes IMPORT'!V25:V259, AG26, 'APS Tubes IMPORT'!H25:H259, "Inconclusive") -> 0 | AM26: =COUNTIFS('APS Tubes IMPORT'!V25:V259, AG26, 'APS Tubes IMPORT'!H25:H259, "Null") -> 0 | AO26: ='APS Tubes by Date IMPORT'!B25 -> 44839 | AP26: ='APS Tubes by Date IMPORT'!C25 -> 13 | AQ26: ='APS Tubes by Date IMPORT'!D25 -> 13 | AR26: ='APS Tubes by Date IMPORT'!E25 -> 0 | AS26: ='APS Tubes by Date IMPORT'!F25 -> 0 | AT26: ='APS Tubes by Date IMPORT'!G25 -> 0
A27: RUN-ABRM_2022-10-06_RFR-036 | B27: =VLOOKUP(A27,'ALL Tube Results'!$B$2:$D259,2,FALSE) -> 44840 | C27: =COUNTIF('ALL Tube Results'!B26:B259, A27) -> 12 | D27: =COUNTIFS('ALL Tube Results'!$B26:$B259, $A27, 'ALL Tube Results'!$F26:$F259, "Negative") -> 12 | E27: =COUNTIFS('ALL Tube Results'!$B26:$B259, $A27, 'ALL Tube Results'!$F26:$F259, "Positive") -> 0 | F27: =COUNTIFS('ALL Tube Results'!$B26:$B259, $A27, 'ALL Tube Results'!$F26:$F259, "Inconclusive") -> 0 | G27: =IFERROR(VLOOKUP($A27,R$3:T283,3,FALSE),IFERROR(0/0,"") ) -> 12 | H27: =IF($C27=G27,IFERROR(0/0,""),$C27-G27) | I27: =IFERROR(VLOOKUP($A27,Y$3:AA283,3,FALSE),IFERROR(0/0,"") ) -> 12 | J27: =IFERROR(VLOOKUP($A27,Y$3:AD283,5,FALSE),IFERROR(0/0,"") ) -> 0 | K27: =IFERROR(VLOOKUP($A27,Y$3:AD283,6,FALSE),IFERROR(0/0,"")) -> 0 | L27: =IF($C27=I27,IFERROR(0/0,""),$C27-I27) | M27: =IF($E27=J27,IFERROR(0/0,""),$E27-J27) | N27: =IF($F27=K27,IFERROR(0/0,""),$F27-K27) | O27: =IFERROR(VLOOKUP($A27,AG$3:AI283,3,FALSE),IFERROR(0/0,"") ) -> 12 | P27: =IF($C27=O27,IFERROR(0/0,""),$C27-O27) | R27: RUN-ABRM_2022-10-06_RFR-036 | S27: 44840 | T27: =VLOOKUP(R27,'Run Reconcile'!$A$2:$L259,12,FALSE) -> 12 | U27: =IF(EXACT(A26,R26),IFERROR(0/0,""),FALSE) | Y27: =IFERROR(__xludf.DUMMYFUNCTION("""COMPUTED_VALUE"""),"RUN-ABRM_2022-10-06_RFR-036") -> RUN-ABRM_2022-10-06_RFR-036 | Z27: =IFERROR(__xludf.DUMMYFUNCTION("""COMPUTED_VALUE"""),44840.0) -> 44840 | AA27: {=INDEX('RFR Data - preExcl'!AK$2:AK259,$AE27,1)} -> 12 | AB27: =AA27-AC27-AD27 -> 12 | AC27: {=INDEX('RFR Data - preExcl'!AI$2:AI259,$AE27,1)} -> 0 | AD27: {=INDEX('RFR Data - preExcl'!AF$2:AF259,$AE27,1)} -> 0 | AE27: =IFNA(MATCH(Y27,'RFR Data - preExcl'!A$2:A259,0),"") -> 36 | AG27: RUN-ABRM_2022-10-06_RFR-036 | AH27: =VLOOKUP(AG27,'Run Reconcile'!A$2:B259,2,FALSE) -> 44840 | AI27: =COUNTIF('APS Tubes IMPORT'!$V$2:$V259, AG27) -> 12 | AJ27: =COUNTIFS('APS Tubes IMPORT'!V$2:V259, AG27, 'APS Tubes IMPORT'!H$2:H259, "Negative") -> 12 | AK27: =COUNTIFS('APS Tubes IMPORT'!V26:V259, AG27, 'APS Tubes IMPORT'!H26:H259, "Positive") -> 0 | AL27: =COUNTIFS('APS Tubes IMPORT'!V26:V259, AG27, 'APS Tubes IMPORT'!H26:H259, "Inconclusive") -> 0 | AM27: =COUNTIFS('APS Tubes IMPORT'!V26:V259, AG27, 'APS Tubes IMPORT'!H26:H259, "Null") -> 0 | AO27: ='APS Tubes by Date IMPORT'!B26 -> 44840 | AP27: ='APS Tubes by Date IMPORT'!C26 -> 12 | AQ27: ='APS Tubes by Date IMPORT'!D26 -> 12 | AR27: ='APS Tubes by Date IMPORT'!E26 -> 0 | AS27: ='APS Tubes by Date IMPORT'!F26 -> 0 | AT27: ='APS Tubes by Date IMPORT'!G26 -> 0
A28: RUN-ABRM_2022-10-07_RFR-037 | B28: =VLOOKUP(A28,'ALL Tube Results'!$B$2:$D259,2,FALSE) -> 44841 | C28: =COUNTIF('ALL Tube Results'!B27:B259, A28) -> 12 | D28: =COUNTIFS('ALL Tube Results'!$B27:$B259, $A28, 'ALL Tube Results'!$F27:$F259, "Negative") -> 12 | E28: =COUNTIFS('ALL Tube Results'!$B27:$B259, $A28, 'ALL Tube Results'!$F27:$F259, "Positive") -> 0 | F28: =COUNTIFS('ALL Tube Results'!$B27:$B259, $A28, 'ALL Tube Results'!$F27:$F259, "Inconclusive") -> 0 | G28: =IFERROR(VLOOKUP($A28,R$3:T284,3,FALSE),IFERROR(0/0,"") ) -> 12 | H28: =IF($C28=G28,IFERROR(0/0,""),$C28-G28) | I28: =IFERROR(VLOOKUP($A28,Y$3:AA284,3,FALSE),IFERROR(0/0,"") ) -> 12 | J28: =IFERROR(VLOOKUP($A28,Y$3:AD284,5,FALSE),IFERROR(0/0,"") ) -> 0 | K28: =IFERROR(VLOOKUP($A28,Y$3:AD284,6,FALSE),IFERROR(0/0,"")) -> 0 | L28: =IF($C28=I28,IFERROR(0/0,""),$C28-I28) | M28: =IF($E28=J28,IFERROR(0/0,""),$E28-J28) | N28: =IF($F28=K28,IFERROR(0/0,""),$F28-K28) | O28: =IFERROR(VLOOKUP($A28,AG$3:AI284,3,FALSE),IFERROR(0/0,"") ) -> 12 | P28: =IF($C28=O28,IFERROR(0/0,""),$C28-O28) | R28: RUN-ABRM_2022-10-07_RFR-037 | S28: 44841 | T28: =VLOOKUP(R28,'Run Reconcile'!$A$2:$L259,12,FALSE) -> 12 | U28: =IF(EXACT(A27,R27),IFERROR(0/0,""),FALSE) | Y28: =IFERROR(__xludf.DUMMYFUNCTION("""COMPUTED_VALUE"""),"RUN-ABRM_2022-10-07_RFR-037") -> RUN-ABRM_2022-10-07_RFR-037 | Z28: =IFERROR(__xludf.DUMMYFUNCTION("""COMPUTED_VALUE"""),44841.0) -> 44841 | AA28: {=INDEX('RFR Data - preExcl'!AK$2:AK259,$AE28,1)} -> 12 | AB28: =AA28-AC28-AD28 -> 12 | AC28: {=INDEX('RFR Data - preExcl'!AI$2:AI259,$AE28,1)} -> 0 | AD28: {=INDEX('RFR Data - preExcl'!AF$2:AF259,$AE28,1)} -> 0 | AE28: =IFNA(MATCH(Y28,'RFR Data - preExcl'!A$2:A259,0),"") -> 37 | AG28: RUN-ABRM_2022-10-07_RFR-037 | AH28: =VLOOKUP(AG28,'Run Reconcile'!A$2:B259,2,FALSE) -> 44841 | AI28: =COUNTIF('APS Tubes IMPORT'!$V$2:$V259, AG28) -> 12 | AJ28: =COUNTIFS('APS Tubes IMPORT'!V$2:V259, AG28, 'APS Tubes IMPORT'!H$2:H259, "Negative") -> 12 | AK28: =COUNTIFS('APS Tubes IMPORT'!V27:V259, AG28, 'APS Tubes IMPORT'!H27:H259, "Positive") -> 0 | AL28: =COUNTIFS('APS Tubes IMPORT'!V27:V259, AG28, 'APS Tubes IMPORT'!H27:H259, "Inconclusive") -> 0 | AM28: =COUNTIFS('APS Tubes IMPORT'!V27:V259, AG28, 'APS Tubes IMPORT'!H27:H259, "Null") -> 0 | AO28: ='APS Tubes by Date IMPORT'!B27 -> 44841 | AP28: ='APS Tubes by Date IMPORT'!C27 -> 12 | AQ28: ='APS Tubes by Date IMPORT'!D27 -> 12 | AR28: ='APS Tubes by Date IMPORT'!E27 -> 0 | AS28: ='APS Tubes by Date IMPORT'!F27 -> 0 | AT28: ='APS Tubes by Date IMPORT'!G27 -> 0
A29: RUN-ABRM_2022-10-10_RFR-038 | B29: =VLOOKUP(A29,'ALL Tube Results'!$B$2:$D259,2,FALSE) -> 44844 | C29: =COUNTIF('ALL Tube Results'!B28:B259, A29) -> 13 | D29: =COUNTIFS('ALL Tube Results'!$B28:$B259, $A29, 'ALL Tube Results'!$F28:$F259, "Negative") -> 13 | E29: =COUNTIFS('ALL Tube Results'!$B28:$B259, $A29, 'ALL Tube Results'!$F28:$F259, "Positive") -> 0 | F29: =COUNTIFS('ALL Tube Results'!$B28:$B259, $A29, 'ALL Tube Results'!$F28:$F259, "Inconclusive") -> 0 | G29: =IFERROR(VLOOKUP($A29,R$3:T285,3,FALSE),IFERROR(0/0,"") ) -> 13 | H29: =IF($C29=G29,IFERROR(0/0,""),$C29-G29) | I29: =IFERROR(VLOOKUP($A29,Y$3:AA285,3,FALSE),IFERROR(0/0,"") ) -> 13 | J29: =IFERROR(VLOOKUP($A29,Y$3:AD285,5,FALSE),IFERROR(0/0,"") ) -> 0 | K29: =IFERROR(VLOOKUP($A29,Y$3:AD285,6,FALSE),IFERROR(0/0,"")) -> 0 | L29: =IF($C29=I29,IFERROR(0/0,""),$C29-I29) | M29: =IF($E29=J29,IFERROR(0/0,""),$E29-J29) | N29: =IF($F29=K29,IFERROR(0/0,""),$F29-K29) | O29: =IFERROR(VLOOKUP($A29,AG$3:AI285,3,FALSE),IFERROR(0/0,"") ) -> 13 | P29: =IF($C29=O29,IFERROR(0/0,""),$C29-O29) | R29: RUN-ABRM_2022-10-10_RFR-038 | S29: 44844 | T29: =VLOOKUP(R29,'Run Reconcile'!$A$2:$L259,12,FALSE) -> 13 | U29: =IF(EXACT(A28,R28),IFERROR(0/0,""),FALSE) | Y29: =IFERROR(__xludf.DUMMYFUNCTION("""COMPUTED_VALUE"""),"RUN-ABRM_2022-10-10_RFR-038") -> RUN-ABRM_2022-10-10_RFR-038 | Z29: =IFERROR(__xludf.DUMMYFUNCTION("""COMPUTED_VALUE"""),44844.0) -> 44844 | AA29: {=INDEX('RFR Data - preExcl'!AK$2:AK259,$AE29,1)} -> 13 | AB29: =AA29-AC29-AD29 -> 13 | AC29: {=INDEX('RFR Data - preExcl'!AI$2:AI259,$AE29,1)} -> 0 | AD29: {=INDEX('RFR Data - preExcl'!AF$2:AF259,$AE29,1)} -> 0 | AE29: =IFNA(MATCH(Y29,'RFR Data - preExcl'!A$2:A259,0),"") -> 38 | AG29: RUN-ABRM_2022-10-10_RFR-038 | AH29: =VLOOKUP(AG29,'Run Reconcile'!A$2:B259,2,FALSE) -> 44844 | AI29: =COUNTIF('APS Tubes IMPORT'!$V$2:$V259, AG29) -> 13 | AJ29: =COUNTIFS('APS Tubes IMPORT'!V$2:V259, AG29, 'APS Tubes IMPORT'!H$2:H259, "Negative") -> 13 | AK29: =COUNTIFS('APS Tubes IMPORT'!V28:V259, AG29, 'APS Tubes IMPORT'!H28:H259, "Positive") -> 0 | AL29: =COUNTIFS('APS Tubes IMPORT'!V28:V259, AG29, 'APS Tubes IMPORT'!H28:H259, "Inconclusive") -> 0 | AM29: =COUNTIFS('APS Tubes IMPORT'!V28:V259, AG29, 'APS Tubes IMPORT'!H28:H259, "Null") -> 0 | AO29: ='APS Tubes by Date IMPORT'!B28 -> 44844 | AP29: ='APS Tubes by Date IMPORT'!C28 -> 13 | AQ29: ='APS Tubes by Date IMPORT'!D28 -> 13 | AR29: ='APS Tubes by Date IMPORT'!E28 -> 0 | AS29: ='APS Tubes by Date IMPORT'!F28 -> 0 | AT29: ='APS Tubes by Date IMPORT'!G28 -> 0
A30: RUN-ABRM_2022-10-11_RFR-041 | B30: =VLOOKUP(A30,'ALL Tube Results'!$B$2:$D259,2,FALSE) -> 44845 | C30: =COUNTIF('ALL Tube Results'!B29:B259, A30) -> 12 | D30: =COUNTIFS('ALL Tube Results'!$B29:$B259, $A30, 'ALL Tube Results'!$F29:$F259, "Negative") -> 12 | E30: =COUNTIFS('ALL Tube Results'!$B29:$B259, $A30, 'ALL Tube Results'!$F29:$F259, "Positive") -> 0 | F30: =COUNTIFS('ALL Tube Results'!$B29:$B259, $A30, 'ALL Tube Results'!$F29:$F259, "Inconclusive") -> 0 | G30: =IFERROR(VLOOKUP($A30,R$3:T286,3,FALSE),IFERROR(0/0,"") ) -> 12 | H30: =IF($C30=G30,IFERROR(0/0,""),$C30-G30) | I30: =IFERROR(VLOOKUP($A30,Y$3:AA286,3,FALSE),IFERROR(0/0,"") ) -> 12 | J30: =IFERROR(VLOOKUP($A30,Y$3:AD286,5,FALSE),IFERROR(0/0,"") ) -> 0 | K30: =IFERROR(VLOOKUP($A30,Y$3:AD286,6,FALSE),IFERROR(0/0,"")) -> 0 | L30: =IF($C30=I30,IFERROR(0/0,""),$C30-I30) | M30: =IF($E30=J30,IFERROR(0/0,""),$E30-J30) | N30: =IF($F30=K30,IFERROR(0/0,""),$F30-K30) | O30: =IFERROR(VLOOKUP($A30,AG$3:AI286,3,FALSE),IFERROR(0/0,"") ) -> 12 | P30: =IF($C30=O30,IFERROR(0/0,""),$C30-O30) | R30: RUN-ABRM_2022-10-11_RFR-041 | S30: 44845 | T30: =VLOOKUP(R30,'Run Reconcile'!$A$2:$L259,12,FALSE) -> 12 | U30: =IF(EXACT(A29,R29),IFERROR(0/0,""),FALSE) | Y30: =IFERROR(__xludf.DUMMYFUNCTION("""COMPUTED_VALUE"""),"RUN-ABRM_2022-10-11_RFR-041") -> RUN-ABRM_2022-10-11_RFR-041 | Z30: =IFERROR(__xludf.DUMMYFUNCTION("""COMPUTED_VALUE"""),44845.0) -> 44845 | AA30: {=INDEX('RFR Data - preExcl'!AK$2:AK259,$AE30,1)} -> 12 | AB30: =AA30-AC30-AD30 -> 12 | AC30: {=INDEX('RFR Data - preExcl'!AI$2:AI259,$AE30,1)} -> 0 | AD30: {=INDEX('RFR Data - preExcl'!AF$2:AF259,$AE30,1)} -> 0 | AE30: =IFNA(MATCH(Y30,'RFR Data - preExcl'!A$2:A259,0),"") -> 41 | AG30: RUN-ABRM_2022-10-11_RFR-041 | AH30: =VLOOKUP(AG30,'Run Reconcile'!A$2:B259,2,FALSE) -> 44845 | AI30: =COUNTIF('APS Tubes IMPORT'!$V$2:$V259, AG30) -> 12 | AJ30: =COUNTIFS('APS Tubes IMPORT'!V$2:V259, AG30, 'APS Tubes IMPORT'!H$2:H259, "Negative") -> 12 | AK30: =COUNTIFS('APS Tubes IMPORT'!V29:V259, AG30, 'APS Tubes IMPORT'!H29:H259, "Positive") -> 0 | AL30: =COUNTIFS('APS Tubes IMPORT'!V29:V259, AG30, 'APS Tubes IMPORT'!H29:H259, "Inconclusive") -> 0 | AM30: =COUNTIFS('APS Tubes IMPORT'!V29:V259, AG30, 'APS Tubes IMPORT'!H29:H259, "Null") -> 0 | AO30: ='APS Tubes by Date IMPORT'!B29 -> 44845 | AP30: ='APS Tubes by Date IMPORT'!C29 -> 12 | AQ30: ='APS Tubes by Date IMPORT'!D29 -> 12 | AR30: ='APS Tubes by Date IMPORT'!E29 -> 0 | AS30: ='APS Tubes by Date IMPORT'!F29 -> 0 | AT30: ='APS Tubes by Date IMPORT'!G29 -> 0
A31: RUN-ABRM_2022-10-12_RFR-043 | B31: =VLOOKUP(A31,'ALL Tube Results'!$B$2:$D259,2,FALSE) -> 44846 | C31: =COUNTIF('ALL Tube Results'!B30:B259, A31) -> 10 | D31: =COUNTIFS('ALL Tube Results'!$B30:$B259, $A31, 'ALL Tube Results'!$F30:$F259, "Negative") -> 10 | E31: =COUNTIFS('ALL Tube Results'!$B30:$B259, $A31, 'ALL Tube Results'!$F30:$F259, "Positive") -> 0 | F31: =COUNTIFS('ALL Tube Results'!$B30:$B259, $A31, 'ALL Tube Results'!$F30:$F259, "Inconclusive") -> 0 | G31: =IFERROR(VLOOKUP($A31,R$3:T287,3,FALSE),IFERROR(0/0,"") ) -> 10 | H31: =IF($C31=G31,IFERROR(0/0,""),$C31-G31) | I31: =IFERROR(VLOOKUP($A31,Y$3:AA287,3,FALSE),IFERROR(0/0,"") ) -> 10 | J31: =IFERROR(VLOOKUP($A31,Y$3:AD287,5,FALSE),IFERROR(0/0,"") ) -> 0 | K31: =IFERROR(VLOOKUP($A31,Y$3:AD287,6,FALSE),IFERROR(0/0,"")) -> 0 | L31: =IF($C31=I31,IFERROR(0/0,""),$C31-I31) | M31: =IF($E31=J31,IFERROR(0/0,""),$E31-J31) | N31: =IF($F31=K31,IFERROR(0/0,""),$F31-K31) | O31: =IFERROR(VLOOKUP($A31,AG$3:AI287,3,FALSE),IFERROR(0/0,"") ) -> 10 | P31: =IF($C31=O31,IFERROR(0/0,""),$C31-O31) | R31: RUN-ABRM_2022-10-12_RFR-043 | S31: 44846 | T31: =VLOOKUP(R31,'Run Reconcile'!$A$2:$L259,12,FALSE) -> 10 | U31: =IF(EXACT(A30,R30),IFERROR(0/0,""),FALSE) | Y31: =IFERROR(__xludf.DUMMYFUNCTION("""COMPUTED_VALUE"""),"RUN-ABRM_2022-10-12_RFR-043") -> RUN-ABRM_2022-10-12_RFR-043 | Z31: =IFERROR(__xludf.DUMMYFUNCTION("""COMPUTED_VALUE"""),44846.0) -> 44846 | AA31: {=INDEX('RFR Data - preExcl'!AK$2:AK259,$AE31,1)} -> 10 | AB31: =AA31-AC31-AD31 -> 10 | AC31: {=INDEX('RFR Data - preExcl'!AI$2:AI259,$AE31,1)} -> 0 | AD31: {=INDEX('RFR Data - preExcl'!AF$2:AF259,$AE31,1)} -> 0 | AE31: =IFNA(MATCH(Y31,'RFR Data - preExcl'!A$2:A259,0),"") -> 43 | AG31: RUN-ABRM_2022-10-12_RFR-043 | AH31: =VLOOKUP(AG31,'Run Reconcile'!A$2:B259,2,FALSE) -> 44846 | AI31: =COUNTIF('APS Tubes IMPORT'!$V$2:$V259, AG31) -> 10 | AJ31: =COUNTIFS('APS Tubes IMPORT'!V$2:V259, AG31, 'APS Tubes IMPORT'!H$2:H259, "Negative") -> 10 | AK31: =COUNTIFS('APS Tubes IMPORT'!V30:V259, AG31, 'APS Tubes IMPORT'!H30:H259, "Positive") -> 0 | AL31: =COUNTIFS('APS Tubes IMPORT'!V30:V259, AG31, 'APS Tubes IMPORT'!H30:H259, "Inconclusive") -> 0 | AM31: =COUNTIFS('APS Tubes IMPORT'!V30:V259, AG31, 'APS Tubes IMPORT'!H30:H259, "Null") -> 0 | AO31: ='APS Tubes by Date IMPORT'!B30 -> 44846 | AP31: ='APS Tubes by Date IMPORT'!C30 -> 10 | AQ31: ='APS Tubes by Date IMPORT'!D30 -> 10 | AR31: ='APS Tubes by Date IMPORT'!E30 -> 0 | AS31: ='APS Tubes by Date IMPORT'!F30 -> 0 | AT31: ='APS Tubes by Date IMPORT'!G30 -> 0
A32: RUN-ABRM_2022-10-13_RFR-044 | B32: =VLOOKUP(A32,'ALL Tube Results'!$B$2:$D259,2,FALSE) -> 44847 | C32: =COUNTIF('ALL Tube Results'!B31:B259, A32) -> 11 | D32: =COUNTIFS('ALL Tube Results'!$B31:$B259, $A32, 'ALL Tube Results'!$F31:$F259, "Negative") -> 11 | E32: =COUNTIFS('ALL Tube Results'!$B31:$B259, $A32, 'ALL Tube Results'!$F31:$F259, "Positive") -> 0 | F32: =COUNTIFS('ALL Tube Results'!$B31:$B259, $A32, 'ALL Tube Results'!$F31:$F259, "Inconclusive") -> 0 | G32: =IFERROR(VLOOKUP($A32,R$3:T288,3,FALSE),IFERROR(0/0,"") ) -> 11 | H32: =IF($C32=G32,IFERROR(0/0,""),$C32-G32) | I32: =IFERROR(VLOOKUP($A32,Y$3:AA288,3,FALSE),IFERROR(0/0,"") ) -> 11 | J32: =IFERROR(VLOOKUP($A32,Y$3:AD288,5,FALSE),IFERROR(0/0,"") ) -> 0 | K32: =IFERROR(VLOOKUP($A32,Y$3:AD288,6,FALSE),IFERROR(0/0,"")) -> 0 | L32: =IF($C32=I32,IFERROR(0/0,""),$C32-I32) | M32: =IF($E32=J32,IFERROR(0/0,""),$E32-J32) | N32: =IF($F32=K32,IFERROR(0/0,""),$F32-K32) | O32: =IFERROR(VLOOKUP($A32,AG$3:AI288,3,FALSE),IFERROR(0/0,"") ) -> 11 | P32: =IF($C32=O32,IFERROR(0/0,""),$C32-O32) | R32: RUN-ABRM_2022-10-13_RFR-044 | S32: 44847 | T32: =VLOOKUP(R32,'Run Reconcile'!$A$2:$L259,12,FALSE) -> 11 | U32: =IF(EXACT(A31,R31),IFERROR(0/0,""),FALSE) | Y32: =IFERROR(__xludf.DUMMYFUNCTION("""COMPUTED_VALUE"""),"RUN-ABRM_2022-10-13_RFR-044") -> RUN-ABRM_2022-10-13_RFR-044 | Z32: =IFERROR(__xludf.DUMMYFUNCTION("""COMPUTED_VALUE"""),44847.0) -> 44847 | AA32: {=INDEX('RFR Data - preExcl'!AK$2:AK259,$AE32,1)} -> 11 | AB32: =AA32-AC32-AD32 -> 11 | AC32: {=INDEX('RFR Data - preExcl'!AI$2:AI259,$AE32,1)} -> 0 | AD32: {=INDEX('RFR Data - preExcl'!AF$2:AF259,$AE32,1)} -> 0 | AE32: =IFNA(MATCH(Y32,'RFR Data - preExcl'!A$2:A259,0),"") -> 44 | AG32: RUN-ABRM_2022-10-13_RFR-044 | AH32: =VLOOKUP(AG32,'Run Reconcile'!A$2:B259,2,FALSE) -> 44847 | AI32: =COUNTIF('APS Tubes IMPORT'!$V$2:$V259, AG32) -> 11 | AJ32: =COUNTIFS('APS Tubes IMPORT'!V$2:V259, AG32, 'APS Tubes IMPORT'!H$2:H259, "Negative") -> 11 | AK32: =COUNTIFS('APS Tubes IMPORT'!V31:V259, AG32, 'APS Tubes IMPORT'!H31:H259, "Positive") -> 0 | AL32: =COUNTIFS('APS Tubes IMPORT'!V31:V259, AG32, 'APS Tubes IMPORT'!H31:H259, "Inconclusive") -> 0 | AM32: =COUNTIFS('APS Tubes IMPORT'!V31:V259, AG32, 'APS Tubes IMPORT'!H31:H259, "Null") -> 0 | AO32: ='APS Tubes by Date IMPORT'!B31 -> 44847 | AP32: ='APS Tubes by Date IMPORT'!C31 -> 11 | AQ32: ='APS Tubes by Date IMPORT'!D31 -> 11 | AR32: ='APS Tubes by Date IMPORT'!E31 -> 0 | AS32: ='APS Tubes by Date IMPORT'!F31 -> 0 | AT32: ='APS Tubes by Date IMPORT'!G31 -> 0
A33: RUN-ABRM_2022-10-17_RFR-045 | B33: =VLOOKUP(A33,'ALL Tube Results'!$B$2:$D259,2,FALSE) -> 44851 | C33: =COUNTIF('ALL Tube Results'!B32:B259, A33) -> 11 | D33: =COUNTIFS('ALL Tube Results'!$B32:$B259, $A33, 'ALL Tube Results'!$F32:$F259, "Negative") -> 11 | E33: =COUNTIFS('ALL Tube Results'!$B32:$B259, $A33, 'ALL Tube Results'!$F32:$F259, "Positive") -> 0 | F33: =COUNTIFS('ALL Tube Results'!$B32:$B259, $A33, 'ALL Tube Results'!$F32:$F259, "Inconclusive") -> 0 | G33: =IFERROR(VLOOKUP($A33,R$3:T289,3,FALSE),IFERROR(0/0,"") ) -> 11 | H33: =IF($C33=G33,IFERROR(0/0,""),$C33-G33) | I33: =IFERROR(VLOOKUP($A33,Y$3:AA289,3,FALSE),IFERROR(0/0,"") ) -> 11 | J33: =IFERROR(VLOOKUP($A33,Y$3:AD289,5,FALSE),IFERROR(0/0,"") ) -> 0 | K33: =IFERROR(VLOOKUP($A33,Y$3:AD289,6,FALSE),IFERROR(0/0,"")) -> 0 | L33: =IF($C33=I33,IFERROR(0/0,""),$C33-I33) | M33: =IF($E33=J33,IFERROR(0/0,""),$E33-J33) | N33: =IF($F33=K33,IFERROR(0/0,""),$F33-K33) | O33: =IFERROR(VLOOKUP($A33,AG$3:AI289,3,FALSE),IFERROR(0/0,"") ) -> 11 | P33: =IF($C33=O33,IFERROR(0/0,""),$C33-O33) | R33: RUN-ABRM_2022-10-17_RFR-045 | S33: 44851 | T33: =VLOOKUP(R33,'Run Reconcile'!$A$2:$L259,12,FALSE) -> 11 | U33: =IF(EXACT(A32,R32),IFERROR(0/0,""),FALSE) | Y33: =IFERROR(__xludf.DUMMYFUNCTION("""COMPUTED_VALUE"""),"RUN-ABRM_2022-10-17_RFR-045") -> RUN-ABRM_2022-10-17_RFR-045 | Z33: =IFERROR(__xludf.DUMMYFUNCTION("""COMPUTED_VALUE"""),44851.0) -> 44851 | AA33: {=INDEX('RFR Data - preExcl'!AK$2:AK259,$AE33,1)} -> 11 | AB33: =AA33-AC33-AD33 -> 11 | AC33: {=INDEX('RFR Data - preExcl'!AI$2:AI259,$AE33,1)} -> 0 | AD33: {=INDEX('RFR Data - preExcl'!AF$2:AF259,$AE33,1)} -> 0 | AE33: =IFNA(MATCH(Y33,'RFR Data - preExcl'!A$2:A259,0),"") -> 45 | AG33: RUN-ABRM_2022-10-17_RFR-045 | AH33: =VLOOKUP(AG33,'Run Reconcile'!A$2:B259,2,FALSE) -> 44851 | AI33: =COUNTIF('APS Tubes IMPORT'!$V$2:$V259, AG33) -> 11 | AJ33: =COUNTIFS('APS Tubes IMPORT'!V$2:V259, AG33, 'APS Tubes IMPORT'!H$2:H259, "Negative") -> 11 | AK33: =COUNTIFS('APS Tubes IMPORT'!V32:V259, AG33, 'APS Tubes IMPORT'!H32:H259, "Positive") -> 0 | AL33: =COUNTIFS('APS Tubes IMPORT'!V32:V259, AG33, 'APS Tubes IMPORT'!H32:H259, "Inconclusive") -> 0 | AM33: =COUNTIFS('APS Tubes IMPORT'!V32:V259, AG33, 'APS Tubes IMPORT'!H32:H259, "Null") -> 0 | AO33: ='APS Tubes by Date IMPORT'!B32 -> 44851 | AP33: ='APS Tubes by Date IMPORT'!C32 -> 11 | AQ33: ='APS Tubes by Date IMPORT'!D32 -> 11 | AR33: ='APS Tubes by Date IMPORT'!E32 -> 0 | AS33: ='APS Tubes by Date IMPORT'!F32 -> 0 | AT33: ='APS Tubes by Date IMPORT'!G32 -> 0
A34: RUN-ABRM_2022-10-18_RFR-046 | B34: =VLOOKUP(A34,'ALL Tube Results'!$B$2:$D259,2,FALSE) -> 44852 | C34: =COUNTIF('ALL Tube Results'!B33:B259, A34) -> 9 | D34: =COUNTIFS('ALL Tube Results'!$B33:$B259, $A34, 'ALL Tube Results'!$F33:$F259, "Negative") -> 9 | E34: =COUNTIFS('ALL Tube Results'!$B33:$B259, $A34, 'ALL Tube Results'!$F33:$F259, "Positive") -> 0 | F34: =COUNTIFS('ALL Tube Results'!$B33:$B259, $A34, 'ALL Tube Results'!$F33:$F259, "Inconclusive") -> 0 | G34: =IFERROR(VLOOKUP($A34,R$3:T290,3,FALSE),IFERROR(0/0,"") ) -> 9 | H34: =IF($C34=G34,IFERROR(0/0,""),$C34-G34) | I34: =IFERROR(VLOOKUP($A34,Y$3:AA290,3,FALSE),IFERROR(0/0,"") ) -> 9 | J34: =IFERROR(VLOOKUP($A34,Y$3:AD290,5,FALSE),IFERROR(0/0,"") ) -> 0 | K34: =IFERROR(VLOOKUP($A34,Y$3:AD290,6,FALSE),IFERROR(0/0,"")) -> 0 | L34: =IF($C34=I34,IFERROR(0/0,""),$C34-I34) | M34: =IF($E34=J34,IFERROR(0/0,""),$E34-J34) | N34: =IF($F34=K34,IFERROR(0/0,""),$F34-K34) | O34: =IFERROR(VLOOKUP($A34,AG$3:AI290,3,FALSE),IFERROR(0/0,"") ) -> 9 | P34: =IF($C34=O34,IFERROR(0/0,""),$C34-O34) | R34: RUN-ABRM_2022-10-18_RFR-046 | S34: 44852 | T34: =VLOOKUP(R34,'Run Reconcile'!$A$2:$L259,12,FALSE) -> 9 | U34: =IF(EXACT(A33,R33),IFERROR(0/0,""),FALSE) | Y34: =IFERROR(__xludf.DUMMYFUNCTION("""COMPUTED_VALUE"""),"RUN-ABRM_2022-10-18_RFR-046") -> RUN-ABRM_2022-10-18_RFR-046 | Z34: =IFERROR(__xludf.DUMMYFUNCTION("""COMPUTED_VALUE"""),44852.0) -> 44852 | AA34: {=INDEX('RFR Data - preExcl'!AK$2:AK259,$AE34,1)} -> 9 | AB34: =AA34-AC34-AD34 -> 9 | AC34: {=INDEX('RFR Data - preExcl'!AI$2:AI259,$AE34,1)} -> 0 | AD34: {=INDEX('RFR Data - preExcl'!AF$2:AF259,$AE34,1)} -> 0 | AE34: =IFNA(MATCH(Y34,'RFR Data - preExcl'!A$2:A259,0),"") -> 46 | AG34: RUN-ABRM_2022-10-18_RFR-046 | AH34: =VLOOKUP(AG34,'Run Reconcile'!A$2:B259,2,FALSE) -> 44852 | AI34: =COUNTIF('APS Tubes IMPORT'!$V$2:$V259, AG34) -> 9 | AJ34: =COUNTIFS('APS Tubes IMPORT'!V$2:V259, AG34, 'APS Tubes IMPORT'!H$2:H259, "Negative") -> 9 | AK34: =COUNTIFS('APS Tubes IMPORT'!V33:V259, AG34, 'APS Tubes IMPORT'!H33:H259, "Positive") -> 0 | AL34: =COUNTIFS('APS Tubes IMPORT'!V33:V259, AG34, 'APS Tubes IMPORT'!H33:H259, "Inconclusive") -> 0 | AM34: =COUNTIFS('APS Tubes IMPORT'!V33:V259, AG34, 'APS Tubes IMPORT'!H33:H259, "Null") -> 0 | AO34: ='APS Tubes by Date IMPORT'!B33 -> 44852 | AP34: ='APS Tubes by Date IMPORT'!C33 -> 9 | AQ34: ='APS Tubes by Date IMPORT'!D33 -> 9 | AR34: ='APS Tubes by Date IMPORT'!E33 -> 0 | AS34: ='APS Tubes by Date IMPORT'!F33 -> 0 | AT34: ='APS Tubes by Date IMPORT'!G33 -> 0
A35: RUN-ABRM_2022-10-19_RFR-048 | B35: =VLOOKUP(A35,'ALL Tube Results'!$B$2:$D259,2,FALSE) -> 44853 | C35: =COUNTIF('ALL Tube Results'!B34:B259, A35) -> 8 | D35: =COUNTIFS('ALL Tube Results'!$B34:$B259, $A35, 'ALL Tube Results'!$F34:$F259, "Negative") -> 8 | E35: =COUNTIFS('ALL Tube Results'!$B34:$B259, $A35, 'ALL Tube Results'!$F34:$F259, "Positive") -> 0 | F35: =COUNTIFS('ALL Tube Results'!$B34:$B259, $A35, 'ALL Tube Results'!$F34:$F259, "Inconclusive") -> 0 | G35: =IFERROR(VLOOKUP($A35,R$3:T291,3,FALSE),IFERROR(0/0,"") ) -> 8 | H35: =IF($C35=G35,IFERROR(0/0,""),$C35-G35) | I35: =IFERROR(VLOOKUP($A35,Y$3:AA291,3,FALSE),IFERROR(0/0,"") ) -> 8 | J35: =IFERROR(VLOOKUP($A35,Y$3:AD291,5,FALSE),IFERROR(0/0,"") ) -> 0 | K35: =IFERROR(VLOOKUP($A35,Y$3:AD291,6,FALSE),IFERROR(0/0,"")) -> 0 | L35: =IF($C35=I35,IFERROR(0/0,""),$C35-I35) | M35: =IF($E35=J35,IFERROR(0/0,""),$E35-J35) | N35: =IF($F35=K35,IFERROR(0/0,""),$F35-K35) | O35: =IFERROR(VLOOKUP($A35,AG$3:AI291,3,FALSE),IFERROR(0/0,"") ) -> 8 | P35: =IF($C35=O35,IFERROR(0/0,""),$C35-O35) | R35: RUN-ABRM_2022-10-19_RFR-048 | S35: 44853 | T35: =VLOOKUP(R35,'Run Reconcile'!$A$2:$L259,12,FALSE) -> 8 | U35: =IF(EXACT(A34,R34),IFERROR(0/0,""),FALSE) | Y35: =IFERROR(__xludf.DUMMYFUNCTION("""COMPUTED_VALUE"""),"RUN-ABRM_2022-10-19_RFR-048") -> RUN-ABRM_2022-10-19_RFR-048 | Z35: =IFERROR(__xludf.DUMMYFUNCTION("""COMPUTED_VALUE"""),44853.0) -> 44853 | AA35: {=INDEX('RFR Data - preExcl'!AK$2:AK259,$AE35,1)} -> 8 | AB35: =AA35-AC35-AD35 -> 8 | AC35: {=INDEX('RFR Data - preExcl'!AI$2:AI259,$AE35,1)} -> 0 | AD35: {=INDEX('RFR Data - preExcl'!AF$2:AF259,$AE35,1)} -> 0 | AE35: =IFNA(MATCH(Y35,'RFR Data - preExcl'!A$2:A259,0),"") -> 48 | AG35: RUN-ABRM_2022-10-19_RFR-048 | AH35: =VLOOKUP(AG35,'Run Reconcile'!A$2:B259,2,FALSE) -> 44853 | AI35: =COUNTIF('APS Tubes IMPORT'!$V$2:$V259, AG35) -> 8 | AJ35: =COUNTIFS('APS Tubes IMPORT'!V$2:V259, AG35, 'APS Tubes IMPORT'!H$2:H259, "Negative") -> 8 | AK35: =COUNTIFS('APS Tubes IMPORT'!V34:V259, AG35, 'APS Tubes IMPORT'!H34:H259, "Positive") -> 0 | AL35: =COUNTIFS('APS Tubes IMPORT'!V34:V259, AG35, 'APS Tubes IMPORT'!H34:H259, "Inconclusive") -> 0 | AM35: =COUNTIFS('APS Tubes IMPORT'!V34:V259, AG35, 'APS Tubes IMPORT'!H34:H259, "Null") -> 0 | AO35: ='APS Tubes by Date IMPORT'!B34 -> 44853 | AP35: ='APS Tubes by Date IMPORT'!C34 -> 8 | AQ35: ='APS Tubes by Date IMPORT'!D34 -> 8 | AR35: ='APS Tubes by Date IMPORT'!E34 -> 0 | AS35: ='APS Tubes by Date IMPORT'!F34 -> 0 | AT35: ='APS Tubes by Date IMPORT'!G34 -> 0
A36: RUN-ABRM_2022-10-20_RFR-049 | B36: =VLOOKUP(A36,'ALL Tube Results'!$B$2:$D259,2,FALSE) -> 44854 | C36: =COUNTIF('ALL Tube Results'!B35:B259, A36) -> 8 | D36: =COUNTIFS('ALL Tube Results'!$B35:$B259, $A36, 'ALL Tube Results'!$F35:$F259, "Negative") -> 8 | E36: =COUNTIFS('ALL Tube Results'!$B35:$B259, $A36, 'ALL Tube Results'!$F35:$F259, "Positive") -> 0 | F36: =COUNTIFS('ALL Tube Results'!$B35:$B259, $A36, 'ALL Tube Results'!$F35:$F259, "Inconclusive") -> 0 | G36: =IFERROR(VLOOKUP($A36,R$3:T292,3,FALSE),IFERROR(0/0,"") ) -> 8 | H36: =IF($C36=G36,IFERROR(0/0,""),$C36-G36) | I36: =IFERROR(VLOOKUP($A36,Y$3:AA292,3,FALSE),IFERROR(0/0,"") ) -> 8 | J36: =IFERROR(VLOOKUP($A36,Y$3:AD292,5,FALSE),IFERROR(0/0,"") ) -> 0 | K36: =IFERROR(VLOOKUP($A36,Y$3:AD292,6,FALSE),IFERROR(0/0,"")) -> 0 | L36: =IF($C36=I36,IFERROR(0/0,""),$C36-I36) | M36: =IF($E36=J36,IFERROR(0/0,""),$E36-J36) | N36: =IF($F36=K36,IFERROR(0/0,""),$F36-K36) | O36: =IFERROR(VLOOKUP($A36,AG$3:AI292,3,FALSE),IFERROR(0/0,"") ) -> 8 | P36: =IF($C36=O36,IFERROR(0/0,""),$C36-O36) | R36: RUN-ABRM_2022-10-20_RFR-049 | S36: 44854 | T36: =VLOOKUP(R36,'Run Reconcile'!$A$2:$L259,12,FALSE) -> 8 | U36: =IF(EXACT(A35,R35),IFERROR(0/0,""),FALSE) | Y36: =IFERROR(__xludf.DUMMYFUNCTION("""COMPUTED_VALUE"""),"RUN-ABRM_2022-10-20_RFR-049") -> RUN-ABRM_2022-10-20_RFR-049 | Z36: =IFERROR(__xludf.DUMMYFUNCTION("""COMPUTED_VALUE"""),44854.0) -> 44854 | AA36: {=INDEX('RFR Data - preExcl'!AK$2:AK259,$AE36,1)} -> 8 | AB36: =AA36-AC36-AD36 -> 8 | AC36: {=INDEX('RFR Data - preExcl'!AI$2:AI259,$AE36,1)} -> 0 | AD36: {=INDEX('RFR Data - preExcl'!AF$2:AF259,$AE36,1)} -> 0 | AE36: =IFNA(MATCH(Y36,'RFR Data - preExcl'!A$2:A259,0),"") -> 49 | AG36: RUN-ABRM_2022-10-20_RFR-049 | AH36: =VLOOKUP(AG36,'Run Reconcile'!A$2:B259,2,FALSE) -> 44854 | AI36: =COUNTIF('APS Tubes IMPORT'!$V$2:$V259, AG36) -> 8 | AJ36: =COUNTIFS('APS Tubes IMPORT'!V$2:V259, AG36, 'APS Tubes IMPORT'!H$2:H259, "Negative") -> 8 | AK36: =COUNTIFS('APS Tubes IMPORT'!V35:V259, AG36, 'APS Tubes IMPORT'!H35:H259, "Positive") -> 0 | AL36: =COUNTIFS('APS Tubes IMPORT'!V35:V259, AG36, 'APS Tubes IMPORT'!H35:H259, "Inconclusive") -> 0 | AM36: =COUNTIFS('APS Tubes IMPORT'!V35:V259, AG36, 'APS Tubes IMPORT'!H35:H259, "Null") -> 0 | AO36: ='APS Tubes by Date IMPORT'!B35 -> 44854 | AP36: ='APS Tubes by Date IMPORT'!C35 -> 8 | AQ36: ='APS Tubes by Date IMPORT'!D35 -> 8 | AR36: ='APS Tubes by Date IMPORT'!E35 -> 0 | AS36: ='APS Tubes by Date IMPORT'!F35 -> 0 | AT36: ='APS Tubes by Date IMPORT'!G35 -> 0
A37: RUN-ABRM_2022-10-21_RFR-050 | B37: =VLOOKUP(A37,'ALL Tube Results'!$B$2:$D259,2,FALSE) -> 44855 | C37: =COUNTIF('ALL Tube Results'!B36:B259, A37) -> 10 | D37: =COUNTIFS('ALL Tube Results'!$B36:$B259, $A37, 'ALL Tube Results'!$F36:$F259, "Negative") -> 10 | E37: =COUNTIFS('ALL Tube Results'!$B36:$B259, $A37, 'ALL Tube Results'!$F36:$F259, "Positive") -> 0 | F37: =COUNTIFS('ALL Tube Results'!$B36:$B259, $A37, 'ALL Tube Results'!$F36:$F259, "Inconclusive") -> 0 | G37: =IFERROR(VLOOKUP($A37,R$3:T293,3,FALSE),IFERROR(0/0,"") ) -> 10 | H37: =IF($C37=G37,IFERROR(0/0,""),$C37-G37) | I37: =IFERROR(VLOOKUP($A37,Y$3:AA293,3,FALSE),IFERROR(0/0,"") ) -> 10 | J37: =IFERROR(VLOOKUP($A37,Y$3:AD293,5,FALSE),IFERROR(0/0,"") ) -> 0 | K37: =IFERROR(VLOOKUP($A37,Y$3:AD293,6,FALSE),IFERROR(0/0,"")) -> 0 | L37: =IF($C37=I37,IFERROR(0/0,""),$C37-I37) | M37: =IF($E37=J37,IFERROR(0/0,""),$E37-J37) | N37: =IF($F37=K37,IFERROR(0/0,""),$F37-K37) | O37: =IFERROR(VLOOKUP($A37,AG$3:AI293,3,FALSE),IFERROR(0/0,"") ) -> 10 | P37: =IF($C37=O37,IFERROR(0/0,""),$C37-O37) | R37: RUN-ABRM_2022-10-21_RFR-050 | S37: 44855 | T37: =VLOOKUP(R37,'Run Reconcile'!$A$2:$L259,12,FALSE) -> 10 | U37: =IF(EXACT(A36,R36),IFERROR(0/0,""),FALSE) | Y37: =IFERROR(__xludf.DUMMYFUNCTION("""COMPUTED_VALUE"""),"RUN-ABRM_2022-10-21_RFR-050") -> RUN-ABRM_2022-10-21_RFR-050 | Z37: =IFERROR(__xludf.DUMMYFUNCTION("""COMPUTED_VALUE"""),44855.0) -> 44855 | AA37: {=INDEX('RFR Data - preExcl'!AK$2:AK259,$AE37,1)} -> 10 | AB37: =AA37-AC37-AD37 -> 10 | AC37: {=INDEX('RFR Data - preExcl'!AI$2:AI259,$AE37,1)} -> 0 | AD37: {=INDEX('RFR Data - preExcl'!AF$2:AF259,$AE37,1)} -> 0 | AE37: =IFNA(MATCH(Y37,'RFR Data - preExcl'!A$2:A259,0),"") -> 50 | AG37: RUN-ABRM_2022-10-21_RFR-050 | AH37: =VLOOKUP(AG37,'Run Reconcile'!A$2:B259,2,FALSE) -> 44855 | AI37: =COUNTIF('APS Tubes IMPORT'!$V$2:$V259, AG37) -> 10 | AJ37: =COUNTIFS('APS Tubes IMPORT'!V$2:V259, AG37, 'APS Tubes IMPORT'!H$2:H259, "Negative") -> 10 | AK37: =COUNTIFS('APS Tubes IMPORT'!V36:V259, AG37, 'APS Tubes IMPORT'!H36:H259, "Positive") -> 0 | AL37: =COUNTIFS('APS Tubes IMPORT'!V36:V259, AG37, 'APS Tubes IMPORT'!H36:H259, "Inconclusive") -> 0 | AM37: =COUNTIFS('APS Tubes IMPORT'!V36:V259, AG37, 'APS Tubes IMPORT'!H36:H259, "Null") -> 0 | AO37: ='APS Tubes by Date IMPORT'!B36 -> 44855 | AP37: ='APS Tubes by Date IMPORT'!C36 -> 10 | AQ37: ='APS Tubes by Date IMPORT'!D36 -> 10 | AR37: ='APS Tubes by Date IMPORT'!E36 -> 0 | AS37: ='APS Tubes by Date IMPORT'!F36 -> 0 | AT37: ='APS Tubes by Date IMPORT'!G36 -> 0
A38: RUN-ABRM_2022-10-24_RFR-051 | B38: =VLOOKUP(A38,'ALL Tube Results'!$B$2:$D259,2,FALSE) -> 44858 | C38: =COUNTIF('ALL Tube Results'!B37:B259, A38) -> 11 | D38: =COUNTIFS('ALL Tube Results'!$B37:$B259, $A38, 'ALL Tube Results'!$F37:$F259, "Negative") -> 11 | E38: =COUNTIFS('ALL Tube Results'!$B37:$B259, $A38, 'ALL Tube Results'!$F37:$F259, "Positive") -> 0 | F38: =COUNTIFS('ALL Tube Results'!$B37:$B259, $A38, 'ALL Tube Results'!$F37:$F259, "Inconclusive") -> 0 | G38: =IFERROR(VLOOKUP($A38,R$3:T294,3,FALSE),IFERROR(0/0,"") ) -> 11 | H38: =IF($C38=G38,IFERROR(0/0,""),$C38-G38) | I38: =IFERROR(VLOOKUP($A38,Y$3:AA294,3,FALSE),IFERROR(0/0,"") ) -> 11 | J38: =IFERROR(VLOOKUP($A38,Y$3:AD294,5,FALSE),IFERROR(0/0,"") ) -> 0 | K38: =IFERROR(VLOOKUP($A38,Y$3:AD294,6,FALSE),IFERROR(0/0,"")) -> 0 | L38: =IF($C38=I38,IFERROR(0/0,""),$C38-I38) | M38: =IF($E38=J38,IFERROR(0/0,""),$E38-J38) | N38: =IF($F38=K38,IFERROR(0/0,""),$F38-K38) | O38: =IFERROR(VLOOKUP($A38,AG$3:AI294,3,FALSE),IFERROR(0/0,"") ) -> 11 | P38: =IF($C38=O38,IFERROR(0/0,""),$C38-O38) | R38: RUN-ABRM_2022-10-24_RFR-051 | S38: 44858 | T38: =VLOOKUP(R38,'Run Reconcile'!$A$2:$L259,12,FALSE) -> 11 | U38: =IF(EXACT(A37,R37),IFERROR(0/0,""),FALSE) | Y38: =IFERROR(__xludf.DUMMYFUNCTION("""COMPUTED_VALUE"""),"RUN-ABRM_2022-10-24_RFR-051") -> RUN-ABRM_2022-10-24_RFR-051 | Z38: =IFERROR(__xludf.DUMMYFUNCTION("""COMPUTED_VALUE"""),44858.0) -> 44858 | AA38: {=INDEX('RFR Data - preExcl'!AK$2:AK259,$AE38,1)} -> 11 | AB38: =AA38-AC38-AD38 -> 11 | AC38: {=INDEX('RFR Data - preExcl'!AI$2:AI259,$AE38,1)} -> 0 | AD38: {=INDEX('RFR Data - preExcl'!AF$2:AF259,$AE38,1)} -> 0 | AE38: =IFNA(MATCH(Y38,'RFR Data - preExcl'!A$2:A259,0),"") -> 51 | AG38: RUN-ABRM_2022-10-24_RFR-051 | AH38: =VLOOKUP(AG38,'Run Reconcile'!A$2:B259,2,FALSE) -> 44858 | AI38: =COUNTIF('APS Tubes IMPORT'!$V$2:$V259, AG38) -> 11 | AJ38: =COUNTIFS('APS Tubes IMPORT'!V$2:V259, AG38, 'APS Tubes IMPORT'!H$2:H259, "Negative") -> 11 | AK38: =COUNTIFS('APS Tubes IMPORT'!V37:V259, AG38, 'APS Tubes IMPORT'!H37:H259, "Positive") -> 0 | AL38: =COUNTIFS('APS Tubes IMPORT'!V37:V259, AG38, 'APS Tubes IMPORT'!H37:H259, "Inconclusive") -> 0 | AM38: =COUNTIFS('APS Tubes IMPORT'!V37:V259, AG38, 'APS Tubes IMPORT'!H37:H259, "Null") -> 0 | AO38: ='APS Tubes by Date IMPORT'!B37 -> 44858 | AP38: ='APS Tubes by Date IMPORT'!C37 -> 11 | AQ38: ='APS Tubes by Date IMPORT'!D37 -> 11 | AR38: ='APS Tubes by Date IMPORT'!E37 -> 0 | AS38: ='APS Tubes by Date IMPORT'!F37 -> 0 | AT38: ='APS Tubes by Date IMPORT'!G37 -> 0
A39: RUN-ABRM_2022-10-25_RFR-052 | B39: =VLOOKUP(A39,'ALL Tube Results'!$B$2:$D259,2,FALSE) -> 44859 | C39: =COUNTIF('ALL Tube Results'!B38:B259, A39) -> 9 | D39: =COUNTIFS('ALL Tube Results'!$B38:$B259, $A39, 'ALL Tube Results'!$F38:$F259, "Negative") -> 9 | E39: =COUNTIFS('ALL Tube Results'!$B38:$B259, $A39, 'ALL Tube Results'!$F38:$F259, "Positive") -> 0 | F39: =COUNTIFS('ALL Tube Results'!$B38:$B259, $A39, 'ALL Tube Results'!$F38:$F259, "Inconclusive") -> 0 | G39: =IFERROR(VLOOKUP($A39,R$3:T295,3,FALSE),IFERROR(0/0,"") ) -> 9 | H39: =IF($C39=G39,IFERROR(0/0,""),$C39-G39) | I39: =IFERROR(VLOOKUP($A39,Y$3:AA295,3,FALSE),IFERROR(0/0,"") ) -> 9 | J39: =IFERROR(VLOOKUP($A39,Y$3:AD295,5,FALSE),IFERROR(0/0,"") ) -> 0 | K39: =IFERROR(VLOOKUP($A39,Y$3:AD295,6,FALSE),IFERROR(0/0,"")) -> 0 | L39: =IF($C39=I39,IFERROR(0/0,""),$C39-I39) | M39: =IF($E39=J39,IFERROR(0/0,""),$E39-J39) | N39: =IF($F39=K39,IFERROR(0/0,""),$F39-K39) | O39: =IFERROR(VLOOKUP($A39,AG$3:AI295,3,FALSE),IFERROR(0/0,"") ) -> 9 | P39: =IF($C39=O39,IFERROR(0/0,""),$C39-O39) | R39: RUN-ABRM_2022-10-25_RFR-052 | S39: 44859 | T39: =VLOOKUP(R39,'Run Reconcile'!$A$2:$L259,12,FALSE) -> 9 | U39: =IF(EXACT(A38,R38),IFERROR(0/0,""),FALSE) | Y39: =IFERROR(__xludf.DUMMYFUNCTION("""COMPUTED_VALUE"""),"RUN-ABRM_2022-10-25_RFR-052") -> RUN-ABRM_2022-10-25_RFR-052 | Z39: =IFERROR(__xludf.DUMMYFUNCTION("""COMPUTED_VALUE"""),44859.0) -> 44859 | AA39: {=INDEX('RFR Data - preExcl'!AK$2:AK259,$AE39,1)} -> 9 | AB39: =AA39-AC39-AD39 -> 9 | AC39: {=INDEX('RFR Data - preExcl'!AI$2:AI259,$AE39,1)} -> 0 | AD39: {=INDEX('RFR Data - preExcl'!AF$2:AF259,$AE39,1)} -> 0 | AE39: =IFNA(MATCH(Y39,'RFR Data - preExcl'!A$2:A259,0),"") -> 52 | AG39: RUN-ABRM_2022-10-25_RFR-052 | AH39: =VLOOKUP(AG39,'Run Reconcile'!A$2:B259,2,FALSE) -> 44859 | AI39: =COUNTIF('APS Tubes IMPORT'!$V$2:$V259, AG39) -> 9 | AJ39: =COUNTIFS('APS Tubes IMPORT'!V$2:V259, AG39, 'APS Tubes IMPORT'!H$2:H259, "Negative") -> 9 | AK39: =COUNTIFS('APS Tubes IMPORT'!V38:V259, AG39, 'APS Tubes IMPORT'!H38:H259, "Positive") -> 0 | AL39: =COUNTIFS('APS Tubes IMPORT'!V38:V259, AG39, 'APS Tubes IMPORT'!H38:H259, "Inconclusive") -> 0 | AM39: =COUNTIFS('APS Tubes IMPORT'!V38:V259, AG39, 'APS Tubes IMPORT'!H38:H259, "Null") -> 0 | AO39: ='APS Tubes by Date IMPORT'!B38 -> 44859 | AP39: ='APS Tubes by Date IMPORT'!C38 -> 9 | AQ39: ='APS Tubes by Date IMPORT'!D38 -> 9 | AR39: ='APS Tubes by Date IMPORT'!E38 -> 0 | AS39: ='APS Tubes by Date IMPORT'!F38 -> 0 | AT39: ='APS Tubes by Date IMPORT'!G38 -> 0
A40: RUN-ABRM_2022-10-26_RFR-054 | B40: =VLOOKUP(A40,'ALL Tube Results'!$B$2:$D259,2,FALSE) -> 44860 | C40: =COUNTIF('ALL Tube Results'!B39:B259, A40) -> 8 | D40: =COUNTIFS('ALL Tube Results'!$B39:$B259, $A40, 'ALL Tube Results'!$F39:$F259, "Negative") -> 8 | E40: =COUNTIFS('ALL Tube Results'!$B39:$B259, $A40, 'ALL Tube Results'!$F39:$F259, "Positive") -> 0 | F40: =COUNTIFS('ALL Tube Results'!$B39:$B259, $A40, 'ALL Tube Results'!$F39:$F259, "Inconclusive") -> 0 | G40: =IFERROR(VLOOKUP($A40,R$3:T296,3,FALSE),IFERROR(0/0,"") ) -> 8 | H40: =IF($C40=G40,IFERROR(0/0,""),$C40-G40) | I40: =IFERROR(VLOOKUP($A40,Y$3:AA296,3,FALSE),IFERROR(0/0,"") ) -> 8 | J40: =IFERROR(VLOOKUP($A40,Y$3:AD296,5,FALSE),IFERROR(0/0,"") ) -> 0 | K40: =IFERROR(VLOOKUP($A40,Y$3:AD296,6,FALSE),IFERROR(0/0,"")) -> 0 | L40: =IF($C40=I40,IFERROR(0/0,""),$C40-I40) | M40: =IF($E40=J40,IFERROR(0/0,""),$E40-J40) | N40: =IF($F40=K40,IFERROR(0/0,""),$F40-K40) | O40: =IFERROR(VLOOKUP($A40,AG$3:AI296,3,FALSE),IFERROR(0/0,"") ) -> 8 | P40: =IF($C40=O40,IFERROR(0/0,""),$C40-O40) | R40: RUN-ABRM_2022-10-26_RFR-054 | S40: 44860 | T40: =VLOOKUP(R40,'Run Reconcile'!$A$2:$L259,12,FALSE) -> 8 | U40: =IF(EXACT(A39,R39),IFERROR(0/0,""),FALSE) | Y40: =IFERROR(__xludf.DUMMYFUNCTION("""COMPUTED_VALUE"""),"RUN-ABRM_2022-10-26_RFR-054") -> RUN-ABRM_2022-10-26_RFR-054 | Z40: =IFERROR(__xludf.DUMMYFUNCTION("""COMPUTED_VALUE"""),44860.0) -> 44860 | AA40: {=INDEX('RFR Data - preExcl'!AK$2:AK259,$AE40,1)} -> 8 | AB40: =AA40-AC40-AD40 -> 8 | AC40: {=INDEX('RFR Data - preExcl'!AI$2:AI259,$AE40,1)} -> 0 | AD40: {=INDEX('RFR Data - preExcl'!AF$2:AF259,$AE40,1)} -> 0 | AE40: =IFNA(MATCH(Y40,'RFR Data - preExcl'!A$2:A259,0),"") -> 54 | AG40: RUN-ABRM_2022-10-26_RFR-054 | AH40: =VLOOKUP(AG40,'Run Reconcile'!A$2:B259,2,FALSE) -> 44860 | AI40: =COUNTIF('APS Tubes IMPORT'!$V$2:$V259, AG40) -> 8 | AJ40: =COUNTIFS('APS Tubes IMPORT'!V$2:V259, AG40, 'APS Tubes IMPORT'!H$2:H259, "Negative") -> 8 | AK40: =COUNTIFS('APS Tubes IMPORT'!V39:V259, AG40, 'APS Tubes IMPORT'!H39:H259, "Positive") -> 0 | AL40: =COUNTIFS('APS Tubes IMPORT'!V39:V259, AG40, 'APS Tubes IMPORT'!H39:H259, "Inconclusive") -> 0 | AM40: =COUNTIFS('APS Tubes IMPORT'!V39:V259, AG40, 'APS Tubes IMPORT'!H39:H259, "Null") -> 0 | AO40: ='APS Tubes by Date IMPORT'!B39 -> 44860 | AP40: ='APS Tubes by Date IMPORT'!C39 -> 8 | AQ40: ='APS Tubes by Date IMPORT'!D39 -> 8 | AR40: ='APS Tubes by Date IMPORT'!E39 -> 0 | AS40: ='APS Tubes by Date IMPORT'!F39 -> 0 | AT40: ='APS Tubes by Date IMPORT'!G39 -> 0
A41: RUN-ABRM_2022-10-27_RFR-055 | B41: =VLOOKUP(A41,'ALL Tube Results'!$B$2:$D259,2,FALSE) -> 44861 | C41: =COUNTIF('ALL Tube Results'!B40:B259, A41) -> 10 | D41: =COUNTIFS('ALL Tube Results'!$B40:$B259, $A41, 'ALL Tube Results'!$F40:$F259, "Negative") -> 10 | E41: =COUNTIFS('ALL Tube Results'!$B40:$B259, $A41, 'ALL Tube Results'!$F40:$F259, "Positive") -> 0 | F41: =COUNTIFS('ALL Tube Results'!$B40:$B259, $A41, 'ALL Tube Results'!$F40:$F259, "Inconclusive") -> 0 | G41: =IFERROR(VLOOKUP($A41,R$3:T297,3,FALSE),IFERROR(0/0,"") ) -> 10 | H41: =IF($C41=G41,IFERROR(0/0,""),$C41-G41) | I41: =IFERROR(VLOOKUP($A41,Y$3:AA297,3,FALSE),IFERROR(0/0,"") ) -> 10 | J41: =IFERROR(VLOOKUP($A41,Y$3:AD297,5,FALSE),IFERROR(0/0,"") ) -> 0 | K41: =IFERROR(VLOOKUP($A41,Y$3:AD297,6,FALSE),IFERROR(0/0,"")) -> 0 | L41: =IF($C41=I41,IFERROR(0/0,""),$C41-I41) | M41: =IF($E41=J41,IFERROR(0/0,""),$E41-J41) | N41: =IF($F41=K41,IFERROR(0/0,""),$F41-K41) | O41: =IFERROR(VLOOKUP($A41,AG$3:AI297,3,FALSE),IFERROR(0/0,"") ) -> 10 | P41: =IF($C41=O41,IFERROR(0/0,""),$C41-O41) | R41: RUN-ABRM_2022-10-27_RFR-055 | S41: 44861 | T41: =VLOOKUP(R41,'Run Reconcile'!$A$2:$L259,12,FALSE) -> 10 | U41: =IF(EXACT(A40,R40),IFERROR(0/0,""),FALSE) | Y41: =IFERROR(__xludf.DUMMYFUNCTION("""COMPUTED_VALUE"""),"RUN-ABRM_2022-10-27_RFR-055") -> RUN-ABRM_2022-10-27_RFR-055 | Z41: =IFERROR(__xludf.DUMMYFUNCTION("""COMPUTED_VALUE"""),44861.0) -> 44861 | AA41: {=INDEX('RFR Data - preExcl'!AK$2:AK259,$AE41,1)} -> 10 | AB41: =AA41-AC41-AD41 -> 10 | AC41: {=INDEX('RFR Data - preExcl'!AI$2:AI259,$AE41,1)} -> 0 | AD41: {=INDEX('RFR Data - preExcl'!AF$2:AF259,$AE41,1)} -> 0 | AE41: =IFNA(MATCH(Y41,'RFR Data - preExcl'!A$2:A259,0),"") -> 55 | AG41: RUN-ABRM_2022-10-27_RFR-055 | AH41: =VLOOKUP(AG41,'Run Reconcile'!A$2:B259,2,FALSE) -> 44861 | AI41: =COUNTIF('APS Tubes IMPORT'!$V$2:$V259, AG41) -> 10 | AJ41: =COUNTIFS('APS Tubes IMPORT'!V$2:V259, AG41, 'APS Tubes IMPORT'!H$2:H259, "Negative") -> 10 | AK41: =COUNTIFS('APS Tubes IMPORT'!V40:V259, AG41, 'APS Tubes IMPORT'!H40:H259, "Positive") -> 0 | AL41: =COUNTIFS('APS Tubes IMPORT'!V40:V259, AG41, 'APS Tubes IMPORT'!H40:H259, "Inconclusive") -> 0 | AM41: =COUNTIFS('APS Tubes IMPORT'!V40:V259, AG41, 'APS Tubes IMPORT'!H40:H259, "Null") -> 0 | AO41: ='APS Tubes by Date IMPORT'!B40 -> 44861 | AP41: ='APS Tubes by Date IMPORT'!C40 -> 11 | AQ41: ='APS Tubes by Date IMPORT'!D40 -> 11 | AR41: ='APS Tubes by Date IMPORT'!E40 -> 0 | AS41: ='APS Tubes by Date IMPORT'!F40 -> 0 | AT41: ='APS Tubes by Date IMPORT'!G40 -> 0
A42: RUN-ABRM_2022-10-28_RFR-057 | B42: =VLOOKUP(A42,'ALL Tube Results'!$B$2:$D259,2,FALSE) -> 44862 | C42: =COUNTIF('ALL Tube Results'!B41:B259, A42) -> 10 | D42: =COUNTIFS('ALL Tube Results'!$B41:$B259, $A42, 'ALL Tube Results'!$F41:$F259, "Negative") -> 10 | E42: =COUNTIFS('ALL Tube Results'!$B41:$B259, $A42, 'ALL Tube Results'!$F41:$F259, "Positive") -> 0 | F42: =COUNTIFS('ALL Tube Results'!$B41:$B259, $A42, 'ALL Tube Results'!$F41:$F259, "Inconclusive") -> 0 | G42: =IFERROR(VLOOKUP($A42,R$3:T298,3,FALSE),IFERROR(0/0,"") ) -> 10 | H42: =IF($C42=G42,IFERROR(0/0,""),$C42-G42) | I42: =IFERROR(VLOOKUP($A42,Y$3:AA298,3,FALSE),IFERROR(0/0,"") ) -> 10 | J42: =IFERROR(VLOOKUP($A42,Y$3:AD298,5,FALSE),IFERROR(0/0,"") ) -> 0 | K42: =IFERROR(VLOOKUP($A42,Y$3:AD298,6,FALSE),IFERROR(0/0,"")) -> 0 | L42: =IF($C42=I42,IFERROR(0/0,""),$C42-I42) | M42: =IF($E42=J42,IFERROR(0/0,""),$E42-J42) | N42: =IF($F42=K42,IFERROR(0/0,""),$F42-K42) | O42: =IFERROR(VLOOKUP($A42,AG$3:AI298,3,FALSE),IFERROR(0/0,"") ) -> 10 | P42: =IF($C42=O42,IFERROR(0/0,""),$C42-O42) | R42: RUN-ABRM_2022-10-28_RFR-057 | S42: 44862 | T42: =VLOOKUP(R42,'Run Reconcile'!$A$2:$L259,12,FALSE) -> 10 | U42: =IF(EXACT(A41,R41),IFERROR(0/0,""),FALSE) | Y42: =IFERROR(__xludf.DUMMYFUNCTION("""COMPUTED_VALUE"""),"RUN-ABRM_2022-10-28_RFR-057") -> RUN-ABRM_2022-10-28_RFR-057 | Z42: =IFERROR(__xludf.DUMMYFUNCTION("""COMPUTED_VALUE"""),44862.0) -> 44862 | AA42: {=INDEX('RFR Data - preExcl'!AK$2:AK259,$AE42,1)} -> 10 | AB42: =AA42-AC42-AD42 -> 10 | AC42: {=INDEX('RFR Data - preExcl'!AI$2:AI259,$AE42,1)} -> 0 | AD42: {=INDEX('RFR Data - preExcl'!AF$2:AF259,$AE42,1)} -> 0 | AE42: =IFNA(MATCH(Y42,'RFR Data - preExcl'!A$2:A259,0),"") -> 57 | AG42: RUN-ABRM_2022-10-28_RFR-057 | AH42: =VLOOKUP(AG42,'Run Reconcile'!A$2:B259,2,FALSE) -> 44862 | AI42: =COUNTIF('APS Tubes IMPORT'!$V$2:$V259, AG42) -> 10 | AJ42: =COUNTIFS('APS Tubes IMPORT'!V$2:V259, AG42, 'APS Tubes IMPORT'!H$2:H259, "Negative") -> 10 | AK42: =COUNTIFS('APS Tubes IMPORT'!V41:V259, AG42, 'APS Tubes IMPORT'!H41:H259, "Positive") -> 0 | AL42: =COUNTIFS('APS Tubes IMPORT'!V41:V259, AG42, 'APS Tubes IMPORT'!H41:H259, "Inconclusive") -> 0 | AM42: =COUNTIFS('APS Tubes IMPORT'!V41:V259, AG42, 'APS Tubes IMPORT'!H41:H259, "Null") -> 0 | AO42: ='APS Tubes by Date IMPORT'!B41 -> 44862 | AP42: ='APS Tubes by Date IMPORT'!C41 -> 9 | AQ42: ='APS Tubes by Date IMPORT'!D41 -> 9 | AR42: ='APS Tubes by Date IMPORT'!E41 -> 0 | AS42: ='APS Tubes by Date IMPORT'!F41 -> 0 | AT42: ='APS Tubes by Date IMPORT'!G41 -> 0
A43: RUN-ABRM_2022-10-31_RFR-060 | B43: =VLOOKUP(A43,'ALL Tube Results'!$B$2:$D259,2,FALSE) -> 44865 | C43: =COUNTIF('ALL Tube Results'!B42:B259, A43) -> 9 | D43: =COUNTIFS('ALL Tube Results'!$B42:$B259, $A43, 'ALL Tube Results'!$F42:$F259, "Negative") -> 9 | E43: =COUNTIFS('ALL Tube Results'!$B42:$B259, $A43, 'ALL Tube Results'!$F42:$F259, "Positive") -> 0 | F43: =COUNTIFS('ALL Tube Results'!$B42:$B259, $A43, 'ALL Tube Results'!$F42:$F259, "Inconclusive") -> 0 | G43: =IFERROR(VLOOKUP($A43,R$3:T299,3,FALSE),IFERROR(0/0,"") ) -> 9 | H43: =IF($C43=G43,IFERROR(0/0,""),$C43-G43) | I43: =IFERROR(VLOOKUP($A43,Y$3:AA299,3,FALSE),IFERROR(0/0,"") ) -> 9 | J43: =IFERROR(VLOOKUP($A43,Y$3:AD299,5,FALSE),IFERROR(0/0,"") ) -> 0 | K43: =IFERROR(VLOOKUP($A43,Y$3:AD299,6,FALSE),IFERROR(0/0,"")) -> 0 | L43: =IF($C43=I43,IFERROR(0/0,""),$C43-I43) | M43: =IF($E43=J43,IFERROR(0/0,""),$E43-J43) | N43: =IF($F43=K43,IFERROR(0/0,""),$F43-K43) | O43: =IFERROR(VLOOKUP($A43,AG$3:AI299,3,FALSE),IFERROR(0/0,"") ) -> 9 | P43: =IF($C43=O43,IFERROR(0/0,""),$C43-O43) | R43: RUN-ABRM_2022-10-31_RFR-060 | S43: 44865 | T43: =VLOOKUP(R43,'Run Reconcile'!$A$2:$L259,12,FALSE) -> 9 | U43: =IF(EXACT(A42,R42),IFERROR(0/0,""),FALSE) | Y43: =IFERROR(__xludf.DUMMYFUNCTION("""COMPUTED_VALUE"""),"RUN-ABRM_2022-10-31_RFR-060") -> RUN-ABRM_2022-10-31_RFR-060 | Z43: =IFERROR(__xludf.DUMMYFUNCTION("""COMPUTED_VALUE"""),44865.0) -> 44865 | AA43: {=INDEX('RFR Data - preExcl'!AK$2:AK259,$AE43,1)} -> 9 | AB43: =AA43-AC43-AD43 -> 9 | AC43: {=INDEX('RFR Data - preExcl'!AI$2:AI259,$AE43,1)} -> 0 | AD43: {=INDEX('RFR Data - preExcl'!AF$2:AF259,$AE43,1)} -> 0 | AE43: =IFNA(MATCH(Y43,'RFR Data - preExcl'!A$2:A259,0),"") -> 60 | AG43: RUN-ABRM_2022-10-31_RFR-060 | AH43: =VLOOKUP(AG43,'Run Reconcile'!A$2:B259,2,FALSE) -> 44865 | AI43: =COUNTIF('APS Tubes IMPORT'!$V$2:$V259, AG43) -> 9 | AJ43: =COUNTIFS('APS Tubes IMPORT'!V$2:V259, AG43, 'APS Tubes IMPORT'!H$2:H259, "Negative") -> 9 | AK43: =COUNTIFS('APS Tubes IMPORT'!V42:V259, AG43, 'APS Tubes IMPORT'!H42:H259, "Positive") -> 0 | AL43: =COUNTIFS('APS Tubes IMPORT'!V42:V259, AG43, 'APS Tubes IMPORT'!H42:H259, "Inconclusive") -> 0 | AM43: =COUNTIFS('APS Tubes IMPORT'!V42:V259, AG43, 'APS Tubes IMPORT'!H42:H259, "Null") -> 0 | AO43: ='APS Tubes by Date IMPORT'!B42 -> 44865 | AP43: ='APS Tubes by Date IMPORT'!C42 -> 9 | AQ43: ='APS Tubes by Date IMPORT'!D42 -> 9 | AR43: ='APS Tubes by Date IMPORT'!E42 -> 0 | AS43: ='APS Tubes by Date IMPORT'!F42 -> 0 | AT43: ='APS Tubes by Date IMPORT'!G42 -> 0
A44: RUN-ABRM_2022-11-01_RFR-061 | B44: =VLOOKUP(A44,'ALL Tube Results'!$B$2:$D259,2,FALSE) -> 44866 | C44: =COUNTIF('ALL Tube Results'!B43:B259, A44) -> 7 | D44: =COUNTIFS('ALL Tube Results'!$B43:$B259, $A44, 'ALL Tube Results'!$F43:$F259, "Negative") -> 7 | E44: =COUNTIFS('ALL Tube Results'!$B43:$B259, $A44, 'ALL Tube Results'!$F43:$F259, "Positive") -> 0 | F44: =COUNTIFS('ALL Tube Results'!$B43:$B259, $A44, 'ALL Tube Results'!$F43:$F259, "Inconclusive") -> 0 | G44: =IFERROR(VLOOKUP($A44,R$3:T300,3,FALSE),IFERROR(0/0,"") ) -> 7 | H44: =IF($C44=G44,IFERROR(0/0,""),$C44-G44) | I44: =IFERROR(VLOOKUP($A44,Y$3:AA300,3,FALSE),IFERROR(0/0,"") ) -> 7 | J44: =IFERROR(VLOOKUP($A44,Y$3:AD300,5,FALSE),IFERROR(0/0,"") ) -> 0 | K44: =IFERROR(VLOOKUP($A44,Y$3:AD300,6,FALSE),IFERROR(0/0,"")) -> 0 | L44: =IF($C44=I44,IFERROR(0/0,""),$C44-I44) | M44: =IF($E44=J44,IFERROR(0/0,""),$E44-J44) | N44: =IF($F44=K44,IFERROR(0/0,""),$F44-K44) | O44: =IFERROR(VLOOKUP($A44,AG$3:AI300,3,FALSE),IFERROR(0/0,"") ) -> 7 | P44: =IF($C44=O44,IFERROR(0/0,""),$C44-O44) | R44: RUN-ABRM_2022-11-01_RFR-061 | S44: 44866 | T44: =VLOOKUP(R44,'Run Reconcile'!$A$2:$L259,12,FALSE) -> 7 | U44: =IF(EXACT(A43,R43),IFERROR(0/0,""),FALSE) | Y44: =IFERROR(__xludf.DUMMYFUNCTION("""COMPUTED_VALUE"""),"RUN-ABRM_2022-11-01_RFR-061") -> RUN-ABRM_2022-11-01_RFR-061 | Z44: =IFERROR(__xludf.DUMMYFUNCTION("""COMPUTED_VALUE"""),44866.0) -> 44866 | AA44: {=INDEX('RFR Data - preExcl'!AK$2:AK259,$AE44,1)} -> 7 | AB44: =AA44-AC44-AD44 -> 7 | AC44: {=INDEX('RFR Data - preExcl'!AI$2:AI259,$AE44,1)} -> 0 | AD44: {=INDEX('RFR Data - preExcl'!AF$2:AF259,$AE44,1)} -> 0 | AE44: =IFNA(MATCH(Y44,'RFR Data - preExcl'!A$2:A259,0),"") -> 61 | AG44: RUN-ABRM_2022-11-01_RFR-061 | AH44: =VLOOKUP(AG44,'Run Reconcile'!A$2:B259,2,FALSE) -> 44866 | AI44: =COUNTIF('APS Tubes IMPORT'!$V$2:$V259, AG44) -> 7 | AJ44: =COUNTIFS('APS Tubes IMPORT'!V$2:V259, AG44, 'APS Tubes IMPORT'!H$2:H259, "Negative") -> 7 | AK44: =COUNTIFS('APS Tubes IMPORT'!V43:V259, AG44, 'APS Tubes IMPORT'!H43:H259, "Positive") -> 0 | AL44: =COUNTIFS('APS Tubes IMPORT'!V43:V259, AG44, 'APS Tubes IMPORT'!H43:H259, "Inconclusive") -> 0 | AM44: =COUNTIFS('APS Tubes IMPORT'!V43:V259, AG44, 'APS Tubes IMPORT'!H43:H259, "Null") -> 0 | AO44: ='APS Tubes by Date IMPORT'!B43 -> 44866 | AP44: ='APS Tubes by Date IMPORT'!C43 -> 7 | AQ44: ='APS Tubes by Date IMPORT'!D43 -> 7 | AR44: ='APS Tubes by Date IMPORT'!E43 -> 0 | AS44: ='APS Tubes by Date IMPORT'!F43 -> 0 | AT44: ='APS Tubes by Date IMPORT'!G43 -> 0
A45: RUN-ABRM_2022-11-02_RFR-062 | B45: =VLOOKUP(A45,'ALL Tube Results'!$B$2:$D259,2,FALSE) -> 44867 | C45: =COUNTIF('ALL Tube Results'!B44:B259, A45) -> 6 | D45: =COUNTIFS('ALL Tube Results'!$B44:$B259, $A45, 'ALL Tube Results'!$F44:$F259, "Negative") -> 6 | E45: =COUNTIFS('ALL Tube Results'!$B44:$B259, $A45, 'ALL Tube Results'!$F44:$F259, "Positive") -> 0 | F45: =COUNTIFS('ALL Tube Results'!$B44:$B259, $A45, 'ALL Tube Results'!$F44:$F259, "Inconclusive") -> 0 | G45: =IFERROR(VLOOKUP($A45,R$3:T301,3,FALSE),IFERROR(0/0,"") ) -> 6 | H45: =IF($C45=G45,IFERROR(0/0,""),$C45-G45) | I45: =IFERROR(VLOOKUP($A45,Y$3:AA301,3,FALSE),IFERROR(0/0,"") ) -> 6 | J45: =IFERROR(VLOOKUP($A45,Y$3:AD301,5,FALSE),IFERROR(0/0,"") ) -> 0 | K45: =IFERROR(VLOOKUP($A45,Y$3:AD301,6,FALSE),IFERROR(0/0,"")) -> 0 | L45: =IF($C45=I45,IFERROR(0/0,""),$C45-I45) | M45: =IF($E45=J45,IFERROR(0/0,""),$E45-J45) | N45: =IF($F45=K45,IFERROR(0/0,""),$F45-K45) | O45: =IFERROR(VLOOKUP($A45,AG$3:AI301,3,FALSE),IFERROR(0/0,"") ) -> 6 | P45: =IF($C45=O45,IFERROR(0/0,""),$C45-O45) | R45: RUN-ABRM_2022-11-02_RFR-062 | S45: 44867 | T45: =VLOOKUP(R45,'Run Reconcile'!$A$2:$L259,12,FALSE) -> 6 | U45: =IF(EXACT(A44,R44),IFERROR(0/0,""),FALSE) | Y45: =IFERROR(__xludf.DUMMYFUNCTION("""COMPUTED_VALUE"""),"RUN-ABRM_2022-11-02_RFR-062") -> RUN-ABRM_2022-11-02_RFR-062 | Z45: =IFERROR(__xludf.DUMMYFUNCTION("""COMPUTED_VALUE"""),44867.0) -> 44867 | AA45: {=INDEX('RFR Data - preExcl'!AK$2:AK259,$AE45,1)} -> 6 | AB45: =AA45-AC45-AD45 -> 6 | AC45: {=INDEX('RFR Data - preExcl'!AI$2:AI259,$AE45,1)} -> 0 | AD45: {=INDEX('RFR Data - preExcl'!AF$2:AF259,$AE45,1)} -> 0 | AE45: =IFNA(MATCH(Y45,'RFR Data - preExcl'!A$2:A259,0),"") -> 62 | AG45: RUN-ABRM_2022-11-02_RFR-062 | AH45: =VLOOKUP(AG45,'Run Reconcile'!A$2:B259,2,FALSE) -> 44867 | AI45: =COUNTIF('APS Tubes IMPORT'!$V$2:$V259, AG45) -> 6 | AJ45: =COUNTIFS('APS Tubes IMPORT'!V$2:V259, AG45, 'APS Tubes IMPORT'!H$2:H259, "Negative") -> 6 | AK45: =COUNTIFS('APS Tubes IMPORT'!V44:V259, AG45, 'APS Tubes IMPORT'!H44:H259, "Positive") -> 0 | AL45: =COUNTIFS('APS Tubes IMPORT'!V44:V259, AG45, 'APS Tubes IMPORT'!H44:H259, "Inconclusive") -> 0 | AM45: =COUNTIFS('APS Tubes IMPORT'!V44:V259, AG45, 'APS Tubes IMPORT'!H44:H259, "Null") -> 0 | AO45: ='APS Tubes by Date IMPORT'!B44 -> 44867 | AP45: ='APS Tubes by Date IMPORT'!C44 -> 6 | AQ45: ='APS Tubes by Date IMPORT'!D44 -> 6 | AR45: ='APS Tubes by Date IMPORT'!E44 -> 0 | AS45: ='APS Tubes by Date IMPORT'!F44 -> 0 | AT45: ='APS Tubes by Date IMPORT'!G44 -> 0
A46: RUN-ABRM_2022-11-03_RFR-063 | B46: =VLOOKUP(A46,'ALL Tube Results'!$B$2:$D259,2,FALSE) -> 44868 | C46: =COUNTIF('ALL Tube Results'!B45:B259, A46) -> 6 | D46: =COUNTIFS('ALL Tube Results'!$B45:$B259, $A46, 'ALL Tube Results'!$F45:$F259, "Negative") -> 6 | E46: =COUNTIFS('ALL Tube Results'!$B45:$B259, $A46, 'ALL Tube Results'!$F45:$F259, "Positive") -> 0 | F46: =COUNTIFS('ALL Tube Results'!$B45:$B259, $A46, 'ALL Tube Results'!$F45:$F259, "Inconclusive") -> 0 | G46: =IFERROR(VLOOKUP($A46,R$3:T302,3,FALSE),IFERROR(0/0,"") ) -> 6 | H46: =IF($C46=G46,IFERROR(0/0,""),$C46-G46) | I46: =IFERROR(VLOOKUP($A46,Y$3:AA302,3,FALSE),IFERROR(0/0,"") ) -> 6 | J46: =IFERROR(VLOOKUP($A46,Y$3:AD302,5,FALSE),IFERROR(0/0,"") ) -> 0 | K46: =IFERROR(VLOOKUP($A46,Y$3:AD302,6,FALSE),IFERROR(0/0,"")) -> 0 | L46: =IF($C46=I46,IFERROR(0/0,""),$C46-I46) | M46: =IF($E46=J46,IFERROR(0/0,""),$E46-J46) | N46: =IF($F46=K46,IFERROR(0/0,""),$F46-K46) | O46: =IFERROR(VLOOKUP($A46,AG$3:AI302,3,FALSE),IFERROR(0/0,"") ) -> 6 | P46: =IF($C46=O46,IFERROR(0/0,""),$C46-O46) | R46: RUN-ABRM_2022-11-03_RFR-063 | S46: 44868 | T46: =VLOOKUP(R46,'Run Reconcile'!$A$2:$L259,12,FALSE) -> 6 | U46: =IF(EXACT(A45,R45),IFERROR(0/0,""),FALSE) | Y46: =IFERROR(__xludf.DUMMYFUNCTION("""COMPUTED_VALUE"""),"RUN-ABRM_2022-11-03_RFR-063") -> RUN-ABRM_2022-11-03_RFR-063 | Z46: =IFERROR(__xludf.DUMMYFUNCTION("""COMPUTED_VALUE"""),44868.0) -> 44868 | AA46: {=INDEX('RFR Data - preExcl'!AK$2:AK259,$AE46,1)} -> 6 | AB46: =AA46-AC46-AD46 -> 6 | AC46: {=INDEX('RFR Data - preExcl'!AI$2:AI259,$AE46,1)} -> 0 | AD46: {=INDEX('RFR Data - preExcl'!AF$2:AF259,$AE46,1)} -> 0 | AE46: =IFNA(MATCH(Y46,'RFR Data - preExcl'!A$2:A259,0),"") -> 63 | AG46: RUN-ABRM_2022-11-03_RFR-063 | AH46: =VLOOKUP(AG46,'Run Reconcile'!A$2:B259,2,FALSE) -> 44868 | AI46: =COUNTIF('APS Tubes IMPORT'!$V$2:$V259, AG46) -> 6 | AJ46: =COUNTIFS('APS Tubes IMPORT'!V$2:V259, AG46, 'APS Tubes IMPORT'!H$2:H259, "Negative") -> 6 | AK46: =COUNTIFS('APS Tubes IMPORT'!V45:V259, AG46, 'APS Tubes IMPORT'!H45:H259, "Positive") -> 0 | AL46: =COUNTIFS('APS Tubes IMPORT'!V45:V259, AG46, 'APS Tubes IMPORT'!H45:H259, "Inconclusive") -> 0 | AM46: =COUNTIFS('APS Tubes IMPORT'!V45:V259, AG46, 'APS Tubes IMPORT'!H45:H259, "Null") -> 0 | AO46: ='APS Tubes by Date IMPORT'!B45 -> 44868 | AP46: ='APS Tubes by Date IMPORT'!C45 -> 6 | AQ46: ='APS Tubes by Date IMPORT'!D45 -> 6 | AR46: ='APS Tubes by Date IMPORT'!E45 -> 0 | AS46: ='APS Tubes by Date IMPORT'!F45 -> 0 | AT46: ='APS Tubes by Date IMPORT'!G45 -> 0
A47: RUN-ABRM_2022-11-04_RFR-064 | B47: =VLOOKUP(A47,'ALL Tube Results'!$B$2:$D259,2,FALSE) -> 44869 | C47: =COUNTIF('ALL Tube Results'!B46:B259, A47) -> 6 | D47: =COUNTIFS('ALL Tube Results'!$B46:$B259, $A47, 'ALL Tube Results'!$F46:$F259, "Negative") -> 6 | E47: =COUNTIFS('ALL Tube Results'!$B46:$B259, $A47, 'ALL Tube Results'!$F46:$F259, "Positive") -> 0 | F47: =COUNTIFS('ALL Tube Results'!$B46:$B259, $A47, 'ALL Tube Results'!$F46:$F259, "Inconclusive") -> 0 | G47: =IFERROR(VLOOKUP($A47,R$3:T303,3,FALSE),IFERROR(0/0,"") ) -> 6 | H47: =IF($C47=G47,IFERROR(0/0,""),$C47-G47) | I47: =IFERROR(VLOOKUP($A47,Y$3:AA303,3,FALSE),IFERROR(0/0,"") ) -> 6 | J47: =IFERROR(VLOOKUP($A47,Y$3:AD303,5,FALSE),IFERROR(0/0,"") ) -> 0 | K47: =IFERROR(VLOOKUP($A47,Y$3:AD303,6,FALSE),IFERROR(0/0,"")) -> 0 | L47: =IF($C47=I47,IFERROR(0/0,""),$C47-I47) | M47: =IF($E47=J47,IFERROR(0/0,""),$E47-J47) | N47: =IF($F47=K47,IFERROR(0/0,""),$F47-K47) | O47: =IFERROR(VLOOKUP($A47,AG$3:AI303,3,FALSE),IFERROR(0/0,"") ) -> 6 | P47: =IF($C47=O47,IFERROR(0/0,""),$C47-O47) | R47: RUN-ABRM_2022-11-04_RFR-064 | S47: 44869 | T47: =VLOOKUP(R47,'Run Reconcile'!$A$2:$L259,12,FALSE) -> 6 | U47: =IF(EXACT(A46,R46),IFERROR(0/0,""),FALSE) | Y47: =IFERROR(__xludf.DUMMYFUNCTION("""COMPUTED_VALUE"""),"RUN-ABRM_2022-11-04_RFR-064") -> RUN-ABRM_2022-11-04_RFR-064 | Z47: =IFERROR(__xludf.DUMMYFUNCTION("""COMPUTED_VALUE"""),44869.0) -> 44869 | AA47: {=INDEX('RFR Data - preExcl'!AK$2:AK259,$AE47,1)} -> 6 | AB47: =AA47-AC47-AD47 -> 6 | AC47: {=INDEX('RFR Data - preExcl'!AI$2:AI259,$AE47,1)} -> 0 | AD47: {=INDEX('RFR Data - preExcl'!AF$2:AF259,$AE47,1)} -> 0 | AE47: =IFNA(MATCH(Y47,'RFR Data - preExcl'!A$2:A259,0),"") -> 64 | AG47: RUN-ABRM_2022-11-04_RFR-064 | AH47: =VLOOKUP(AG47,'Run Reconcile'!A$2:B259,2,FALSE) -> 44869 | AI47: =COUNTIF('APS Tubes IMPORT'!$V$2:$V259, AG47) -> 6 | AJ47: =COUNTIFS('APS Tubes IMPORT'!V$2:V259, AG47, 'APS Tubes IMPORT'!H$2:H259, "Negative") -> 6 | AK47: =COUNTIFS('APS Tubes IMPORT'!V46:V259, AG47, 'APS Tubes IMPORT'!H46:H259, "Positive") -> 0 | AL47: =COUNTIFS('APS Tubes IMPORT'!V46:V259, AG47, 'APS Tubes IMPORT'!H46:H259, "Inconclusive") -> 0 | AM47: =COUNTIFS('APS Tubes IMPORT'!V46:V259, AG47, 'APS Tubes IMPORT'!H46:H259, "Null") -> 0 | AO47: ='APS Tubes by Date IMPORT'!B46 -> 44869 | AP47: ='APS Tubes by Date IMPORT'!C46 -> 6 | AQ47: ='APS Tubes by Date IMPORT'!D46 -> 6 | AR47: ='APS Tubes by Date IMPORT'!E46 -> 0 | AS47: ='APS Tubes by Date IMPORT'!F46 -> 0 | AT47: ='APS Tubes by Date IMPORT'!G46 -> 0
