Workbook

Sheet RSR Weekly
A1: Week Start Date | B1: Week End Date | C1: =CONCATENATE("Weekly Participants ",SUM(C2:C1000)) -> Weekly Participants 19571 | D1: =CONCATENATE("Weekly Tubes Run ",SUM(D2:D1000)) -> Weekly Tubes Run 6693 | E1: =CONCATENATE("Weekly Positive Tubes ",SUM(E2:E1000)) -> Weekly Positive Tubes 348 | F1: =CONCATENATE("Weekly Inconclusive Tubes ",SUM(F2:F1000)) -> Weekly Inconclusive Tubes 0 | G1: % Positive | I1: Day of the Week Start
A2: ='Compiled Tables'!N2 -> 44438 | B2: ='Compiled Tables'!O2 -> 44444 | C2: ='Compiled Tables'!R2 -> 99 | D2: ='Compiled Tables'!Q2 -> 29 | E2: ='Compiled Tables'!S2 -> 0 | G2: =IFERROR(E2/D2,IFERROR(0/0,"")) -> 0 | I2: =TEXT(A2,"ddd") -> Mon
A3: ='Compiled Tables'!N3 -> 44445 | B3: ='Compiled Tables'!O3 -> 44451 | C3: ='Compiled Tables'!R3 -> 94 | D3: ='Compiled Tables'!Q3 -> 30 | E3: ='Compiled Tables'!S3 -> 1 | G3: =IFERROR(E3/D3,IFERROR(0/0,"")) -> 0.033333333 | I3: =TEXT(A3,"ddd") -> Mon
A4: ='Compiled Tables'!N4 -> 44452 | B4: ='Compiled Tables'!O4 -> 44458 | C4: ='Compiled Tables'!R4 -> 92 | D4: ='Compiled Tables'!Q4 -> 28 | E4: ='Compiled Tables'!S4 -> 0 | G4: =IFERROR(E4/D4,IFERROR(0/0,"")) -> 0 | I4: =TEXT(A4,"ddd") -> Mon
A5: ='Compiled Tables'!N5 -> 44459 | B5: ='Compiled Tables'!O5 -> 44465 | C5: ='Compiled Tables'!R5 -> 111 | D5: ='Compiled Tables'!Q5 -> 35 | E5: ='Compiled Tables'!S5 -> 0 | G5: =IFERROR(E5/D5,IFERROR(0/0,"")) -> 0 | I5: =TEXT(A5,"ddd") -> Mon
A6: ='Compiled Tables'!N6 -> 44466 | B6: ='Compiled Tables'!O6 -> 44472 | C6: ='Compiled Tables'!R6 -> 112 | D6: ='Compiled Tables'!Q6 -> 31 | E6: ='Compiled Tables'!S6 -> 0 | G6: =IFERROR(E6/D6,IFERROR(0/0,"")) -> 0 | I6: =TEXT(A6,"ddd") -> Mon
A7: ='Compiled Tables'!N7 -> 44473 | B7: ='Compiled Tables'!O7 -> 44479 | C7: ='Compiled Tables'!R7 -> 56 | D7: ='Compiled Tables'!Q7 -> 17 | E7: ='Compiled Tables'!S7 -> 0 | G7: =IFERROR(E7/D7,IFERROR(0/0,"")) -> 0 | I7: =TEXT(A7,"ddd") -> Mon
A8: ='Compiled Tables'!N8 -> 44480 | B8: ='Compiled Tables'!O8 -> 44486 | C8: ='Compiled Tables'!R8 -> 91 | D8: ='Compiled Tables'!Q8 -> 30 | E8: ='Compiled Tables'!S8 -> 0 | G8: =IFERROR(E8/D8,IFERROR(0/0,"")) -> 0 | I8: =TEXT(A8,"ddd") -> Mon
A9: ='Compiled Tables'!N9 -> 44501 | B9: ='Compiled Tables'!O9 -> 44507 | C9: ='Compiled Tables'!R9 -> 66 | D9: ='Compiled Tables'!Q9 -> 18 | E9: ='Compiled Tables'!S9 -> 0 | G9: =IFERROR(E9/D9,IFERROR(0/0,"")) -> 0 | I9: =TEXT(A9,"ddd") -> Mon
A10: ='Compiled Tables'!N10 -> 44515 | B10: ='Compiled Tables'!O10 -> 44521 | C10: ='Compiled Tables'!R10 -> 47 | D10: ='Compiled Tables'!Q10 -> 13 | E10: ='Compiled Tables'!S10 -> 0 | G10: =IFERROR(E10/D10,IFERROR(0/0,"")) -> 0 | I10: =TEXT(A10,"ddd") -> Mon
A11: ='Compiled Tables'!N11 -> 44529 | B11: ='Compiled Tables'!O11 -> 44535 | C11: ='Compiled Tables'!R11 -> 146 | D11: ='Compiled Tables'!Q11 -> 41 | E11: ='Compiled Tables'!S11 -> 14 | G11: =IFERROR(E11/D11,IFERROR(0/0,"")) -> 0.34146341 | I11: =TEXT(A11,"ddd") -> Mon
A12: ='Compiled Tables'!N12 -> 44543 | B12: ='Compiled Tables'!O12 -> 44549 | C12: ='Compiled Tables'!R12 -> 148 | D12: ='Compiled Tables'!Q12 -> 52 | E12: ='Compiled Tables'!S12 -> 1 | G12: =IFERROR(E12/D12,IFERROR(0/0,"")) -> 0.019230769 | I12: =TEXT(A12,"ddd") -> Mon
A13: ='Compiled Tables'!N13 -> 44550 | B13: ='Compiled Tables'!O13 -> 44556 | C13: ='Compiled Tables'!R13 -> 162 | D13: ='Compiled Tables'!Q13 -> 51 | E13: ='Compiled Tables'!S13 -> 8 | G13: =IFERROR(E13/D13,IFERROR(0/0,"")) -> 0.15686275 | I13: =TEXT(A13,"ddd") -> Mon
... A23: ='Compiled Tables'!N23 -> 44620 | B23: ='Compiled Tables'!O23 -> 44626 | C23: ='Compiled Tables'!R23 -> 304 | D23: ='Compiled Tables'!Q23 -> 100 | E23: ='Compiled Tables'!S23 -> 0 | G23: =IFERROR(E23/D23,IFERROR(0/0,"")) -> 0 | I23: =TEXT(A23,"ddd") -> Mon

Sheet Compiled Tables
A1: Start Date | B1: End Date | C1: Org | D1: People Screened | E1: Unknown Positives | F1: Week | G1: Participants | H1: Negative Per Week | I1: Positive Per Week | J1: Other Per Week | K1: Total Weekly | L1: % Pos | N1: Date Start | O1: Date End | P1: Org | Q1: Pools | R1: People Screened | S1: Positives | T1: % Positivity | U1: Negatives
A2: 44438 | B2: 44444 | C2: Coral Springs | D2: =G2 -> 99 | E2: =I2 -> 0 | F2: 36 | G2: 99 | H2: 29 | I2: 0 | J2: 0 | K2: =SUM(H2:J2) -> 29 | L2: =I2/K2 -> 0 | N2: 44438 | O2: 44444 | P2: Coral Springs | Q2: 29 | R2: 99 | S2: 0 | T2: 0 | U2: 99 | W2: =TEXT(N2,"ddd") -> Mon | X2: =TEXT(O2,"ddd") -> Sun
A3: 44445 | B3: 44451 | C3: Coral Springs | D3: =G3 -> 94 | E3: =I3 -> 1 | F3: 37 | G3: 94 | H3: 29 | I3: 1 | J3: 0 | K3: =SUM(H3:J3) -> 30 | L3: =I3/K3 -> 0.033333333 | N3: 44445 | O3: 44451 | P3: Coral Springs | Q3: 30 | R3: 94 | S3: 1 | T3: 0.011 | U3: 93 | W3: =TEXT(N3,"ddd") -> Mon | X3: =TEXT(O3,"ddd") -> Sun
A4: 44452 | B4: 44458 | C4: Coral Springs | D4: =G4 -> 92 | E4: =I4 -> 0 | F4: 38 | G4: 92 | H4: 28 | I4: 0 | J4: 0 | K4: =SUM(H4:J4) -> 28 | L4: =I4/K4 -> 0 | N4: 44452 | O4: 44458 | P4: Coral Springs | Q4: 28 | R4: 92 | S4: 0 | T4: 0 | U4: 92 | W4: =TEXT(N4,"ddd") -> Mon | X4: =TEXT(O4,"ddd") -> Sun
A5: 44459 | B5: 44465 | C5: Coral Springs | D5: =G5 -> 111 | E5: =I5 -> 0 | F5: 39 | G5: 111 | H5: 35 | I5: 0 | J5: 0 | K5: =SUM(H5:J5) -> 35 | L5: =I5/K5 -> 0 | N5: 44459 | O5: 44465 | P5: Coral Springs | Q5: 35 | R5: 111 | S5: 0 | T5: 0 | U5: 111 | W5: =TEXT(N5,"ddd") -> Mon | X5: =TEXT(O5,"ddd") -> Sun
A6: 44466 | B6: 44472 | C6: Coral Springs | D6: =G6 -> 112 | E6: =I6 -> 0 | F6: 40 | G6: 112 | H6: 31 | I6: 0 | J6: 0 | K6: =SUM(H6:J6) -> 31 | L6: =I6/K6 -> 0 | N6: 44466 | O6: 44472 | P6: Coral Springs | Q6: 31 | R6: 112 | S6: 0 | T6: 0 | U6: 112 | W6: =TEXT(N6,"ddd") -> Mon | X6: =TEXT(O6,"ddd") -> Sun
A7: 44473 | B7: 44479 | C7: Coral Springs | D7: =G7 -> 56 | E7: =I7 -> 0 | F7: 41 | G7: 56 | H7: 17 | I7: 0 | J7: 0 | K7: =SUM(H7:J7) -> 17 | L7: =I7/K7 -> 0 | N7: 44473 | O7: 44479 | P7: Coral Springs | Q7: 17 | R7: 56 | S7: 0 | T7: 0 | U7: 56 | W7: =TEXT(N7,"ddd") -> Mon | X7: =TEXT(O7,"ddd") -> Sun
A8: 44480 | B8: 44486 | C8: Coral Springs | D8: =G8 -> 91 | E8: =I8 -> 0 | F8: 42 | G8: 91 | H8: 29 | I8: 0 | J8: 1 | K8: =SUM(H8:J8) -> 30 | L8: =I8/K8 -> 0 | N8: 44480 | O8: 44486 | P8: Coral Springs | Q8: 30 | R8: 91 | S8: 0 | T8: 0 | U8: 91 | W8: =TEXT(N8,"ddd") -> Mon | X8: =TEXT(O8,"ddd") -> Sun
A9: 44501 | B9: 44507 | C9: Coral Springs | D9: =G9 -> 66 | E9: =I9 -> 0 | F9: 45 | G9: 66 | H9: 18 | I9: 0 | J9: 0 | K9: =SUM(H9:J9) -> 18 | L9: =I9/K9 -> 0 | N9: 44501 | O9: 44507 | P9: Coral Springs | Q9: 18 | R9: 66 | S9: 0 | T9: 0 | U9: 66 | W9: =TEXT(N9,"ddd") -> Mon | X9: =TEXT(O9,"ddd") -> Sun
A10: 44515 | B10: 44521 | C10: Coral Springs | D10: =G10 -> 47 | E10: =I10 -> 0 | F10: 47 | G10: 47 | H10: 13 | I10: 0 | J10: 0 | K10: =SUM(H10:J10) -> 13 | L10: =I10/K10 -> 0 | N10: 44515 | O10: 44521 | P10: Coral Springs | Q10: 13 | R10: 47 | S10: 0 | T10: 0 | U10: 47 | W10: =TEXT(N10,"ddd") -> Mon | X10: =TEXT(O10,"ddd") -> Sun
A11: 44529 | B11: 44535 | C11: Coral Springs | D11: =G11 -> 146 | E11: =I11 -> 14 | F11: 49 | G11: 146 | H11: 26 | I11: 14 | J11: 1 | K11: =SUM(H11:J11) -> 41 | L11: =I11/K11 -> 0.34146341 | N11: 44529 | O11: 44535 | P11: Coral Springs | Q11: 41 | R11: 146 | S11: 14 | T11: 0.096 | U11: 132 | W11: =TEXT(N11,"ddd") -> Mon | X11: =TEXT(O11,"ddd") -> Sun
A12: 44543 | B12: 44549 | C12: Coral Springs | D12: =G12 -> 148 | E12: =I12 -> 1 | F12: 51 | G12: 148 | H12: 42 | I12: 1 | J12: 9 | K12: =SUM(H12:J12) -> 52 | L12: =I12/K12 -> 0.019230769 | N12: 44543 | O12: 44549 | P12: Coral Springs | Q12: 52 | R12: 148 | S12: 1 | T12: 0.007 | U12: 147 | W12: =TEXT(N12,"ddd") -> Mon | X12: =TEXT(O12,"ddd") -> Sun
A13: 44550 | B13: 44556 | C13: Coral Springs | D13: =G13 -> 162 | E13: =I13 -> 8 | F13: 52 | G13: 162 | H13: 43 | I13: 8 | J13: 0 | K13: =SUM(H13:J13) -> 51 | L13: =I13/K13 -> 0.15686275 | N13: 44550 | O13: 44556 | P13: Coral Springs | Q13: 51 | R13: 162 | S13: 8 | T13: 0.049 | U13: 154 | W13: =TEXT(N13,"ddd") -> Mon | X13: =TEXT(O13,"ddd") -> Sun
... A23: 44613 | B23: 44619 | C23: Coral Springs | D23: =G23 -> 1679 | E23: =I23 -> 1 | F23: 9 | G23: 1679 | H23: 551 | I23: 1 | J23: 0 | K23: =SUM(H23:J23) -> 552 | L23: =I23/K23 -> 0.0018115942 | N23: 44620 | O23: 44626 | P23: Coral Springs | Q23: 100 | R23: 304 | S23: 0 | T23: 0 | U23: 304 | W23: =TEXT(N23,"ddd") -> Mon | X23: =TEXT(O23,"ddd") -> Sun
A24: 44620 | B24: 44626 | C24: Coral Springs | D24: =G24 -> 304 | E24: =I24 -> 0 | F24: 10 | G24: 304 | H24: 100 | I24: 0 | J24: 0 | K24: =SUM(H24:J24) -> 100 | L24: =I24/K24 -> 0
Q25: 6693 | R25: 19571 | S25: 348 | U25: 19223
G26: =SUM(G2:G24) -> 19571 | H26: =SUM(H2:H24) -> 6333 | I26: =SUM(I2:I24) -> 348 | J26: =SUM(J2:J24) -> 12 | K26: =SUM(K2:K24) -> 6693
A29: From File: Data Stats - Compilation PRE DP - Coral Springs Chart tab | N29: From File: Data Stats - Compilation PRE DP - Coral Springs Chart tab
A36: Timestamp | B36: Email Address | C36: Org | D36: Pools | E36: People | F36: Unknown Positives | G36: Known Positives | H36: Inconclusives 1st | I36: Inconclusives Final | J36: Use App | K36: Comments
A37: 44491.468 | C37: Coral Springs Fire | D37: 11 | E37: 35 | F37: 0 | G37: 0 | H37: 0 | I37: 0 | J37: No | K37: Coral Springs Fire 10/18/21-10/22/21 Run by Davie Fire
A38: 44498.392 | C38: Coral Springs Fire | D38: 28 | E38: 103 | F38: 0 | G38: 0 | H38: 0 | I38: 0 | J38: No | K38: Coral Spring Fire 10/25/21-10/29/21 run by Davie Fire
A40: From File: COSP_GWS_2022-10-13_PHI_Raw

Sheet Missing - RAW Form Responses
A1: RT Jan26 - was unable to find the Coral Spring Google Form or gsheet of responses
A2: Perhaps they never gave it to us, or a FloodLAMP staff member had it on their personal GDrive
A3: The tables in Compiled Tables tab seem complete and accurate compared to APS data
