Workbook

Sheet ALL Tube Results
A1: =IFERROR(__xludf.DUMMYFUNCTION("QUERY({ 'APS Tubes IMPORT'!A1:A1579; 'ARF Tubes'!M2:M1579 }, ""SELECT Col1 WHERE Col1 IS NOT NULL"", 0)"),"TUBE ID") -> TUBE ID | B1: =IFERROR(__xludf.DUMMYFUNCTION("QUERY({ 'APS Tubes IMPORT'!V1:V1579; 'ARF Tubes'!N2:N1579 }, ""SELECT Col1 WHERE Col1 IS NOT NULL"", 0)"),"FINAL ASSIGNED RUN ID") -> FINAL ASSIGNED RUN ID | C1: ='Run Reconcile'!B1 -> RUN DATE | D1: ='APS Tubes IMPORT'!B1 -> COLLECTION DATE | E1: ='APS Tubes IMPORT'!C1 -> COLLECTION TIME | F1: =IFERROR(__xludf.DUMMYFUNCTION("QUERY({ 'APS Tubes IMPORT'!H1:H1579; 'ARF Tubes'!P2:P1579 }, ""SELECT Col1 WHERE Col1 IS NOT NULL"", 0)"),"FINAL RESULT") -> FINAL RESULT | G1: ='APS Tubes IMPORT'!N1 -> NUM SAMPLES (Pool Level) | H1: =IFERROR(__xludf.DUMMYFUNCTION("QUERY({ 'APS Tubes IMPORT'!AE1:AE1579 }, ""SELECT Col1 WHERE Col1 IS NOT NULL"", 0)"),"FINAL GROUP") -> FINAL GROUP | I1: FLSP | J1: CRLN | K1: =COUNTIF($H1:$H1579,#REF!) -> 0
A2: =IFERROR(__xludf.DUMMYFUNCTION("""COMPUTED_VALUE"""),"351390") -> 351390 | B2: =IFERROR(__xludf.DUMMYFUNCTION("""COMPUTED_VALUE"""),"RUN-FLMP_2020-12-11_APS-001") -> RUN-FLMP_2020-12-11_APS-001 | C2: =VLOOKUP(B2,'Run Reconcile'!A$2:B1579,2,FALSE) -> 44176 | D2: =IFERROR(__xludf.DUMMYFUNCTION("QUERY({ 'APS Tubes IMPORT'!B2:B1579 }, ""SELECT Col1 WHERE Col1 IS NOT NULL"", 0)"),44176.0) -> 44176 | E2: =IFERROR(__xludf.DUMMYFUNCTION("QUERY({ 'APS Tubes IMPORT'!C2:C1579; 'ARF Tubes'!P2:P1579 }, ""SELECT Col1 WHERE Col1 IS NOT NULL"", 0)"),0.356550925924239) -> 0.35655093 | F2: =IFERROR(__xludf.DUMMYFUNCTION("""COMPUTED_VALUE"""),"Negative") -> Negative | G2: =IFERROR(__xludf.DUMMYFUNCTION("QUERY({ 'APS Tubes IMPORT'!N2:N1579 }, ""SELECT Col1 WHERE Col1 IS NOT NULL"", 0)"),3.0) -> 3 | H2: =IFERROR(__xludf.DUMMYFUNCTION("""COMPUTED_VALUE"""),"FLSP") -> FLSP | I2: =COUNTIF($H2:$H1579,I1) -> 524 | J2: =COUNTIF($H2:$H1579,J1) -> 1016 | K2: =I2+J2 -> 1540
A3: =IFERROR(__xludf.DUMMYFUNCTION("""COMPUTED_VALUE"""),"351392") -> 351392 | B3: =IFERROR(__xludf.DUMMYFUNCTION("""COMPUTED_VALUE"""),"RUN-FLMP_2020-12-11_APS-001") -> RUN-FLMP_2020-12-11_APS-001 | C3: =VLOOKUP(B3,'Run Reconcile'!A$2:B1579,2,FALSE) -> 44176 | D3: =IFERROR(__xludf.DUMMYFUNCTION("""COMPUTED_VALUE"""),44176.0) -> 44176 | E3: =IFERROR(__xludf.DUMMYFUNCTION("""COMPUTED_VALUE"""),0.3628240740727051) -> 0.36282407 | F3: =IFERROR(__xludf.DUMMYFUNCTION("""COMPUTED_VALUE"""),"Negative") -> Negative | G3: =IFERROR(__xludf.DUMMYFUNCTION("""COMPUTED_VALUE"""),3.0) -> 3 | H3: =IFERROR(__xludf.DUMMYFUNCTION("""COMPUTED_VALUE"""),"FLSP") -> FLSP
A4: =IFERROR(__xludf.DUMMYFUNCTION("""COMPUTED_VALUE"""),"336361") -> 336361 | B4: =IFERROR(__xludf.DUMMYFUNCTION("""COMPUTED_VALUE"""),"RUN-FLMP_2020-12-19_APS-002") -> RUN-FLMP_2020-12-19_APS-002 | C4: =VLOOKUP(B4,'Run Reconcile'!A$2:B1579,2,FALSE) -> 44184 | D4: =IFERROR(__xludf.DUMMYFUNCTION("""COMPUTED_VALUE"""),44184.0) -> 44184 | E4: =IFERROR(__xludf.DUMMYFUNCTION("""COMPUTED_VALUE"""),0.4414351851846732) -> 0.44143519 | F4: =IFERROR(__xludf.DUMMYFUNCTION("""COMPUTED_VALUE"""),"Negative") -> Negative | G4: =IFERROR(__xludf.DUMMYFUNCTION("""COMPUTED_VALUE"""),3.0) -> 3 | H4: =IFERROR(__xludf.DUMMYFUNCTION("""COMPUTED_VALUE"""),"FLSP") -> FLSP | I4: 44528 | J4: =MATCH(I4,C$2:C1579,0)+1 -> 208
A5: =IFERROR(__xludf.DUMMYFUNCTION("""COMPUTED_VALUE"""),"425015") -> 425015 | B5: =IFERROR(__xludf.DUMMYFUNCTION("""COMPUTED_VALUE"""),"RUN-FLMP_2020-12-22_APS-003") -> RUN-FLMP_2020-12-22_APS-003 | C5: =VLOOKUP(B5,'Run Reconcile'!A$2:B1579,2,FALSE) -> 44187 | D5: =IFERROR(__xludf.DUMMYFUNCTION("""COMPUTED_VALUE"""),44187.0) -> 44187 | E5: =IFERROR(__xludf.DUMMYFUNCTION("""COMPUTED_VALUE"""),0.7623379629621923) -> 0.76233796 | F5: =IFERROR(__xludf.DUMMYFUNCTION("""COMPUTED_VALUE"""),"Negative") -> Negative | G5: =IFERROR(__xludf.DUMMYFUNCTION("""COMPUTED_VALUE"""),2.0) -> 2 | H5: =IFERROR(__xludf.DUMMYFUNCTION("""COMPUTED_VALUE"""),"FLSP") -> FLSP | I5: 44718 | J5: =MATCH(I5,C$2:C1580,0)+1 -> 1379 | K5: enter these below
A6: =IFERROR(__xludf.DUMMYFUNCTION("""COMPUTED_VALUE"""),"351402") -> 351402 | B6: =IFERROR(__xludf.DUMMYFUNCTION("""COMPUTED_VALUE"""),"RUN-FLMP_2020-12-28_APS-004") -> RUN-FLMP_2020-12-28_APS-004 | C6: =VLOOKUP(B6,'Run Reconcile'!A$2:B1579,2,FALSE) -> 44193 | D6: =IFERROR(__xludf.DUMMYFUNCTION("""COMPUTED_VALUE"""),44193.0) -> 44193 | E6: =IFERROR(__xludf.DUMMYFUNCTION("""COMPUTED_VALUE"""),0.4721643518532801) -> 0.47216435 | F6: =IFERROR(__xludf.DUMMYFUNCTION("""COMPUTED_VALUE"""),"Negative") -> Negative | G6: =IFERROR(__xludf.DUMMYFUNCTION("""COMPUTED_VALUE"""),4.0) -> 4 | H6: =IFERROR(__xludf.DUMMYFUNCTION("""COMPUTED_VALUE"""),"FLSP") -> FLSP | J6: =J5-J4+1 -> 1172
A7: =IFERROR(__xludf.DUMMYFUNCTION("""COMPUTED_VALUE"""),"336362") -> 336362 | B7: =IFERROR(__xludf.DUMMYFUNCTION("""COMPUTED_VALUE"""),"RUN-FLMP_2020-12-28_APS-004") -> RUN-FLMP_2020-12-28_APS-004 | C7: =VLOOKUP(B7,'Run Reconcile'!A$2:B1579,2,FALSE) -> 44193 | D7: =IFERROR(__xludf.DUMMYFUNCTION("""COMPUTED_VALUE"""),44193.0) -> 44193 | E7: =IFERROR(__xludf.DUMMYFUNCTION("""COMPUTED_VALUE"""),0.49696759259313694) -> 0.49696759 | F7: =IFERROR(__xludf.DUMMYFUNCTION("""COMPUTED_VALUE"""),"Negative") -> Negative | G7: =IFERROR(__xludf.DUMMYFUNCTION("""COMPUTED_VALUE"""),2.0) -> 2 | H7: =IFERROR(__xludf.DUMMYFUNCTION("""COMPUTED_VALUE"""),"FLSP") -> FLSP
A8: =IFERROR(__xludf.DUMMYFUNCTION("""COMPUTED_VALUE"""),"351429") -> 351429 | B8: =IFERROR(__xludf.DUMMYFUNCTION("""COMPUTED_VALUE"""),"RUN-FLMP_2021-01-11_APS-005") -> RUN-FLMP_2021-01-11_APS-005 | C8: =VLOOKUP(B8,'Run Reconcile'!A$2:B1579,2,FALSE) -> 44207 | D8: =IFERROR(__xludf.DUMMYFUNCTION("""COMPUTED_VALUE"""),44207.0) -> 44207 | E8: =IFERROR(__xludf.DUMMYFUNCTION("""COMPUTED_VALUE"""),0.3889467592598521) -> 0.38894676 | F8: =IFERROR(__xludf.DUMMYFUNCTION("""COMPUTED_VALUE"""),"Negative") -> Negative | G8: =IFERROR(__xludf.DUMMYFUNCTION("""COMPUTED_VALUE"""),4.0) -> 4 | H8: =IFERROR(__xludf.DUMMYFUNCTION("""COMPUTED_VALUE"""),"FLSP") -> FLSP
A9: =IFERROR(__xludf.DUMMYFUNCTION("""COMPUTED_VALUE"""),"351447") -> 351447 | B9: =IFERROR(__xludf.DUMMYFUNCTION("""COMPUTED_VALUE"""),"RUN-FLMP_2021-01-11_APS-005") -> RUN-FLMP_2021-01-11_APS-005 | C9: =VLOOKUP(B9,'Run Reconcile'!A$2:B1579,2,FALSE) -> 44207 | D9: =IFERROR(__xludf.DUMMYFUNCTION("""COMPUTED_VALUE"""),44207.0) -> 44207 | E9: =IFERROR(__xludf.DUMMYFUNCTION("""COMPUTED_VALUE"""),0.3952083333315386) -> 0.39520833 | F9: =IFERROR(__xludf.DUMMYFUNCTION("""COMPUTED_VALUE"""),"Negative") -> Negative | G9: =IFERROR(__xludf.DUMMYFUNCTION("""COMPUTED_VALUE"""),1.0) -> 1 | H9: =IFERROR(__xludf.DUMMYFUNCTION("""COMPUTED_VALUE"""),"FLSP") -> FLSP | I9: =COUNTIF($H$208:$H$1378,I1) -> 200 | J9: =COUNTIF($H$208:$H$1378,J1) -> 971 | K9: =I9+J9 -> 1171
A10: =IFERROR(__xludf.DUMMYFUNCTION("""COMPUTED_VALUE"""),"351450") -> 351450 | B10: =IFERROR(__xludf.DUMMYFUNCTION("""COMPUTED_VALUE"""),"RUN-FLMP_2021-01-11_APS-005") -> RUN-FLMP_2021-01-11_APS-005 | C10: =VLOOKUP(B10,'Run Reconcile'!A$2:B1579,2,FALSE) -> 44207 | D10: =IFERROR(__xludf.DUMMYFUNCTION("""COMPUTED_VALUE"""),44207.0) -> 44207 | E10: =IFERROR(__xludf.DUMMYFUNCTION("""COMPUTED_VALUE"""),0.3982523148151813) -> 0.39825231 | F10: =IFERROR(__xludf.DUMMYFUNCTION("""COMPUTED_VALUE"""),"Negative") -> Negative | G10: =IFERROR(__xludf.DUMMYFUNCTION("""COMPUTED_VALUE"""),4.0) -> 4 | H10: =IFERROR(__xludf.DUMMYFUNCTION("""COMPUTED_VALUE"""),"FLSP") -> FLSP | I10: =I9/K9 -> 0.17079419 | J10: =J9/K9 -> 0.82920581
A11: =IFERROR(__xludf.DUMMYFUNCTION("""COMPUTED_VALUE"""),"351448") -> 351448 | B11: =IFERROR(__xludf.DUMMYFUNCTION("""COMPUTED_VALUE"""),"RUN-FLMP_2021-01-11_APS-005") -> RUN-FLMP_2021-01-11_APS-005 | C11: =VLOOKUP(B11,'Run Reconcile'!A$2:B1579,2,FALSE) -> 44207 | D11: =IFERROR(__xludf.DUMMYFUNCTION("""COMPUTED_VALUE"""),44207.0) -> 44207 | E11: =IFERROR(__xludf.DUMMYFUNCTION("""COMPUTED_VALUE"""),0.3986574074078817) -> 0.39865741 | F11: =IFERROR(__xludf.DUMMYFUNCTION("""COMPUTED_VALUE"""),"Negative") -> Negative | G11: =IFERROR(__xludf.DUMMYFUNCTION("""COMPUTED_VALUE"""),4.0) -> 4 | H11: =IFERROR(__xludf.DUMMYFUNCTION("""COMPUTED_VALUE"""),"FLSP") -> FLSP
A12: =IFERROR(__xludf.DUMMYFUNCTION("""COMPUTED_VALUE"""),"351425") -> 351425 | B12: =IFERROR(__xludf.DUMMYFUNCTION("""COMPUTED_VALUE"""),"RUN-FLMP_2021-01-13_APS-006") -> RUN-FLMP_2021-01-13_APS-006 | C12: =VLOOKUP(B12,'Run Reconcile'!A$2:B1579,2,FALSE) -> 44209 | D12: =IFERROR(__xludf.DUMMYFUNCTION("""COMPUTED_VALUE"""),44209.0) -> 44209 | E12: =IFERROR(__xludf.DUMMYFUNCTION("""COMPUTED_VALUE"""),0.32501157407386927) -> 0.32501157 | F12: =IFERROR(__xludf.DUMMYFUNCTION("""COMPUTED_VALUE"""),"Negative") -> Negative | G12: =IFERROR(__xludf.DUMMYFUNCTION("""COMPUTED_VALUE"""),1.0) -> 1 | H12: =IFERROR(__xludf.DUMMYFUNCTION("""COMPUTED_VALUE"""),"FLSP") -> FLSP
A13: =IFERROR(__xludf.DUMMYFUNCTION("""COMPUTED_VALUE"""),"351427") -> 351427 | B13: =IFERROR(__xludf.DUMMYFUNCTION("""COMPUTED_VALUE"""),"RUN-FLMP_2021-01-13_APS-006") -> RUN-FLMP_2021-01-13_APS-006 | C13: =VLOOKUP(B13,'Run Reconcile'!A$2:B1579,2,FALSE) -> 44209 | D13: =IFERROR(__xludf.DUMMYFUNCTION("""COMPUTED_VALUE"""),44209.0) -> 44209 | E13: =IFERROR(__xludf.DUMMYFUNCTION("""COMPUTED_VALUE"""),0.32784722222277196) -> 0.32784722 | F13: =IFERROR(__xludf.DUMMYFUNCTION("""COMPUTED_VALUE"""),"Negative") -> Negative | G13: =IFERROR(__xludf.DUMMYFUNCTION("""COMPUTED_VALUE"""),2.0) -> 2 | H13: =IFERROR(__xludf.DUMMYFUNCTION("""COMPUTED_VALUE"""),"FLSP") -> FLSP
A14: =IFERROR(__xludf.DUMMYFUNCTION("""COMPUTED_VALUE"""),"351428") -> 351428 | B14: =IFERROR(__xludf.DUMMYFUNCTION("""COMPUTED_VALUE"""),"RUN-FLMP_2021-01-13_APS-006") -> RUN-FLMP_2021-01-13_APS-006 | C14: =VLOOKUP(B14,'Run Reconcile'!A$2:B1579,2,FALSE) -> 44209 | D14: =IFERROR(__xludf.DUMMYFUNCTION("""COMPUTED_VALUE"""),44209.0) -> 44209 | E14: =IFERROR(__xludf.DUMMYFUNCTION("""COMPUTED_VALUE"""),0.32894675925854244) -> 0.32894676 | F14: =IFERROR(__xludf.DUMMYFUNCTION("""COMPUTED_VALUE"""),"Negative") -> Negative | G14: =IFERROR(__xludf.DUMMYFUNCTION("""COMPUTED_VALUE"""),4.0) -> 4 | H14: =IFERROR(__xludf.DUMMYFUNCTION("""COMPUTED_VALUE"""),"FLSP") -> FLSP
A15: =IFERROR(__xludf.DUMMYFUNCTION("""COMPUTED_VALUE"""),"351441") -> 351441 | B15: =IFERROR(__xludf.DUMMYFUNCTION("""COMPUTED_VALUE"""),"RUN-FLMP_2021-01-13_APS-006") -> RUN-FLMP_2021-01-13_APS-006 | C15: =VLOOKUP(B15,'Run Reconcile'!A$2:B1579,2,FALSE) -> 44209 | D15: =IFERROR(__xludf.DUMMYFUNCTION("""COMPUTED_VALUE"""),44209.0) -> 44209 | E15: =IFERROR(__xludf.DUMMYFUNCTION("""COMPUTED_VALUE"""),0.47378472222044365) -> 0.47378472 | F15: =IFERROR(__xludf.DUMMYFUNCTION("""COMPUTED_VALUE"""),"Negative") -> Negative | G15: =IFERROR(__xludf.DUMMYFUNCTION("""COMPUTED_VALUE"""),4.0) -> 4 | H15: =IFERROR(__xludf.DUMMYFUNCTION("""COMPUTED_VALUE"""),"FLSP") -> FLSP
A16: =IFERROR(__xludf.DUMMYFUNCTION("""COMPUTED_VALUE"""),"351430") -> 351430 | B16: =IFERROR(__xludf.DUMMYFUNCTION("""COMPUTED_VALUE"""),"RUN-FLMP_2021-01-15_APS-007") -> RUN-FLMP_2021-01-15_APS-007 | C16: =VLOOKUP(B16,'Run Reconcile'!A$2:B1579,2,FALSE) -> 44211 | D16: =IFERROR(__xludf.DUMMYFUNCTION("""COMPUTED_VALUE"""),44211.0) -> 44211 | E16: =IFERROR(__xludf.DUMMYFUNCTION("""COMPUTED_VALUE"""),0.32527777777795563) -> 0.32527778 | F16: =IFERROR(__xludf.DUMMYFUNCTION("""COMPUTED_VALUE"""),"Positive") -> Positive | G16: =IFERROR(__xludf.DUMMYFUNCTION("""COMPUTED_VALUE"""),2.0) -> 2 | H16: =IFERROR(__xludf.DUMMYFUNCTION("""COMPUTED_VALUE"""),"FLSP") -> FLSP
A17: =IFERROR(__xludf.DUMMYFUNCTION("""COMPUTED_VALUE"""),"351426") -> 351426 | B17: =IFERROR(__xludf.DUMMYFUNCTION("""COMPUTED_VALUE"""),"RUN-FLMP_2021-01-15_APS-007") -> RUN-FLMP_2021-01-15_APS-007 | C17: =VLOOKUP(B17,'Run Reconcile'!A$2:B1579,2,FALSE) -> 44211 | D17: =IFERROR(__xludf.DUMMYFUNCTION("""COMPUTED_VALUE"""),44211.0) -> 44211 | E17: =IFERROR(__xludf.DUMMYFUNCTION("""COMPUTED_VALUE"""),0.3357175925921183) -> 0.33571759 | F17: =IFERROR(__xludf.DUMMYFUNCTION("""COMPUTED_VALUE"""),"Negative") -> Negative | G17: =IFERROR(__xludf.DUMMYFUNCTION("""COMPUTED_VALUE"""),2.0) -> 2 | H17: =IFERROR(__xludf.DUMMYFUNCTION("""COMPUTED_VALUE"""),"FLSP") -> FLSP
A18: =IFERROR(__xludf.DUMMYFUNCTION("""COMPUTED_VALUE"""),"424944") -> 424944 | B18: =IFERROR(__xludf.DUMMYFUNCTION("""COMPUTED_VALUE"""),"RUN-FLMP_2021-01-15_APS-007") -> RUN-FLMP_2021-01-15_APS-007 | C18: =VLOOKUP(B18,'Run Reconcile'!A$2:B1579,2,FALSE) -> 44211 | D18: =IFERROR(__xludf.DUMMYFUNCTION("""COMPUTED_VALUE"""),44211.0) -> 44211 | E18: =IFERROR(__xludf.DUMMYFUNCTION("""COMPUTED_VALUE"""),0.4014120370375167) -> 0.40141204 | F18: =IFERROR(__xludf.DUMMYFUNCTION("""COMPUTED_VALUE"""),"Negative") -> Negative | G18: =IFERROR(__xludf.DUMMYFUNCTION("""COMPUTED_VALUE"""),4.0) -> 4 | H18: =IFERROR(__xludf.DUMMYFUNCTION("""COMPUTED_VALUE"""),"FLSP") -> FLSP
A19: =IFERROR(__xludf.DUMMYFUNCTION("""COMPUTED_VALUE"""),"351430A") -> 351430A | B19: =IFERROR(__xludf.DUMMYFUNCTION("""COMPUTED_VALUE"""),"RUN-FLMP_2021-01-15_APS-007") -> RUN-FLMP_2021-01-15_APS-007 | C19: =VLOOKUP(B19,'Run Reconcile'!A$2:B1579,2,FALSE) -> 44211 | D19: =IFERROR(__xludf.DUMMYFUNCTION("""COMPUTED_VALUE"""),44211.0) -> 44211 | E19: =IFERROR(__xludf.DUMMYFUNCTION("""COMPUTED_VALUE"""),0.6666666666678793) -> 0.66666667 | F19: =IFERROR(__xludf.DUMMYFUNCTION("""COMPUTED_VALUE"""),"Negative") -> Negative | G19: =IFERROR(__xludf.DUMMYFUNCTION("""COMPUTED_VALUE"""),1.0) -> 1 | H19: =IFERROR(__xludf.DUMMYFUNCTION("""COMPUTED_VALUE"""),"FLSP") -> FLSP
A20: =IFERROR(__xludf.DUMMYFUNCTION("""COMPUTED_VALUE"""),"351430B") -> 351430B | B20: =IFERROR(__xludf.DUMMYFUNCTION("""COMPUTED_VALUE"""),"RUN-FLMP_2021-01-15_APS-007") -> RUN-FLMP_2021-01-15_APS-007 | C20: =VLOOKUP(B20,'Run Reconcile'!A$2:B1579,2,FALSE) -> 44211 | D20: =IFERROR(__xludf.DUMMYFUNCTION("""COMPUTED_VALUE"""),44211.0) -> 44211 | E20: =IFERROR(__xludf.DUMMYFUNCTION("""COMPUTED_VALUE"""),0.6666666666678793) -> 0.66666667 | F20: =IFERROR(__xludf.DUMMYFUNCTION("""COMPUTED_VALUE"""),"Positive") -> Positive | G20: =IFERROR(__xludf.DUMMYFUNCTION("""COMPUTED_VALUE"""),1.0) -> 1 | H20: =IFERROR(__xludf.DUMMYFUNCTION("""COMPUTED_VALUE"""),"FLSP") -> FLSP
A21: =IFERROR(__xludf.DUMMYFUNCTION("""COMPUTED_VALUE"""),"351430C") -> 351430C | B21: =IFERROR(__xludf.DUMMYFUNCTION("""COMPUTED_VALUE"""),"RUN-FLMP_2021-01-15_APS-007") -> RUN-FLMP_2021-01-15_APS-007 | C21: =VLOOKUP(B21,'Run Reconcile'!A$2:B1579,2,FALSE) -> 44211 | D21: =IFERROR(__xludf.DUMMYFUNCTION("""COMPUTED_VALUE"""),44211.0) -> 44211 | E21: =IFERROR(__xludf.DUMMYFUNCTION("""COMPUTED_VALUE"""),0.6666666666678793) -> 0.66666667 | F21: =IFERROR(__xludf.DUMMYFUNCTION("""COMPUTED_VALUE"""),"Negative") -> Negative | G21: =IFERROR(__xludf.DUMMYFUNCTION("""COMPUTED_VALUE"""),1.0) -> 1 | H21: =IFERROR(__xludf.DUMMYFUNCTION("""COMPUTED_VALUE"""),"FLSP") -> FLSP
A22: =IFERROR(__xludf.DUMMYFUNCTION("""COMPUTED_VALUE"""),"351430D") -> 351430D | B22: =IFERROR(__xludf.DUMMYFUNCTION("""COMPUTED_VALUE"""),"RUN-FLMP_2021-01-15_APS-007") -> RUN-FLMP_2021-01-15_APS-007 | C22: =VLOOKUP(B22,'Run Reconcile'!A$2:B1579,2,FALSE) -> 44211 | D22: =IFERROR(__xludf.DUMMYFUNCTION("""COMPUTED_VALUE"""),44211.0) -> 44211 | E22: =IFERROR(__xludf.DUMMYFUNCTION("""COMPUTED_VALUE"""),0.6666666666678793) -> 0.66666667 | F22: =IFERROR(__xludf.DUMMYFUNCTION("""COMPUTED_VALUE"""),"Positive") -> Positive | G22: =IFERROR(__xludf.DUMMYFUNCTION("""COMPUTED_VALUE"""),1.0) -> 1 | H22: =IFERROR(__xludf.DUMMYFUNCTION("""COMPUTED_VALUE"""),"FLSP") -> FLSP
A23: =IFERROR(__xludf.DUMMYFUNCTION("""COMPUTED_VALUE"""),"360044") -> 360044 | B23: =IFERROR(__xludf.DUMMYFUNCTION("""COMPUTED_VALUE"""),"RUN-FLMP_2021-01-18_APS-008") -> RUN-FLMP_2021-01-18_APS-008 | C23: =VLOOKUP(B23,'Run Reconcile'!A$2:B1579,2,FALSE) -> 44214 | D23: =IFERROR(__xludf.DUMMYFUNCTION("""COMPUTED_VALUE"""),44214.0) -> 44214 | E23: =IFERROR(__xludf.DUMMYFUNCTION("""COMPUTED_VALUE"""),0.3237615740727051) -> 0.32376157 | F23: =IFERROR(__xludf.DUMMYFUNCTION("""COMPUTED_VALUE"""),"Negative") -> Negative | G23: =IFERROR(__xludf.DUMMYFUNCTION("""COMPUTED_VALUE"""),3.0) -> 3 | H23: =IFERROR(__xludf.DUMMYFUNCTION("""COMPUTED_VALUE"""),"FLSP") -> FLSP
A24: =IFERROR(__xludf.DUMMYFUNCTION("""COMPUTED_VALUE"""),"360029") -> 360029 | B24: =IFERROR(__xludf.DUMMYFUNCTION("""COMPUTED_VALUE"""),"RUN-FLMP_2021-01-18_APS-008") -> RUN-FLMP_2021-01-18_APS-008 | C24: =VLOOKUP(B24,'Run Reconcile'!A$2:B1579,2,FALSE) -> 44214 | D24: =IFERROR(__xludf.DUMMYFUNCTION("""COMPUTED_VALUE"""),44214.0) -> 44214 | E24: =IFERROR(__xludf.DUMMYFUNCTION("""COMPUTED_VALUE"""),0.3262962962980964) -> 0.3262963 | F24: =IFERROR(__xludf.DUMMYFUNCTION("""COMPUTED_VALUE"""),"Negative") -> Negative | G24: =IFERROR(__xludf.DUMMYFUNCTION("""COMPUTED_VALUE"""),1.0) -> 1 | H24: =IFERROR(__xludf.DUMMYFUNCTION("""COMPUTED_VALUE"""),"FLSP") -> FLSP
A25: =IFERROR(__xludf.DUMMYFUNCTION("""COMPUTED_VALUE"""),"360030") -> 360030 | B25: =IFERROR(__xludf.DUMMYFUNCTION("""COMPUTED_VALUE"""),"RUN-FLMP_2021-01-18_APS-008") -> RUN-FLMP_2021-01-18_APS-008 | C25: =VLOOKUP(B25,'Run Reconcile'!A$2:B1579,2,FALSE) -> 44214 | D25: =IFERROR(__xludf.DUMMYFUNCTION("""COMPUTED_VALUE"""),44214.0) -> 44214 | E25: =IFERROR(__xludf.DUMMYFUNCTION("""COMPUTED_VALUE"""),0.3736226851870015) -> 0.37362269 | F25: =IFERROR(__xludf.DUMMYFUNCTION("""COMPUTED_VALUE"""),"Negative") -> Negative | G25: =IFERROR(__xludf.DUMMYFUNCTION("""COMPUTED_VALUE"""),2.0) -> 2 | H25: =IFERROR(__xludf.DUMMYFUNCTION("""COMPUTED_VALUE"""),"FLSP") -> FLSP
A26: =IFERROR(__xludf.DUMMYFUNCTION("""COMPUTED_VALUE"""),"360026") -> 360026 | B26: =IFERROR(__xludf.DUMMYFUNCTION("""COMPUTED_VALUE"""),"RUN-FLMP_2021-01-18_APS-008") -> RUN-FLMP_2021-01-18_APS-008 | C26: =VLOOKUP(B26,'Run Reconcile'!A$2:B1579,2,FALSE) -> 44214 | D26: =IFERROR(__xludf.DUMMYFUNCTION("""COMPUTED_VALUE"""),44214.0) -> 44214 | E26: =IFERROR(__xludf.DUMMYFUNCTION("""COMPUTED_VALUE"""),0.3761921296281798) -> 0.37619213 | F26: =IFERROR(__xludf.DUMMYFUNCTION("""COMPUTED_VALUE"""),"Negative") -> Negative | G26: =IFERROR(__xludf.DUMMYFUNCTION("""COMPUTED_VALUE"""),4.0) -> 4 | H26: =IFERROR(__xludf.DUMMYFUNCTION("""COMPUTED_VALUE"""),"FLSP") -> FLSP
A27: =IFERROR(__xludf.DUMMYFUNCTION("""COMPUTED_VALUE"""),"360028") -> 360028 | B27: =IFERROR(__xludf.DUMMYFUNCTION("""COMPUTED_VALUE"""),"RUN-FLMP_2021-01-18_APS-008") -> RUN-FLMP_2021-01-18_APS-008 | C27: =VLOOKUP(B27,'Run Reconcile'!A$2:B1579,2,FALSE) -> 44214 | D27: =IFERROR(__xludf.DUMMYFUNCTION("""COMPUTED_VALUE"""),44214.0) -> 44214 | E27: =IFERROR(__xludf.DUMMYFUNCTION("""COMPUTED_VALUE"""),0.37807870370306773) -> 0.3780787 | F27: =IFERROR(__xludf.DUMMYFUNCTION("""COMPUTED_VALUE"""),"Negative") -> Negative | G27: =IFERROR(__xludf.DUMMYFUNCTION("""COMPUTED_VALUE"""),1.0) -> 1 | H27: =IFERROR(__xludf.DUMMYFUNCTION("""COMPUTED_VALUE"""),"FLSP") -> FLSP
A28: =IFERROR(__xludf.DUMMYFUNCTION("""COMPUTED_VALUE"""),"360025") -> 360025 | B28: =IFERROR(__xludf.DUMMYFUNCTION("""COMPUTED_VALUE"""),"RUN-FLMP_2021-01-18_APS-008") -> RUN-FLMP_2021-01-18_APS-008 | C28: =VLOOKUP(B28,'Run Reconcile'!A$2:B1579,2,FALSE) -> 44214 | D28: =IFERROR(__xludf.DUMMYFUNCTION("""COMPUTED_VALUE"""),44214.0) -> 44214 | E28: =IFERROR(__xludf.DUMMYFUNCTION("""COMPUTED_VALUE"""),0.8198379629611736) -> 0.81983796 | F28: =IFERROR(__xludf.DUMMYFUNCTION("""COMPUTED_VALUE"""),"Null") -> Null | G28: =IFERROR(__xludf.DUMMYFUNCTION("""COMPUTED_VALUE"""),1.0) -> 1 | H28: =IFERROR(__xludf.DUMMYFUNCTION("""COMPUTED_VALUE"""),"FLSP") -> FLSP | K28: only run on EasyPCR
A29: =IFERROR(__xludf.DUMMYFUNCTION("""COMPUTED_VALUE"""),"360033") -> 360033 | B29: =IFERROR(__xludf.DUMMYFUNCTION("""COMPUTED_VALUE"""),"RUN-FLMP_2021-01-18_APS-008") -> RUN-FLMP_2021-01-18_APS-008 | C29: =VLOOKUP(B29,'Run Reconcile'!A$2:B1579,2,FALSE) -> 44214 | D29: =IFERROR(__xludf.DUMMYFUNCTION("""COMPUTED_VALUE"""),44214.0) -> 44214 | E29: =IFERROR(__xludf.DUMMYFUNCTION("""COMPUTED_VALUE"""),0.8248958333315386) -> 0.82489583 | F29: =IFERROR(__xludf.DUMMYFUNCTION("""COMPUTED_VALUE"""),"Null") -> Null | G29: =IFERROR(__xludf.DUMMYFUNCTION("""COMPUTED_VALUE"""),1.0) -> 1 | H29: =IFERROR(__xludf.DUMMYFUNCTION("""COMPUTED_VALUE"""),"FLSP") -> FLSP | K29: only run on EasyPCR
A30: =IFERROR(__xludf.DUMMYFUNCTION("""COMPUTED_VALUE"""),"360042") -> 360042 | B30: =IFERROR(__xludf.DUMMYFUNCTION("""COMPUTED_VALUE"""),"RUN-FLMP_2021-01-20_APS-009") -> RUN-FLMP_2021-01-20_APS-009 | C30: =VLOOKUP(B30,'Run Reconcile'!A$2:B1579,2,FALSE) -> 44216 | D30: =IFERROR(__xludf.DUMMYFUNCTION("""COMPUTED_VALUE"""),44216.0) -> 44216 | E30: =IFERROR(__xludf.DUMMYFUNCTION("""COMPUTED_VALUE"""),0.3248263888890506) -> 0.32482639 | F30: =IFERROR(__xludf.DUMMYFUNCTION("""COMPUTED_VALUE"""),"Negative") -> Negative | G30: =IFERROR(__xludf.DUMMYFUNCTION("""COMPUTED_VALUE"""),3.0) -> 3 | H30: =IFERROR(__xludf.DUMMYFUNCTION("""COMPUTED_VALUE"""),"FLSP") -> FLSP
A31: =IFERROR(__xludf.DUMMYFUNCTION("""COMPUTED_VALUE"""),"360031") -> 360031 | B31: =IFERROR(__xludf.DUMMYFUNCTION("""COMPUTED_VALUE"""),"RUN-FLMP_2021-01-20_APS-009") -> RUN-FLMP_2021-01-20_APS-009 | C31: =VLOOKUP(B31,'Run Reconcile'!A$2:B1579,2,FALSE) -> 44216 | D31: =IFERROR(__xludf.DUMMYFUNCTION("""COMPUTED_VALUE"""),44216.0) -> 44216 | E31: =IFERROR(__xludf.DUMMYFUNCTION("""COMPUTED_VALUE"""),0.325474537035916) -> 0.32547454 | F31: =IFERROR(__xludf.DUMMYFUNCTION("""COMPUTED_VALUE"""),"Negative") -> Negative | G31: =IFERROR(__xludf.DUMMYFUNCTION("""COMPUTED_VALUE"""),1.0) -> 1 | H31: =IFERROR(__xludf.DUMMYFUNCTION("""COMPUTED_VALUE"""),"FLSP") -> FLSP
A32: =IFERROR(__xludf.DUMMYFUNCTION("""COMPUTED_VALUE"""),"360039") -> 360039 | B32: =IFERROR(__xludf.DUMMYFUNCTION("""COMPUTED_VALUE"""),"RUN-FLMP_2021-01-20_APS-009") -> RUN-FLMP_2021-01-20_APS-009 | C32: =VLOOKUP(B32,'Run Reconcile'!A$2:B1579,2,FALSE) -> 44216 | D32: =IFERROR(__xludf.DUMMYFUNCTION("""COMPUTED_VALUE"""),44216.0) -> 44216 | E32: =IFERROR(__xludf.DUMMYFUNCTION("""COMPUTED_VALUE"""),0.33905092592613073) -> 0.33905093 | F32: =IFERROR(__xludf.DUMMYFUNCTION("""COMPUTED_VALUE"""),"Negative") -> Negative | G32: =IFERROR(__xludf.DUMMYFUNCTION("""COMPUTED_VALUE"""),2.0) -> 2 | H32: =IFERROR(__xludf.DUMMYFUNCTION("""COMPUTED_VALUE"""),"FLSP") -> FLSP
A33: =IFERROR(__xludf.DUMMYFUNCTION("""COMPUTED_VALUE"""),"360032") -> 360032 | B33: =IFERROR(__xludf.DUMMYFUNCTION("""COMPUTED_VALUE"""),"RUN-FLMP_2021-01-20_APS-009") -> RUN-FLMP_2021-01-20_APS-009 | C33: =VLOOKUP(B33,'Run Reconcile'!A$2:B1579,2,FALSE) -> 44216 | D33: =IFERROR(__xludf.DUMMYFUNCTION("""COMPUTED_VALUE"""),44216.0) -> 44216 | E33: =IFERROR(__xludf.DUMMYFUNCTION("""COMPUTED_VALUE"""),0.3561805555546016) -> 0.35618056 | F33: =IFERROR(__xludf.DUMMYFUNCTION("""COMPUTED_VALUE"""),"Negative") -> Negative | G33: =IFERROR(__xludf.DUMMYFUNCTION("""COMPUTED_VALUE"""),1.0) -> 1 | H33: =IFERROR(__xludf.DUMMYFUNCTION("""COMPUTED_VALUE"""),"FLSP") -> FLSP
A34: =IFERROR(__xludf.DUMMYFUNCTION("""COMPUTED_VALUE"""),"360017") -> 360017 | B34: =IFERROR(__xludf.DUMMYFUNCTION("""COMPUTED_VALUE"""),"RUN-FLMP_2021-01-20_APS-009") -> RUN-FLMP_2021-01-20_APS-009 | C34: =VLOOKUP(B34,'Run Reconcile'!A$2:B1579,2,FALSE) -> 44216 | D34: =IFERROR(__xludf.DUMMYFUNCTION("""COMPUTED_VALUE"""),44216.0) -> 44216 | E34: =IFERROR(__xludf.DUMMYFUNCTION("""COMPUTED_VALUE"""),0.3587962962956226) -> 0.3587963 | F34: =IFERROR(__xludf.DUMMYFUNCTION("""COMPUTED_VALUE"""),"Negative") -> Negative | G34: =IFERROR(__xludf.DUMMYFUNCTION("""COMPUTED_VALUE"""),3.0) -> 3 | H34: =IFERROR(__xludf.DUMMYFUNCTION("""COMPUTED_VALUE"""),"FLSP") -> FLSP
A35: =IFERROR(__xludf.DUMMYFUNCTION("""COMPUTED_VALUE"""),"6") -> 6 | B35: =IFERROR(__xludf.DUMMYFUNCTION("""COMPUTED_VALUE"""),"RUN-FLMP_2021-01-20_APS-009") -> RUN-FLMP_2021-01-20_APS-009 | C35: =VLOOKUP(B35,'Run Reconcile'!A$2:B1579,2,FALSE) -> 44216 | D35: =IFERROR(__xludf.DUMMYFUNCTION("""COMPUTED_VALUE"""),44216.0) -> 44216 | E35: =IFERROR(__xludf.DUMMYFUNCTION("""COMPUTED_VALUE"""),0.6091203703690553) -> 0.60912037 | F35: =IFERROR(__xludf.DUMMYFUNCTION("""COMPUTED_VALUE"""),"Negative") -> Negative | G35: =IFERROR(__xludf.DUMMYFUNCTION("""COMPUTED_VALUE"""),4.0) -> 4 | H35: =IFERROR(__xludf.DUMMYFUNCTION("""COMPUTED_VALUE"""),"FLSP") -> FLSP
A36: =IFERROR(__xludf.DUMMYFUNCTION("""COMPUTED_VALUE"""),"360023") -> 360023 | B36: =IFERROR(__xludf.DUMMYFUNCTION("""COMPUTED_VALUE"""),"RUN-FLMP_2021-01-20_APS-009") -> RUN-FLMP_2021-01-20_APS-009 | C36: =VLOOKUP(B36,'Run Reconcile'!A$2:B1579,2,FALSE) -> 44216 | D36: =IFERROR(__xludf.DUMMYFUNCTION("""COMPUTED_VALUE"""),44216.0) -> 44216 | E36: =IFERROR(__xludf.DUMMYFUNCTION("""COMPUTED_VALUE"""),0.8735185185178125) -> 0.87351852 | F36: =IFERROR(__xludf.DUMMYFUNCTION("""COMPUTED_VALUE"""),"Negative") -> Negative | G36: =IFERROR(__xludf.DUMMYFUNCTION("""COMPUTED_VALUE"""),1.0) -> 1 | H36: =IFERROR(__xludf.DUMMYFUNCTION("""COMPUTED_VALUE"""),"FLSP") -> FLSP
A37: =IFERROR(__xludf.DUMMYFUNCTION("""COMPUTED_VALUE"""),"6009") -> 6009 | B37: =IFERROR(__xludf.DUMMYFUNCTION("""COMPUTED_VALUE"""),"RUN-FLMP_2021-01-21_APS-010") -> RUN-FLMP_2021-01-21_APS-010 | C37: =VLOOKUP(B37,'Run Reconcile'!A$2:B1579,2,FALSE) -> 44217 | D37: =IFERROR(__xludf.DUMMYFUNCTION("""COMPUTED_VALUE"""),44217.0) -> 44217 | E37: =IFERROR(__xludf.DUMMYFUNCTION("""COMPUTED_VALUE"""),0.33932870370335877) -> 0.3393287 | F37: =IFERROR(__xludf.DUMMYFUNCTION("""COMPUTED_VALUE"""),"Negative") -> Negative | G37: =IFERROR(__xludf.DUMMYFUNCTION("""COMPUTED_VALUE"""),2.0) -> 2 | H37: =IFERROR(__xludf.DUMMYFUNCTION("""COMPUTED_VALUE"""),"FLSP") -> FLSP
A38: =IFERROR(__xludf.DUMMYFUNCTION("""COMPUTED_VALUE"""),"336378") -> 336378 | B38: =IFERROR(__xludf.DUMMYFUNCTION("""COMPUTED_VALUE"""),"RUN-FLMP_2021-01-21_APS-010") -> RUN-FLMP_2021-01-21_APS-010 | C38: =VLOOKUP(B38,'Run Reconcile'!A$2:B1579,2,FALSE) -> 44217 | D38: =IFERROR(__xludf.DUMMYFUNCTION("""COMPUTED_VALUE"""),44217.0) -> 44217 | E38: =IFERROR(__xludf.DUMMYFUNCTION("""COMPUTED_VALUE"""),0.6283680555570754) -> 0.62836806 | F38: =IFERROR(__xludf.DUMMYFUNCTION("""COMPUTED_VALUE"""),"Negative") -> Negative | G38: =IFERROR(__xludf.DUMMYFUNCTION("""COMPUTED_VALUE"""),1.0) -> 1 | H38: =IFERROR(__xludf.DUMMYFUNCTION("""COMPUTED_VALUE"""),"FLSP") -> FLSP
A39: =IFERROR(__xludf.DUMMYFUNCTION("""COMPUTED_VALUE"""),"632574") -> 632574 | B39: =IFERROR(__xludf.DUMMYFUNCTION("""COMPUTED_VALUE"""),"RUN-FLMP_2021-01-21_APS-010") -> RUN-FLMP_2021-01-21_APS-010 | C39: =VLOOKUP(B39,'Run Reconcile'!A$2:B1579,2,FALSE) -> 44217 | D39: =IFERROR(__xludf.DUMMYFUNCTION("""COMPUTED_VALUE"""),44217.0) -> 44217 | E39: =IFERROR(__xludf.DUMMYFUNCTION("""COMPUTED_VALUE"""),0.7206944444442343) -> 0.72069444 | F39: =IFERROR(__xludf.DUMMYFUNCTION("""COMPUTED_VALUE"""),"Negative") -> Negative | G39: =IFERROR(__xludf.DUMMYFUNCTION("""COMPUTED_VALUE"""),2.0) -> 2 | H39: =IFERROR(__xludf.DUMMYFUNCTION("""COMPUTED_VALUE"""),"FLSP") -> FLSP
A40: =IFERROR(__xludf.DUMMYFUNCTION("""COMPUTED_VALUE"""),"360018") -> 360018 | B40: =IFERROR(__xludf.DUMMYFUNCTION("""COMPUTED_VALUE"""),"RUN-FLMP_2021-01-21_APS-010") -> RUN-FLMP_2021-01-21_APS-010 | C40: =VLOOKUP(B40,'Run Reconcile'!A$2:B1579,2,FALSE) -> 44217 | D40: =IFERROR(__xludf.DUMMYFUNCTION("""COMPUTED_VALUE"""),44217.0) -> 44217 | E40: =IFERROR(__xludf.DUMMYFUNCTION("""COMPUTED_VALUE"""),0.885289351852407) -> 0.88528935 | F40: =IFERROR(__xludf.DUMMYFUNCTION("""COMPUTED_VALUE"""),"Negative") -> Negative | G40: =IFERROR(__xludf.DUMMYFUNCTION("""COMPUTED_VALUE"""),4.0) -> 4 | H40: =IFERROR(__xludf.DUMMYFUNCTION("""COMPUTED_VALUE"""),"FLSP") -> FLSP
A41: =IFERROR(__xludf.DUMMYFUNCTION("""COMPUTED_VALUE"""),"360043") -> 360043 | B41: =IFERROR(__xludf.DUMMYFUNCTION("""COMPUTED_VALUE"""),"RUN-FLMP_2021-01-22_APS-011") -> RUN-FLMP_2021-01-22_APS-011 | C41: =VLOOKUP(B41,'Run Reconcile'!A$2:B1579,2,FALSE) -> 44218 | D41: =IFERROR(__xludf.DUMMYFUNCTION("""COMPUTED_VALUE"""),44218.0) -> 44218 | E41: =IFERROR(__xludf.DUMMYFUNCTION("""COMPUTED_VALUE"""),0.3335763888899237) -> 0.33357639 | F41: =IFERROR(__xludf.DUMMYFUNCTION("""COMPUTED_VALUE"""),"Negative") -> Negative | G41: =IFERROR(__xludf.DUMMYFUNCTION("""COMPUTED_VALUE"""),1.0) -> 1 | H41: =IFERROR(__xludf.DUMMYFUNCTION("""COMPUTED_VALUE"""),"FLSP") -> FLSP
A42: =IFERROR(__xludf.DUMMYFUNCTION("""COMPUTED_VALUE"""),"351467") -> 351467 | B42: =IFERROR(__xludf.DUMMYFUNCTION("""COMPUTED_VALUE"""),"RUN-FLMP_2021-01-22_APS-011") -> RUN-FLMP_2021-01-22_APS-011 | C42: =VLOOKUP(B42,'Run Reconcile'!A$2:B1579,2,FALSE) -> 44218 | D42: =IFERROR(__xludf.DUMMYFUNCTION("""COMPUTED_VALUE"""),44218.0) -> 44218 | E42: =IFERROR(__xludf.DUMMYFUNCTION("""COMPUTED_VALUE"""),0.33414351851752144) -> 0.33414352 | F42: =IFERROR(__xludf.DUMMYFUNCTION("""COMPUTED_VALUE"""),"Negative") -> Negative | G42: =IFERROR(__xludf.DUMMYFUNCTION("""COMPUTED_VALUE"""),3.0) -> 3 | H42: =IFERROR(__xludf.DUMMYFUNCTION("""COMPUTED_VALUE"""),"FLSP") -> FLSP
A43: =IFERROR(__xludf.DUMMYFUNCTION("""COMPUTED_VALUE"""),"360027") -> 360027 | B43: =IFERROR(__xludf.DUMMYFUNCTION("""COMPUTED_VALUE"""),"RUN-FLMP_2021-01-22_APS-011") -> RUN-FLMP_2021-01-22_APS-011 | C43: =VLOOKUP(B43,'Run Reconcile'!A$2:B1579,2,FALSE) -> 44218 | D43: =IFERROR(__xludf.DUMMYFUNCTION("""COMPUTED_VALUE"""),44218.0) -> 44218 | E43: =IFERROR(__xludf.DUMMYFUNCTION("""COMPUTED_VALUE"""),0.33475694444496185) -> 0.33475694 | F43: =IFERROR(__xludf.DUMMYFUNCTION("""COMPUTED_VALUE"""),"Negative") -> Negative | G43: =IFERROR(__xludf.DUMMYFUNCTION("""COMPUTED_VALUE"""),1.0) -> 1 | H43: =IFERROR(__xludf.DUMMYFUNCTION("""COMPUTED_VALUE"""),"FLSP") -> FLSP
A44: =IFERROR(__xludf.DUMMYFUNCTION("""COMPUTED_VALUE"""),"360035") -> 360035 | B44: =IFERROR(__xludf.DUMMYFUNCTION("""COMPUTED_VALUE"""),"RUN-FLMP_2021-01-22_APS-011") -> RUN-FLMP_2021-01-22_APS-011 | C44: =VLOOKUP(B44,'Run Reconcile'!A$2:B1579,2,FALSE) -> 44218 | D44: =IFERROR(__xludf.DUMMYFUNCTION("""COMPUTED_VALUE"""),44218.0) -> 44218 | E44: =IFERROR(__xludf.DUMMYFUNCTION("""COMPUTED_VALUE"""),0.33803240740598994) -> 0.33803241 | F44: =IFERROR(__xludf.DUMMYFUNCTION("""COMPUTED_VALUE"""),"Negative") -> Negative | G44: =IFERROR(__xludf.DUMMYFUNCTION("""COMPUTED_VALUE"""),1.0) -> 1 | H44: =IFERROR(__xludf.DUMMYFUNCTION("""COMPUTED_VALUE"""),"FLSP") -> FLSP
A45: =IFERROR(__xludf.DUMMYFUNCTION("""COMPUTED_VALUE"""),"360021") -> 360021 | B45: =IFERROR(__xludf.DUMMYFUNCTION("""COMPUTED_VALUE"""),"RUN-FLMP_2021-01-24_APS-012") -> RUN-FLMP_2021-01-24_APS-012 | C45: =VLOOKUP(B45,'Run Reconcile'!A$2:B1579,2,FALSE) -> 44220 | D45: =IFERROR(__xludf.DUMMYFUNCTION("""COMPUTED_VALUE"""),44220.0) -> 44220 | E45: =IFERROR(__xludf.DUMMYFUNCTION("""COMPUTED_VALUE"""),0.8596759259271494) -> 0.85967593 | F45: =IFERROR(__xludf.DUMMYFUNCTION("""COMPUTED_VALUE"""),"Negative") -> Negative | G45: =IFERROR(__xludf.DUMMYFUNCTION("""COMPUTED_VALUE"""),4.0) -> 4 | H45: =IFERROR(__xludf.DUMMYFUNCTION("""COMPUTED_VALUE"""),"FLSP") -> FLSP
A46: =IFERROR(__xludf.DUMMYFUNCTION("""COMPUTED_VALUE"""),"360014") -> 360014 | B46: =IFERROR(__xludf.DUMMYFUNCTION("""COMPUTED_VALUE"""),"RUN-FLMP_2021-01-24_APS-012") -> RUN-FLMP_2021-01-24_APS-012 | C46: =VLOOKUP(B46,'Run Reconcile'!A$2:B1579,2,FALSE) -> 44220 | D46: =IFERROR(__xludf.DUMMYFUNCTION("""COMPUTED_VALUE"""),44220.0) -> 44220 | E46: =IFERROR(__xludf.DUMMYFUNCTION("""COMPUTED_VALUE"""),0.869733796294895) -> 0.8697338 | F46: =IFERROR(__xludf.DUMMYFUNCTION("""COMPUTED_VALUE"""),"Negative") -> Negative | G46: =IFERROR(__xludf.DUMMYFUNCTION("""COMPUTED_VALUE"""),2.0) -> 2 | H46: =IFERROR(__xludf.DUMMYFUNCTION("""COMPUTED_VALUE"""),"FLSP") -> FLSP
A47: =IFERROR(__xludf.DUMMYFUNCTION("""COMPUTED_VALUE"""),"360045") -> 360045 | B47: =IFERROR(__xludf.DUMMYFUNCTION("""COMPUTED_VALUE"""),"RUN-FLMP_2021-01-25_APS-013") -> RUN-FLMP_2021-01-25_APS-013 | C47: =VLOOKUP(B47,'Run Reconcile'!A$2:B1579,2,FALSE) -> 44221 | D47: =IFERROR(__xludf.DUMMYFUNCTION("""COMPUTED_VALUE"""),44221.0) -> 44221 | E47: =IFERROR(__xludf.DUMMYFUNCTION("""COMPUTED_VALUE"""),0.33618055555416504) -> 0.33618056 | F47: =IFERROR(__xludf.DUMMYFUNCTION("""COMPUTED_VALUE"""),"Negative") -> Negative | G47: =IFERROR(__xludf.DUMMYFUNCTION("""COMPUTED_VALUE"""),1.0) -> 1 | H47: =IFERROR(__xludf.DUMMYFUNCTION("""COMPUTED_VALUE"""),"FLSP") -> FLSP
A48: =IFERROR(__xludf.DUMMYFUNCTION("""COMPUTED_VALUE"""),"D3940") -> D3940 | B48: =IFERROR(__xludf.DUMMYFUNCTION("""COMPUTED_VALUE"""),"RUN-FLMP_2021-01-25_APS-013") -> RUN-FLMP_2021-01-25_APS-013 | C48: =VLOOKUP(B48,'Run Reconcile'!A$2:B1579,2,FALSE) -> 44221 | D48: =IFERROR(__xludf.DUMMYFUNCTION("""COMPUTED_VALUE"""),44221.0) -> 44221 | E48: =IFERROR(__xludf.DUMMYFUNCTION("""COMPUTED_VALUE"""),0.35420138888730435) -> 0.35420139 | F48: =IFERROR(__xludf.DUMMYFUNCTION("""COMPUTED_VALUE"""),"Negative") -> Negative | G48: =IFERROR(__xludf.DUMMYFUNCTION("""COMPUTED_VALUE"""),4.0) -> 4 | H48: =IFERROR(__xludf.DUMMYFUNCTION("""COMPUTED_VALUE"""),"FLSP") -> FLSP
A49: =IFERROR(__xludf.DUMMYFUNCTION("""COMPUTED_VALUE"""),"336382") -> 336382 | B49: =IFERROR(__xludf.DUMMYFUNCTION("""COMPUTED_VALUE"""),"RUN-FLMP_2021-01-25_APS-013") -> RUN-FLMP_2021-01-25_APS-013 | C49: =VLOOKUP(B49,'Run Reconcile'!A$2:B1579,2,FALSE) -> 44221 | D49: =IFERROR(__xludf.DUMMYFUNCTION("""COMPUTED_VALUE"""),44221.0) -> 44221 | E49: =IFERROR(__xludf.DUMMYFUNCTION("""COMPUTED_VALUE"""),0.3662152777760639) -> 0.36621528 | F49: =IFERROR(__xludf.DUMMYFUNCTION("""COMPUTED_VALUE"""),"Negative") -> Negative | G49: =IFERROR(__xludf.DUMMYFUNCTION("""COMPUTED_VALUE"""),1.0) -> 1 | H49: =IFERROR(__xludf.DUMMYFUNCTION("""COMPUTED_VALUE"""),"FLSP") -> FLSP
A50: =IFERROR(__xludf.DUMMYFUNCTION("""COMPUTED_VALUE"""),"360021A") -> 360021A | B50: =IFERROR(__xludf.DUMMYFUNCTION("""COMPUTED_VALUE"""),"RUN-FLMP_2021-01-25_APS-013") -> RUN-FLMP_2021-01-25_APS-013 | C50: =VLOOKUP(B50,'Run Reconcile'!A$2:B1579,2,FALSE) -> 44221 | D50: =IFERROR(__xludf.DUMMYFUNCTION("""COMPUTED_VALUE"""),44221.0) -> 44221 | E50: =IFERROR(__xludf.DUMMYFUNCTION("""COMPUTED_VALUE"""),0.3677314814813144) -> 0.36773148 | F50: =IFERROR(__xludf.DUMMYFUNCTION("""COMPUTED_VALUE"""),"Negative") -> Negative | G50: =IFERROR(__xludf.DUMMYFUNCTION("""COMPUTED_VALUE"""),1.0) -> 1 | H50: =IFERROR(__xludf.DUMMYFUNCTION("""COMPUTED_VALUE"""),"FLSP") -> FLSP
A51: =IFERROR(__xludf.DUMMYFUNCTION("""COMPUTED_VALUE"""),"360015") -> 360015 | B51: =IFERROR(__xludf.DUMMYFUNCTION("""COMPUTED_VALUE"""),"RUN-FLMP_2021-01-26_APS-014") -> RUN-FLMP_2021-01-26_APS-014 | C51: =VLOOKUP(B51,'Run Reconcile'!A$2:B1579,2,FALSE) -> 44222 | D51: =IFERROR(__xludf.DUMMYFUNCTION("""COMPUTED_VALUE"""),44222.0) -> 44222 | E51: =IFERROR(__xludf.DUMMYFUNCTION("""COMPUTED_VALUE"""),0.7698032407424762) -> 0.76980324 | F51: =IFERROR(__xludf.DUMMYFUNCTION("""COMPUTED_VALUE"""),"Negative") -> Negative | G51: =IFERROR(__xludf.DUMMYFUNCTION("""COMPUTED_VALUE"""),4.0) -> 4 | H51: =IFERROR(__xludf.DUMMYFUNCTION("""COMPUTED_VALUE"""),"FLSP") -> FLSP
A52: =IFERROR(__xludf.DUMMYFUNCTION("""COMPUTED_VALUE"""),"336380") -> 336380 | B52: =IFERROR(__xludf.DUMMYFUNCTION("""COMPUTED_VALUE"""),"RUN-FLMP_2021-01-26_APS-014") -> RUN-FLMP_2021-01-26_APS-014 | C52: =VLOOKUP(B52,'Run Reconcile'!A$2:B1579,2,FALSE) -> 44222 | D52: =IFERROR(__xludf.DUMMYFUNCTION("""COMPUTED_VALUE"""),44222.0) -> 44222 | E52: =IFERROR(__xludf.DUMMYFUNCTION("""COMPUTED_VALUE"""),0.8078819444453984) -> 0.80788194 | F52: =IFERROR(__xludf.DUMMYFUNCTION("""COMPUTED_VALUE"""),"Negative") -> Negative | G52: =IFERROR(__xludf.DUMMYFUNCTION("""COMPUTED_VALUE"""),1.0) -> 1 | H52: =IFERROR(__xludf.DUMMYFUNCTION("""COMPUTED_VALUE"""),"FLSP") -> FLSP
A53: =IFERROR(__xludf.DUMMYFUNCTION("""COMPUTED_VALUE"""),"360019") -> 360019 | B53: =IFERROR(__xludf.DUMMYFUNCTION("""COMPUTED_VALUE"""),"RUN-FLMP_2021-01-26_APS-014") -> RUN-FLMP_2021-01-26_APS-014 | C53: =VLOOKUP(B53,'Run Reconcile'!A$2:B1579,2,FALSE) -> 44222 | D53: =IFERROR(__xludf.DUMMYFUNCTION("""COMPUTED_VALUE"""),44222.0) -> 44222 | E53: =IFERROR(__xludf.DUMMYFUNCTION("""COMPUTED_VALUE"""),0.8815046296294895) -> 0.88150463 | F53: =IFERROR(__xludf.DUMMYFUNCTION("""COMPUTED_VALUE"""),"Negative") -> Negative | G53: =IFERROR(__xludf.DUMMYFUNCTION("""COMPUTED_VALUE"""),4.0) -> 4 | H53: =IFERROR(__xludf.DUMMYFUNCTION("""COMPUTED_VALUE"""),"FLSP") -> FLSP
A54: =IFERROR(__xludf.DUMMYFUNCTION("""COMPUTED_VALUE"""),"360047") -> 360047 | B54: =IFERROR(__xludf.DUMMYFUNCTION("""COMPUTED_VALUE"""),"RUN-FLMP_2021-01-27_APS-015") -> RUN-FLMP_2021-01-27_APS-015 | C54: =VLOOKUP(B54,'Run Reconcile'!A$2:B1579,2,FALSE) -> 44223 | D54: =IFERROR(__xludf.DUMMYFUNCTION("""COMPUTED_VALUE"""),44223.0) -> 44223 | E54: =IFERROR(__xludf.DUMMYFUNCTION("""COMPUTED_VALUE"""),0.33541666666496894) -> 0.33541667 | F54: =IFERROR(__xludf.DUMMYFUNCTION("""COMPUTED_VALUE"""),"Negative") -> Negative | G54: =IFERROR(__xludf.DUMMYFUNCTION("""COMPUTED_VALUE"""),1.0) -> 1 | H54: =IFERROR(__xludf.DUMMYFUNCTION("""COMPUTED_VALUE"""),"FLSP") -> FLSP
A55: =IFERROR(__xludf.DUMMYFUNCTION("""COMPUTED_VALUE"""),"360041") -> 360041 | B55: =IFERROR(__xludf.DUMMYFUNCTION("""COMPUTED_VALUE"""),"RUN-FLMP_2021-01-27_APS-015") -> RUN-FLMP_2021-01-27_APS-015 | C55: =VLOOKUP(B55,'Run Reconcile'!A$2:B1579,2,FALSE) -> 44223 | D55: =IFERROR(__xludf.DUMMYFUNCTION("""COMPUTED_VALUE"""),44223.0) -> 44223 | E55: =IFERROR(__xludf.DUMMYFUNCTION("""COMPUTED_VALUE"""),0.33603009259240935) -> 0.33603009 | F55: =IFERROR(__xludf.DUMMYFUNCTION("""COMPUTED_VALUE"""),"Negative") -> Negative | G55: =IFERROR(__xludf.DUMMYFUNCTION("""COMPUTED_VALUE"""),2.0) -> 2 | H55: =IFERROR(__xludf.DUMMYFUNCTION("""COMPUTED_VALUE"""),"FLSP") -> FLSP
A56: =IFERROR(__xludf.DUMMYFUNCTION("""COMPUTED_VALUE"""),"C09611") -> C09611 | B56: =IFERROR(__xludf.DUMMYFUNCTION("""COMPUTED_VALUE"""),"RUN-FLMP_2021-01-27_APS-015") -> RUN-FLMP_2021-01-27_APS-015 | C56: =VLOOKUP(B56,'Run Reconcile'!A$2:B1579,2,FALSE) -> 44223 | D56: =IFERROR(__xludf.DUMMYFUNCTION("""COMPUTED_VALUE"""),44223.0) -> 44223 | E56: =IFERROR(__xludf.DUMMYFUNCTION("""COMPUTED_VALUE"""),0.3535185185173759) -> 0.35351852 | F56: =IFERROR(__xludf.DUMMYFUNCTION("""COMPUTED_VALUE"""),"Negative") -> Negative | G56: =IFERROR(__xludf.DUMMYFUNCTION("""COMPUTED_VALUE"""),3.0) -> 3 | H56: =IFERROR(__xludf.DUMMYFUNCTION("""COMPUTED_VALUE"""),"FLSP") -> FLSP
A57: =IFERROR(__xludf.DUMMYFUNCTION("""COMPUTED_VALUE"""),"336384") -> 336384 | B57: =IFERROR(__xludf.DUMMYFUNCTION("""COMPUTED_VALUE"""),"RUN-FLMP_2021-01-28_APS-016") -> RUN-FLMP_2021-01-28_APS-016 | C57: =VLOOKUP(B57,'Run Reconcile'!A$2:B1579,2,FALSE) -> 44224 | D57: =IFERROR(__xludf.DUMMYFUNCTION("""COMPUTED_VALUE"""),44224.0) -> 44224 | E57: =IFERROR(__xludf.DUMMYFUNCTION("""COMPUTED_VALUE"""),0.7621527777773736) -> 0.76215278 | F57: =IFERROR(__xludf.DUMMYFUNCTION("""COMPUTED_VALUE"""),"Negative") -> Negative | G57: =IFERROR(__xludf.DUMMYFUNCTION("""COMPUTED_VALUE"""),1.0) -> 1 | H57: =IFERROR(__xludf.DUMMYFUNCTION("""COMPUTED_VALUE"""),"FLSP") -> FLSP
A58: =IFERROR(__xludf.DUMMYFUNCTION("""COMPUTED_VALUE"""),"360024") -> 360024 | B58: =IFERROR(__xludf.DUMMYFUNCTION("""COMPUTED_VALUE"""),"RUN-FLMP_2021-01-28_APS-016") -> RUN-FLMP_2021-01-28_APS-016 | C58: =VLOOKUP(B58,'Run Reconcile'!A$2:B1579,2,FALSE) -> 44224 | D58: =IFERROR(__xludf.DUMMYFUNCTION("""COMPUTED_VALUE"""),44224.0) -> 44224 | E58: =IFERROR(__xludf.DUMMYFUNCTION("""COMPUTED_VALUE"""),0.7718055555560568) -> 0.77180556 | F58: =IFERROR(__xludf.DUMMYFUNCTION("""COMPUTED_VALUE"""),"Negative") -> Negative | G58: =IFERROR(__xludf.DUMMYFUNCTION("""COMPUTED_VALUE"""),4.0) -> 4 | H58: =IFERROR(__xludf.DUMMYFUNCTION("""COMPUTED_VALUE"""),"FLSP") -> FLSP
A59: =IFERROR(__xludf.DUMMYFUNCTION("""COMPUTED_VALUE"""),"D3921A") -> D3921A | B59: =IFERROR(__xludf.DUMMYFUNCTION("""COMPUTED_VALUE"""),"RUN-FLMP_2021-01-29_APS-017") -> RUN-FLMP_2021-01-29_APS-017 | C59: =VLOOKUP(B59,'Run Reconcile'!A$2:B1579,2,FALSE) -> 44225 | D59: =IFERROR(__xludf.DUMMYFUNCTION("""COMPUTED_VALUE"""),44225.0) -> 44225 | E59: =IFERROR(__xludf.DUMMYFUNCTION("""COMPUTED_VALUE"""),0.21753472222189885) -> 0.21753472 | F59: =IFERROR(__xludf.DUMMYFUNCTION("""COMPUTED_VALUE"""),"Negative") -> Negative | G59: =IFERROR(__xludf.DUMMYFUNCTION("""COMPUTED_VALUE"""),4.0) -> 4 | H59: =IFERROR(__xludf.DUMMYFUNCTION("""COMPUTED_VALUE"""),"FLSP") -> FLSP
A60: =IFERROR(__xludf.DUMMYFUNCTION("""COMPUTED_VALUE"""),"D3921") -> D3921 | B60: =IFERROR(__xludf.DUMMYFUNCTION("""COMPUTED_VALUE"""),"RUN-FLMP_2021-01-29_APS-017") -> RUN-FLMP_2021-01-29_APS-017 | C60: =VLOOKUP(B60,'Run Reconcile'!A$2:B1579,2,FALSE) -> 44225 | D60: =IFERROR(__xludf.DUMMYFUNCTION("""COMPUTED_VALUE"""),44225.0) -> 44225 | E60: =IFERROR(__xludf.DUMMYFUNCTION("""COMPUTED_VALUE"""),0.3555671296307992) -> 0.35556713 | F60: =IFERROR(__xludf.DUMMYFUNCTION("""COMPUTED_VALUE"""),"Negative") -> Negative | G60: =IFERROR(__xludf.DUMMYFUNCTION("""COMPUTED_VALUE"""),4.0) -> 4 | H60: =IFERROR(__xludf.DUMMYFUNCTION("""COMPUTED_VALUE"""),"FLSP") -> FLSP
A61: =IFERROR(__xludf.DUMMYFUNCTION("""COMPUTED_VALUE"""),"351468") -> 351468 | B61: =IFERROR(__xludf.DUMMYFUNCTION("""COMPUTED_VALUE"""),"RUN-FLMP_2021-01-29_APS-017") -> RUN-FLMP_2021-01-29_APS-017 | C61: =VLOOKUP(B61,'Run Reconcile'!A$2:B1579,2,FALSE) -> 44225 | D61: =IFERROR(__xludf.DUMMYFUNCTION("""COMPUTED_VALUE"""),44225.0) -> 44225 | E61: =IFERROR(__xludf.DUMMYFUNCTION("""COMPUTED_VALUE"""),0.3600347222236451) -> 0.36003472 | F61: =IFERROR(__xludf.DUMMYFUNCTION("""COMPUTED_VALUE"""),"Negative") -> Negative | G61: =IFERROR(__xludf.DUMMYFUNCTION("""COMPUTED_VALUE"""),1.0) -> 1 | H61: =IFERROR(__xludf.DUMMYFUNCTION("""COMPUTED_VALUE"""),"FLSP") -> FLSP
A62: =IFERROR(__xludf.DUMMYFUNCTION("""COMPUTED_VALUE"""),"D3911") -> D3911 | B62: =IFERROR(__xludf.DUMMYFUNCTION("""COMPUTED_VALUE"""),"RUN-FLMP_2021-01-29_APS-017") -> RUN-FLMP_2021-01-29_APS-017 | C62: =VLOOKUP(B62,'Run Reconcile'!A$2:B1579,2,FALSE) -> 44225 | D62: =IFERROR(__xludf.DUMMYFUNCTION("""COMPUTED_VALUE"""),44225.0) -> 44225 | E62: =IFERROR(__xludf.DUMMYFUNCTION("""COMPUTED_VALUE"""),0.3608217592591245) -> 0.36082176 | F62: =IFERROR(__xludf.DUMMYFUNCTION("""COMPUTED_VALUE"""),"Negative") -> Negative | G62: =IFERROR(__xludf.DUMMYFUNCTION("""COMPUTED_VALUE"""),1.0) -> 1 | H62: =IFERROR(__xludf.DUMMYFUNCTION("""COMPUTED_VALUE"""),"FLSP") -> FLSP
A63: =IFERROR(__xludf.DUMMYFUNCTION("""COMPUTED_VALUE"""),"C09629") -> C09629 | B63: =IFERROR(__xludf.DUMMYFUNCTION("""COMPUTED_VALUE"""),"RUN-FLMP_2021-01-31_APS-018") -> RUN-FLMP_2021-01-31_APS-018 | C63: =VLOOKUP(B63,'Run Reconcile'!A$2:B1579,2,FALSE) -> 44227 | D63: =IFERROR(__xludf.DUMMYFUNCTION("""COMPUTED_VALUE"""),44227.0) -> 44227 | E63: =IFERROR(__xludf.DUMMYFUNCTION("""COMPUTED_VALUE"""),0.8020486111126957) -> 0.80204861 | F63: =IFERROR(__xludf.DUMMYFUNCTION("""COMPUTED_VALUE"""),"Negative") -> Negative | G63: =IFERROR(__xludf.DUMMYFUNCTION("""COMPUTED_VALUE"""),4.0) -> 4 | H63: =IFERROR(__xludf.DUMMYFUNCTION("""COMPUTED_VALUE"""),"FLSP") -> FLSP
A64: =IFERROR(__xludf.DUMMYFUNCTION("""COMPUTED_VALUE"""),"360016") -> 360016 | B64: =IFERROR(__xludf.DUMMYFUNCTION("""COMPUTED_VALUE"""),"RUN-FLMP_2021-01-31_APS-018") -> RUN-FLMP_2021-01-31_APS-018 | C64: =VLOOKUP(B64,'Run Reconcile'!A$2:B1579,2,FALSE) -> 44227 | D64: =IFERROR(__xludf.DUMMYFUNCTION("""COMPUTED_VALUE"""),44227.0) -> 44227 | E64: =IFERROR(__xludf.DUMMYFUNCTION("""COMPUTED_VALUE"""),0.8431134259262762) -> 0.84311343 | F64: =IFERROR(__xludf.DUMMYFUNCTION("""COMPUTED_VALUE"""),"Negative") -> Negative | G64: =IFERROR(__xludf.DUMMYFUNCTION("""COMPUTED_VALUE"""),3.0) -> 3 | H64: =IFERROR(__xludf.DUMMYFUNCTION("""COMPUTED_VALUE"""),"FLSP") -> FLSP
A65: =IFERROR(__xludf.DUMMYFUNCTION("""COMPUTED_VALUE"""),"336376") -> 336376 | B65: =IFERROR(__xludf.DUMMYFUNCTION("""COMPUTED_VALUE"""),"RUN-FLMP_2021-01-31_APS-018") -> RUN-FLMP_2021-01-31_APS-018 | C65: =VLOOKUP(B65,'Run Reconcile'!A$2:B1579,2,FALSE) -> 44227 | D65: =IFERROR(__xludf.DUMMYFUNCTION("""COMPUTED_VALUE"""),44227.0) -> 44227 | E65: =IFERROR(__xludf.DUMMYFUNCTION("""COMPUTED_VALUE"""),0.8458449074059899) -> 0.84584491 | F65: =IFERROR(__xludf.DUMMYFUNCTION("""COMPUTED_VALUE"""),"Negative") -> Negative | G65: =IFERROR(__xludf.DUMMYFUNCTION("""COMPUTED_VALUE"""),1.0) -> 1 | H65: =IFERROR(__xludf.DUMMYFUNCTION("""COMPUTED_VALUE"""),"FLSP") -> FLSP
A66: =IFERROR(__xludf.DUMMYFUNCTION("""COMPUTED_VALUE"""),"360040") -> 360040 | B66: =IFERROR(__xludf.DUMMYFUNCTION("""COMPUTED_VALUE"""),"RUN-FLMP_2021-02-01_APS-019") -> RUN-FLMP_2021-02-01_APS-019 | C66: =VLOOKUP(B66,'Run Reconcile'!A$2:B1579,2,FALSE) -> 44228 | D66: =IFERROR(__xludf.DUMMYFUNCTION("""COMPUTED_VALUE"""),44228.0) -> 44228 | E66: =IFERROR(__xludf.DUMMYFUNCTION("""COMPUTED_VALUE"""),0.3353935185186856) -> 0.33539352 | F66: =IFERROR(__xludf.DUMMYFUNCTION("""COMPUTED_VALUE"""),"Negative") -> Negative | G66: =IFERROR(__xludf.DUMMYFUNCTION("""COMPUTED_VALUE"""),3.0) -> 3 | H66: =IFERROR(__xludf.DUMMYFUNCTION("""COMPUTED_VALUE"""),"FLSP") -> FLSP
A67: =IFERROR(__xludf.DUMMYFUNCTION("""COMPUTED_VALUE"""),"360048") -> 360048 | B67: =IFERROR(__xludf.DUMMYFUNCTION("""COMPUTED_VALUE"""),"RUN-FLMP_2021-02-01_APS-019") -> RUN-FLMP_2021-02-01_APS-019 | C67: =VLOOKUP(B67,'Run Reconcile'!A$2:B1579,2,FALSE) -> 44228 | D67: =IFERROR(__xludf.DUMMYFUNCTION("""COMPUTED_VALUE"""),44228.0) -> 44228 | E67: =IFERROR(__xludf.DUMMYFUNCTION("""COMPUTED_VALUE"""),0.3366898148160544) -> 0.33668981 | F67: =IFERROR(__xludf.DUMMYFUNCTION("""COMPUTED_VALUE"""),"Negative") -> Negative | G67: =IFERROR(__xludf.DUMMYFUNCTION("""COMPUTED_VALUE"""),1.0) -> 1 | H67: =IFERROR(__xludf.DUMMYFUNCTION("""COMPUTED_VALUE"""),"FLSP") -> FLSP
A68: =IFERROR(__xludf.DUMMYFUNCTION("""COMPUTED_VALUE"""),"360037") -> 360037 | B68: =IFERROR(__xludf.DUMMYFUNCTION("""COMPUTED_VALUE"""),"RUN-FLMP_2021-02-01_APS-019") -> RUN-FLMP_2021-02-01_APS-019 | C68: =VLOOKUP(B68,'Run Reconcile'!A$2:B1579,2,FALSE) -> 44228 | D68: =IFERROR(__xludf.DUMMYFUNCTION("""COMPUTED_VALUE"""),44228.0) -> 44228 | E68: =IFERROR(__xludf.DUMMYFUNCTION("""COMPUTED_VALUE"""),0.34685185185298906) -> 0.34685185 | F68: =IFERROR(__xludf.DUMMYFUNCTION("""COMPUTED_VALUE"""),"Negative") -> Negative | G68: =IFERROR(__xludf.DUMMYFUNCTION("""COMPUTED_VALUE"""),2.0) -> 2 | H68: =IFERROR(__xludf.DUMMYFUNCTION("""COMPUTED_VALUE"""),"FLSP") -> FLSP
A69: =IFERROR(__xludf.DUMMYFUNCTION("""COMPUTED_VALUE"""),"D3924") -> D3924 | B69: =IFERROR(__xludf.DUMMYFUNCTION("""COMPUTED_VALUE"""),"RUN-FLMP_2021-02-01_APS-019") -> RUN-FLMP_2021-02-01_APS-019 | C69: =VLOOKUP(B69,'Run Reconcile'!A$2:B1579,2,FALSE) -> 44228 | D69: =IFERROR(__xludf.DUMMYFUNCTION("""COMPUTED_VALUE"""),44228.0) -> 44228 | E69: =IFERROR(__xludf.DUMMYFUNCTION("""COMPUTED_VALUE"""),0.35255787037021946) -> 0.35255787 | F69: =IFERROR(__xludf.DUMMYFUNCTION("""COMPUTED_VALUE"""),"Negative") -> Negative | G69: =IFERROR(__xludf.DUMMYFUNCTION("""COMPUTED_VALUE"""),4.0) -> 4 | H69: =IFERROR(__xludf.DUMMYFUNCTION("""COMPUTED_VALUE"""),"FLSP") -> FLSP
A70: =IFERROR(__xludf.DUMMYFUNCTION("""COMPUTED_VALUE"""),"C09612") -> C09612 | B70: =IFERROR(__xludf.DUMMYFUNCTION("""COMPUTED_VALUE"""),"RUN-FLMP_2021-02-04_APS-020") -> RUN-FLMP_2021-02-04_APS-020 | C70: =VLOOKUP(B70,'Run Reconcile'!A$2:B1579,2,FALSE) -> 44231 | D70: =IFERROR(__xludf.DUMMYFUNCTION("""COMPUTED_VALUE"""),44231.0) -> 44231 | E70: =IFERROR(__xludf.DUMMYFUNCTION("""COMPUTED_VALUE"""),0.7701157407391293) -> 0.77011574 | F70: =IFERROR(__xludf.DUMMYFUNCTION("""COMPUTED_VALUE"""),"Negative") -> Negative | G70: =IFERROR(__xludf.DUMMYFUNCTION("""COMPUTED_VALUE"""),4.0) -> 4 | H70: =IFERROR(__xludf.DUMMYFUNCTION("""COMPUTED_VALUE"""),"FLSP") -> FLSP
A71: =IFERROR(__xludf.DUMMYFUNCTION("""COMPUTED_VALUE"""),"C09615") -> C09615 | B71: =IFERROR(__xludf.DUMMYFUNCTION("""COMPUTED_VALUE"""),"RUN-FLMP_2021-02-04_APS-020") -> RUN-FLMP_2021-02-04_APS-020 | C71: =VLOOKUP(B71,'Run Reconcile'!A$2:B1579,2,FALSE) -> 44231 | D71: =IFERROR(__xludf.DUMMYFUNCTION("""COMPUTED_VALUE"""),44231.0) -> 44231 | E71: =IFERROR(__xludf.DUMMYFUNCTION("""COMPUTED_VALUE"""),0.7854745370386809) -> 0.78547454 | F71: =IFERROR(__xludf.DUMMYFUNCTION("""COMPUTED_VALUE"""),"Negative") -> Negative | G71: =IFERROR(__xludf.DUMMYFUNCTION("""COMPUTED_VALUE"""),4.0) -> 4 | H71: =IFERROR(__xludf.DUMMYFUNCTION("""COMPUTED_VALUE"""),"FLSP") -> FLSP
A72: =IFERROR(__xludf.DUMMYFUNCTION("""COMPUTED_VALUE"""),"336374") -> 336374 | B72: =IFERROR(__xludf.DUMMYFUNCTION("""COMPUTED_VALUE"""),"RUN-FLMP_2021-02-04_APS-020") -> RUN-FLMP_2021-02-04_APS-020 | C72: =VLOOKUP(B72,'Run Reconcile'!A$2:B1579,2,FALSE) -> 44231 | D72: =IFERROR(__xludf.DUMMYFUNCTION("""COMPUTED_VALUE"""),44231.0) -> 44231 | E72: =IFERROR(__xludf.DUMMYFUNCTION("""COMPUTED_VALUE"""),0.9532060185192677) -> 0.95320602 | F72: =IFERROR(__xludf.DUMMYFUNCTION("""COMPUTED_VALUE"""),"Negative") -> Negative | G72: =IFERROR(__xludf.DUMMYFUNCTION("""COMPUTED_VALUE"""),1.0) -> 1 | H72: =IFERROR(__xludf.DUMMYFUNCTION("""COMPUTED_VALUE"""),"FLSP") -> FLSP
A73: =IFERROR(__xludf.DUMMYFUNCTION("""COMPUTED_VALUE"""),"C09617") -> C09617 | B73: =IFERROR(__xludf.DUMMYFUNCTION("""COMPUTED_VALUE"""),"RUN-FLMP_2021-02-05_APS-021") -> RUN-FLMP_2021-02-05_APS-021 | C73: =VLOOKUP(B73,'Run Reconcile'!A$2:B1579,2,FALSE) -> 44232 | D73: =IFERROR(__xludf.DUMMYFUNCTION("""COMPUTED_VALUE"""),44232.0) -> 44232 | E73: =IFERROR(__xludf.DUMMYFUNCTION("""COMPUTED_VALUE"""),0.3326388888890506) -> 0.33263889 | F73: =IFERROR(__xludf.DUMMYFUNCTION("""COMPUTED_VALUE"""),"Negative") -> Negative | G73: =IFERROR(__xludf.DUMMYFUNCTION("""COMPUTED_VALUE"""),1.0) -> 1 | H73: =IFERROR(__xludf.DUMMYFUNCTION("""COMPUTED_VALUE"""),"FLSP") -> FLSP
A74: =IFERROR(__xludf.DUMMYFUNCTION("""COMPUTED_VALUE"""),"D3927") -> D3927 | B74: =IFERROR(__xludf.DUMMYFUNCTION("""COMPUTED_VALUE"""),"RUN-FLMP_2021-02-05_APS-021") -> RUN-FLMP_2021-02-05_APS-021 | C74: =VLOOKUP(B74,'Run Reconcile'!A$2:B1579,2,FALSE) -> 44232 | D74: =IFERROR(__xludf.DUMMYFUNCTION("""COMPUTED_VALUE"""),44232.0) -> 44232 | E74: =IFERROR(__xludf.DUMMYFUNCTION("""COMPUTED_VALUE"""),0.33344907407445135) -> 0.33344907 | F74: =IFERROR(__xludf.DUMMYFUNCTION("""COMPUTED_VALUE"""),"Negative") -> Negative | G74: =IFERROR(__xludf.DUMMYFUNCTION("""COMPUTED_VALUE"""),3.0) -> 3 | H74: =IFERROR(__xludf.DUMMYFUNCTION("""COMPUTED_VALUE"""),"FLSP") -> FLSP
A75: =IFERROR(__xludf.DUMMYFUNCTION("""COMPUTED_VALUE"""),"C09614") -> C09614 | B75: =IFERROR(__xludf.DUMMYFUNCTION("""COMPUTED_VALUE"""),"RUN-FLMP_2021-02-05_APS-021") -> RUN-FLMP_2021-02-05_APS-021 | C75: =VLOOKUP(B75,'Run Reconcile'!A$2:B1579,2,FALSE) -> 44232 | D75: =IFERROR(__xludf.DUMMYFUNCTION("""COMPUTED_VALUE"""),44232.0) -> 44232 | E75: =IFERROR(__xludf.DUMMYFUNCTION("""COMPUTED_VALUE"""),0.3451967592591245) -> 0.34519676 | F75: =IFERROR(__xludf.DUMMYFUNCTION("""COMPUTED_VALUE"""),"Negative") -> Negative | G75: =IFERROR(__xludf.DUMMYFUNCTION("""COMPUTED_VALUE"""),4.0) -> 4 | H75: =IFERROR(__xludf.DUMMYFUNCTION("""COMPUTED_VALUE"""),"FLSP") -> FLSP
A76: =IFERROR(__xludf.DUMMYFUNCTION("""COMPUTED_VALUE"""),"C09630") -> C09630 | B76: =IFERROR(__xludf.DUMMYFUNCTION("""COMPUTED_VALUE"""),"RUN-FLMP_2021-02-07_APS-022") -> RUN-FLMP_2021-02-07_APS-022 | C76: =VLOOKUP(B76,'Run Reconcile'!A$2:B1579,2,FALSE) -> 44234 | D76: =IFERROR(__xludf.DUMMYFUNCTION("""COMPUTED_VALUE"""),44234.0) -> 44234 | E76: =IFERROR(__xludf.DUMMYFUNCTION("""COMPUTED_VALUE"""),0.8281712962962047) -> 0.8281713 | F76: =IFERROR(__xludf.DUMMYFUNCTION("""COMPUTED_VALUE"""),"Negative") -> Negative | G76: =IFERROR(__xludf.DUMMYFUNCTION("""COMPUTED_VALUE"""),4.0) -> 4 | H76: =IFERROR(__xludf.DUMMYFUNCTION("""COMPUTED_VALUE"""),"FLSP") -> FLSP
A77: =IFERROR(__xludf.DUMMYFUNCTION("""COMPUTED_VALUE"""),"C09696") -> C09696 | B77: =IFERROR(__xludf.DUMMYFUNCTION("""COMPUTED_VALUE"""),"RUN-FLMP_2021-02-08_APS-023") -> RUN-FLMP_2021-02-08_APS-023 | C77: =VLOOKUP(B77,'Run Reconcile'!A$2:B1579,2,FALSE) -> 44235 | D77: =IFERROR(__xludf.DUMMYFUNCTION("""COMPUTED_VALUE"""),44235.0) -> 44235 | E77: =IFERROR(__xludf.DUMMYFUNCTION("""COMPUTED_VALUE"""),0.23478009259270038) -> 0.23478009 | F77: =IFERROR(__xludf.DUMMYFUNCTION("""COMPUTED_VALUE"""),"Negative") -> Negative | G77: =IFERROR(__xludf.DUMMYFUNCTION("""COMPUTED_VALUE"""),4.0) -> 4 | H77: =IFERROR(__xludf.DUMMYFUNCTION("""COMPUTED_VALUE"""),"FLSP") -> FLSP
A78: =IFERROR(__xludf.DUMMYFUNCTION("""COMPUTED_VALUE"""),"C09619") -> C09619 | B78: =IFERROR(__xludf.DUMMYFUNCTION("""COMPUTED_VALUE"""),"RUN-FLMP_2021-02-08_APS-023") -> RUN-FLMP_2021-02-08_APS-023 | C78: =VLOOKUP(B78,'Run Reconcile'!A$2:B1579,2,FALSE) -> 44235 | D78: =IFERROR(__xludf.DUMMYFUNCTION("""COMPUTED_VALUE"""),44235.0) -> 44235 | E78: =IFERROR(__xludf.DUMMYFUNCTION("""COMPUTED_VALUE"""),0.3327662037045229) -> 0.3327662 | F78: =IFERROR(__xludf.DUMMYFUNCTION("""COMPUTED_VALUE"""),"Negative") -> Negative | G78: =IFERROR(__xludf.DUMMYFUNCTION("""COMPUTED_VALUE"""),4.0) -> 4 | H78: =IFERROR(__xludf.DUMMYFUNCTION("""COMPUTED_VALUE"""),"FLSP") -> FLSP
A79: =IFERROR(__xludf.DUMMYFUNCTION("""COMPUTED_VALUE"""),"C09616") -> C09616 | B79: =IFERROR(__xludf.DUMMYFUNCTION("""COMPUTED_VALUE"""),"RUN-FLMP_2021-02-08_APS-023") -> RUN-FLMP_2021-02-08_APS-023 | C79: =VLOOKUP(B79,'Run Reconcile'!A$2:B1579,2,FALSE) -> 44235 | D79: =IFERROR(__xludf.DUMMYFUNCTION("""COMPUTED_VALUE"""),44235.0) -> 44235 | E79: =IFERROR(__xludf.DUMMYFUNCTION("""COMPUTED_VALUE"""),0.3331018518510973) -> 0.33310185 | F79: =IFERROR(__xludf.DUMMYFUNCTION("""COMPUTED_VALUE"""),"Negative") -> Negative | G79: =IFERROR(__xludf.DUMMYFUNCTION("""COMPUTED_VALUE"""),1.0) -> 1 | H79: =IFERROR(__xludf.DUMMYFUNCTION("""COMPUTED_VALUE"""),"FLSP") -> FLSP
A80: =IFERROR(__xludf.DUMMYFUNCTION("""COMPUTED_VALUE"""),"D3916") -> D3916 | B80: =IFERROR(__xludf.DUMMYFUNCTION("""COMPUTED_VALUE"""),"RUN-FLMP_2021-02-08_APS-023") -> RUN-FLMP_2021-02-08_APS-023 | C80: =VLOOKUP(B80,'Run Reconcile'!A$2:B1579,2,FALSE) -> 44235 | D80: =IFERROR(__xludf.DUMMYFUNCTION("""COMPUTED_VALUE"""),44235.0) -> 44235 | E80: =IFERROR(__xludf.DUMMYFUNCTION("""COMPUTED_VALUE"""),0.364502314816491) -> 0.36450231 | F80: =IFERROR(__xludf.DUMMYFUNCTION("""COMPUTED_VALUE"""),"Negative") -> Negative | G80: =IFERROR(__xludf.DUMMYFUNCTION("""COMPUTED_VALUE"""),3.0) -> 3 | H80: =IFERROR(__xludf.DUMMYFUNCTION("""COMPUTED_VALUE"""),"FLSP") -> FLSP
A81: =IFERROR(__xludf.DUMMYFUNCTION("""COMPUTED_VALUE"""),"C09700") -> C09700 | B81: =IFERROR(__xludf.DUMMYFUNCTION("""COMPUTED_VALUE"""),"RUN-FLMP_2021-02-09_APS-024") -> RUN-FLMP_2021-02-09_APS-024 | C81: =VLOOKUP(B81,'Run Reconcile'!A$2:B1579,2,FALSE) -> 44236 | D81: =IFERROR(__xludf.DUMMYFUNCTION("""COMPUTED_VALUE"""),44236.0) -> 44236 | E81: =IFERROR(__xludf.DUMMYFUNCTION("""COMPUTED_VALUE"""),0.7716782407405844) -> 0.77167824 | F81: =IFERROR(__xludf.DUMMYFUNCTION("""COMPUTED_VALUE"""),"Negative") -> Negative | G81: =IFERROR(__xludf.DUMMYFUNCTION("""COMPUTED_VALUE"""),4.0) -> 4 | H81: =IFERROR(__xludf.DUMMYFUNCTION("""COMPUTED_VALUE"""),"FLSP") -> FLSP
A82: =IFERROR(__xludf.DUMMYFUNCTION("""COMPUTED_VALUE"""),"C09692") -> C09692 | B82: =IFERROR(__xludf.DUMMYFUNCTION("""COMPUTED_VALUE"""),"RUN-FLMP_2021-02-09_APS-024") -> RUN-FLMP_2021-02-09_APS-024 | C82: =VLOOKUP(B82,'Run Reconcile'!A$2:B1579,2,FALSE) -> 44236 | D82: =IFERROR(__xludf.DUMMYFUNCTION("""COMPUTED_VALUE"""),44236.0) -> 44236 | E82: =IFERROR(__xludf.DUMMYFUNCTION("""COMPUTED_VALUE"""),0.8655439814829151) -> 0.86554398 | F82: =IFERROR(__xludf.DUMMYFUNCTION("""COMPUTED_VALUE"""),"Negative") -> Negative | G82: =IFERROR(__xludf.DUMMYFUNCTION("""COMPUTED_VALUE"""),4.0) -> 4 | H82: =IFERROR(__xludf.DUMMYFUNCTION("""COMPUTED_VALUE"""),"FLSP") -> FLSP
A83: =IFERROR(__xludf.DUMMYFUNCTION("""COMPUTED_VALUE"""),"D3929") -> D3929 | B83: =IFERROR(__xludf.DUMMYFUNCTION("""COMPUTED_VALUE"""),"RUN-FLMP_2021-02-10_APS-025") -> RUN-FLMP_2021-02-10_APS-025 | C83: =VLOOKUP(B83,'Run Reconcile'!A$2:B1579,2,FALSE) -> 44237 | D83: =IFERROR(__xludf.DUMMYFUNCTION("""COMPUTED_VALUE"""),44237.0) -> 44237 | E83: =IFERROR(__xludf.DUMMYFUNCTION("""COMPUTED_VALUE"""),0.3419328703712381) -> 0.34193287 | F83: =IFERROR(__xludf.DUMMYFUNCTION("""COMPUTED_VALUE"""),"Negative") -> Negative | G83: =IFERROR(__xludf.DUMMYFUNCTION("""COMPUTED_VALUE"""),1.0) -> 1 | H83: =IFERROR(__xludf.DUMMYFUNCTION("""COMPUTED_VALUE"""),"FLSP") -> FLSP
A84: =IFERROR(__xludf.DUMMYFUNCTION("""COMPUTED_VALUE"""),"D3915") -> D3915 | B84: =IFERROR(__xludf.DUMMYFUNCTION("""COMPUTED_VALUE"""),"RUN-FLMP_2021-02-10_APS-025") -> RUN-FLMP_2021-02-10_APS-025 | C84: =VLOOKUP(B84,'Run Reconcile'!A$2:B1579,2,FALSE) -> 44237 | D84: =IFERROR(__xludf.DUMMYFUNCTION("""COMPUTED_VALUE"""),44237.0) -> 44237 | E84: =IFERROR(__xludf.DUMMYFUNCTION("""COMPUTED_VALUE"""),0.35233796296233777) -> 0.35233796 | F84: =IFERROR(__xludf.DUMMYFUNCTION("""COMPUTED_VALUE"""),"Negative") -> Negative | G84: =IFERROR(__xludf.DUMMYFUNCTION("""COMPUTED_VALUE"""),3.0) -> 3 | H84: =IFERROR(__xludf.DUMMYFUNCTION("""COMPUTED_VALUE"""),"FLSP") -> FLSP
A85: =IFERROR(__xludf.DUMMYFUNCTION("""COMPUTED_VALUE"""),"C09699") -> C09699 | B85: =IFERROR(__xludf.DUMMYFUNCTION("""COMPUTED_VALUE"""),"RUN-FLMP_2021-02-11_APS-026") -> RUN-FLMP_2021-02-11_APS-026 | C85: =VLOOKUP(B85,'Run Reconcile'!A$2:B1579,2,FALSE) -> 44238 | D85: =IFERROR(__xludf.DUMMYFUNCTION("""COMPUTED_VALUE"""),44238.0) -> 44238 | E85: =IFERROR(__xludf.DUMMYFUNCTION("""COMPUTED_VALUE"""),0.7697800925925549) -> 0.76978009 | F85: =IFERROR(__xludf.DUMMYFUNCTION("""COMPUTED_VALUE"""),"Negative") -> Negative | G85: =IFERROR(__xludf.DUMMYFUNCTION("""COMPUTED_VALUE"""),4.0) -> 4 | H85: =IFERROR(__xludf.DUMMYFUNCTION("""COMPUTED_VALUE"""),"FLSP") -> FLSP
A86: =IFERROR(__xludf.DUMMYFUNCTION("""COMPUTED_VALUE"""),"C09694") -> C09694 | B86: =IFERROR(__xludf.DUMMYFUNCTION("""COMPUTED_VALUE"""),"RUN-FLMP_2021-02-11_APS-026") -> RUN-FLMP_2021-02-11_APS-026 | C86: =VLOOKUP(B86,'Run Reconcile'!A$2:B1579,2,FALSE) -> 44238 | D86: =IFERROR(__xludf.DUMMYFUNCTION("""COMPUTED_VALUE"""),44238.0) -> 44238 | E86: =IFERROR(__xludf.DUMMYFUNCTION("""COMPUTED_VALUE"""),0.8862962962957681) -> 0.8862963 | F86: =IFERROR(__xludf.DUMMYFUNCTION("""COMPUTED_VALUE"""),"Negative") -> Negative | G86: =IFERROR(__xludf.DUMMYFUNCTION("""COMPUTED_VALUE"""),4.0) -> 4 | H86: =IFERROR(__xludf.DUMMYFUNCTION("""COMPUTED_VALUE"""),"FLSP") -> FLSP
A87: =IFERROR(__xludf.DUMMYFUNCTION("""COMPUTED_VALUE"""),"C09618") -> C09618 | B87: =IFERROR(__xludf.DUMMYFUNCTION("""COMPUTED_VALUE"""),"RUN-FLMP_2021-02-12_APS-027") -> RUN-FLMP_2021-02-12_APS-027 | C87: =VLOOKUP(B87,'Run Reconcile'!A$2:B1579,2,FALSE) -> 44239 | D87: =IFERROR(__xludf.DUMMYFUNCTION("""COMPUTED_VALUE"""),44239.0) -> 44239 | E87: =IFERROR(__xludf.DUMMYFUNCTION("""COMPUTED_VALUE"""),0.3378356481480296) -> 0.33783565 | F87: =IFERROR(__xludf.DUMMYFUNCTION("""COMPUTED_VALUE"""),"Negative") -> Negative | G87: =IFERROR(__xludf.DUMMYFUNCTION("""COMPUTED_VALUE"""),4.0) -> 4 | H87: =IFERROR(__xludf.DUMMYFUNCTION("""COMPUTED_VALUE"""),"FLSP") -> FLSP
A88: =IFERROR(__xludf.DUMMYFUNCTION("""COMPUTED_VALUE"""),"D3917") -> D3917 | B88: =IFERROR(__xludf.DUMMYFUNCTION("""COMPUTED_VALUE"""),"RUN-FLMP_2021-02-12_APS-027") -> RUN-FLMP_2021-02-12_APS-027 | C88: =VLOOKUP(B88,'Run Reconcile'!A$2:B1579,2,FALSE) -> 44239 | D88: =IFERROR(__xludf.DUMMYFUNCTION("""COMPUTED_VALUE"""),44239.0) -> 44239 | E88: =IFERROR(__xludf.DUMMYFUNCTION("""COMPUTED_VALUE"""),0.3442939814813144) -> 0.34429398 | F88: =IFERROR(__xludf.DUMMYFUNCTION("""COMPUTED_VALUE"""),"Negative") -> Negative | G88: =IFERROR(__xludf.DUMMYFUNCTION("""COMPUTED_VALUE"""),3.0) -> 3 | H88: =IFERROR(__xludf.DUMMYFUNCTION("""COMPUTED_VALUE"""),"FLSP") -> FLSP
A89: =IFERROR(__xludf.DUMMYFUNCTION("""COMPUTED_VALUE"""),"D3981") -> D3981 | B89: =IFERROR(__xludf.DUMMYFUNCTION("""COMPUTED_VALUE"""),"RUN-FLMP_2021-02-12_APS-027") -> RUN-FLMP_2021-02-12_APS-027 | C89: =VLOOKUP(B89,'Run Reconcile'!A$2:B1579,2,FALSE) -> 44239 | D89: =IFERROR(__xludf.DUMMYFUNCTION("""COMPUTED_VALUE"""),44239.0) -> 44239 | E89: =IFERROR(__xludf.DUMMYFUNCTION("""COMPUTED_VALUE"""),0.3489004629627743) -> 0.34890046 | F89: =IFERROR(__xludf.DUMMYFUNCTION("""COMPUTED_VALUE"""),"Negative") -> Negative | G89: =IFERROR(__xludf.DUMMYFUNCTION("""COMPUTED_VALUE"""),1.0) -> 1 | H89: =IFERROR(__xludf.DUMMYFUNCTION("""COMPUTED_VALUE"""),"FLSP") -> FLSP
A90: =IFERROR(__xludf.DUMMYFUNCTION("""COMPUTED_VALUE"""),"C09676") -> C09676 | B90: =IFERROR(__xludf.DUMMYFUNCTION("""COMPUTED_VALUE"""),"RUN-FLMP_2021-02-16_APS-028") -> RUN-FLMP_2021-02-16_APS-028 | C90: =VLOOKUP(B90,'Run Reconcile'!A$2:B1579,2,FALSE) -> 44243 | D90: =IFERROR(__xludf.DUMMYFUNCTION("""COMPUTED_VALUE"""),44243.0) -> 44243 | E90: =IFERROR(__xludf.DUMMYFUNCTION("""COMPUTED_VALUE"""),0.3416087962978054) -> 0.3416088 | F90: =IFERROR(__xludf.DUMMYFUNCTION("""COMPUTED_VALUE"""),"Negative") -> Negative | G90: =IFERROR(__xludf.DUMMYFUNCTION("""COMPUTED_VALUE"""),3.0) -> 3 | H90: =IFERROR(__xludf.DUMMYFUNCTION("""COMPUTED_VALUE"""),"FLSP") -> FLSP
A91: =IFERROR(__xludf.DUMMYFUNCTION("""COMPUTED_VALUE"""),"FL1217") -> FL1217 | B91: =IFERROR(__xludf.DUMMYFUNCTION("""COMPUTED_VALUE"""),"RUN-FLMP_2021-02-16_APS-028") -> RUN-FLMP_2021-02-16_APS-028 | C91: =VLOOKUP(B91,'Run Reconcile'!A$2:B1579,2,FALSE) -> 44243 | D91: =IFERROR(__xludf.DUMMYFUNCTION("""COMPUTED_VALUE"""),44243.0) -> 44243 | E91: =IFERROR(__xludf.DUMMYFUNCTION("""COMPUTED_VALUE"""),0.3531944444439432) -> 0.35319444 | F91: =IFERROR(__xludf.DUMMYFUNCTION("""COMPUTED_VALUE"""),"Negative") -> Negative | G91: =IFERROR(__xludf.DUMMYFUNCTION("""COMPUTED_VALUE"""),3.0) -> 3 | H91: =IFERROR(__xludf.DUMMYFUNCTION("""COMPUTED_VALUE"""),"FLSP") -> FLSP
A92: =IFERROR(__xludf.DUMMYFUNCTION("""COMPUTED_VALUE"""),"D3920") -> D3920 | B92: =IFERROR(__xludf.DUMMYFUNCTION("""COMPUTED_VALUE"""),"RUN-FLMP_2021-02-21_APS-029") -> RUN-FLMP_2021-02-21_APS-029 | C92: =VLOOKUP(B92,'Run Reconcile'!A$2:B1579,2,FALSE) -> 44248 | D92: =IFERROR(__xludf.DUMMYFUNCTION("""COMPUTED_VALUE"""),44248.0) -> 44248 | E92: =IFERROR(__xludf.DUMMYFUNCTION("""COMPUTED_VALUE"""),0.8456365740748879) -> 0.84563657 | F92: =IFERROR(__xludf.DUMMYFUNCTION("""COMPUTED_VALUE"""),"Negative") -> Negative | G92: =IFERROR(__xludf.DUMMYFUNCTION("""COMPUTED_VALUE"""),4.0) -> 4 | H92: =IFERROR(__xludf.DUMMYFUNCTION("""COMPUTED_VALUE"""),"FLSP") -> FLSP
A93: =IFERROR(__xludf.DUMMYFUNCTION("""COMPUTED_VALUE"""),"C09691") -> C09691 | B93: =IFERROR(__xludf.DUMMYFUNCTION("""COMPUTED_VALUE"""),"RUN-FLMP_2021-02-21_APS-029") -> RUN-FLMP_2021-02-21_APS-029 | C93: =VLOOKUP(B93,'Run Reconcile'!A$2:B1579,2,FALSE) -> 44248 | D93: =IFERROR(__xludf.DUMMYFUNCTION("""COMPUTED_VALUE"""),44248.0) -> 44248 | E93: =IFERROR(__xludf.DUMMYFUNCTION("""COMPUTED_VALUE"""),0.8863194444456894) -> 0.88631944 | F93: =IFERROR(__xludf.DUMMYFUNCTION("""COMPUTED_VALUE"""),"Negative") -> Negative | G93: =IFERROR(__xludf.DUMMYFUNCTION("""COMPUTED_VALUE"""),4.0) -> 4 | H93: =IFERROR(__xludf.DUMMYFUNCTION("""COMPUTED_VALUE"""),"FLSP") -> FLSP
A94: =IFERROR(__xludf.DUMMYFUNCTION("""COMPUTED_VALUE"""),"C09671") -> C09671 | B94: =IFERROR(__xludf.DUMMYFUNCTION("""COMPUTED_VALUE"""),"RUN-FLMP_2021-02-22_APS-030") -> RUN-FLMP_2021-02-22_APS-030 | C94: =VLOOKUP(B94,'Run Reconcile'!A$2:B1579,2,FALSE) -> 44249 | D94: =IFERROR(__xludf.DUMMYFUNCTION("""COMPUTED_VALUE"""),44249.0) -> 44249 | E94: =IFERROR(__xludf.DUMMYFUNCTION("""COMPUTED_VALUE"""),0.3314236111109494) -> 0.33142361 | F94: =IFERROR(__xludf.DUMMYFUNCTION("""COMPUTED_VALUE"""),"Negative") -> Negative | G94: =IFERROR(__xludf.DUMMYFUNCTION("""COMPUTED_VALUE"""),3.0) -> 3 | H94: =IFERROR(__xludf.DUMMYFUNCTION("""COMPUTED_VALUE"""),"FLSP") -> FLSP
A95: =IFERROR(__xludf.DUMMYFUNCTION("""COMPUTED_VALUE"""),"C09675") -> C09675 | B95: =IFERROR(__xludf.DUMMYFUNCTION("""COMPUTED_VALUE"""),"RUN-FLMP_2021-02-22_APS-030") -> RUN-FLMP_2021-02-22_APS-030 | C95: =VLOOKUP(B95,'Run Reconcile'!A$2:B1579,2,FALSE) -> 44249 | D95: =IFERROR(__xludf.DUMMYFUNCTION("""COMPUTED_VALUE"""),44249.0) -> 44249 | E95: =IFERROR(__xludf.DUMMYFUNCTION("""COMPUTED_VALUE"""),0.3320023148153268) -> 0.33200231 | F95: =IFERROR(__xludf.DUMMYFUNCTION("""COMPUTED_VALUE"""),"Negative") -> Negative | G95: =IFERROR(__xludf.DUMMYFUNCTION("""COMPUTED_VALUE"""),2.0) -> 2 | H95: =IFERROR(__xludf.DUMMYFUNCTION("""COMPUTED_VALUE"""),"FLSP") -> FLSP
A96: =IFERROR(__xludf.DUMMYFUNCTION("""COMPUTED_VALUE"""),"T1200") -> T1200 | B96: =IFERROR(__xludf.DUMMYFUNCTION("""COMPUTED_VALUE"""),"RUN-FLMP_2021-02-22_APS-030") -> RUN-FLMP_2021-02-22_APS-030 | C96: =VLOOKUP(B96,'Run Reconcile'!A$2:B1579,2,FALSE) -> 44249 | D96: =IFERROR(__xludf.DUMMYFUNCTION("""COMPUTED_VALUE"""),44249.0) -> 44249 | E96: =IFERROR(__xludf.DUMMYFUNCTION("""COMPUTED_VALUE"""),0.3477777777770825) -> 0.34777778 | F96: =IFERROR(__xludf.DUMMYFUNCTION("""COMPUTED_VALUE"""),"Negative") -> Negative | G96: =IFERROR(__xludf.DUMMYFUNCTION("""COMPUTED_VALUE"""),4.0) -> 4 | H96: =IFERROR(__xludf.DUMMYFUNCTION("""COMPUTED_VALUE"""),"FLSP") -> FLSP
A97: =IFERROR(__xludf.DUMMYFUNCTION("""COMPUTED_VALUE"""),"D3919") -> D3919 | B97: =IFERROR(__xludf.DUMMYFUNCTION("""COMPUTED_VALUE"""),"RUN-FLMP_2021-02-23_APS-031") -> RUN-FLMP_2021-02-23_APS-031 | C97: =VLOOKUP(B97,'Run Reconcile'!A$2:B1579,2,FALSE) -> 44250 | D97: =IFERROR(__xludf.DUMMYFUNCTION("""COMPUTED_VALUE"""),44250.0) -> 44250 | E97: =IFERROR(__xludf.DUMMYFUNCTION("""COMPUTED_VALUE"""),0.8303356481483206) -> 0.83033565 | F97: =IFERROR(__xludf.DUMMYFUNCTION("""COMPUTED_VALUE"""),"Negative") -> Negative | G97: =IFERROR(__xludf.DUMMYFUNCTION("""COMPUTED_VALUE"""),3.0) -> 3 | H97: =IFERROR(__xludf.DUMMYFUNCTION("""COMPUTED_VALUE"""),"FLSP") -> FLSP
A98: =IFERROR(__xludf.DUMMYFUNCTION("""COMPUTED_VALUE"""),"C09697") -> C09697 | B98: =IFERROR(__xludf.DUMMYFUNCTION("""COMPUTED_VALUE"""),"RUN-FLMP_2021-02-23_APS-031") -> RUN-FLMP_2021-02-23_APS-031 | C98: =VLOOKUP(B98,'Run Reconcile'!A$2:B1579,2,FALSE) -> 44250 | D98: =IFERROR(__xludf.DUMMYFUNCTION("""COMPUTED_VALUE"""),44250.0) -> 44250 | E98: =IFERROR(__xludf.DUMMYFUNCTION("""COMPUTED_VALUE"""),0.9032291666662786) -> 0.90322917 | F98: =IFERROR(__xludf.DUMMYFUNCTION("""COMPUTED_VALUE"""),"Negative") -> Negative | G98: =IFERROR(__xludf.DUMMYFUNCTION("""COMPUTED_VALUE"""),4.0) -> 4 | H98: =IFERROR(__xludf.DUMMYFUNCTION("""COMPUTED_VALUE"""),"FLSP") -> FLSP
A99: =IFERROR(__xludf.DUMMYFUNCTION("""COMPUTED_VALUE"""),"C09674") -> C09674 | B99: =IFERROR(__xludf.DUMMYFUNCTION("""COMPUTED_VALUE"""),"RUN-FLMP_2021-02-24_APS-032") -> RUN-FLMP_2021-02-24_APS-032 | C99: =VLOOKUP(B99,'Run Reconcile'!A$2:B1579,2,FALSE) -> 44251 | D99: =IFERROR(__xludf.DUMMYFUNCTION("""COMPUTED_VALUE"""),44251.0) -> 44251 | E99: =IFERROR(__xludf.DUMMYFUNCTION("""COMPUTED_VALUE"""),0.3353124999994179) -> 0.3353125 | F99: =IFERROR(__xludf.DUMMYFUNCTION("""COMPUTED_VALUE"""),"Negative") -> Negative | G99: =IFERROR(__xludf.DUMMYFUNCTION("""COMPUTED_VALUE"""),2.0) -> 2 | H99: =IFERROR(__xludf.DUMMYFUNCTION("""COMPUTED_VALUE"""),"FLSP") -> FLSP
A100: =IFERROR(__xludf.DUMMYFUNCTION("""COMPUTED_VALUE"""),"D3989") -> D3989 | B100: =IFERROR(__xludf.DUMMYFUNCTION("""COMPUTED_VALUE"""),"RUN-FLMP_2021-02-24_APS-032") -> RUN-FLMP_2021-02-24_APS-032 | C100: =VLOOKUP(B100,'Run Reconcile'!A$2:B1579,2,FALSE) -> 44251 | D100: =IFERROR(__xludf.DUMMYFUNCTION("""COMPUTED_VALUE"""),44251.0) -> 44251 | E100: =IFERROR(__xludf.DUMMYFUNCTION("""COMPUTED_VALUE"""),0.3357870370382443) -> 0.33578704 | F100: =IFERROR(__xludf.DUMMYFUNCTION("""COMPUTED_VALUE"""),"Negative") -> Negative | G100: =IFERROR(__xludf.DUMMYFUNCTION("""COMPUTED_VALUE"""),1.0) -> 1 | H100: =IFERROR(__xludf.DUMMYFUNCTION("""COMPUTED_VALUE"""),"FLSP") -> FLSP
...

Sheet Weekly
A1: Week Start Date | B1: Week End Date | C1: =CONCATENATE("Weekly Participants ",SUM(C2:C199)) -> Weekly Participants 3399 | D1: =CONCATENATE("Weekly Tubes Run ",SUM(D2:D199)) -> Weekly Tubes Run 1540 | E1: =CONCATENATE("Weekly Positive Tubes ",SUM(E2:E199)) -> Weekly Positive Tubes 57 | F1: =CONCATENATE("Weekly Inconclusive Tubes ",SUM(F2:F199)) -> Weekly Inconclusive Tubes 4 | G1: % Positive
A2: =MIN('ALL Tube Results'!C:C) - WEEKDAY(MIN('ALL Tube Results'!C:C), 3) -> 44172 | B2: =A2+6 -> 44178 | C2: =SUMIFS('ALL Tube Results'!$G$2:$G199, 'ALL Tube Results'!$C$2:$C199, ">="&A2, 'ALL Tube Results'!$C$2:$C199, "<="&B2) -> 6 | D2: =COUNTIFS('ALL Tube Results'!$C2:$C199, ">="&A2, 'ALL Tube Results'!$C2:$C199, "<="&B2) -> 2 | E2: =COUNTIFS('ALL Tube Results'!$C2:$C199, ">="&A2, 'ALL Tube Results'!$C2:$C199, "<="&B2, 'ALL Tube Results'!$F2:$F199, "Positive") -> 0 | F2: =COUNTIFS('ALL Tube Results'!$C2:$C199, ">="&A2, 'ALL Tube Results'!$C2:$C199, "<="&B2, 'ALL Tube Results'!$F2:$F199, "Inconclusive") -> 0 | G2: =IFERROR(E2/D2,IFERROR(0/0,"")) -> 0
A3: =B2+1 -> 44179 | B3: =A3+6 -> 44185 | C3: =SUMIFS('ALL Tube Results'!$G$2:$G199, 'ALL Tube Results'!$C$2:$C199, ">="&A3, 'ALL Tube Results'!$C$2:$C199, "<="&B3) -> 3 | D3: =COUNTIFS('ALL Tube Results'!$C3:$C199, ">="&A3, 'ALL Tube Results'!$C3:$C199, "<="&B3) -> 1 | E3: =COUNTIFS('ALL Tube Results'!$C3:$C199, ">="&A3, 'ALL Tube Results'!$C3:$C199, "<="&B3, 'ALL Tube Results'!$F3:$F199, "Positive") -> 0 | F3: =COUNTIFS('ALL Tube Results'!$C3:$C199, ">="&A3, 'ALL Tube Results'!$C3:$C199, "<="&B3, 'ALL Tube Results'!$F3:$F199, "Inconclusive") -> 0 | G3: =IFERROR(E3/D3,IFERROR(0/0,"")) -> 0
A4: =A3+7 -> 44186 | B4: =A4+6 -> 44192 | C4: =SUMIFS('ALL Tube Results'!$G$2:$G199, 'ALL Tube Results'!$C$2:$C199, ">="&A4, 'ALL Tube Results'!$C$2:$C199, "<="&B4) -> 2 | D4: =COUNTIFS('ALL Tube Results'!$C4:$C199, ">="&A4, 'ALL Tube Results'!$C4:$C199, "<="&B4) -> 1 | E4: =COUNTIFS('ALL Tube Results'!$C4:$C199, ">="&A4, 'ALL Tube Results'!$C4:$C199, "<="&B4, 'ALL Tube Results'!$F4:$F199, "Positive") -> 0 | F4: =COUNTIFS('ALL Tube Results'!$C4:$C199, ">="&A4, 'ALL Tube Results'!$C4:$C199, "<="&B4, 'ALL Tube Results'!$F4:$F199, "Inconclusive") -> 0 | G4: =IFERROR(E4/D4,IFERROR(0/0,"")) -> 0
A5: =A4+7 -> 44193 | B5: =A5+6 -> 44199 | C5: =SUMIFS('ALL Tube Results'!$G$2:$G199, 'ALL Tube Results'!$C$2:$C199, ">="&A5, 'ALL Tube Results'!$C$2:$C199, "<="&B5) -> 6 | D5: =COUNTIFS('ALL Tube Results'!$C5:$C199, ">="&A5, 'ALL Tube Results'!$C5:$C199, "<="&B5) -> 2 | E5: =COUNTIFS('ALL Tube Results'!$C5:$C199, ">="&A5, 'ALL Tube Results'!$C5:$C199, "<="&B5, 'ALL Tube Results'!$F5:$F199, "Positive") -> 0 | F5: =COUNTIFS('ALL Tube Results'!$C5:$C199, ">="&A5, 'ALL Tube Results'!$C5:$C199, "<="&B5, 'ALL Tube Results'!$F5:$F199, "Inconclusive") -> 0 | G5: =IFERROR(E5/D5,IFERROR(0/0,"")) -> 0
A6: =A5+7 -> 44200 | B6: =A6+6 -> 44206 | C6: =SUMIFS('ALL Tube Results'!$G$2:$G199, 'ALL Tube Results'!$C$2:$C199, ">="&A6, 'ALL Tube Results'!$C$2:$C199, "<="&B6) -> 0 | D6: =COUNTIFS('ALL Tube Results'!$C6:$C199, ">="&A6, 'ALL Tube Results'!$C6:$C199, "<="&B6) -> 0 | E6: =COUNTIFS('ALL Tube Results'!$C6:$C199, ">="&A6, 'ALL Tube Results'!$C6:$C199, "<="&B6, 'ALL Tube Results'!$F6:$F199, "Positive") -> 0 | F6: =COUNTIFS('ALL Tube Results'!$C6:$C199, ">="&A6, 'ALL Tube Results'!$C6:$C199, "<="&B6, 'ALL Tube Results'!$F6:$F199, "Inconclusive") -> 0 | G6: =IFERROR(E6/D6,IFERROR(0/0,""))
A7: =A6+7 -> 44207 | B7: =A7+6 -> 44213 | C7: =SUMIFS('ALL Tube Results'!$G$2:$G199, 'ALL Tube Results'!$C$2:$C199, ">="&A7, 'ALL Tube Results'!$C$2:$C199, "<="&B7) -> 36 | D7: =COUNTIFS('ALL Tube Results'!$C7:$C199, ">="&A7, 'ALL Tube Results'!$C7:$C199, "<="&B7) -> 15 | E7: =COUNTIFS('ALL Tube Results'!$C7:$C199, ">="&A7, 'ALL Tube Results'!$C7:$C199, "<="&B7, 'ALL Tube Results'!$F7:$F199, "Positive") -> 3 | F7: =COUNTIFS('ALL Tube Results'!$C7:$C199, ">="&A7, 'ALL Tube Results'!$C7:$C199, "<="&B7, 'ALL Tube Results'!$F7:$F199, "Inconclusive") -> 0 | G7: =IFERROR(E7/D7,IFERROR(0/0,"")) -> 0.2
A8: =A7+7 -> 44214 | B8: =A8+6 -> 44220 | C8: =SUMIFS('ALL Tube Results'!$G$2:$G199, 'ALL Tube Results'!$C$2:$C199, ">="&A8, 'ALL Tube Results'!$C$2:$C199, "<="&B8) -> 49 | D8: =COUNTIFS('ALL Tube Results'!$C8:$C199, ">="&A8, 'ALL Tube Results'!$C8:$C199, "<="&B8) -> 24 | E8: =COUNTIFS('ALL Tube Results'!$C8:$C199, ">="&A8, 'ALL Tube Results'!$C8:$C199, "<="&B8, 'ALL Tube Results'!$F8:$F199, "Positive") -> 0 | F8: =COUNTIFS('ALL Tube Results'!$C8:$C199, ">="&A8, 'ALL Tube Results'!$C8:$C199, "<="&B8, 'ALL Tube Results'!$F8:$F199, "Inconclusive") -> 0 | G8: =IFERROR(E8/D8,IFERROR(0/0,"")) -> 0
A9: =A8+7 -> 44221 | B9: =A9+6 -> 44227 | C9: =SUMIFS('ALL Tube Results'!$G$2:$G199, 'ALL Tube Results'!$C$2:$C199, ">="&A9, 'ALL Tube Results'!$C$2:$C199, "<="&B9) -> 45 | D9: =COUNTIFS('ALL Tube Results'!$C9:$C199, ">="&A9, 'ALL Tube Results'!$C9:$C199, "<="&B9) -> 19 | E9: =COUNTIFS('ALL Tube Results'!$C9:$C199, ">="&A9, 'ALL Tube Results'!$C9:$C199, "<="&B9, 'ALL Tube Results'!$F9:$F199, "Positive") -> 0 | F9: =COUNTIFS('ALL Tube Results'!$C9:$C199, ">="&A9, 'ALL Tube Results'!$C9:$C199, "<="&B9, 'ALL Tube Results'!$F9:$F199, "Inconclusive") -> 0 | G9: =IFERROR(E9/D9,IFERROR(0/0,"")) -> 0
A10: =A9+7 -> 44228 | B10: =A10+6 -> 44234 | C10: =SUMIFS('ALL Tube Results'!$G$2:$G199, 'ALL Tube Results'!$C$2:$C199, ">="&A10, 'ALL Tube Results'!$C$2:$C199, "<="&B10) -> 31 | D10: =COUNTIFS('ALL Tube Results'!$C10:$C199, ">="&A10, 'ALL Tube Results'!$C10:$C199, "<="&B10) -> 11 | E10: =COUNTIFS('ALL Tube Results'!$C10:$C199, ">="&A10, 'ALL Tube Results'!$C10:$C199, "<="&B10, 'ALL Tube Results'!$F10:$F199, "Positive") -> 0 | F10: =COUNTIFS('ALL Tube Results'!$C10:$C199, ">="&A10, 'ALL Tube Results'!$C10:$C199, "<="&B10, 'ALL Tube Results'!$F10:$F199, "Inconclusive") -> 0 | G10: =IFERROR(E10/D10,IFERROR(0/0,"")) -> 0
A11: =A10+7 -> 44235 | B11: =A11+6 -> 44241 | C11: =SUMIFS('ALL Tube Results'!$G$2:$G199, 'ALL Tube Results'!$C$2:$C199, ">="&A11, 'ALL Tube Results'!$C$2:$C199, "<="&B11) -> 40 | D11: =COUNTIFS('ALL Tube Results'!$C11:$C199, ">="&A11, 'ALL Tube Results'!$C11:$C199, "<="&B11) -> 13 | E11: =COUNTIFS('ALL Tube Results'!$C11:$C199, ">="&A11, 'ALL Tube Results'!$C11:$C199, "<="&B11, 'ALL Tube Results'!$F11:$F199, "Positive") -> 0 | F11: =COUNTIFS('ALL Tube Results'!$C11:$C199, ">="&A11, 'ALL Tube Results'!$C11:$C199, "<="&B11, 'ALL Tube Results'!$F11:$F199, "Inconclusive") -> 0 | G11: =IFERROR(E11/D11,IFERROR(0/0,"")) -> 0
A12: =A11+7 -> 44242 | B12: =A12+6 -> 44248 | C12: =SUMIFS('ALL Tube Results'!$G$2:$G199, 'ALL Tube Results'!$C$2:$C199, ">="&A12, 'ALL Tube Results'!$C$2:$C199, "<="&B12) -> 14 | D12: =COUNTIFS('ALL Tube Results'!$C12:$C199, ">="&A12, 'ALL Tube Results'!$C12:$C199, "<="&B12) -> 4 | E12: =COUNTIFS('ALL Tube Results'!$C12:$C199, ">="&A12, 'ALL Tube Results'!$C12:$C199, "<="&B12, 'ALL Tube Results'!$F12:$F199, "Positive") -> 0 | F12: =COUNTIFS('ALL Tube Results'!$C12:$C199, ">="&A12, 'ALL Tube Results'!$C12:$C199, "<="&B12, 'ALL Tube Results'!$F12:$F199, "Inconclusive") -> 0 | G12: =IFERROR(E12/D12,IFERROR(0/0,"")) -> 0
A13: =A12+7 -> 44249 | B13: =A13+6 -> 44255 | C13: =SUMIFS('ALL Tube Results'!$G$2:$G199, 'ALL Tube Results'!$C$2:$C199, ">="&A13, 'ALL Tube Results'!$C$2:$C199, "<="&B13) -> 24 | D13: =COUNTIFS('ALL Tube Results'!$C13:$C199, ">="&A13, 'ALL Tube Results'!$C13:$C199, "<="&B13) -> 9 | E13: =COUNTIFS('ALL Tube Results'!$C13:$C199, ">="&A13, 'ALL Tube Results'!$C13:$C199, "<="&B13, 'ALL Tube Results'!$F13:$F199, "Positive") -> 0 | F13: =COUNTIFS('ALL Tube Results'!$C13:$C199, ">="&A13, 'ALL Tube Results'!$C13:$C199, "<="&B13, 'ALL Tube Results'!$F13:$F199, "Inconclusive") -> 0 | G13: =IFERROR(E13/D13,IFERROR(0/0,"")) -> 0
A14: =A13+7 -> 44256 | B14: =A14+6 -> 44262 | C14: =SUMIFS('ALL Tube Results'!$G$2:$G199, 'ALL Tube Results'!$C$2:$C199, ">="&A14, 'ALL Tube Results'!$C$2:$C199, "<="&B14) -> 35 | D14: =COUNTIFS('ALL Tube Results'!$C14:$C199, ">="&A14, 'ALL Tube Results'!$C14:$C199, "<="&B14) -> 11 | E14: =COUNTIFS('ALL Tube Results'!$C14:$C199, ">="&A14, 'ALL Tube Results'!$C14:$C199, "<="&B14, 'ALL Tube Results'!$F14:$F199, "Positive") -> 0 | F14: =COUNTIFS('ALL Tube Results'!$C14:$C199, ">="&A14, 'ALL Tube Results'!$C14:$C199, "<="&B14, 'ALL Tube Results'!$F14:$F199, "Inconclusive") -> 0 | G14: =IFERROR(E14/D14,IFERROR(0/0,"")) -> 0
A15: =A14+7 -> 44263 | B15: =A15+6 -> 44269 | C15: =SUMIFS('ALL Tube Results'!$G$2:$G199, 'ALL Tube Results'!$C$2:$C199, ">="&A15, 'ALL Tube Results'!$C$2:$C199, "<="&B15) -> 30 | D15: =COUNTIFS('ALL Tube Results'!$C15:$C199, ">="&A15, 'ALL Tube Results'!$C15:$C199, "<="&B15) -> 9 | E15: =COUNTIFS('ALL Tube Results'!$C15:$C199, ">="&A15, 'ALL Tube Results'!$C15:$C199, "<="&B15, 'ALL Tube Results'!$F15:$F199, "Positive") -> 0 | F15: =COUNTIFS('ALL Tube Results'!$C15:$C199, ">="&A15, 'ALL Tube Results'!$C15:$C199, "<="&B15, 'ALL Tube Results'!$F15:$F199, "Inconclusive") -> 0 | G15: =IFERROR(E15/D15,IFERROR(0/0,"")) -> 0
A16: =A15+7 -> 44270 | B16: =A16+6 -> 44276 | C16: =SUMIFS('ALL Tube Results'!$G$2:$G199, 'ALL Tube Results'!$C$2:$C199, ">="&A16, 'ALL Tube Results'!$C$2:$C199, "<="&B16) -> 16 | D16: =COUNTIFS('ALL Tube Results'!$C16:$C199, ">="&A16, 'ALL Tube Results'!$C16:$C199, "<="&B16) -> 6 | E16: =COUNTIFS('ALL Tube Results'!$C16:$C199, ">="&A16, 'ALL Tube Results'!$C16:$C199, "<="&B16, 'ALL Tube Results'!$F16:$F199, "Positive") -> 0 | F16: =COUNTIFS('ALL Tube Results'!$C16:$C199, ">="&A16, 'ALL Tube Results'!$C16:$C199, "<="&B16, 'ALL Tube Results'!$F16:$F199, "Inconclusive") -> 0 | G16: =IFERROR(E16/D16,IFERROR(0/0,"")) -> 0
A17: =A16+7 -> 44277 | B17: =A17+6 -> 44283 | C17: =SUMIFS('ALL Tube Results'!$G$2:$G199, 'ALL Tube Results'!$C$2:$C199, ">="&A17, 'ALL Tube Results'!$C$2:$C199, "<="&B17) -> 6 | D17: =COUNTIFS('ALL Tube Results'!$C17:$C199, ">="&A17, 'ALL Tube Results'!$C17:$C199, "<="&B17) -> 2 | E17: =COUNTIFS('ALL Tube Results'!$C17:$C199, ">="&A17, 'ALL Tube Results'!$C17:$C199, "<="&B17, 'ALL Tube Results'!$F17:$F199, "Positive") -> 0 | F17: =COUNTIFS('ALL Tube Results'!$C17:$C199, ">="&A17, 'ALL Tube Results'!$C17:$C199, "<="&B17, 'ALL Tube Results'!$F17:$F199, "Inconclusive") -> 0 | G17: =IFERROR(E17/D17,IFERROR(0/0,"")) -> 0
A18: =A17+7 -> 44284 | B18: =A18+6 -> 44290 | C18: =SUMIFS('ALL Tube Results'!$G$2:$G199, 'ALL Tube Results'!$C$2:$C199, ">="&A18, 'ALL Tube Results'!$C$2:$C199, "<="&B18) -> 6 | D18: =COUNTIFS('ALL Tube Results'!$C18:$C199, ">="&A18, 'ALL Tube Results'!$C18:$C199, "<="&B18) -> 2 | E18: =COUNTIFS('ALL Tube Results'!$C18:$C199, ">="&A18, 'ALL Tube Results'!$C18:$C199, "<="&B18, 'ALL Tube Results'!$F18:$F199, "Positive") -> 0 | F18: =COUNTIFS('ALL Tube Results'!$C18:$C199, ">="&A18, 'ALL Tube Results'!$C18:$C199, "<="&B18, 'ALL Tube Results'!$F18:$F199, "Inconclusive") -> 0 | G18: =IFERROR(E18/D18,IFERROR(0/0,"")) -> 0
A19: =A18+7 -> 44291 | B19: =A19+6 -> 44297 | C19: =SUMIFS('ALL Tube Results'!$G$2:$G199, 'ALL Tube Results'!$C$2:$C199, ">="&A19, 'ALL Tube Results'!$C$2:$C199, "<="&B19) -> 0 | D19: =COUNTIFS('ALL Tube Results'!$C19:$C199, ">="&A19, 'ALL Tube Results'!$C19:$C199, "<="&B19) -> 0 | E19: =COUNTIFS('ALL Tube Results'!$C19:$C199, ">="&A19, 'ALL Tube Results'!$C19:$C199, "<="&B19, 'ALL Tube Results'!$F19:$F199, "Positive") -> 0 | F19: =COUNTIFS('ALL Tube Results'!$C19:$C199, ">="&A19, 'ALL Tube Results'!$C19:$C199, "<="&B19, 'ALL Tube Results'!$F19:$F199, "Inconclusive") -> 0 | G19: =IFERROR(E19/D19,IFERROR(0/0,""))
A20: =A19+7 -> 44298 | B20: =A20+6 -> 44304 | C20: =SUMIFS('ALL Tube Results'!$G$2:$G199, 'ALL Tube Results'!$C$2:$C199, ">="&A20, 'ALL Tube Results'!$C$2:$C199, "<="&B20) -> 8 | D20: =COUNTIFS('ALL Tube Results'!$C20:$C199, ">="&A20, 'ALL Tube Results'!$C20:$C199, "<="&B20) -> 3 | E20: =COUNTIFS('ALL Tube Results'!$C20:$C199, ">="&A20, 'ALL Tube Results'!$C20:$C199, "<="&B20, 'ALL Tube Results'!$F20:$F199, "Positive") -> 0 | F20: =COUNTIFS('ALL Tube Results'!$C20:$C199, ">="&A20, 'ALL Tube Results'!$C20:$C199, "<="&B20, 'ALL Tube Results'!$F20:$F199, "Inconclusive") -> 0 | G20: =IFERROR(E20/D20,IFERROR(0/0,"")) -> 0
A21: =A20+7 -> 44305 | B21: =A21+6 -> 44311 | C21: =SUMIFS('ALL Tube Results'!$G$2:$G199, 'ALL Tube Results'!$C$2:$C199, ">="&A21, 'ALL Tube Results'!$C$2:$C199, "<="&B21) -> 0 | D21: =COUNTIFS('ALL Tube Results'!$C21:$C199, ">="&A21, 'ALL Tube Results'!$C21:$C199, "<="&B21) -> 0 | E21: =COUNTIFS('ALL Tube Results'!$C21:$C199, ">="&A21, 'ALL Tube Results'!$C21:$C199, "<="&B21, 'ALL Tube Results'!$F21:$F199, "Positive") -> 0 | F21: =COUNTIFS('ALL Tube Results'!$C21:$C199, ">="&A21, 'ALL Tube Results'!$C21:$C199, "<="&B21, 'ALL Tube Results'!$F21:$F199, "Inconclusive") -> 0 | G21: =IFERROR(E21/D21,IFERROR(0/0,""))
A22: =A21+7 -> 44312 | B22: =A22+6 -> 44318 | C22: =SUMIFS('ALL Tube Results'!$G$2:$G199, 'ALL Tube Results'!$C$2:$C199, ">="&A22, 'ALL Tube Results'!$C$2:$C199, "<="&B22) -> 0 | D22: =COUNTIFS('ALL Tube Results'!$C22:$C199, ">="&A22, 'ALL Tube Results'!$C22:$C199, "<="&B22) -> 0 | E22: =COUNTIFS('ALL Tube Results'!$C22:$C199, ">="&A22, 'ALL Tube Results'!$C22:$C199, "<="&B22, 'ALL Tube Results'!$F22:$F199, "Positive") -> 0 | F22: =COUNTIFS('ALL Tube Results'!$C22:$C199, ">="&A22, 'ALL Tube Results'!$C22:$C199, "<="&B22, 'ALL Tube Results'!$F22:$F199, "Inconclusive") -> 0 | G22: =IFERROR(E22/D22,IFERROR(0/0,""))
A23: =A22+7 -> 44319 | B23: =A23+6 -> 44325 | C23: =SUMIFS('ALL Tube Results'!$G$2:$G199, 'ALL Tube Results'!$C$2:$C199, ">="&A23, 'ALL Tube Results'!$C$2:$C199, "<="&B23) -> 1 | D23: =COUNTIFS('ALL Tube Results'!$C23:$C199, ">="&A23, 'ALL Tube Results'!$C23:$C199, "<="&B23) -> 1 | E23: =COUNTIFS('ALL Tube Results'!$C23:$C199, ">="&A23, 'ALL Tube Results'!$C23:$C199, "<="&B23, 'ALL Tube Results'!$F23:$F199, "Positive") -> 0 | F23: =COUNTIFS('ALL Tube Results'!$C23:$C199, ">="&A23, 'ALL Tube Results'!$C23:$C199, "<="&B23, 'ALL Tube Results'!$F23:$F199, "Inconclusive") -> 0 | G23: =IFERROR(E23/D23,IFERROR(0/0,"")) -> 0
A24: =A23+7 -> 44326 | B24: =A24+6 -> 44332 | C24: =SUMIFS('ALL Tube Results'!$G$2:$G199, 'ALL Tube Results'!$C$2:$C199, ">="&A24, 'ALL Tube Results'!$C$2:$C199, "<="&B24) -> 5 | D24: =COUNTIFS('ALL Tube Results'!$C24:$C199, ">="&A24, 'ALL Tube Results'!$C24:$C199, "<="&B24) -> 2 | E24: =COUNTIFS('ALL Tube Results'!$C24:$C199, ">="&A24, 'ALL Tube Results'!$C24:$C199, "<="&B24, 'ALL Tube Results'!$F24:$F199, "Positive") -> 0 | F24: =COUNTIFS('ALL Tube Results'!$C24:$C199, ">="&A24, 'ALL Tube Results'!$C24:$C199, "<="&B24, 'ALL Tube Results'!$F24:$F199, "Inconclusive") -> 0 | G24: =IFERROR(E24/D24,IFERROR(0/0,"")) -> 0
A25: =A24+7 -> 44333 | B25: =A25+6 -> 44339 | C25: =SUMIFS('ALL Tube Results'!$G$2:$G199, 'ALL Tube Results'!$C$2:$C199, ">="&A25, 'ALL Tube Results'!$C$2:$C199, "<="&B25) -> 6 | D25: =COUNTIFS('ALL Tube Results'!$C25:$C199, ">="&A25, 'ALL Tube Results'!$C25:$C199, "<="&B25) -> 6 | E25: =COUNTIFS('ALL Tube Results'!$C25:$C199, ">="&A25, 'ALL Tube Results'!$C25:$C199, "<="&B25, 'ALL Tube Results'!$F25:$F199, "Positive") -> 0 | F25: =COUNTIFS('ALL Tube Results'!$C25:$C199, ">="&A25, 'ALL Tube Results'!$C25:$C199, "<="&B25, 'ALL Tube Results'!$F25:$F199, "Inconclusive") -> 0 | G25: =IFERROR(E25/D25,IFERROR(0/0,"")) -> 0
A26: =A25+7 -> 44340 | B26: =A26+6 -> 44346 | C26: =SUMIFS('ALL Tube Results'!$G$2:$G199, 'ALL Tube Results'!$C$2:$C199, ">="&A26, 'ALL Tube Results'!$C$2:$C199, "<="&B26) -> 0 | D26: =COUNTIFS('ALL Tube Results'!$C26:$C199, ">="&A26, 'ALL Tube Results'!$C26:$C199, "<="&B26) -> 0 | E26: =COUNTIFS('ALL Tube Results'!$C26:$C199, ">="&A26, 'ALL Tube Results'!$C26:$C199, "<="&B26, 'ALL Tube Results'!$F26:$F199, "Positive") -> 0 | F26: =COUNTIFS('ALL Tube Results'!$C26:$C199, ">="&A26, 'ALL Tube Results'!$C26:$C199, "<="&B26, 'ALL Tube Results'!$F26:$F199, "Inconclusive") -> 0 | G26: =IFERROR(E26/D26,IFERROR(0/0,""))
A27: =A26+7 -> 44347 | B27: =A27+6 -> 44353 | C27: =SUMIFS('ALL Tube Results'!$G$2:$G199, 'ALL Tube Results'!$C$2:$C199, ">="&A27, 'ALL Tube Results'!$C$2:$C199, "<="&B27) -> 0 | D27: =COUNTIFS('ALL Tube Results'!$C27:$C199, ">="&A27, 'ALL Tube Results'!$C27:$C199, "<="&B27) -> 0 | E27: =COUNTIFS('ALL Tube Results'!$C27:$C199, ">="&A27, 'ALL Tube Results'!$C27:$C199, "<="&B27, 'ALL Tube Results'!$F27:$F199, "Positive") -> 0 | F27: =COUNTIFS('ALL Tube Results'!$C27:$C199, ">="&A27, 'ALL Tube Results'!$C27:$C199, "<="&B27, 'ALL Tube Results'!$F27:$F199, "Inconclusive") -> 0 | G27: =IFERROR(E27/D27,IFERROR(0/0,""))
A28: =A27+7 -> 44354 | B28: =A28+6 -> 44360 | C28: =SUMIFS('ALL Tube Results'!$G$2:$G199, 'ALL Tube Results'!$C$2:$C199, ">="&A28, 'ALL Tube Results'!$C$2:$C199, "<="&B28) -> 0 | D28: =COUNTIFS('ALL Tube Results'!$C28:$C199, ">="&A28, 'ALL Tube Results'!$C28:$C199, "<="&B28) -> 0 | E28: =COUNTIFS('ALL Tube Results'!$C28:$C199, ">="&A28, 'ALL Tube Results'!$C28:$C199, "<="&B28, 'ALL Tube Results'!$F28:$F199, "Positive") -> 0 | F28: =COUNTIFS('ALL Tube Results'!$C28:$C199, ">="&A28, 'ALL Tube Results'!$C28:$C199, "<="&B28, 'ALL Tube Results'!$F28:$F199, "Inconclusive") -> 0 | G28: =IFERROR(E28/D28,IFERROR(0/0,""))
A29: =A28+7 -> 44361 | B29: =A29+6 -> 44367 | C29: =SUMIFS('ALL Tube Results'!$G$2:$G199, 'ALL Tube Results'!$C$2:$C199, ">="&A29, 'ALL Tube Results'!$C$2:$C199, "<="&B29) -> 2 | D29: =COUNTIFS('ALL Tube Results'!$C29:$C199, ">="&A29, 'ALL Tube Results'!$C29:$C199, "<="&B29) -> 2 | E29: =COUNTIFS('ALL Tube Results'!$C29:$C199, ">="&A29, 'ALL Tube Results'!$C29:$C199, "<="&B29, 'ALL Tube Results'!$F29:$F199, "Positive") -> 0 | F29: =COUNTIFS('ALL Tube Results'!$C29:$C199, ">="&A29, 'ALL Tube Results'!$C29:$C199, "<="&B29, 'ALL Tube Results'!$F29:$F199, "Inconclusive") -> 0 | G29: =IFERROR(E29/D29,IFERROR(0/0,"")) -> 0
A30: =A29+7 -> 44368 | B30: =A30+6 -> 44374 | C30: =SUMIFS('ALL Tube Results'!$G$2:$G199, 'ALL Tube Results'!$C$2:$C199, ">="&A30, 'ALL Tube Results'!$C$2:$C199, "<="&B30) -> 0 | D30: =COUNTIFS('ALL Tube Results'!$C30:$C199, ">="&A30, 'ALL Tube Results'!$C30:$C199, "<="&B30) -> 0 | E30: =COUNTIFS('ALL Tube Results'!$C30:$C199, ">="&A30, 'ALL Tube Results'!$C30:$C199, "<="&B30, 'ALL Tube Results'!$F30:$F199, "Positive") -> 0 | F30: =COUNTIFS('ALL Tube Results'!$C30:$C199, ">="&A30, 'ALL Tube Results'!$C30:$C199, "<="&B30, 'ALL Tube Results'!$F30:$F199, "Inconclusive") -> 0 | G30: =IFERROR(E30/D30,IFERROR(0/0,""))
A31: =A30+7 -> 44375 | B31: =A31+6 -> 44381 | C31: =SUMIFS('ALL Tube Results'!$G$2:$G199, 'ALL Tube Results'!$C$2:$C199, ">="&A31, 'ALL Tube Results'!$C$2:$C199, "<="&B31) -> 0 | D31: =COUNTIFS('ALL Tube Results'!$C31:$C199, ">="&A31, 'ALL Tube Results'!$C31:$C199, "<="&B31) -> 0 | E31: =COUNTIFS('ALL Tube Results'!$C31:$C199, ">="&A31, 'ALL Tube Results'!$C31:$C199, "<="&B31, 'ALL Tube Results'!$F31:$F199, "Positive") -> 0 | F31: =COUNTIFS('ALL Tube Results'!$C31:$C199, ">="&A31, 'ALL Tube Results'!$C31:$C199, "<="&B31, 'ALL Tube Results'!$F31:$F199, "Inconclusive") -> 0 | G31: =IFERROR(E31/D31,IFERROR(0/0,""))
A32: =A31+7 -> 44382 | B32: =A32+6 -> 44388 | C32: =SUMIFS('ALL Tube Results'!$G$2:$G199, 'ALL Tube Results'!$C$2:$C199, ">="&A32, 'ALL Tube Results'!$C$2:$C199, "<="&B32) -> 0 | D32: =COUNTIFS('ALL Tube Results'!$C32:$C199, ">="&A32, 'ALL Tube Results'!$C32:$C199, "<="&B32) -> 0 | E32: =COUNTIFS('ALL Tube Results'!$C32:$C199, ">="&A32, 'ALL Tube Results'!$C32:$C199, "<="&B32, 'ALL Tube Results'!$F32:$F199, "Positive") -> 0 | F32: =COUNTIFS('ALL Tube Results'!$C32:$C199, ">="&A32, 'ALL Tube Results'!$C32:$C199, "<="&B32, 'ALL Tube Results'!$F32:$F199, "Inconclusive") -> 0 | G32: =IFERROR(E32/D32,IFERROR(0/0,""))
A33: =A32+7 -> 44389 | B33: =A33+6 -> 44395 | C33: =SUMIFS('ALL Tube Results'!$G$2:$G199, 'ALL Tube Results'!$C$2:$C199, ">="&A33, 'ALL Tube Results'!$C$2:$C199, "<="&B33) -> 0 | D33: =COUNTIFS('ALL Tube Results'!$C33:$C199, ">="&A33, 'ALL Tube Results'!$C33:$C199, "<="&B33) -> 0 | E33: =COUNTIFS('ALL Tube Results'!$C33:$C199, ">="&A33, 'ALL Tube Results'!$C33:$C199, "<="&B33, 'ALL Tube Results'!$F33:$F199, "Positive") -> 0 | F33: =COUNTIFS('ALL Tube Results'!$C33:$C199, ">="&A33, 'ALL Tube Results'!$C33:$C199, "<="&B33, 'ALL Tube Results'!$F33:$F199, "Inconclusive") -> 0 | G33: =IFERROR(E33/D33,IFERROR(0/0,""))
A34: =A33+7 -> 44396 | B34: =A34+6 -> 44402 | C34: =SUMIFS('ALL Tube Results'!$G$2:$G199, 'ALL Tube Results'!$C$2:$C199, ">="&A34, 'ALL Tube Results'!$C$2:$C199, "<="&B34) -> 0 | D34: =COUNTIFS('ALL Tube Results'!$C34:$C199, ">="&A34, 'ALL Tube Results'!$C34:$C199, "<="&B34) -> 0 | E34: =COUNTIFS('ALL Tube Results'!$C34:$C199, ">="&A34, 'ALL Tube Results'!$C34:$C199, "<="&B34, 'ALL Tube Results'!$F34:$F199, "Positive") -> 0 | F34: =COUNTIFS('ALL Tube Results'!$C34:$C199, ">="&A34, 'ALL Tube Results'!$C34:$C199, "<="&B34, 'ALL Tube Results'!$F34:$F199, "Inconclusive") -> 0 | G34: =IFERROR(E34/D34,IFERROR(0/0,""))
A35: =A34+7 -> 44403 | B35: =A35+6 -> 44409 | C35: =SUMIFS('ALL Tube Results'!$G$2:$G199, 'ALL Tube Results'!$C$2:$C199, ">="&A35, 'ALL Tube Results'!$C$2:$C199, "<="&B35) -> 0 | D35: =COUNTIFS('ALL Tube Results'!$C35:$C199, ">="&A35, 'ALL Tube Results'!$C35:$C199, "<="&B35) -> 0 | E35: =COUNTIFS('ALL Tube Results'!$C35:$C199, ">="&A35, 'ALL Tube Results'!$C35:$C199, "<="&B35, 'ALL Tube Results'!$F35:$F199, "Positive") -> 0 | F35: =COUNTIFS('ALL Tube Results'!$C35:$C199, ">="&A35, 'ALL Tube Results'!$C35:$C199, "<="&B35, 'ALL Tube Results'!$F35:$F199, "Inconclusive") -> 0 | G35: =IFERROR(E35/D35,IFERROR(0/0,""))
A36: =A35+7 -> 44410 | B36: =A36+6 -> 44416 | C36: =SUMIFS('ALL Tube Results'!$G$2:$G199, 'ALL Tube Results'!$C$2:$C199, ">="&A36, 'ALL Tube Results'!$C$2:$C199, "<="&B36) -> 0 | D36: =COUNTIFS('ALL Tube Results'!$C36:$C199, ">="&A36, 'ALL Tube Results'!$C36:$C199, "<="&B36) -> 0 | E36: =COUNTIFS('ALL Tube Results'!$C36:$C199, ">="&A36, 'ALL Tube Results'!$C36:$C199, "<="&B36, 'ALL Tube Results'!$F36:$F199, "Positive") -> 0 | F36: =COUNTIFS('ALL Tube Results'!$C36:$C199, ">="&A36, 'ALL Tube Results'!$C36:$C199, "<="&B36, 'ALL Tube Results'!$F36:$F199, "Inconclusive") -> 0 | G36: =IFERROR(E36/D36,IFERROR(0/0,""))
A37: =A36+7 -> 44417 | B37: =A37+6 -> 44423 | C37: =SUMIFS('ALL Tube Results'!$G$2:$G199, 'ALL Tube Results'!$C$2:$C199, ">="&A37, 'ALL Tube Results'!$C$2:$C199, "<="&B37) -> 0 | D37: =COUNTIFS('ALL Tube Results'!$C37:$C199, ">="&A37, 'ALL Tube Results'!$C37:$C199, "<="&B37) -> 0 | E37: =COUNTIFS('ALL Tube Results'!$C37:$C199, ">="&A37, 'ALL Tube Results'!$C37:$C199, "<="&B37, 'ALL Tube Results'!$F37:$F199, "Positive") -> 0 | F37: =COUNTIFS('ALL Tube Results'!$C37:$C199, ">="&A37, 'ALL Tube Results'!$C37:$C199, "<="&B37, 'ALL Tube Results'!$F37:$F199, "Inconclusive") -> 0 | G37: =IFERROR(E37/D37,IFERROR(0/0,""))
A38: =A37+7 -> 44424 | B38: =A38+6 -> 44430 | C38: =SUMIFS('ALL Tube Results'!$G$2:$G199, 'ALL Tube Results'!$C$2:$C199, ">="&A38, 'ALL Tube Results'!$C$2:$C199, "<="&B38) -> 0 | D38: =COUNTIFS('ALL Tube Results'!$C38:$C199, ">="&A38, 'ALL Tube Results'!$C38:$C199, "<="&B38) -> 0 | E38: =COUNTIFS('ALL Tube Results'!$C38:$C199, ">="&A38, 'ALL Tube Results'!$C38:$C199, "<="&B38, 'ALL Tube Results'!$F38:$F199, "Positive") -> 0 | F38: =COUNTIFS('ALL Tube Results'!$C38:$C199, ">="&A38, 'ALL Tube Results'!$C38:$C199, "<="&B38, 'ALL Tube Results'!$F38:$F199, "Inconclusive") -> 0 | G38: =IFERROR(E38/D38,IFERROR(0/0,""))
A39: =A38+7 -> 44431 | B39: =A39+6 -> 44437 | C39: =SUMIFS('ALL Tube Results'!$G$2:$G199, 'ALL Tube Results'!$C$2:$C199, ">="&A39, 'ALL Tube Results'!$C$2:$C199, "<="&B39) -> 0 | D39: =COUNTIFS('ALL Tube Results'!$C39:$C199, ">="&A39, 'ALL Tube Results'!$C39:$C199, "<="&B39) -> 0 | E39: =COUNTIFS('ALL Tube Results'!$C39:$C199, ">="&A39, 'ALL Tube Results'!$C39:$C199, "<="&B39, 'ALL Tube Results'!$F39:$F199, "Positive") -> 0 | F39: =COUNTIFS('ALL Tube Results'!$C39:$C199, ">="&A39, 'ALL Tube Results'!$C39:$C199, "<="&B39, 'ALL Tube Results'!$F39:$F199, "Inconclusive") -> 0 | G39: =IFERROR(E39/D39,IFERROR(0/0,""))
A40: =A39+7 -> 44438 | B40: =A40+6 -> 44444 | C40: =SUMIFS('ALL Tube Results'!$G$2:$G199, 'ALL Tube Results'!$C$2:$C199, ">="&A40, 'ALL Tube Results'!$C$2:$C199, "<="&B40) -> 7 | D40: =COUNTIFS('ALL Tube Results'!$C40:$C199, ">="&A40, 'ALL Tube Results'!$C40:$C199, "<="&B40) -> 4 | E40: =COUNTIFS('ALL Tube Results'!$C40:$C199, ">="&A40, 'ALL Tube Results'!$C40:$C199, "<="&B40, 'ALL Tube Results'!$F40:$F199, "Positive") -> 0 | F40: =COUNTIFS('ALL Tube Results'!$C40:$C199, ">="&A40, 'ALL Tube Results'!$C40:$C199, "<="&B40, 'ALL Tube Results'!$F40:$F199, "Inconclusive") -> 0 | G40: =IFERROR(E40/D40,IFERROR(0/0,"")) -> 0
A41: =A40+7 -> 44445 | B41: =A41+6 -> 44451 | C41: =SUMIFS('ALL Tube Results'!$G$2:$G199, 'ALL Tube Results'!$C$2:$C199, ">="&A41, 'ALL Tube Results'!$C$2:$C199, "<="&B41) -> 4 | D41: =COUNTIFS('ALL Tube Results'!$C41:$C199, ">="&A41, 'ALL Tube Results'!$C41:$C199, "<="&B41) -> 2 | E41: =COUNTIFS('ALL Tube Results'!$C41:$C199, ">="&A41, 'ALL Tube Results'!$C41:$C199, "<="&B41, 'ALL Tube Results'!$F41:$F199, "Positive") -> 0 | F41: =COUNTIFS('ALL Tube Results'!$C41:$C199, ">="&A41, 'ALL Tube Results'!$C41:$C199, "<="&B41, 'ALL Tube Results'!$F41:$F199, "Inconclusive") -> 0 | G41: =IFERROR(E41/D41,IFERROR(0/0,"")) -> 0
A42: =A41+7 -> 44452 | B42: =A42+6 -> 44458 | C42: =SUMIFS('ALL Tube Results'!$G$2:$G199, 'ALL Tube Results'!$C$2:$C199, ">="&A42, 'ALL Tube Results'!$C$2:$C199, "<="&B42) -> 9 | D42: =COUNTIFS('ALL Tube Results'!$C42:$C199, ">="&A42, 'ALL Tube Results'!$C42:$C199, "<="&B42) -> 6 | E42: =COUNTIFS('ALL Tube Results'!$C42:$C199, ">="&A42, 'ALL Tube Results'!$C42:$C199, "<="&B42, 'ALL Tube Results'!$F42:$F199, "Positive") -> 0 | F42: =COUNTIFS('ALL Tube Results'!$C42:$C199, ">="&A42, 'ALL Tube Results'!$C42:$C199, "<="&B42, 'ALL Tube Results'!$F42:$F199, "Inconclusive") -> 0 | G42: =IFERROR(E42/D42,IFERROR(0/0,"")) -> 0
A43: =A42+7 -> 44459 | B43: =A43+6 -> 44465 | C43: =SUMIFS('ALL Tube Results'!$G$2:$G199, 'ALL Tube Results'!$C$2:$C199, ">="&A43, 'ALL Tube Results'!$C$2:$C199, "<="&B43) -> 7 | D43: =COUNTIFS('ALL Tube Results'!$C43:$C199, ">="&A43, 'ALL Tube Results'!$C43:$C199, "<="&B43) -> 4 | E43: =COUNTIFS('ALL Tube Results'!$C43:$C199, ">="&A43, 'ALL Tube Results'!$C43:$C199, "<="&B43, 'ALL Tube Results'!$F43:$F199, "Positive") -> 0 | F43: =COUNTIFS('ALL Tube Results'!$C43:$C199, ">="&A43, 'ALL Tube Results'!$C43:$C199, "<="&B43, 'ALL Tube Results'!$F43:$F199, "Inconclusive") -> 0 | G43: =IFERROR(E43/D43,IFERROR(0/0,"")) -> 0
A44: =A43+7 -> 44466 | B44: =A44+6 -> 44472 | C44: =SUMIFS('ALL Tube Results'!$G$2:$G199, 'ALL Tube Results'!$C$2:$C199, ">="&A44, 'ALL Tube Results'!$C$2:$C199, "<="&B44) -> 0 | D44: =COUNTIFS('ALL Tube Results'!$C44:$C199, ">="&A44, 'ALL Tube Results'!$C44:$C199, "<="&B44) -> 0 | E44: =COUNTIFS('ALL Tube Results'!$C44:$C199, ">="&A44, 'ALL Tube Results'!$C44:$C199, "<="&B44, 'ALL Tube Results'!$F44:$F199, "Positive") -> 0 | F44: =COUNTIFS('ALL Tube Results'!$C44:$C199, ">="&A44, 'ALL Tube Results'!$C44:$C199, "<="&B44, 'ALL Tube Results'!$F44:$F199, "Inconclusive") -> 0 | G44: =IFERROR(E44/D44,IFERROR(0/0,""))
A45: =A44+7 -> 44473 | B45: =A45+6 -> 44479 | C45: =SUMIFS('ALL Tube Results'!$G$2:$G199, 'ALL Tube Results'!$C$2:$C199, ">="&A45, 'ALL Tube Results'!$C$2:$C199, "<="&B45) -> 10 | D45: =COUNTIFS('ALL Tube Results'!$C45:$C199, ">="&A45, 'ALL Tube Results'!$C45:$C199, "<="&B45) -> 7 | E45: =COUNTIFS('ALL Tube Results'!$C45:$C199, ">="&A45, 'ALL Tube Results'!$C45:$C199, "<="&B45, 'ALL Tube Results'!$F45:$F199, "Positive") -> 0 | F45: =COUNTIFS('ALL Tube Results'!$C45:$C199, ">="&A45, 'ALL Tube Results'!$C45:$C199, "<="&B45, 'ALL Tube Results'!$F45:$F199, "Inconclusive") -> 0 | G45: =IFERROR(E45/D45,IFERROR(0/0,"")) -> 0
A46: =A45+7 -> 44480 | B46: =A46+6 -> 44486 | C46: =SUMIFS('ALL Tube Results'!$G$2:$G199, 'ALL Tube Results'!$C$2:$C199, ">="&A46, 'ALL Tube Results'!$C$2:$C199, "<="&B46) -> 11 | D46: =COUNTIFS('ALL Tube Results'!$C46:$C199, ">="&A46, 'ALL Tube Results'!$C46:$C199, "<="&B46) -> 5 | E46: =COUNTIFS('ALL Tube Results'!$C46:$C199, ">="&A46, 'ALL Tube Results'!$C46:$C199, "<="&B46, 'ALL Tube Results'!$F46:$F199, "Positive") -> 0 | F46: =COUNTIFS('ALL Tube Results'!$C46:$C199, ">="&A46, 'ALL Tube Results'!$C46:$C199, "<="&B46, 'ALL Tube Results'!$F46:$F199, "Inconclusive") -> 0 | G46: =IFERROR(E46/D46,IFERROR(0/0,"")) -> 0
A47: =A46+7 -> 44487 | B47: =A47+6 -> 44493 | C47: =SUMIFS('ALL Tube Results'!$G$2:$G199, 'ALL Tube Results'!$C$2:$C199, ">="&A47, 'ALL Tube Results'!$C$2:$C199, "<="&B47) -> 15 | D47: =COUNTIFS('ALL Tube Results'!$C47:$C199, ">="&A47, 'ALL Tube Results'!$C47:$C199, "<="&B47) -> 8 | E47: =COUNTIFS('ALL Tube Results'!$C47:$C199, ">="&A47, 'ALL Tube Results'!$C47:$C199, "<="&B47, 'ALL Tube Results'!$F47:$F199, "Positive") -> 0 | F47: =COUNTIFS('ALL Tube Results'!$C47:$C199, ">="&A47, 'ALL Tube Results'!$C47:$C199, "<="&B47, 'ALL Tube Results'!$F47:$F199, "Inconclusive") -> 0 | G47: =IFERROR(E47/D47,IFERROR(0/0,"")) -> 0
A48: =A47+7 -> 44494 | B48: =A48+6 -> 44500 | C48: =SUMIFS('ALL Tube Results'!$G$2:$G199, 'ALL Tube Results'!$C$2:$C199, ">="&A48, 'ALL Tube Results'!$C$2:$C199, "<="&B48) -> 2 | D48: =COUNTIFS('ALL Tube Results'!$C48:$C199, ">="&A48, 'ALL Tube Results'!$C48:$C199, "<="&B48) -> 2 | E48: =COUNTIFS('ALL Tube Results'!$C48:$C199, ">="&A48, 'ALL Tube Results'!$C48:$C199, "<="&B48, 'ALL Tube Results'!$F48:$F199, "Positive") -> 0 | F48: =COUNTIFS('ALL Tube Results'!$C48:$C199, ">="&A48, 'ALL Tube Results'!$C48:$C199, "<="&B48, 'ALL Tube Results'!$F48:$F199, "Inconclusive") -> 0 | G48: =IFERROR(E48/D48,IFERROR(0/0,"")) -> 0
A49: =A48+7 -> 44501 | B49: =A49+6 -> 44507 | C49: =SUMIFS('ALL Tube Results'!$G$2:$G199, 'ALL Tube Results'!$C$2:$C199, ">="&A49, 'ALL Tube Results'!$C$2:$C199, "<="&B49) -> 19 | D49: =COUNTIFS('ALL Tube Results'!$C49:$C199, ">="&A49, 'ALL Tube Results'!$C49:$C199, "<="&B49) -> 9 | E49: =COUNTIFS('ALL Tube Results'!$C49:$C199, ">="&A49, 'ALL Tube Results'!$C49:$C199, "<="&B49, 'ALL Tube Results'!$F49:$F199, "Positive") -> 0 | F49: =COUNTIFS('ALL Tube Results'!$C49:$C199, ">="&A49, 'ALL Tube Results'!$C49:$C199, "<="&B49, 'ALL Tube Results'!$F49:$F199, "Inconclusive") -> 0 | G49: =IFERROR(E49/D49,IFERROR(0/0,"")) -> 0
A50: =A49+7 -> 44508 | B50: =A50+6 -> 44514 | C50: =SUMIFS('ALL Tube Results'!$G$2:$G199, 'ALL Tube Results'!$C$2:$C199, ">="&A50, 'ALL Tube Results'!$C$2:$C199, "<="&B50) -> 15 | D50: =COUNTIFS('ALL Tube Results'!$C50:$C199, ">="&A50, 'ALL Tube Results'!$C50:$C199, "<="&B50) -> 6 | E50: =COUNTIFS('ALL Tube Results'!$C50:$C199, ">="&A50, 'ALL Tube Results'!$C50:$C199, "<="&B50, 'ALL Tube Results'!$F50:$F199, "Positive") -> 0 | F50: =COUNTIFS('ALL Tube Results'!$C50:$C199, ">="&A50, 'ALL Tube Results'!$C50:$C199, "<="&B50, 'ALL Tube Results'!$F50:$F199, "Inconclusive") -> 0 | G50: =IFERROR(E50/D50,IFERROR(0/0,"")) -> 0
A51: =A50+7 -> 44515 | B51: =A51+6 -> 44521 | C51: =SUMIFS('ALL Tube Results'!$G$2:$G199, 'ALL Tube Results'!$C$2:$C199, ">="&A51, 'ALL Tube Results'!$C$2:$C199, "<="&B51) -> 15 | D51: =COUNTIFS('ALL Tube Results'!$C51:$C199, ">="&A51, 'ALL Tube Results'!$C51:$C199, "<="&B51) -> 6 | E51: =COUNTIFS('ALL Tube Results'!$C51:$C199, ">="&A51, 'ALL Tube Results'!$C51:$C199, "<="&B51, 'ALL Tube Results'!$F51:$F199, "Positive") -> 0 | F51: =COUNTIFS('ALL Tube Results'!$C51:$C199, ">="&A51, 'ALL Tube Results'!$C51:$C199, "<="&B51, 'ALL Tube Results'!$F51:$F199, "Inconclusive") -> 0 | G51: =IFERROR(E51/D51,IFERROR(0/0,"")) -> 0
A52: =A51+7 -> 44522 | B52: =A52+6 -> 44528 | C52: =SUMIFS('ALL Tube Results'!$G$2:$G199, 'ALL Tube Results'!$C$2:$C199, ">="&A52, 'ALL Tube Results'!$C$2:$C199, "<="&B52) -> 43 | D52: =COUNTIFS('ALL Tube Results'!$C52:$C199, ">="&A52, 'ALL Tube Results'!$C52:$C199, "<="&B52) -> 12 | E52: =COUNTIFS('ALL Tube Results'!$C52:$C199, ">="&A52, 'ALL Tube Results'!$C52:$C199, "<="&B52, 'ALL Tube Results'!$F52:$F199, "Positive") -> 0 | F52: =COUNTIFS('ALL Tube Results'!$C52:$C199, ">="&A52, 'ALL Tube Results'!$C52:$C199, "<="&B52, 'ALL Tube Results'!$F52:$F199, "Inconclusive") -> 0 | G52: =IFERROR(E52/D52,IFERROR(0/0,"")) -> 0
A53: =A52+7 -> 44529 | B53: =A53+6 -> 44535 | C53: =SUMIFS('ALL Tube Results'!$G$2:$G199, 'ALL Tube Results'!$C$2:$C199, ">="&A53, 'ALL Tube Results'!$C$2:$C199, "<="&B53) -> 18 | D53: =COUNTIFS('ALL Tube Results'!$C53:$C199, ">="&A53, 'ALL Tube Results'!$C53:$C199, "<="&B53) -> 8 | E53: =COUNTIFS('ALL Tube Results'!$C53:$C199, ">="&A53, 'ALL Tube Results'!$C53:$C199, "<="&B53, 'ALL Tube Results'!$F53:$F199, "Positive") -> 0 | F53: =COUNTIFS('ALL Tube Results'!$C53:$C199, ">="&A53, 'ALL Tube Results'!$C53:$C199, "<="&B53, 'ALL Tube Results'!$F53:$F199, "Inconclusive") -> 0 | G53: =IFERROR(E53/D53,IFERROR(0/0,"")) -> 0
A54: =A53+7 -> 44536 | B54: =A54+6 -> 44542 | C54: =SUMIFS('ALL Tube Results'!$G$2:$G199, 'ALL Tube Results'!$C$2:$C199, ">="&A54, 'ALL Tube Results'!$C$2:$C199, "<="&B54) -> 39 | D54: =COUNTIFS('ALL Tube Results'!$C54:$C199, ">="&A54, 'ALL Tube Results'!$C54:$C199, "<="&B54) -> 19 | E54: =COUNTIFS('ALL Tube Results'!$C54:$C199, ">="&A54, 'ALL Tube Results'!$C54:$C199, "<="&B54, 'ALL Tube Results'!$F54:$F199, "Positive") -> 0 | F54: =COUNTIFS('ALL Tube Results'!$C54:$C199, ">="&A54, 'ALL Tube Results'!$C54:$C199, "<="&B54, 'ALL Tube Results'!$F54:$F199, "Inconclusive") -> 0 | G54: =IFERROR(E54/D54,IFERROR(0/0,"")) -> 0
A55: =A54+7 -> 44543 | B55: =A55+6 -> 44549 | C55: =SUMIFS('ALL Tube Results'!$G$2:$G199, 'ALL Tube Results'!$C$2:$C199, ">="&A55, 'ALL Tube Results'!$C$2:$C199, "<="&B55) -> 43 | D55: =COUNTIFS('ALL Tube Results'!$C55:$C199, ">="&A55, 'ALL Tube Results'!$C55:$C199, "<="&B55) -> 22 | E55: =COUNTIFS('ALL Tube Results'!$C55:$C199, ">="&A55, 'ALL Tube Results'!$C55:$C199, "<="&B55, 'ALL Tube Results'!$F55:$F199, "Positive") -> 2 | F55: =COUNTIFS('ALL Tube Results'!$C55:$C199, ">="&A55, 'ALL Tube Results'!$C55:$C199, "<="&B55, 'ALL Tube Results'!$F55:$F199, "Inconclusive") -> 0 | G55: =IFERROR(E55/D55,IFERROR(0/0,"")) -> 0.090909091
A56: =A55+7 -> 44550 | B56: =A56+6 -> 44556 | C56: =SUMIFS('ALL Tube Results'!$G$2:$G199, 'ALL Tube Results'!$C$2:$C199, ">="&A56, 'ALL Tube Results'!$C$2:$C199, "<="&B56) -> 38 | D56: =COUNTIFS('ALL Tube Results'!$C56:$C199, ">="&A56, 'ALL Tube Results'!$C56:$C199, "<="&B56) -> 30 | E56: =COUNTIFS('ALL Tube Results'!$C56:$C199, ">="&A56, 'ALL Tube Results'!$C56:$C199, "<="&B56, 'ALL Tube Results'!$F56:$F199, "Positive") -> 6 | F56: =COUNTIFS('ALL Tube Results'!$C56:$C199, ">="&A56, 'ALL Tube Results'!$C56:$C199, "<="&B56, 'ALL Tube Results'!$F56:$F199, "Inconclusive") -> 0 | G56: =IFERROR(E56/D56,IFERROR(0/0,"")) -> 0.2
A57: =A56+7 -> 44557 | B57: =A57+6 -> 44563 | C57: =SUMIFS('ALL Tube Results'!$G$2:$G199, 'ALL Tube Results'!$C$2:$C199, ">="&A57, 'ALL Tube Results'!$C$2:$C199, "<="&B57) -> 78 | D57: =COUNTIFS('ALL Tube Results'!$C57:$C199, ">="&A57, 'ALL Tube Results'!$C57:$C199, "<="&B57) -> 43 | E57: =COUNTIFS('ALL Tube Results'!$C57:$C199, ">="&A57, 'ALL Tube Results'!$C57:$C199, "<="&B57, 'ALL Tube Results'!$F57:$F199, "Positive") -> 6 | F57: =COUNTIFS('ALL Tube Results'!$C57:$C199, ">="&A57, 'ALL Tube Results'!$C57:$C199, "<="&B57, 'ALL Tube Results'!$F57:$F199, "Inconclusive") -> 0 | G57: =IFERROR(E57/D57,IFERROR(0/0,"")) -> 0.13953488
A58: =A57+7 -> 44564 | B58: =A58+6 -> 44570 | C58: =SUMIFS('ALL Tube Results'!$G$2:$G199, 'ALL Tube Results'!$C$2:$C199, ">="&A58, 'ALL Tube Results'!$C$2:$C199, "<="&B58) -> 94 | D58: =COUNTIFS('ALL Tube Results'!$C58:$C199, ">="&A58, 'ALL Tube Results'!$C58:$C199, "<="&B58) -> 43 | E58: =COUNTIFS('ALL Tube Results'!$C58:$C199, ">="&A58, 'ALL Tube Results'!$C58:$C199, "<="&B58, 'ALL Tube Results'!$F58:$F199, "Positive") -> 7 | F58: =COUNTIFS('ALL Tube Results'!$C58:$C199, ">="&A58, 'ALL Tube Results'!$C58:$C199, "<="&B58, 'ALL Tube Results'!$F58:$F199, "Inconclusive") -> 0 | G58: =IFERROR(E58/D58,IFERROR(0/0,"")) -> 0.1627907
A59: =A58+7 -> 44571 | B59: =A59+6 -> 44577 | C59: =SUMIFS('ALL Tube Results'!$G$2:$G199, 'ALL Tube Results'!$C$2:$C199, ">="&A59, 'ALL Tube Results'!$C$2:$C199, "<="&B59) -> 183 | D59: =COUNTIFS('ALL Tube Results'!$C59:$C199, ">="&A59, 'ALL Tube Results'!$C59:$C199, "<="&B59) -> 93 | E59: =COUNTIFS('ALL Tube Results'!$C59:$C199, ">="&A59, 'ALL Tube Results'!$C59:$C199, "<="&B59, 'ALL Tube Results'!$F59:$F199, "Positive") -> 15 | F59: =COUNTIFS('ALL Tube Results'!$C59:$C199, ">="&A59, 'ALL Tube Results'!$C59:$C199, "<="&B59, 'ALL Tube Results'!$F59:$F199, "Inconclusive") -> 1 | G59: =IFERROR(E59/D59,IFERROR(0/0,"")) -> 0.16129032
A60: =A59+7 -> 44578 | B60: =A60+6 -> 44584 | C60: =SUMIFS('ALL Tube Results'!$G$2:$G199, 'ALL Tube Results'!$C$2:$C199, ">="&A60, 'ALL Tube Results'!$C$2:$C199, "<="&B60) -> 177 | D60: =COUNTIFS('ALL Tube Results'!$C60:$C199, ">="&A60, 'ALL Tube Results'!$C60:$C199, "<="&B60) -> 86 | E60: =COUNTIFS('ALL Tube Results'!$C60:$C199, ">="&A60, 'ALL Tube Results'!$C60:$C199, "<="&B60, 'ALL Tube Results'!$F60:$F199, "Positive") -> 9 | F60: =COUNTIFS('ALL Tube Results'!$C60:$C199, ">="&A60, 'ALL Tube Results'!$C60:$C199, "<="&B60, 'ALL Tube Results'!$F60:$F199, "Inconclusive") -> 0 | G60: =IFERROR(E60/D60,IFERROR(0/0,"")) -> 0.10465116
A61: =A60+7 -> 44585 | B61: =A61+6 -> 44591 | C61: =SUMIFS('ALL Tube Results'!$G$2:$G199, 'ALL Tube Results'!$C$2:$C199, ">="&A61, 'ALL Tube Results'!$C$2:$C199, "<="&B61) -> 154 | D61: =COUNTIFS('ALL Tube Results'!$C61:$C199, ">="&A61, 'ALL Tube Results'!$C61:$C199, "<="&B61) -> 65 | E61: =COUNTIFS('ALL Tube Results'!$C61:$C199, ">="&A61, 'ALL Tube Results'!$C61:$C199, "<="&B61, 'ALL Tube Results'!$F61:$F199, "Positive") -> 0 | F61: =COUNTIFS('ALL Tube Results'!$C61:$C199, ">="&A61, 'ALL Tube Results'!$C61:$C199, "<="&B61, 'ALL Tube Results'!$F61:$F199, "Inconclusive") -> 0 | G61: =IFERROR(E61/D61,IFERROR(0/0,"")) -> 0
A62: =A61+7 -> 44592 | B62: =A62+6 -> 44598 | C62: =SUMIFS('ALL Tube Results'!$G$2:$G199, 'ALL Tube Results'!$C$2:$C199, ">="&A62, 'ALL Tube Results'!$C$2:$C199, "<="&B62) -> 144 | D62: =COUNTIFS('ALL Tube Results'!$C62:$C199, ">="&A62, 'ALL Tube Results'!$C62:$C199, "<="&B62) -> 59 | E62: =COUNTIFS('ALL Tube Results'!$C62:$C199, ">="&A62, 'ALL Tube Results'!$C62:$C199, "<="&B62, 'ALL Tube Results'!$F62:$F199, "Positive") -> 0 | F62: =COUNTIFS('ALL Tube Results'!$C62:$C199, ">="&A62, 'ALL Tube Results'!$C62:$C199, "<="&B62, 'ALL Tube Results'!$F62:$F199, "Inconclusive") -> 0 | G62: =IFERROR(E62/D62,IFERROR(0/0,"")) -> 0
A63: =A62+7 -> 44599 | B63: =A63+6 -> 44605 | C63: =SUMIFS('ALL Tube Results'!$G$2:$G199, 'ALL Tube Results'!$C$2:$C199, ">="&A63, 'ALL Tube Results'!$C$2:$C199, "<="&B63) -> 148 | D63: =COUNTIFS('ALL Tube Results'!$C63:$C199, ">="&A63, 'ALL Tube Results'!$C63:$C199, "<="&B63) -> 60 | E63: =COUNTIFS('ALL Tube Results'!$C63:$C199, ">="&A63, 'ALL Tube Results'!$C63:$C199, "<="&B63, 'ALL Tube Results'!$F63:$F199, "Positive") -> 0 | F63: =COUNTIFS('ALL Tube Results'!$C63:$C199, ">="&A63, 'ALL Tube Results'!$C63:$C199, "<="&B63, 'ALL Tube Results'!$F63:$F199, "Inconclusive") -> 0 | G63: =IFERROR(E63/D63,IFERROR(0/0,"")) -> 0
A64: =A63+7 -> 44606 | B64: =A64+6 -> 44612 | C64: =SUMIFS('ALL Tube Results'!$G$2:$G199, 'ALL Tube Results'!$C$2:$C199, ">="&A64, 'ALL Tube Results'!$C$2:$C199, "<="&B64) -> 128 | D64: =COUNTIFS('ALL Tube Results'!$C64:$C199, ">="&A64, 'ALL Tube Results'!$C64:$C199, "<="&B64) -> 54 | E64: =COUNTIFS('ALL Tube Results'!$C64:$C199, ">="&A64, 'ALL Tube Results'!$C64:$C199, "<="&B64, 'ALL Tube Results'!$F64:$F199, "Positive") -> 0 | F64: =COUNTIFS('ALL Tube Results'!$C64:$C199, ">="&A64, 'ALL Tube Results'!$C64:$C199, "<="&B64, 'ALL Tube Results'!$F64:$F199, "Inconclusive") -> 1 | G64: =IFERROR(E64/D64,IFERROR(0/0,"")) -> 0
A65: =A64+7 -> 44613 | B65: =A65+6 -> 44619 | C65: =SUMIFS('ALL Tube Results'!$G$2:$G199, 'ALL Tube Results'!$C$2:$C199, ">="&A65, 'ALL Tube Results'!$C$2:$C199, "<="&B65) -> 55 | D65: =COUNTIFS('ALL Tube Results'!$C65:$C199, ">="&A65, 'ALL Tube Results'!$C65:$C199, "<="&B65) -> 21 | E65: =COUNTIFS('ALL Tube Results'!$C65:$C199, ">="&A65, 'ALL Tube Results'!$C65:$C199, "<="&B65, 'ALL Tube Results'!$F65:$F199, "Positive") -> 0 | F65: =COUNTIFS('ALL Tube Results'!$C65:$C199, ">="&A65, 'ALL Tube Results'!$C65:$C199, "<="&B65, 'ALL Tube Results'!$F65:$F199, "Inconclusive") -> 0 | G65: =IFERROR(E65/D65,IFERROR(0/0,"")) -> 0
A66: =A65+7 -> 44620 | B66: =A66+6 -> 44626 | C66: =SUMIFS('ALL Tube Results'!$G$2:$G199, 'ALL Tube Results'!$C$2:$C199, ">="&A66, 'ALL Tube Results'!$C$2:$C199, "<="&B66) -> 51 | D66: =COUNTIFS('ALL Tube Results'!$C66:$C199, ">="&A66, 'ALL Tube Results'!$C66:$C199, "<="&B66) -> 25 | E66: =COUNTIFS('ALL Tube Results'!$C66:$C199, ">="&A66, 'ALL Tube Results'!$C66:$C199, "<="&B66, 'ALL Tube Results'!$F66:$F199, "Positive") -> 0 | F66: =COUNTIFS('ALL Tube Results'!$C66:$C199, ">="&A66, 'ALL Tube Results'!$C66:$C199, "<="&B66, 'ALL Tube Results'!$F66:$F199, "Inconclusive") -> 0 | G66: =IFERROR(E66/D66,IFERROR(0/0,"")) -> 0
A67: =A66+7 -> 44627 | B67: =A67+6 -> 44633 | C67: =SUMIFS('ALL Tube Results'!$G$2:$G199, 'ALL Tube Results'!$C$2:$C199, ">="&A67, 'ALL Tube Results'!$C$2:$C199, "<="&B67) -> 113 | D67: =COUNTIFS('ALL Tube Results'!$C67:$C199, ">="&A67, 'ALL Tube Results'!$C67:$C199, "<="&B67) -> 52 | E67: =COUNTIFS('ALL Tube Results'!$C67:$C199, ">="&A67, 'ALL Tube Results'!$C67:$C199, "<="&B67, 'ALL Tube Results'!$F67:$F199, "Positive") -> 0 | F67: =COUNTIFS('ALL Tube Results'!$C67:$C199, ">="&A67, 'ALL Tube Results'!$C67:$C199, "<="&B67, 'ALL Tube Results'!$F67:$F199, "Inconclusive") -> 0 | G67: =IFERROR(E67/D67,IFERROR(0/0,"")) -> 0
A68: =A67+7 -> 44634 | B68: =A68+6 -> 44640 | C68: =SUMIFS('ALL Tube Results'!$G$2:$G199, 'ALL Tube Results'!$C$2:$C199, ">="&A68, 'ALL Tube Results'!$C$2:$C199, "<="&B68) -> 91 | D68: =COUNTIFS('ALL Tube Results'!$C68:$C199, ">="&A68, 'ALL Tube Results'!$C68:$C199, "<="&B68) -> 42 | E68: =COUNTIFS('ALL Tube Results'!$C68:$C199, ">="&A68, 'ALL Tube Results'!$C68:$C199, "<="&B68, 'ALL Tube Results'!$F68:$F199, "Positive") -> 0 | F68: =COUNTIFS('ALL Tube Results'!$C68:$C199, ">="&A68, 'ALL Tube Results'!$C68:$C199, "<="&B68, 'ALL Tube Results'!$F68:$F199, "Inconclusive") -> 0 | G68: =IFERROR(E68/D68,IFERROR(0/0,"")) -> 0
A69: =A68+7 -> 44641 | B69: =A69+6 -> 44647 | C69: =SUMIFS('ALL Tube Results'!$G$2:$G199, 'ALL Tube Results'!$C$2:$C199, ">="&A69, 'ALL Tube Results'!$C$2:$C199, "<="&B69) -> 113 | D69: =COUNTIFS('ALL Tube Results'!$C69:$C199, ">="&A69, 'ALL Tube Results'!$C69:$C199, "<="&B69) -> 47 | E69: =COUNTIFS('ALL Tube Results'!$C69:$C199, ">="&A69, 'ALL Tube Results'!$C69:$C199, "<="&B69, 'ALL Tube Results'!$F69:$F199, "Positive") -> 0 | F69: =COUNTIFS('ALL Tube Results'!$C69:$C199, ">="&A69, 'ALL Tube Results'!$C69:$C199, "<="&B69, 'ALL Tube Results'!$F69:$F199, "Inconclusive") -> 0 | G69: =IFERROR(E69/D69,IFERROR(0/0,"")) -> 0
A70: =A69+7 -> 44648 | B70: =A70+6 -> 44654 | C70: =SUMIFS('ALL Tube Results'!$G$2:$G199, 'ALL Tube Results'!$C$2:$C199, ">="&A70, 'ALL Tube Results'!$C$2:$C199, "<="&B70) -> 25 | D70: =COUNTIFS('ALL Tube Results'!$C70:$C199, ">="&A70, 'ALL Tube Results'!$C70:$C199, "<="&B70) -> 12 | E70: =COUNTIFS('ALL Tube Results'!$C70:$C199, ">="&A70, 'ALL Tube Results'!$C70:$C199, "<="&B70, 'ALL Tube Results'!$F70:$F199, "Positive") -> 0 | F70: =COUNTIFS('ALL Tube Results'!$C70:$C199, ">="&A70, 'ALL Tube Results'!$C70:$C199, "<="&B70, 'ALL Tube Results'!$F70:$F199, "Inconclusive") -> 0 | G70: =IFERROR(E70/D70,IFERROR(0/0,"")) -> 0
A71: =A70+7 -> 44655 | B71: =A71+6 -> 44661 | C71: =SUMIFS('ALL Tube Results'!$G$2:$G199, 'ALL Tube Results'!$C$2:$C199, ">="&A71, 'ALL Tube Results'!$C$2:$C199, "<="&B71) -> 119 | D71: =COUNTIFS('ALL Tube Results'!$C71:$C199, ">="&A71, 'ALL Tube Results'!$C71:$C199, "<="&B71) -> 47 | E71: =COUNTIFS('ALL Tube Results'!$C71:$C199, ">="&A71, 'ALL Tube Results'!$C71:$C199, "<="&B71, 'ALL Tube Results'!$F71:$F199, "Positive") -> 0 | F71: =COUNTIFS('ALL Tube Results'!$C71:$C199, ">="&A71, 'ALL Tube Results'!$C71:$C199, "<="&B71, 'ALL Tube Results'!$F71:$F199, "Inconclusive") -> 0 | G71: =IFERROR(E71/D71,IFERROR(0/0,"")) -> 0
A72: =A71+7 -> 44662 | B72: =A72+6 -> 44668 | C72: =SUMIFS('ALL Tube Results'!$G$2:$G199, 'ALL Tube Results'!$C$2:$C199, ">="&A72, 'ALL Tube Results'!$C$2:$C199, "<="&B72) -> 104 | D72: =COUNTIFS('ALL Tube Results'!$C72:$C199, ">="&A72, 'ALL Tube Results'!$C72:$C199, "<="&B72) -> 43 | E72: =COUNTIFS('ALL Tube Results'!$C72:$C199, ">="&A72, 'ALL Tube Results'!$C72:$C199, "<="&B72, 'ALL Tube Results'!$F72:$F199, "Positive") -> 0 | F72: =COUNTIFS('ALL Tube Results'!$C72:$C199, ">="&A72, 'ALL Tube Results'!$C72:$C199, "<="&B72, 'ALL Tube Results'!$F72:$F199, "Inconclusive") -> 0 | G72: =IFERROR(E72/D72,IFERROR(0/0,"")) -> 0
A73: =A72+7 -> 44669 | B73: =A73+6 -> 44675 | C73: =SUMIFS('ALL Tube Results'!$G$2:$G199, 'ALL Tube Results'!$C$2:$C199, ">="&A73, 'ALL Tube Results'!$C$2:$C199, "<="&B73) -> 116 | D73: =COUNTIFS('ALL Tube Results'!$C73:$C199, ">="&A73, 'ALL Tube Results'!$C73:$C199, "<="&B73) -> 53 | E73: =COUNTIFS('ALL Tube Results'!$C73:$C199, ">="&A73, 'ALL Tube Results'!$C73:$C199, "<="&B73, 'ALL Tube Results'!$F73:$F199, "Positive") -> 0 | F73: =COUNTIFS('ALL Tube Results'!$C73:$C199, ">="&A73, 'ALL Tube Results'!$C73:$C199, "<="&B73, 'ALL Tube Results'!$F73:$F199, "Inconclusive") -> 0 | G73: =IFERROR(E73/D73,IFERROR(0/0,"")) -> 0
A74: =A73+7 -> 44676 | B74: =A74+6 -> 44682 | C74: =SUMIFS('ALL Tube Results'!$G$2:$G199, 'ALL Tube Results'!$C$2:$C199, ">="&A74, 'ALL Tube Results'!$C$2:$C199, "<="&B74) -> 113 | D74: =COUNTIFS('ALL Tube Results'!$C74:$C199, ">="&A74, 'ALL Tube Results'!$C74:$C199, "<="&B74) -> 48 | E74: =COUNTIFS('ALL Tube Results'!$C74:$C199, ">="&A74, 'ALL Tube Results'!$C74:$C199, "<="&B74, 'ALL Tube Results'!$F74:$F199, "Positive") -> 0 | F74: =COUNTIFS('ALL Tube Results'!$C74:$C199, ">="&A74, 'ALL Tube Results'!$C74:$C199, "<="&B74, 'ALL Tube Results'!$F74:$F199, "Inconclusive") -> 0 | G74: =IFERROR(E74/D74,IFERROR(0/0,"")) -> 0
A75: =A74+7 -> 44683 | B75: =A75+6 -> 44689 | C75: =SUMIFS('ALL Tube Results'!$G$2:$G199, 'ALL Tube Results'!$C$2:$C199, ">="&A75, 'ALL Tube Results'!$C$2:$C199, "<="&B75) -> 114 | D75: =COUNTIFS('ALL Tube Results'!$C75:$C199, ">="&A75, 'ALL Tube Results'!$C75:$C199, "<="&B75) -> 53 | E75: =COUNTIFS('ALL Tube Results'!$C75:$C199, ">="&A75, 'ALL Tube Results'!$C75:$C199, "<="&B75, 'ALL Tube Results'!$F75:$F199, "Positive") -> 2 | F75: =COUNTIFS('ALL Tube Results'!$C75:$C199, ">="&A75, 'ALL Tube Results'!$C75:$C199, "<="&B75, 'ALL Tube Results'!$F75:$F199, "Inconclusive") -> 0 | G75: =IFERROR(E75/D75,IFERROR(0/0,"")) -> 0.037735849
A76: =A75+7 -> 44690 | B76: =A76+6 -> 44696 | C76: =SUMIFS('ALL Tube Results'!$G$2:$G199, 'ALL Tube Results'!$C$2:$C199, ">="&A76, 'ALL Tube Results'!$C$2:$C199, "<="&B76) -> 117 | D76: =COUNTIFS('ALL Tube Results'!$C76:$C199, ">="&A76, 'ALL Tube Results'!$C76:$C199, "<="&B76) -> 67 | E76: =COUNTIFS('ALL Tube Results'!$C76:$C199, ">="&A76, 'ALL Tube Results'!$C76:$C199, "<="&B76, 'ALL Tube Results'!$F76:$F199, "Positive") -> 4 | F76: =COUNTIFS('ALL Tube Results'!$C76:$C199, ">="&A76, 'ALL Tube Results'!$C76:$C199, "<="&B76, 'ALL Tube Results'!$F76:$F199, "Inconclusive") -> 2 | G76: =IFERROR(E76/D76,IFERROR(0/0,"")) -> 0.059701493
A77: =A76+7 -> 44697 | B77: =A77+6 -> 44703 | C77: =SUMIFS('ALL Tube Results'!$G$2:$G199, 'ALL Tube Results'!$C$2:$C199, ">="&A77, 'ALL Tube Results'!$C$2:$C199, "<="&B77) -> 102 | D77: =COUNTIFS('ALL Tube Results'!$C77:$C199, ">="&A77, 'ALL Tube Results'!$C77:$C199, "<="&B77) -> 51 | E77: =COUNTIFS('ALL Tube Results'!$C77:$C199, ">="&A77, 'ALL Tube Results'!$C77:$C199, "<="&B77, 'ALL Tube Results'!$F77:$F199, "Positive") -> 1 | F77: =COUNTIFS('ALL Tube Results'!$C77:$C199, ">="&A77, 'ALL Tube Results'!$C77:$C199, "<="&B77, 'ALL Tube Results'!$F77:$F199, "Inconclusive") -> 0 | G77: =IFERROR(E77/D77,IFERROR(0/0,"")) -> 0.019607843
A78: =A77+7 -> 44704 | B78: =A78+6 -> 44710 | C78: =SUMIFS('ALL Tube Results'!$G$2:$G199, 'ALL Tube Results'!$C$2:$C199, ">="&A78, 'ALL Tube Results'!$C$2:$C199, "<="&B78) -> 93 | D78: =COUNTIFS('ALL Tube Results'!$C78:$C199, ">="&A78, 'ALL Tube Results'!$C78:$C199, "<="&B78) -> 44 | E78: =COUNTIFS('ALL Tube Results'!$C78:$C199, ">="&A78, 'ALL Tube Results'!$C78:$C199, "<="&B78, 'ALL Tube Results'!$F78:$F199, "Positive") -> 1 | F78: =COUNTIFS('ALL Tube Results'!$C78:$C199, ">="&A78, 'ALL Tube Results'!$C78:$C199, "<="&B78, 'ALL Tube Results'!$F78:$F199, "Inconclusive") -> 0 | G78: =IFERROR(E78/D78,IFERROR(0/0,"")) -> 0.022727273
A79: =A78+7 -> 44711 | B79: =A79+6 -> 44717 | C79: =SUMIFS('ALL Tube Results'!$G$2:$G199, 'ALL Tube Results'!$C$2:$C199, ">="&A79, 'ALL Tube Results'!$C$2:$C199, "<="&B79) -> 49 | D79: =COUNTIFS('ALL Tube Results'!$C79:$C199, ">="&A79, 'ALL Tube Results'!$C79:$C199, "<="&B79) -> 22 | E79: =COUNTIFS('ALL Tube Results'!$C79:$C199, ">="&A79, 'ALL Tube Results'!$C79:$C199, "<="&B79, 'ALL Tube Results'!$F79:$F199, "Positive") -> 0 | F79: =COUNTIFS('ALL Tube Results'!$C79:$C199, ">="&A79, 'ALL Tube Results'!$C79:$C199, "<="&B79, 'ALL Tube Results'!$F79:$F199, "Inconclusive") -> 0 | G79: =IFERROR(E79/D79,IFERROR(0/0,"")) -> 0
A80: =A79+7 -> 44718 | B80: =A80+6 -> 44724 | C80: =SUMIFS('ALL Tube Results'!$G$2:$G199, 'ALL Tube Results'!$C$2:$C199, ">="&A80, 'ALL Tube Results'!$C$2:$C199, "<="&B80) -> 13 | D80: =COUNTIFS('ALL Tube Results'!$C80:$C199, ">="&A80, 'ALL Tube Results'!$C80:$C199, "<="&B80) -> 7 | E80: =COUNTIFS('ALL Tube Results'!$C80:$C199, ">="&A80, 'ALL Tube Results'!$C80:$C199, "<="&B80, 'ALL Tube Results'!$F80:$F199, "Positive") -> 0 | F80: =COUNTIFS('ALL Tube Results'!$C80:$C199, ">="&A80, 'ALL Tube Results'!$C80:$C199, "<="&B80, 'ALL Tube Results'!$F80:$F199, "Inconclusive") -> 0 | G80: =IFERROR(E80/D80,IFERROR(0/0,"")) -> 0
A81: =A80+7 -> 44725 | B81: =A81+6 -> 44731 | C81: =SUMIFS('ALL Tube Results'!$G$2:$G199, 'ALL Tube Results'!$C$2:$C199, ">="&A81, 'ALL Tube Results'!$C$2:$C199, "<="&B81) -> 7 | D81: =COUNTIFS('ALL Tube Results'!$C81:$C199, ">="&A81, 'ALL Tube Results'!$C81:$C199, "<="&B81) -> 5 | E81: =COUNTIFS('ALL Tube Results'!$C81:$C199, ">="&A81, 'ALL Tube Results'!$C81:$C199, "<="&B81, 'ALL Tube Results'!$F81:$F199, "Positive") -> 0 | F81: =COUNTIFS('ALL Tube Results'!$C81:$C199, ">="&A81, 'ALL Tube Results'!$C81:$C199, "<="&B81, 'ALL Tube Results'!$F81:$F199, "Inconclusive") -> 0 | G81: =IFERROR(E81/D81,IFERROR(0/0,"")) -> 0
A82: =A81+7 -> 44732 | B82: =A82+6 -> 44738 | C82: =SUMIFS('ALL Tube Results'!$G$2:$G199, 'ALL Tube Results'!$C$2:$C199, ">="&A82, 'ALL Tube Results'!$C$2:$C199, "<="&B82) -> 9 | D82: =COUNTIFS('ALL Tube Results'!$C82:$C199, ">="&A82, 'ALL Tube Results'!$C82:$C199, "<="&B82) -> 3 | E82: =COUNTIFS('ALL Tube Results'!$C82:$C199, ">="&A82, 'ALL Tube Results'!$C82:$C199, "<="&B82, 'ALL Tube Results'!$F82:$F199, "Positive") -> 0 | F82: =COUNTIFS('ALL Tube Results'!$C82:$C199, ">="&A82, 'ALL Tube Results'!$C82:$C199, "<="&B82, 'ALL Tube Results'!$F82:$F199, "Inconclusive") -> 0 | G82: =IFERROR(E82/D82,IFERROR(0/0,"")) -> 0
A83: =A82+7 -> 44739 | B83: =A83+6 -> 44745 | C83: =SUMIFS('ALL Tube Results'!$G$2:$G199, 'ALL Tube Results'!$C$2:$C199, ">="&A83, 'ALL Tube Results'!$C$2:$C199, "<="&B83) -> 4 | D83: =COUNTIFS('ALL Tube Results'!$C83:$C199, ">="&A83, 'ALL Tube Results'!$C83:$C199, "<="&B83) -> 3 | E83: =COUNTIFS('ALL Tube Results'!$C83:$C199, ">="&A83, 'ALL Tube Results'!$C83:$C199, "<="&B83, 'ALL Tube Results'!$F83:$F199, "Positive") -> 0 | F83: =COUNTIFS('ALL Tube Results'!$C83:$C199, ">="&A83, 'ALL Tube Results'!$C83:$C199, "<="&B83, 'ALL Tube Results'!$F83:$F199, "Inconclusive") -> 0 | G83: =IFERROR(E83/D83,IFERROR(0/0,"")) -> 0
A84: =A83+7 -> 44746 | B84: =A84+6 -> 44752 | C84: =SUMIFS('ALL Tube Results'!$G$2:$G199, 'ALL Tube Results'!$C$2:$C199, ">="&A84, 'ALL Tube Results'!$C$2:$C199, "<="&B84) -> 0 | D84: =COUNTIFS('ALL Tube Results'!$C84:$C199, ">="&A84, 'ALL Tube Results'!$C84:$C199, "<="&B84) -> 0 | E84: =COUNTIFS('ALL Tube Results'!$C84:$C199, ">="&A84, 'ALL Tube Results'!$C84:$C199, "<="&B84, 'ALL Tube Results'!$F84:$F199, "Positive") -> 0 | F84: =COUNTIFS('ALL Tube Results'!$C84:$C199, ">="&A84, 'ALL Tube Results'!$C84:$C199, "<="&B84, 'ALL Tube Results'!$F84:$F199, "Inconclusive") -> 0 | G84: =IFERROR(E84/D84,IFERROR(0/0,""))
A85: =A84+7 -> 44753 | B85: =A85+6 -> 44759 | C85: =SUMIFS('ALL Tube Results'!$G$2:$G199, 'ALL Tube Results'!$C$2:$C199, ">="&A85, 'ALL Tube Results'!$C$2:$C199, "<="&B85) -> 0 | D85: =COUNTIFS('ALL Tube Results'!$C85:$C199, ">="&A85, 'ALL Tube Results'!$C85:$C199, "<="&B85) -> 0 | E85: =COUNTIFS('ALL Tube Results'!$C85:$C199, ">="&A85, 'ALL Tube Results'!$C85:$C199, "<="&B85, 'ALL Tube Results'!$F85:$F199, "Positive") -> 0 | F85: =COUNTIFS('ALL Tube Results'!$C85:$C199, ">="&A85, 'ALL Tube Results'!$C85:$C199, "<="&B85, 'ALL Tube Results'!$F85:$F199, "Inconclusive") -> 0 | G85: =IFERROR(E85/D85,IFERROR(0/0,""))
A86: =A85+7 -> 44760 | B86: =A86+6 -> 44766 | C86: =SUMIFS('ALL Tube Results'!$G$2:$G199, 'ALL Tube Results'!$C$2:$C199, ">="&A86, 'ALL Tube Results'!$C$2:$C199, "<="&B86) -> 6 | D86: =COUNTIFS('ALL Tube Results'!$C86:$C199, ">="&A86, 'ALL Tube Results'!$C86:$C199, "<="&B86) -> 3 | E86: =COUNTIFS('ALL Tube Results'!$C86:$C199, ">="&A86, 'ALL Tube Results'!$C86:$C199, "<="&B86, 'ALL Tube Results'!$F86:$F199, "Positive") -> 0 | F86: =COUNTIFS('ALL Tube Results'!$C86:$C199, ">="&A86, 'ALL Tube Results'!$C86:$C199, "<="&B86, 'ALL Tube Results'!$F86:$F199, "Inconclusive") -> 0 | G86: =IFERROR(E86/D86,IFERROR(0/0,"")) -> 0
A87: =A86+7 -> 44767 | B87: =A87+6 -> 44773 | C87: =SUMIFS('ALL Tube Results'!$G$2:$G199, 'ALL Tube Results'!$C$2:$C199, ">="&A87, 'ALL Tube Results'!$C$2:$C199, "<="&B87) -> 8 | D87: =COUNTIFS('ALL Tube Results'!$C87:$C199, ">="&A87, 'ALL Tube Results'!$C87:$C199, "<="&B87) -> 4 | E87: =COUNTIFS('ALL Tube Results'!$C87:$C199, ">="&A87, 'ALL Tube Results'!$C87:$C199, "<="&B87, 'ALL Tube Results'!$F87:$F199, "Positive") -> 0 | F87: =COUNTIFS('ALL Tube Results'!$C87:$C199, ">="&A87, 'ALL Tube Results'!$C87:$C199, "<="&B87, 'ALL Tube Results'!$F87:$F199, "Inconclusive") -> 0 | G87: =IFERROR(E87/D87,IFERROR(0/0,"")) -> 0
A88: =A87+7 -> 44774 | B88: =A88+6 -> 44780 | C88: =SUMIFS('ALL Tube Results'!$G$2:$G199, 'ALL Tube Results'!$C$2:$C199, ">="&A88, 'ALL Tube Results'!$C$2:$C199, "<="&B88) -> 6 | D88: =COUNTIFS('ALL Tube Results'!$C88:$C199, ">="&A88, 'ALL Tube Results'!$C88:$C199, "<="&B88) -> 3 | E88: =COUNTIFS('ALL Tube Results'!$C88:$C199, ">="&A88, 'ALL Tube Results'!$C88:$C199, "<="&B88, 'ALL Tube Results'!$F88:$F199, "Positive") -> 0 | F88: =COUNTIFS('ALL Tube Results'!$C88:$C199, ">="&A88, 'ALL Tube Results'!$C88:$C199, "<="&B88, 'ALL Tube Results'!$F88:$F199, "Inconclusive") -> 0 | G88: =IFERROR(E88/D88,IFERROR(0/0,"")) -> 0
A89: =A88+7 -> 44781 | B89: =A89+6 -> 44787 | C89: =SUMIFS('ALL Tube Results'!$G$2:$G199, 'ALL Tube Results'!$C$2:$C199, ">="&A89, 'ALL Tube Results'!$C$2:$C199, "<="&B89) -> 0 | D89: =COUNTIFS('ALL Tube Results'!$C89:$C199, ">="&A89, 'ALL Tube Results'!$C89:$C199, "<="&B89) -> 0 | E89: =COUNTIFS('ALL Tube Results'!$C89:$C199, ">="&A89, 'ALL Tube Results'!$C89:$C199, "<="&B89, 'ALL Tube Results'!$F89:$F199, "Positive") -> 0 | F89: =COUNTIFS('ALL Tube Results'!$C89:$C199, ">="&A89, 'ALL Tube Results'!$C89:$C199, "<="&B89, 'ALL Tube Results'!$F89:$F199, "Inconclusive") -> 0 | G89: =IFERROR(E89/D89,IFERROR(0/0,""))
A90: =A89+7 -> 44788 | B90: =A90+6 -> 44794 | C90: =SUMIFS('ALL Tube Results'!$G$2:$G199, 'ALL Tube Results'!$C$2:$C199, ">="&A90, 'ALL Tube Results'!$C$2:$C199, "<="&B90) -> 0 | D90: =COUNTIFS('ALL Tube Results'!$C90:$C199, ">="&A90, 'ALL Tube Results'!$C90:$C199, "<="&B90) -> 0 | E90: =COUNTIFS('ALL Tube Results'!$C90:$C199, ">="&A90, 'ALL Tube Results'!$C90:$C199, "<="&B90, 'ALL Tube Results'!$F90:$F199, "Positive") -> 0 | F90: =COUNTIFS('ALL Tube Results'!$C90:$C199, ">="&A90, 'ALL Tube Results'!$C90:$C199, "<="&B90, 'ALL Tube Results'!$F90:$F199, "Inconclusive") -> 0 | G90: =IFERROR(E90/D90,IFERROR(0/0,""))
A91: =A90+7 -> 44795 | B91: =A91+6 -> 44801 | C91: =SUMIFS('ALL Tube Results'!$G$2:$G199, 'ALL Tube Results'!$C$2:$C199, ">="&A91, 'ALL Tube Results'!$C$2:$C199, "<="&B91) -> 4 | D91: =COUNTIFS('ALL Tube Results'!$C91:$C199, ">="&A91, 'ALL Tube Results'!$C91:$C199, "<="&B91) -> 1 | E91: =COUNTIFS('ALL Tube Results'!$C91:$C199, ">="&A91, 'ALL Tube Results'!$C91:$C199, "<="&B91, 'ALL Tube Results'!$F91:$F199, "Positive") -> 0 | F91: =COUNTIFS('ALL Tube Results'!$C91:$C199, ">="&A91, 'ALL Tube Results'!$C91:$C199, "<="&B91, 'ALL Tube Results'!$F91:$F199, "Inconclusive") -> 0 | G91: =IFERROR(E91/D91,IFERROR(0/0,"")) -> 0
A92: =A91+7 -> 44802 | B92: =A92+6 -> 44808 | C92: =SUMIFS('ALL Tube Results'!$G$2:$G199, 'ALL Tube Results'!$C$2:$C199, ">="&A92, 'ALL Tube Results'!$C$2:$C199, "<="&B92) -> 0 | D92: =COUNTIFS('ALL Tube Results'!$C92:$C199, ">="&A92, 'ALL Tube Results'!$C92:$C199, "<="&B92) -> 0 | E92: =COUNTIFS('ALL Tube Results'!$C92:$C199, ">="&A92, 'ALL Tube Results'!$C92:$C199, "<="&B92, 'ALL Tube Results'!$F92:$F199, "Positive") -> 0 | F92: =COUNTIFS('ALL Tube Results'!$C92:$C199, ">="&A92, 'ALL Tube Results'!$C92:$C199, "<="&B92, 'ALL Tube Results'!$F92:$F199, "Inconclusive") -> 0 | G92: =IFERROR(E92/D92,IFERROR(0/0,""))
A93: =A92+7 -> 44809 | B93: =A93+6 -> 44815 | C93: =SUMIFS('ALL Tube Results'!$G$2:$G199, 'ALL Tube Results'!$C$2:$C199, ">="&A93, 'ALL Tube Results'!$C$2:$C199, "<="&B93) -> 8 | D93: =COUNTIFS('ALL Tube Results'!$C93:$C199, ">="&A93, 'ALL Tube Results'!$C93:$C199, "<="&B93) -> 3 | E93: =COUNTIFS('ALL Tube Results'!$C93:$C199, ">="&A93, 'ALL Tube Results'!$C93:$C199, "<="&B93, 'ALL Tube Results'!$F93:$F199, "Positive") -> 0 | F93: =COUNTIFS('ALL Tube Results'!$C93:$C199, ">="&A93, 'ALL Tube Results'!$C93:$C199, "<="&B93, 'ALL Tube Results'!$F93:$F199, "Inconclusive") -> 0 | G93: =IFERROR(E93/D93,IFERROR(0/0,"")) -> 0
A94: =A93+7 -> 44816 | B94: =A94+6 -> 44822 | C94: =SUMIFS('ALL Tube Results'!$G$2:$G199, 'ALL Tube Results'!$C$2:$C199, ">="&A94, 'ALL Tube Results'!$C$2:$C199, "<="&B94) -> 11 | D94: =COUNTIFS('ALL Tube Results'!$C94:$C199, ">="&A94, 'ALL Tube Results'!$C94:$C199, "<="&B94) -> 4 | E94: =COUNTIFS('ALL Tube Results'!$C94:$C199, ">="&A94, 'ALL Tube Results'!$C94:$C199, "<="&B94, 'ALL Tube Results'!$F94:$F199, "Positive") -> 0 | F94: =COUNTIFS('ALL Tube Results'!$C94:$C199, ">="&A94, 'ALL Tube Results'!$C94:$C199, "<="&B94, 'ALL Tube Results'!$F94:$F199, "Inconclusive") -> 0 | G94: =IFERROR(E94/D94,IFERROR(0/0,"")) -> 0
A95: =A94+7 -> 44823 | B95: =A95+6 -> 44829 | C95: =SUMIFS('ALL Tube Results'!$G$2:$G199, 'ALL Tube Results'!$C$2:$C199, ">="&A95, 'ALL Tube Results'!$C$2:$C199, "<="&B95) -> 10 | D95: =COUNTIFS('ALL Tube Results'!$C95:$C199, ">="&A95, 'ALL Tube Results'!$C95:$C199, "<="&B95) -> 4 | E95: =COUNTIFS('ALL Tube Results'!$C95:$C199, ">="&A95, 'ALL Tube Results'!$C95:$C199, "<="&B95, 'ALL Tube Results'!$F95:$F199, "Positive") -> 0 | F95: =COUNTIFS('ALL Tube Results'!$C95:$C199, ">="&A95, 'ALL Tube Results'!$C95:$C199, "<="&B95, 'ALL Tube Results'!$F95:$F199, "Inconclusive") -> 0 | G95: =IFERROR(E95/D95,IFERROR(0/0,"")) -> 0
A96: =A95+7 -> 44830 | B96: =A96+6 -> 44836 | C96: =SUMIFS('ALL Tube Results'!$G$2:$G199, 'ALL Tube Results'!$C$2:$C199, ">="&A96, 'ALL Tube Results'!$C$2:$C199, "<="&B96) -> 12 | D96: =COUNTIFS('ALL Tube Results'!$C96:$C199, ">="&A96, 'ALL Tube Results'!$C96:$C199, "<="&B96) -> 4 | E96: =COUNTIFS('ALL Tube Results'!$C96:$C199, ">="&A96, 'ALL Tube Results'!$C96:$C199, "<="&B96, 'ALL Tube Results'!$F96:$F199, "Positive") -> 0 | F96: =COUNTIFS('ALL Tube Results'!$C96:$C199, ">="&A96, 'ALL Tube Results'!$C96:$C199, "<="&B96, 'ALL Tube Results'!$F96:$F199, "Inconclusive") -> 0 | G96: =IFERROR(E96/D96,IFERROR(0/0,"")) -> 0
A97: =A96+7 -> 44837 | B97: =A97+6 -> 44843 | C97: =SUMIFS('ALL Tube Results'!$G$2:$G199, 'ALL Tube Results'!$C$2:$C199, ">="&A97, 'ALL Tube Results'!$C$2:$C199, "<="&B97) -> 13 | D97: =COUNTIFS('ALL Tube Results'!$C97:$C199, ">="&A97, 'ALL Tube Results'!$C97:$C199, "<="&B97) -> 5 | E97: =COUNTIFS('ALL Tube Results'!$C97:$C199, ">="&A97, 'ALL Tube Results'!$C97:$C199, "<="&B97, 'ALL Tube Results'!$F97:$F199, "Positive") -> 0 | F97: =COUNTIFS('ALL Tube Results'!$C97:$C199, ">="&A97, 'ALL Tube Results'!$C97:$C199, "<="&B97, 'ALL Tube Results'!$F97:$F199, "Inconclusive") -> 0 | G97: =IFERROR(E97/D97,IFERROR(0/0,"")) -> 0
A98: =A97+7 -> 44844 | B98: =A98+6 -> 44850 | C98: =SUMIFS('ALL Tube Results'!$G$2:$G199, 'ALL Tube Results'!$C$2:$C199, ">="&A98, 'ALL Tube Results'!$C$2:$C199, "<="&B98) -> 14 | D98: =COUNTIFS('ALL Tube Results'!$C98:$C199, ">="&A98, 'ALL Tube Results'!$C98:$C199, "<="&B98) -> 5 | E98: =COUNTIFS('ALL Tube Results'!$C98:$C199, ">="&A98, 'ALL Tube Results'!$C98:$C199, "<="&B98, 'ALL Tube Results'!$F98:$F199, "Positive") -> 0 | F98: =COUNTIFS('ALL Tube Results'!$C98:$C199, ">="&A98, 'ALL Tube Results'!$C98:$C199, "<="&B98, 'ALL Tube Results'!$F98:$F199, "Inconclusive") -> 0 | G98: =IFERROR(E98/D98,IFERROR(0/0,"")) -> 0
A99: =A98+7 -> 44851 | B99: =A99+6 -> 44857 | C99: =SUMIFS('ALL Tube Results'!$G$2:$G199, 'ALL Tube Results'!$C$2:$C199, ">="&A99, 'ALL Tube Results'!$C$2:$C199, "<="&B99) -> 12 | D99: =COUNTIFS('ALL Tube Results'!$C99:$C199, ">="&A99, 'ALL Tube Results'!$C99:$C199, "<="&B99) -> 4 | E99: =COUNTIFS('ALL Tube Results'!$C99:$C199, ">="&A99, 'ALL Tube Results'!$C99:$C199, "<="&B99, 'ALL Tube Results'!$F99:$F199, "Positive") -> 0 | F99: =COUNTIFS('ALL Tube Results'!$C99:$C199, ">="&A99, 'ALL Tube Results'!$C99:$C199, "<="&B99, 'ALL Tube Results'!$F99:$F199, "Inconclusive") -> 0 | G99: =IFERROR(E99/D99,IFERROR(0/0,"")) -> 0
A100: =A99+7 -> 44858 | B100: =A100+6 -> 44864 | C100: =SUMIFS('ALL Tube Results'!$G$2:$G199, 'ALL Tube Results'!$C$2:$C199, ">="&A100, 'ALL Tube Results'!$C$2:$C199, "<="&B100) -> 12 | D100: =COUNTIFS('ALL Tube Results'!$C100:$C199, ">="&A100, 'ALL Tube Results'!$C100:$C199, "<="&B100) -> 8 | E100: =COUNTIFS('ALL Tube Results'!$C100:$C199, ">="&A100, 'ALL Tube Results'!$C100:$C199, "<="&B100, 'ALL Tube Results'!$F100:$F199, "Positive") -> 0 | F100: =COUNTIFS('ALL Tube Results'!$C100:$C199, ">="&A100, 'ALL Tube Results'!$C100:$C199, "<="&B100, 'ALL Tube Results'!$F100:$F199, "Inconclusive") -> 0 | G100: =IFERROR(E100/D100,IFERROR(0/0,"")) -> 0
...

Sheet Weekly CRLN
A1: Week Start Date | B1: Week End Date | C1: =CONCATENATE("Weekly Participants ",SUM(C2:C114)) -> Weekly Participants 2338 | D1: =CONCATENATE("Weekly Tubes Run ",SUM(D2:D114)) -> Weekly Tubes Run 1016 | E1: =CONCATENATE("Weekly Positive Tubes ",SUM(E2:E114)) -> Weekly Positive Tubes 32 | F1: =CONCATENATE("Weekly Inconclusive Tubes ",SUM(F2:F114)) -> Weekly Inconclusive Tubes 4 | G1: % Positive
A2: 44550 | B2: 44556 | C2: =SUMIFS('ALL Tube Results'!$G$2:$G114, 'ALL Tube Results'!$C$2:$C114, ">="&A2, 'ALL Tube Results'!$C$2:$C114, "<="&B2, 'ALL Tube Results'!$H$2:$H114, "CRLN") -> 4 | D2: =COUNTIFS('ALL Tube Results'!$C$2:$C114, ">="&A2, 'ALL Tube Results'!$C$2:$C114, "<="&B2, 'ALL Tube Results'!$H$2:$H114, "CRLN") -> 1 | E2: =COUNTIFS('ALL Tube Results'!$C$2:$C114, ">="&A2, 'ALL Tube Results'!$C$2:$C114, "<="&B2, 'ALL Tube Results'!$F$2:$F114, "Positive", 'ALL Tube Results'!$H$2:$H114, "CRLN") -> 0 | F2: =COUNTIFS('ALL Tube Results'!$C$2:$C114, ">="&A2, 'ALL Tube Results'!$C$2:$C114, "<="&B2, 'ALL Tube Results'!$F$2:$F114, "Inconclusive", 'ALL Tube Results'!$H$2:$H114, "CRLN") -> 0 | G2: =IFERROR(E2/D2,IFERROR(0/0,"")) -> 0
A3: 44557 | B3: 44563 | C3: =SUMIFS('ALL Tube Results'!$G$2:$G114, 'ALL Tube Results'!$C$2:$C114, ">="&A3, 'ALL Tube Results'!$C$2:$C114, "<="&B3, 'ALL Tube Results'!$H$2:$H114, "CRLN") -> 34 | D3: =COUNTIFS('ALL Tube Results'!$C$2:$C114, ">="&A3, 'ALL Tube Results'!$C$2:$C114, "<="&B3, 'ALL Tube Results'!$H$2:$H114, "CRLN") -> 12 | E3: =COUNTIFS('ALL Tube Results'!$C$2:$C114, ">="&A3, 'ALL Tube Results'!$C$2:$C114, "<="&B3, 'ALL Tube Results'!$F$2:$F114, "Positive", 'ALL Tube Results'!$H$2:$H114, "CRLN") -> 2 | F3: =COUNTIFS('ALL Tube Results'!$C$2:$C114, ">="&A3, 'ALL Tube Results'!$C$2:$C114, "<="&B3, 'ALL Tube Results'!$F$2:$F114, "Inconclusive", 'ALL Tube Results'!$H$2:$H114, "CRLN") -> 0 | G3: =IFERROR(E3/D3,IFERROR(0/0,"")) -> 0.16666667
A4: 44564 | B4: 44570 | C4: =SUMIFS('ALL Tube Results'!$G$2:$G114, 'ALL Tube Results'!$C$2:$C114, ">="&A4, 'ALL Tube Results'!$C$2:$C114, "<="&B4, 'ALL Tube Results'!$H$2:$H114, "CRLN") -> 85 | D4: =COUNTIFS('ALL Tube Results'!$C$2:$C114, ">="&A4, 'ALL Tube Results'!$C$2:$C114, "<="&B4, 'ALL Tube Results'!$H$2:$H114, "CRLN") -> 37 | E4: =COUNTIFS('ALL Tube Results'!$C$2:$C114, ">="&A4, 'ALL Tube Results'!$C$2:$C114, "<="&B4, 'ALL Tube Results'!$F$2:$F114, "Positive", 'ALL Tube Results'!$H$2:$H114, "CRLN") -> 6 | F4: =COUNTIFS('ALL Tube Results'!$C$2:$C114, ">="&A4, 'ALL Tube Results'!$C$2:$C114, "<="&B4, 'ALL Tube Results'!$F$2:$F114, "Inconclusive", 'ALL Tube Results'!$H$2:$H114, "CRLN") -> 0 | G4: =IFERROR(E4/D4,IFERROR(0/0,"")) -> 0.16216216
A5: 44571 | B5: 44577 | C5: =SUMIFS('ALL Tube Results'!$G$2:$G114, 'ALL Tube Results'!$C$2:$C114, ">="&A5, 'ALL Tube Results'!$C$2:$C114, "<="&B5, 'ALL Tube Results'!$H$2:$H114, "CRLN") -> 173 | D5: =COUNTIFS('ALL Tube Results'!$C$2:$C114, ">="&A5, 'ALL Tube Results'!$C$2:$C114, "<="&B5, 'ALL Tube Results'!$H$2:$H114, "CRLN") -> 83 | E5: =COUNTIFS('ALL Tube Results'!$C$2:$C114, ">="&A5, 'ALL Tube Results'!$C$2:$C114, "<="&B5, 'ALL Tube Results'!$F$2:$F114, "Positive", 'ALL Tube Results'!$H$2:$H114, "CRLN") -> 11 | F5: =COUNTIFS('ALL Tube Results'!$C$2:$C114, ">="&A5, 'ALL Tube Results'!$C$2:$C114, "<="&B5, 'ALL Tube Results'!$F$2:$F114, "Inconclusive", 'ALL Tube Results'!$H$2:$H114, "CRLN") -> 1 | G5: =IFERROR(E5/D5,IFERROR(0/0,"")) -> 0.13253012
A6: 44578 | B6: 44584 | C6: =SUMIFS('ALL Tube Results'!$G$2:$G114, 'ALL Tube Results'!$C$2:$C114, ">="&A6, 'ALL Tube Results'!$C$2:$C114, "<="&B6, 'ALL Tube Results'!$H$2:$H114, "CRLN") -> 162 | D6: =COUNTIFS('ALL Tube Results'!$C$2:$C114, ">="&A6, 'ALL Tube Results'!$C$2:$C114, "<="&B6, 'ALL Tube Results'!$H$2:$H114, "CRLN") -> 71 | E6: =COUNTIFS('ALL Tube Results'!$C$2:$C114, ">="&A6, 'ALL Tube Results'!$C$2:$C114, "<="&B6, 'ALL Tube Results'!$F$2:$F114, "Positive", 'ALL Tube Results'!$H$2:$H114, "CRLN") -> 5 | F6: =COUNTIFS('ALL Tube Results'!$C$2:$C114, ">="&A6, 'ALL Tube Results'!$C$2:$C114, "<="&B6, 'ALL Tube Results'!$F$2:$F114, "Inconclusive", 'ALL Tube Results'!$H$2:$H114, "CRLN") -> 0 | G6: =IFERROR(E6/D6,IFERROR(0/0,"")) -> 0.070422535
A7: 44585 | B7: 44591 | C7: =SUMIFS('ALL Tube Results'!$G$2:$G114, 'ALL Tube Results'!$C$2:$C114, ">="&A7, 'ALL Tube Results'!$C$2:$C114, "<="&B7, 'ALL Tube Results'!$H$2:$H114, "CRLN") -> 150 | D7: =COUNTIFS('ALL Tube Results'!$C$2:$C114, ">="&A7, 'ALL Tube Results'!$C$2:$C114, "<="&B7, 'ALL Tube Results'!$H$2:$H114, "CRLN") -> 62 | E7: =COUNTIFS('ALL Tube Results'!$C$2:$C114, ">="&A7, 'ALL Tube Results'!$C$2:$C114, "<="&B7, 'ALL Tube Results'!$F$2:$F114, "Positive", 'ALL Tube Results'!$H$2:$H114, "CRLN") -> 0 | F7: =COUNTIFS('ALL Tube Results'!$C$2:$C114, ">="&A7, 'ALL Tube Results'!$C$2:$C114, "<="&B7, 'ALL Tube Results'!$F$2:$F114, "Inconclusive", 'ALL Tube Results'!$H$2:$H114, "CRLN") -> 0 | G7: =IFERROR(E7/D7,IFERROR(0/0,"")) -> 0
A8: 44592 | B8: 44598 | C8: =SUMIFS('ALL Tube Results'!$G$2:$G114, 'ALL Tube Results'!$C$2:$C114, ">="&A8, 'ALL Tube Results'!$C$2:$C114, "<="&B8, 'ALL Tube Results'!$H$2:$H114, "CRLN") -> 143 | D8: =COUNTIFS('ALL Tube Results'!$C$2:$C114, ">="&A8, 'ALL Tube Results'!$C$2:$C114, "<="&B8, 'ALL Tube Results'!$H$2:$H114, "CRLN") -> 58 | E8: =COUNTIFS('ALL Tube Results'!$C$2:$C114, ">="&A8, 'ALL Tube Results'!$C$2:$C114, "<="&B8, 'ALL Tube Results'!$F$2:$F114, "Positive", 'ALL Tube Results'!$H$2:$H114, "CRLN") -> 0 | F8: =COUNTIFS('ALL Tube Results'!$C$2:$C114, ">="&A8, 'ALL Tube Results'!$C$2:$C114, "<="&B8, 'ALL Tube Results'!$F$2:$F114, "Inconclusive", 'ALL Tube Results'!$H$2:$H114, "CRLN") -> 0 | G8: =IFERROR(E8/D8,IFERROR(0/0,"")) -> 0
A9: 44599 | B9: 44605 | C9: =SUMIFS('ALL Tube Results'!$G$2:$G114, 'ALL Tube Results'!$C$2:$C114, ">="&A9, 'ALL Tube Results'!$C$2:$C114, "<="&B9, 'ALL Tube Results'!$H$2:$H114, "CRLN") -> 148 | D9: =COUNTIFS('ALL Tube Results'!$C$2:$C114, ">="&A9, 'ALL Tube Results'!$C$2:$C114, "<="&B9, 'ALL Tube Results'!$H$2:$H114, "CRLN") -> 60 | E9: =COUNTIFS('ALL Tube Results'!$C$2:$C114, ">="&A9, 'ALL Tube Results'!$C$2:$C114, "<="&B9, 'ALL Tube Results'!$F$2:$F114, "Positive", 'ALL Tube Results'!$H$2:$H114, "CRLN") -> 0 | F9: =COUNTIFS('ALL Tube Results'!$C$2:$C114, ">="&A9, 'ALL Tube Results'!$C$2:$C114, "<="&B9, 'ALL Tube Results'!$F$2:$F114, "Inconclusive", 'ALL Tube Results'!$H$2:$H114, "CRLN") -> 0 | G9: =IFERROR(E9/D9,IFERROR(0/0,"")) -> 0
A10: 44606 | B10: 44612 | C10: =SUMIFS('ALL Tube Results'!$G$2:$G114, 'ALL Tube Results'!$C$2:$C114, ">="&A10, 'ALL Tube Results'!$C$2:$C114, "<="&B10, 'ALL Tube Results'!$H$2:$H114, "CRLN") -> 128 | D10: =COUNTIFS('ALL Tube Results'!$C$2:$C114, ">="&A10, 'ALL Tube Results'!$C$2:$C114, "<="&B10, 'ALL Tube Results'!$H$2:$H114, "CRLN") -> 54 | E10: =COUNTIFS('ALL Tube Results'!$C$2:$C114, ">="&A10, 'ALL Tube Results'!$C$2:$C114, "<="&B10, 'ALL Tube Results'!$F$2:$F114, "Positive", 'ALL Tube Results'!$H$2:$H114, "CRLN") -> 0 | F10: =COUNTIFS('ALL Tube Results'!$C$2:$C114, ">="&A10, 'ALL Tube Results'!$C$2:$C114, "<="&B10, 'ALL Tube Results'!$F$2:$F114, "Inconclusive", 'ALL Tube Results'!$H$2:$H114, "CRLN") -> 1 | G10: =IFERROR(E10/D10,IFERROR(0/0,"")) -> 0
A11: 44613 | B11: 44619 | C11: =SUMIFS('ALL Tube Results'!$G$2:$G114, 'ALL Tube Results'!$C$2:$C114, ">="&A11, 'ALL Tube Results'!$C$2:$C114, "<="&B11, 'ALL Tube Results'!$H$2:$H114, "CRLN") -> 55 | D11: =COUNTIFS('ALL Tube Results'!$C$2:$C114, ">="&A11, 'ALL Tube Results'!$C$2:$C114, "<="&B11, 'ALL Tube Results'!$H$2:$H114, "CRLN") -> 21 | E11: =COUNTIFS('ALL Tube Results'!$C$2:$C114, ">="&A11, 'ALL Tube Results'!$C$2:$C114, "<="&B11, 'ALL Tube Results'!$F$2:$F114, "Positive", 'ALL Tube Results'!$H$2:$H114, "CRLN") -> 0 | F11: =COUNTIFS('ALL Tube Results'!$C$2:$C114, ">="&A11, 'ALL Tube Results'!$C$2:$C114, "<="&B11, 'ALL Tube Results'!$F$2:$F114, "Inconclusive", 'ALL Tube Results'!$H$2:$H114, "CRLN") -> 0 | G11: =IFERROR(E11/D11,IFERROR(0/0,"")) -> 0
A12: 44620 | B12: 44626 | C12: =SUMIFS('ALL Tube Results'!$G$2:$G114, 'ALL Tube Results'!$C$2:$C114, ">="&A12, 'ALL Tube Results'!$C$2:$C114, "<="&B12, 'ALL Tube Results'!$H$2:$H114, "CRLN") -> 51 | D12: =COUNTIFS('ALL Tube Results'!$C$2:$C114, ">="&A12, 'ALL Tube Results'!$C$2:$C114, "<="&B12, 'ALL Tube Results'!$H$2:$H114, "CRLN") -> 25 | E12: =COUNTIFS('ALL Tube Results'!$C$2:$C114, ">="&A12, 'ALL Tube Results'!$C$2:$C114, "<="&B12, 'ALL Tube Results'!$F$2:$F114, "Positive", 'ALL Tube Results'!$H$2:$H114, "CRLN") -> 0 | F12: =COUNTIFS('ALL Tube Results'!$C$2:$C114, ">="&A12, 'ALL Tube Results'!$C$2:$C114, "<="&B12, 'ALL Tube Results'!$F$2:$F114, "Inconclusive", 'ALL Tube Results'!$H$2:$H114, "CRLN") -> 0 | G12: =IFERROR(E12/D12,IFERROR(0/0,"")) -> 0
A13: 44627 | B13: 44633 | C13: =SUMIFS('ALL Tube Results'!$G$2:$G114, 'ALL Tube Results'!$C$2:$C114, ">="&A13, 'ALL Tube Results'!$C$2:$C114, "<="&B13, 'ALL Tube Results'!$H$2:$H114, "CRLN") -> 113 | D13: =COUNTIFS('ALL Tube Results'!$C$2:$C114, ">="&A13, 'ALL Tube Results'!$C$2:$C114, "<="&B13, 'ALL Tube Results'!$H$2:$H114, "CRLN") -> 52 | E13: =COUNTIFS('ALL Tube Results'!$C$2:$C114, ">="&A13, 'ALL Tube Results'!$C$2:$C114, "<="&B13, 'ALL Tube Results'!$F$2:$F114, "Positive", 'ALL Tube Results'!$H$2:$H114, "CRLN") -> 0 | F13: =COUNTIFS('ALL Tube Results'!$C$2:$C114, ">="&A13, 'ALL Tube Results'!$C$2:$C114, "<="&B13, 'ALL Tube Results'!$F$2:$F114, "Inconclusive", 'ALL Tube Results'!$H$2:$H114, "CRLN") -> 0 | G13: =IFERROR(E13/D13,IFERROR(0/0,"")) -> 0
A14: 44634 | B14: 44640 | C14: =SUMIFS('ALL Tube Results'!$G$2:$G114, 'ALL Tube Results'!$C$2:$C114, ">="&A14, 'ALL Tube Results'!$C$2:$C114, "<="&B14, 'ALL Tube Results'!$H$2:$H114, "CRLN") -> 91 | D14: =COUNTIFS('ALL Tube Results'!$C$2:$C114, ">="&A14, 'ALL Tube Results'!$C$2:$C114, "<="&B14, 'ALL Tube Results'!$H$2:$H114, "CRLN") -> 42 | E14: =COUNTIFS('ALL Tube Results'!$C$2:$C114, ">="&A14, 'ALL Tube Results'!$C$2:$C114, "<="&B14, 'ALL Tube Results'!$F$2:$F114, "Positive", 'ALL Tube Results'!$H$2:$H114, "CRLN") -> 0 | F14: =COUNTIFS('ALL Tube Results'!$C$2:$C114, ">="&A14, 'ALL Tube Results'!$C$2:$C114, "<="&B14, 'ALL Tube Results'!$F$2:$F114, "Inconclusive", 'ALL Tube Results'!$H$2:$H114, "CRLN") -> 0 | G14: =IFERROR(E14/D14,IFERROR(0/0,"")) -> 0
A15: 44641 | B15: 44647 | C15: =SUMIFS('ALL Tube Results'!$G$2:$G114, 'ALL Tube Results'!$C$2:$C114, ">="&A15, 'ALL Tube Results'!$C$2:$C114, "<="&B15, 'ALL Tube Results'!$H$2:$H114, "CRLN") -> 110 | D15: =COUNTIFS('ALL Tube Results'!$C$2:$C114, ">="&A15, 'ALL Tube Results'!$C$2:$C114, "<="&B15, 'ALL Tube Results'!$H$2:$H114, "CRLN") -> 44 | E15: =COUNTIFS('ALL Tube Results'!$C$2:$C114, ">="&A15, 'ALL Tube Results'!$C$2:$C114, "<="&B15, 'ALL Tube Results'!$F$2:$F114, "Positive", 'ALL Tube Results'!$H$2:$H114, "CRLN") -> 0 | F15: =COUNTIFS('ALL Tube Results'!$C$2:$C114, ">="&A15, 'ALL Tube Results'!$C$2:$C114, "<="&B15, 'ALL Tube Results'!$F$2:$F114, "Inconclusive", 'ALL Tube Results'!$H$2:$H114, "CRLN") -> 0 | G15: =IFERROR(E15/D15,IFERROR(0/0,"")) -> 0
A16: 44648 | B16: 44654 | C16: =SUMIFS('ALL Tube Results'!$G$2:$G114, 'ALL Tube Results'!$C$2:$C114, ">="&A16, 'ALL Tube Results'!$C$2:$C114, "<="&B16, 'ALL Tube Results'!$H$2:$H114, "CRLN") -> 22 | D16: =COUNTIFS('ALL Tube Results'!$C$2:$C114, ">="&A16, 'ALL Tube Results'!$C$2:$C114, "<="&B16, 'ALL Tube Results'!$H$2:$H114, "CRLN") -> 9 | E16: =COUNTIFS('ALL Tube Results'!$C$2:$C114, ">="&A16, 'ALL Tube Results'!$C$2:$C114, "<="&B16, 'ALL Tube Results'!$F$2:$F114, "Positive", 'ALL Tube Results'!$H$2:$H114, "CRLN") -> 0 | F16: =COUNTIFS('ALL Tube Results'!$C$2:$C114, ">="&A16, 'ALL Tube Results'!$C$2:$C114, "<="&B16, 'ALL Tube Results'!$F$2:$F114, "Inconclusive", 'ALL Tube Results'!$H$2:$H114, "CRLN") -> 0 | G16: =IFERROR(E16/D16,IFERROR(0/0,"")) -> 0
A17: 44655 | B17: 44661 | C17: =SUMIFS('ALL Tube Results'!$G$2:$G114, 'ALL Tube Results'!$C$2:$C114, ">="&A17, 'ALL Tube Results'!$C$2:$C114, "<="&B17, 'ALL Tube Results'!$H$2:$H114, "CRLN") -> 110 | D17: =COUNTIFS('ALL Tube Results'!$C$2:$C114, ">="&A17, 'ALL Tube Results'!$C$2:$C114, "<="&B17, 'ALL Tube Results'!$H$2:$H114, "CRLN") -> 43 | E17: =COUNTIFS('ALL Tube Results'!$C$2:$C114, ">="&A17, 'ALL Tube Results'!$C$2:$C114, "<="&B17, 'ALL Tube Results'!$F$2:$F114, "Positive", 'ALL Tube Results'!$H$2:$H114, "CRLN") -> 0 | F17: =COUNTIFS('ALL Tube Results'!$C$2:$C114, ">="&A17, 'ALL Tube Results'!$C$2:$C114, "<="&B17, 'ALL Tube Results'!$F$2:$F114, "Inconclusive", 'ALL Tube Results'!$H$2:$H114, "CRLN") -> 0 | G17: =IFERROR(E17/D17,IFERROR(0/0,"")) -> 0
A18: 44662 | B18: 44668 | C18: =SUMIFS('ALL Tube Results'!$G$2:$G114, 'ALL Tube Results'!$C$2:$C114, ">="&A18, 'ALL Tube Results'!$C$2:$C114, "<="&B18, 'ALL Tube Results'!$H$2:$H114, "CRLN") -> 100 | D18: =COUNTIFS('ALL Tube Results'!$C$2:$C114, ">="&A18, 'ALL Tube Results'!$C$2:$C114, "<="&B18, 'ALL Tube Results'!$H$2:$H114, "CRLN") -> 40 | E18: =COUNTIFS('ALL Tube Results'!$C$2:$C114, ">="&A18, 'ALL Tube Results'!$C$2:$C114, "<="&B18, 'ALL Tube Results'!$F$2:$F114, "Positive", 'ALL Tube Results'!$H$2:$H114, "CRLN") -> 0 | F18: =COUNTIFS('ALL Tube Results'!$C$2:$C114, ">="&A18, 'ALL Tube Results'!$C$2:$C114, "<="&B18, 'ALL Tube Results'!$F$2:$F114, "Inconclusive", 'ALL Tube Results'!$H$2:$H114, "CRLN") -> 0 | G18: =IFERROR(E18/D18,IFERROR(0/0,"")) -> 0
A19: 44669 | B19: 44675 | C19: =SUMIFS('ALL Tube Results'!$G$2:$G114, 'ALL Tube Results'!$C$2:$C114, ">="&A19, 'ALL Tube Results'!$C$2:$C114, "<="&B19, 'ALL Tube Results'!$H$2:$H114, "CRLN") -> 110 | D19: =COUNTIFS('ALL Tube Results'!$C$2:$C114, ">="&A19, 'ALL Tube Results'!$C$2:$C114, "<="&B19, 'ALL Tube Results'!$H$2:$H114, "CRLN") -> 47 | E19: =COUNTIFS('ALL Tube Results'!$C$2:$C114, ">="&A19, 'ALL Tube Results'!$C$2:$C114, "<="&B19, 'ALL Tube Results'!$F$2:$F114, "Positive", 'ALL Tube Results'!$H$2:$H114, "CRLN") -> 0 | F19: =COUNTIFS('ALL Tube Results'!$C$2:$C114, ">="&A19, 'ALL Tube Results'!$C$2:$C114, "<="&B19, 'ALL Tube Results'!$F$2:$F114, "Inconclusive", 'ALL Tube Results'!$H$2:$H114, "CRLN") -> 0 | G19: =IFERROR(E19/D19,IFERROR(0/0,"")) -> 0
A20: 44676 | B20: 44682 | C20: =SUMIFS('ALL Tube Results'!$G$2:$G114, 'ALL Tube Results'!$C$2:$C114, ">="&A20, 'ALL Tube Results'!$C$2:$C114, "<="&B20, 'ALL Tube Results'!$H$2:$H114, "CRLN") -> 107 | D20: =COUNTIFS('ALL Tube Results'!$C$2:$C114, ">="&A20, 'ALL Tube Results'!$C$2:$C114, "<="&B20, 'ALL Tube Results'!$H$2:$H114, "CRLN") -> 42 | E20: =COUNTIFS('ALL Tube Results'!$C$2:$C114, ">="&A20, 'ALL Tube Results'!$C$2:$C114, "<="&B20, 'ALL Tube Results'!$F$2:$F114, "Positive", 'ALL Tube Results'!$H$2:$H114, "CRLN") -> 0 | F20: =COUNTIFS('ALL Tube Results'!$C$2:$C114, ">="&A20, 'ALL Tube Results'!$C$2:$C114, "<="&B20, 'ALL Tube Results'!$F$2:$F114, "Inconclusive", 'ALL Tube Results'!$H$2:$H114, "CRLN") -> 0 | G20: =IFERROR(E20/D20,IFERROR(0/0,"")) -> 0
A21: 44683 | B21: 44689 | C21: =SUMIFS('ALL Tube Results'!$G$2:$G114, 'ALL Tube Results'!$C$2:$C114, ">="&A21, 'ALL Tube Results'!$C$2:$C114, "<="&B21, 'ALL Tube Results'!$H$2:$H114, "CRLN") -> 108 | D21: =COUNTIFS('ALL Tube Results'!$C$2:$C114, ">="&A21, 'ALL Tube Results'!$C$2:$C114, "<="&B21, 'ALL Tube Results'!$H$2:$H114, "CRLN") -> 47 | E21: =COUNTIFS('ALL Tube Results'!$C$2:$C114, ">="&A21, 'ALL Tube Results'!$C$2:$C114, "<="&B21, 'ALL Tube Results'!$F$2:$F114, "Positive", 'ALL Tube Results'!$H$2:$H114, "CRLN") -> 2 | F21: =COUNTIFS('ALL Tube Results'!$C$2:$C114, ">="&A21, 'ALL Tube Results'!$C$2:$C114, "<="&B21, 'ALL Tube Results'!$F$2:$F114, "Inconclusive", 'ALL Tube Results'!$H$2:$H114, "CRLN") -> 0 | G21: =IFERROR(E21/D21,IFERROR(0/0,"")) -> 0.042553191
A22: 44690 | B22: 44696 | C22: =SUMIFS('ALL Tube Results'!$G$2:$G114, 'ALL Tube Results'!$C$2:$C114, ">="&A22, 'ALL Tube Results'!$C$2:$C114, "<="&B22, 'ALL Tube Results'!$H$2:$H114, "CRLN") -> 111 | D22: =COUNTIFS('ALL Tube Results'!$C$2:$C114, ">="&A22, 'ALL Tube Results'!$C$2:$C114, "<="&B22, 'ALL Tube Results'!$H$2:$H114, "CRLN") -> 62 | E22: =COUNTIFS('ALL Tube Results'!$C$2:$C114, ">="&A22, 'ALL Tube Results'!$C$2:$C114, "<="&B22, 'ALL Tube Results'!$F$2:$F114, "Positive", 'ALL Tube Results'!$H$2:$H114, "CRLN") -> 4 | F22: =COUNTIFS('ALL Tube Results'!$C$2:$C114, ">="&A22, 'ALL Tube Results'!$C$2:$C114, "<="&B22, 'ALL Tube Results'!$F$2:$F114, "Inconclusive", 'ALL Tube Results'!$H$2:$H114, "CRLN") -> 2 | G22: =IFERROR(E22/D22,IFERROR(0/0,"")) -> 0.064516129
A23: 44697 | B23: 44703 | C23: =SUMIFS('ALL Tube Results'!$G$2:$G114, 'ALL Tube Results'!$C$2:$C114, ">="&A23, 'ALL Tube Results'!$C$2:$C114, "<="&B23, 'ALL Tube Results'!$H$2:$H114, "CRLN") -> 92 | D23: =COUNTIFS('ALL Tube Results'!$C$2:$C114, ">="&A23, 'ALL Tube Results'!$C$2:$C114, "<="&B23, 'ALL Tube Results'!$H$2:$H114, "CRLN") -> 44 | E23: =COUNTIFS('ALL Tube Results'!$C$2:$C114, ">="&A23, 'ALL Tube Results'!$C$2:$C114, "<="&B23, 'ALL Tube Results'!$F$2:$F114, "Positive", 'ALL Tube Results'!$H$2:$H114, "CRLN") -> 1 | F23: =COUNTIFS('ALL Tube Results'!$C$2:$C114, ">="&A23, 'ALL Tube Results'!$C$2:$C114, "<="&B23, 'ALL Tube Results'!$F$2:$F114, "Inconclusive", 'ALL Tube Results'!$H$2:$H114, "CRLN") -> 0 | G23: =IFERROR(E23/D23,IFERROR(0/0,"")) -> 0.022727273
A24: 44704 | B24: 44710 | C24: =SUMIFS('ALL Tube Results'!$G$2:$G114, 'ALL Tube Results'!$C$2:$C114, ">="&A24, 'ALL Tube Results'!$C$2:$C114, "<="&B24, 'ALL Tube Results'!$H$2:$H114, "CRLN") -> 89 | D24: =COUNTIFS('ALL Tube Results'!$C$2:$C114, ">="&A24, 'ALL Tube Results'!$C$2:$C114, "<="&B24, 'ALL Tube Results'!$H$2:$H114, "CRLN") -> 41 | E24: =COUNTIFS('ALL Tube Results'!$C$2:$C114, ">="&A24, 'ALL Tube Results'!$C$2:$C114, "<="&B24, 'ALL Tube Results'!$F$2:$F114, "Positive", 'ALL Tube Results'!$H$2:$H114, "CRLN") -> 1 | F24: =COUNTIFS('ALL Tube Results'!$C$2:$C114, ">="&A24, 'ALL Tube Results'!$C$2:$C114, "<="&B24, 'ALL Tube Results'!$F$2:$F114, "Inconclusive", 'ALL Tube Results'!$H$2:$H114, "CRLN") -> 0 | G24: =IFERROR(E24/D24,IFERROR(0/0,"")) -> 0.024390244
A25: 44711 | B25: 44717 | C25: =SUMIFS('ALL Tube Results'!$G$2:$G114, 'ALL Tube Results'!$C$2:$C114, ">="&A25, 'ALL Tube Results'!$C$2:$C114, "<="&B25, 'ALL Tube Results'!$H$2:$H114, "CRLN") -> 42 | D25: =COUNTIFS('ALL Tube Results'!$C$2:$C114, ">="&A25, 'ALL Tube Results'!$C$2:$C114, "<="&B25, 'ALL Tube Results'!$H$2:$H114, "CRLN") -> 19 | E25: =COUNTIFS('ALL Tube Results'!$C$2:$C114, ">="&A25, 'ALL Tube Results'!$C$2:$C114, "<="&B25, 'ALL Tube Results'!$F$2:$F114, "Positive", 'ALL Tube Results'!$H$2:$H114, "CRLN") -> 0 | F25: =COUNTIFS('ALL Tube Results'!$C$2:$C114, ">="&A25, 'ALL Tube Results'!$C$2:$C114, "<="&B25, 'ALL Tube Results'!$F$2:$F114, "Inconclusive", 'ALL Tube Results'!$H$2:$H114, "CRLN") -> 0 | G25: =IFERROR(E25/D25,IFERROR(0/0,"")) -> 0

Sheet Weekly FLSP
A1: Week Start Date | B1: Week End Date | C1: =CONCATENATE("Weekly Participants ",SUM(C2:C199)) -> Weekly Participants 1061 | D1: =CONCATENATE("Weekly Tubes Run ",SUM(D2:D199)) -> Weekly Tubes Run 524 | E1: =CONCATENATE("Weekly Positive Tubes ",SUM(E2:E199)) -> Weekly Positive Tubes 25 | F1: =CONCATENATE("Weekly Inconclusive Tubes ",SUM(F2:F199)) -> Weekly Inconclusive Tubes 0 | G1: % Positive
A2: 44172 | B2: 44178 | C2: =SUMIFS('ALL Tube Results'!$G$2:$G199, 'ALL Tube Results'!$C$2:$C199, ">="&A2, 'ALL Tube Results'!$C$2:$C199, "<="&B2, 'ALL Tube Results'!$H$2:$H199, "FLSP") -> 6 | D2: =COUNTIFS('ALL Tube Results'!$C$2:$C199, ">="&A2, 'ALL Tube Results'!$C$2:$C199, "<="&B2, 'ALL Tube Results'!$H$2:$H199, "FLSP") -> 2 | E2: =COUNTIFS('ALL Tube Results'!$C$2:$C199, ">="&A2, 'ALL Tube Results'!$C$2:$C199, "<="&B2, 'ALL Tube Results'!$F$2:$F199, "Positive", 'ALL Tube Results'!$H$2:$H199, "FLSP") -> 0 | F2: =COUNTIFS('ALL Tube Results'!$C$2:$C199, ">="&A2, 'ALL Tube Results'!$C$2:$C199, "<="&B2, 'ALL Tube Results'!$F$2:$F199, "Inconclusive", 'ALL Tube Results'!$H$2:$H199, "FLSP") -> 0 | G2: =IFERROR(E2/D2,IFERROR(0/0,"")) -> 0
A3: 44179 | B3: 44185 | C3: =SUMIFS('ALL Tube Results'!$G$2:$G199, 'ALL Tube Results'!$C$2:$C199, ">="&A3, 'ALL Tube Results'!$C$2:$C199, "<="&B3, 'ALL Tube Results'!$H$2:$H199, "FLSP") -> 3 | D3: =COUNTIFS('ALL Tube Results'!$C$2:$C199, ">="&A3, 'ALL Tube Results'!$C$2:$C199, "<="&B3, 'ALL Tube Results'!$H$2:$H199, "FLSP") -> 1 | E3: =COUNTIFS('ALL Tube Results'!$C$2:$C199, ">="&A3, 'ALL Tube Results'!$C$2:$C199, "<="&B3, 'ALL Tube Results'!$F$2:$F199, "Positive", 'ALL Tube Results'!$H$2:$H199, "FLSP") -> 0 | F3: =COUNTIFS('ALL Tube Results'!$C$2:$C199, ">="&A3, 'ALL Tube Results'!$C$2:$C199, "<="&B3, 'ALL Tube Results'!$F$2:$F199, "Inconclusive", 'ALL Tube Results'!$H$2:$H199, "FLSP") -> 0 | G3: =IFERROR(E3/D3,IFERROR(0/0,"")) -> 0
A4: 44186 | B4: 44192 | C4: =SUMIFS('ALL Tube Results'!$G$2:$G199, 'ALL Tube Results'!$C$2:$C199, ">="&A4, 'ALL Tube Results'!$C$2:$C199, "<="&B4, 'ALL Tube Results'!$H$2:$H199, "FLSP") -> 2 | D4: =COUNTIFS('ALL Tube Results'!$C$2:$C199, ">="&A4, 'ALL Tube Results'!$C$2:$C199, "<="&B4, 'ALL Tube Results'!$H$2:$H199, "FLSP") -> 1 | E4: =COUNTIFS('ALL Tube Results'!$C$2:$C199, ">="&A4, 'ALL Tube Results'!$C$2:$C199, "<="&B4, 'ALL Tube Results'!$F$2:$F199, "Positive", 'ALL Tube Results'!$H$2:$H199, "FLSP") -> 0 | F4: =COUNTIFS('ALL Tube Results'!$C$2:$C199, ">="&A4, 'ALL Tube Results'!$C$2:$C199, "<="&B4, 'ALL Tube Results'!$F$2:$F199, "Inconclusive", 'ALL Tube Results'!$H$2:$H199, "FLSP") -> 0 | G4: =IFERROR(E4/D4,IFERROR(0/0,"")) -> 0
A5: 44193 | B5: 44199 | C5: =SUMIFS('ALL Tube Results'!$G$2:$G199, 'ALL Tube Results'!$C$2:$C199, ">="&A5, 'ALL Tube Results'!$C$2:$C199, "<="&B5, 'ALL Tube Results'!$H$2:$H199, "FLSP") -> 6 | D5: =COUNTIFS('ALL Tube Results'!$C$2:$C199, ">="&A5, 'ALL Tube Results'!$C$2:$C199, "<="&B5, 'ALL Tube Results'!$H$2:$H199, "FLSP") -> 2 | E5: =COUNTIFS('ALL Tube Results'!$C$2:$C199, ">="&A5, 'ALL Tube Results'!$C$2:$C199, "<="&B5, 'ALL Tube Results'!$F$2:$F199, "Positive", 'ALL Tube Results'!$H$2:$H199, "FLSP") -> 0 | F5: =COUNTIFS('ALL Tube Results'!$C$2:$C199, ">="&A5, 'ALL Tube Results'!$C$2:$C199, "<="&B5, 'ALL Tube Results'!$F$2:$F199, "Inconclusive", 'ALL Tube Results'!$H$2:$H199, "FLSP") -> 0 | G5: =IFERROR(E5/D5,IFERROR(0/0,"")) -> 0
A6: 44200 | B6: 44206 | C6: =SUMIFS('ALL Tube Results'!$G$2:$G199, 'ALL Tube Results'!$C$2:$C199, ">="&A6, 'ALL Tube Results'!$C$2:$C199, "<="&B6, 'ALL Tube Results'!$H$2:$H199, "FLSP") -> 0 | D6: =COUNTIFS('ALL Tube Results'!$C$2:$C199, ">="&A6, 'ALL Tube Results'!$C$2:$C199, "<="&B6, 'ALL Tube Results'!$H$2:$H199, "FLSP") -> 0 | E6: =COUNTIFS('ALL Tube Results'!$C$2:$C199, ">="&A6, 'ALL Tube Results'!$C$2:$C199, "<="&B6, 'ALL Tube Results'!$F$2:$F199, "Positive", 'ALL Tube Results'!$H$2:$H199, "FLSP") -> 0 | F6: =COUNTIFS('ALL Tube Results'!$C$2:$C199, ">="&A6, 'ALL Tube Results'!$C$2:$C199, "<="&B6, 'ALL Tube Results'!$F$2:$F199, "Inconclusive", 'ALL Tube Results'!$H$2:$H199, "FLSP") -> 0 | G6: =IFERROR(E6/D6,IFERROR(0/0,""))
A7: 44207 | B7: 44213 | C7: =SUMIFS('ALL Tube Results'!$G$2:$G199, 'ALL Tube Results'!$C$2:$C199, ">="&A7, 'ALL Tube Results'!$C$2:$C199, "<="&B7, 'ALL Tube Results'!$H$2:$H199, "FLSP") -> 36 | D7: =COUNTIFS('ALL Tube Results'!$C$2:$C199, ">="&A7, 'ALL Tube Results'!$C$2:$C199, "<="&B7, 'ALL Tube Results'!$H$2:$H199, "FLSP") -> 15 | E7: =COUNTIFS('ALL Tube Results'!$C$2:$C199, ">="&A7, 'ALL Tube Results'!$C$2:$C199, "<="&B7, 'ALL Tube Results'!$F$2:$F199, "Positive", 'ALL Tube Results'!$H$2:$H199, "FLSP") -> 3 | F7: =COUNTIFS('ALL Tube Results'!$C$2:$C199, ">="&A7, 'ALL Tube Results'!$C$2:$C199, "<="&B7, 'ALL Tube Results'!$F$2:$F199, "Inconclusive", 'ALL Tube Results'!$H$2:$H199, "FLSP") -> 0 | G7: =IFERROR(E7/D7,IFERROR(0/0,"")) -> 0.2
A8: 44214 | B8: 44220 | C8: =SUMIFS('ALL Tube Results'!$G$2:$G199, 'ALL Tube Results'!$C$2:$C199, ">="&A8, 'ALL Tube Results'!$C$2:$C199, "<="&B8, 'ALL Tube Results'!$H$2:$H199, "FLSP") -> 49 | D8: =COUNTIFS('ALL Tube Results'!$C$2:$C199, ">="&A8, 'ALL Tube Results'!$C$2:$C199, "<="&B8, 'ALL Tube Results'!$H$2:$H199, "FLSP") -> 24 | E8: =COUNTIFS('ALL Tube Results'!$C$2:$C199, ">="&A8, 'ALL Tube Results'!$C$2:$C199, "<="&B8, 'ALL Tube Results'!$F$2:$F199, "Positive", 'ALL Tube Results'!$H$2:$H199, "FLSP") -> 0 | F8: =COUNTIFS('ALL Tube Results'!$C$2:$C199, ">="&A8, 'ALL Tube Results'!$C$2:$C199, "<="&B8, 'ALL Tube Results'!$F$2:$F199, "Inconclusive", 'ALL Tube Results'!$H$2:$H199, "FLSP") -> 0 | G8: =IFERROR(E8/D8,IFERROR(0/0,"")) -> 0
A9: 44221 | B9: 44227 | C9: =SUMIFS('ALL Tube Results'!$G$2:$G199, 'ALL Tube Results'!$C$2:$C199, ">="&A9, 'ALL Tube Results'!$C$2:$C199, "<="&B9, 'ALL Tube Results'!$H$2:$H199, "FLSP") -> 45 | D9: =COUNTIFS('ALL Tube Results'!$C$2:$C199, ">="&A9, 'ALL Tube Results'!$C$2:$C199, "<="&B9, 'ALL Tube Results'!$H$2:$H199, "FLSP") -> 19 | E9: =COUNTIFS('ALL Tube Results'!$C$2:$C199, ">="&A9, 'ALL Tube Results'!$C$2:$C199, "<="&B9, 'ALL Tube Results'!$F$2:$F199, "Positive", 'ALL Tube Results'!$H$2:$H199, "FLSP") -> 0 | F9: =COUNTIFS('ALL Tube Results'!$C$2:$C199, ">="&A9, 'ALL Tube Results'!$C$2:$C199, "<="&B9, 'ALL Tube Results'!$F$2:$F199, "Inconclusive", 'ALL Tube Results'!$H$2:$H199, "FLSP") -> 0 | G9: =IFERROR(E9/D9,IFERROR(0/0,"")) -> 0
A10: 44228 | B10: 44234 | C10: =SUMIFS('ALL Tube Results'!$G$2:$G199, 'ALL Tube Results'!$C$2:$C199, ">="&A10, 'ALL Tube Results'!$C$2:$C199, "<="&B10, 'ALL Tube Results'!$H$2:$H199, "FLSP") -> 31 | D10: =COUNTIFS('ALL Tube Results'!$C$2:$C199, ">="&A10, 'ALL Tube Results'!$C$2:$C199, "<="&B10, 'ALL Tube Results'!$H$2:$H199, "FLSP") -> 11 | E10: =COUNTIFS('ALL Tube Results'!$C$2:$C199, ">="&A10, 'ALL Tube Results'!$C$2:$C199, "<="&B10, 'ALL Tube Results'!$F$2:$F199, "Positive", 'ALL Tube Results'!$H$2:$H199, "FLSP") -> 0 | F10: =COUNTIFS('ALL Tube Results'!$C$2:$C199, ">="&A10, 'ALL Tube Results'!$C$2:$C199, "<="&B10, 'ALL Tube Results'!$F$2:$F199, "Inconclusive", 'ALL Tube Results'!$H$2:$H199, "FLSP") -> 0 | G10: =IFERROR(E10/D10,IFERROR(0/0,"")) -> 0
A11: 44235 | B11: 44241 | C11: =SUMIFS('ALL Tube Results'!$G$2:$G199, 'ALL Tube Results'!$C$2:$C199, ">="&A11, 'ALL Tube Results'!$C$2:$C199, "<="&B11, 'ALL Tube Results'!$H$2:$H199, "FLSP") -> 40 | D11: =COUNTIFS('ALL Tube Results'!$C$2:$C199, ">="&A11, 'ALL Tube Results'!$C$2:$C199, "<="&B11, 'ALL Tube Results'!$H$2:$H199, "FLSP") -> 13 | E11: =COUNTIFS('ALL Tube Results'!$C$2:$C199, ">="&A11, 'ALL Tube Results'!$C$2:$C199, "<="&B11, 'ALL Tube Results'!$F$2:$F199, "Positive", 'ALL Tube Results'!$H$2:$H199, "FLSP") -> 0 | F11: =COUNTIFS('ALL Tube Results'!$C$2:$C199, ">="&A11, 'ALL Tube Results'!$C$2:$C199, "<="&B11, 'ALL Tube Results'!$F$2:$F199, "Inconclusive", 'ALL Tube Results'!$H$2:$H199, "FLSP") -> 0 | G11: =IFERROR(E11/D11,IFERROR(0/0,"")) -> 0
A12: 44242 | B12: 44248 | C12: =SUMIFS('ALL Tube Results'!$G$2:$G199, 'ALL Tube Results'!$C$2:$C199, ">="&A12, 'ALL Tube Results'!$C$2:$C199, "<="&B12, 'ALL Tube Results'!$H$2:$H199, "FLSP") -> 14 | D12: =COUNTIFS('ALL Tube Results'!$C$2:$C199, ">="&A12, 'ALL Tube Results'!$C$2:$C199, "<="&B12, 'ALL Tube Results'!$H$2:$H199, "FLSP") -> 4 | E12: =COUNTIFS('ALL Tube Results'!$C$2:$C199, ">="&A12, 'ALL Tube Results'!$C$2:$C199, "<="&B12, 'ALL Tube Results'!$F$2:$F199, "Positive", 'ALL Tube Results'!$H$2:$H199, "FLSP") -> 0 | F12: =COUNTIFS('ALL Tube Results'!$C$2:$C199, ">="&A12, 'ALL Tube Results'!$C$2:$C199, "<="&B12, 'ALL Tube Results'!$F$2:$F199, "Inconclusive", 'ALL Tube Results'!$H$2:$H199, "FLSP") -> 0 | G12: =IFERROR(E12/D12,IFERROR(0/0,"")) -> 0
A13: 44249 | B13: 44255 | C13: =SUMIFS('ALL Tube Results'!$G$2:$G199, 'ALL Tube Results'!$C$2:$C199, ">="&A13, 'ALL Tube Results'!$C$2:$C199, "<="&B13, 'ALL Tube Results'!$H$2:$H199, "FLSP") -> 24 | D13: =COUNTIFS('ALL Tube Results'!$C$2:$C199, ">="&A13, 'ALL Tube Results'!$C$2:$C199, "<="&B13, 'ALL Tube Results'!$H$2:$H199, "FLSP") -> 9 | E13: =COUNTIFS('ALL Tube Results'!$C$2:$C199, ">="&A13, 'ALL Tube Results'!$C$2:$C199, "<="&B13, 'ALL Tube Results'!$F$2:$F199, "Positive", 'ALL Tube Results'!$H$2:$H199, "FLSP") -> 0 | F13: =COUNTIFS('ALL Tube Results'!$C$2:$C199, ">="&A13, 'ALL Tube Results'!$C$2:$C199, "<="&B13, 'ALL Tube Results'!$F$2:$F199, "Inconclusive", 'ALL Tube Results'!$H$2:$H199, "FLSP") -> 0 | G13: =IFERROR(E13/D13,IFERROR(0/0,"")) -> 0
A14: 44256 | B14: 44262 | C14: =SUMIFS('ALL Tube Results'!$G$2:$G199, 'ALL Tube Results'!$C$2:$C199, ">="&A14, 'ALL Tube Results'!$C$2:$C199, "<="&B14, 'ALL Tube Results'!$H$2:$H199, "FLSP") -> 35 | D14: =COUNTIFS('ALL Tube Results'!$C$2:$C199, ">="&A14, 'ALL Tube Results'!$C$2:$C199, "<="&B14, 'ALL Tube Results'!$H$2:$H199, "FLSP") -> 11 | E14: =COUNTIFS('ALL Tube Results'!$C$2:$C199, ">="&A14, 'ALL Tube Results'!$C$2:$C199, "<="&B14, 'ALL Tube Results'!$F$2:$F199, "Positive", 'ALL Tube Results'!$H$2:$H199, "FLSP") -> 0 | F14: =COUNTIFS('ALL Tube Results'!$C$2:$C199, ">="&A14, 'ALL Tube Results'!$C$2:$C199, "<="&B14, 'ALL Tube Results'!$F$2:$F199, "Inconclusive", 'ALL Tube Results'!$H$2:$H199, "FLSP") -> 0 | G14: =IFERROR(E14/D14,IFERROR(0/0,"")) -> 0
A15: 44263 | B15: 44269 | C15: =SUMIFS('ALL Tube Results'!$G$2:$G199, 'ALL Tube Results'!$C$2:$C199, ">="&A15, 'ALL Tube Results'!$C$2:$C199, "<="&B15, 'ALL Tube Results'!$H$2:$H199, "FLSP") -> 30 | D15: =COUNTIFS('ALL Tube Results'!$C$2:$C199, ">="&A15, 'ALL Tube Results'!$C$2:$C199, "<="&B15, 'ALL Tube Results'!$H$2:$H199, "FLSP") -> 9 | E15: =COUNTIFS('ALL Tube Results'!$C$2:$C199, ">="&A15, 'ALL Tube Results'!$C$2:$C199, "<="&B15, 'ALL Tube Results'!$F$2:$F199, "Positive", 'ALL Tube Results'!$H$2:$H199, "FLSP") -> 0 | F15: =COUNTIFS('ALL Tube Results'!$C$2:$C199, ">="&A15, 'ALL Tube Results'!$C$2:$C199, "<="&B15, 'ALL Tube Results'!$F$2:$F199, "Inconclusive", 'ALL Tube Results'!$H$2:$H199, "FLSP") -> 0 | G15: =IFERROR(E15/D15,IFERROR(0/0,"")) -> 0
A16: 44270 | B16: 44276 | C16: =SUMIFS('ALL Tube Results'!$G$2:$G199, 'ALL Tube Results'!$C$2:$C199, ">="&A16, 'ALL Tube Results'!$C$2:$C199, "<="&B16, 'ALL Tube Results'!$H$2:$H199, "FLSP") -> 16 | D16: =COUNTIFS('ALL Tube Results'!$C$2:$C199, ">="&A16, 'ALL Tube Results'!$C$2:$C199, "<="&B16, 'ALL Tube Results'!$H$2:$H199, "FLSP") -> 6 | E16: =COUNTIFS('ALL Tube Results'!$C$2:$C199, ">="&A16, 'ALL Tube Results'!$C$2:$C199, "<="&B16, 'ALL Tube Results'!$F$2:$F199, "Positive", 'ALL Tube Results'!$H$2:$H199, "FLSP") -> 0 | F16: =COUNTIFS('ALL Tube Results'!$C$2:$C199, ">="&A16, 'ALL Tube Results'!$C$2:$C199, "<="&B16, 'ALL Tube Results'!$F$2:$F199, "Inconclusive", 'ALL Tube Results'!$H$2:$H199, "FLSP") -> 0 | G16: =IFERROR(E16/D16,IFERROR(0/0,"")) -> 0
A17: 44277 | B17: 44283 | C17: =SUMIFS('ALL Tube Results'!$G$2:$G199, 'ALL Tube Results'!$C$2:$C199, ">="&A17, 'ALL Tube Results'!$C$2:$C199, "<="&B17, 'ALL Tube Results'!$H$2:$H199, "FLSP") -> 6 | D17: =COUNTIFS('ALL Tube Results'!$C$2:$C199, ">="&A17, 'ALL Tube Results'!$C$2:$C199, "<="&B17, 'ALL Tube Results'!$H$2:$H199, "FLSP") -> 2 | E17: =COUNTIFS('ALL Tube Results'!$C$2:$C199, ">="&A17, 'ALL Tube Results'!$C$2:$C199, "<="&B17, 'ALL Tube Results'!$F$2:$F199, "Positive", 'ALL Tube Results'!$H$2:$H199, "FLSP") -> 0 | F17: =COUNTIFS('ALL Tube Results'!$C$2:$C199, ">="&A17, 'ALL Tube Results'!$C$2:$C199, "<="&B17, 'ALL Tube Results'!$F$2:$F199, "Inconclusive", 'ALL Tube Results'!$H$2:$H199, "FLSP") -> 0 | G17: =IFERROR(E17/D17,IFERROR(0/0,"")) -> 0
A18: 44284 | B18: 44290 | C18: =SUMIFS('ALL Tube Results'!$G$2:$G199, 'ALL Tube Results'!$C$2:$C199, ">="&A18, 'ALL Tube Results'!$C$2:$C199, "<="&B18, 'ALL Tube Results'!$H$2:$H199, "FLSP") -> 6 | D18: =COUNTIFS('ALL Tube Results'!$C$2:$C199, ">="&A18, 'ALL Tube Results'!$C$2:$C199, "<="&B18, 'ALL Tube Results'!$H$2:$H199, "FLSP") -> 2 | E18: =COUNTIFS('ALL Tube Results'!$C$2:$C199, ">="&A18, 'ALL Tube Results'!$C$2:$C199, "<="&B18, 'ALL Tube Results'!$F$2:$F199, "Positive", 'ALL Tube Results'!$H$2:$H199, "FLSP") -> 0 | F18: =COUNTIFS('ALL Tube Results'!$C$2:$C199, ">="&A18, 'ALL Tube Results'!$C$2:$C199, "<="&B18, 'ALL Tube Results'!$F$2:$F199, "Inconclusive", 'ALL Tube Results'!$H$2:$H199, "FLSP") -> 0 | G18: =IFERROR(E18/D18,IFERROR(0/0,"")) -> 0
A19: 44291 | B19: 44297 | C19: =SUMIFS('ALL Tube Results'!$G$2:$G199, 'ALL Tube Results'!$C$2:$C199, ">="&A19, 'ALL Tube Results'!$C$2:$C199, "<="&B19, 'ALL Tube Results'!$H$2:$H199, "FLSP") -> 0 | D19: =COUNTIFS('ALL Tube Results'!$C$2:$C199, ">="&A19, 'ALL Tube Results'!$C$2:$C199, "<="&B19, 'ALL Tube Results'!$H$2:$H199, "FLSP") -> 0 | E19: =COUNTIFS('ALL Tube Results'!$C$2:$C199, ">="&A19, 'ALL Tube Results'!$C$2:$C199, "<="&B19, 'ALL Tube Results'!$F$2:$F199, "Positive", 'ALL Tube Results'!$H$2:$H199, "FLSP") -> 0 | F19: =COUNTIFS('ALL Tube Results'!$C$2:$C199, ">="&A19, 'ALL Tube Results'!$C$2:$C199, "<="&B19, 'ALL Tube Results'!$F$2:$F199, "Inconclusive", 'ALL Tube Results'!$H$2:$H199, "FLSP") -> 0 | G19: =IFERROR(E19/D19,IFERROR(0/0,""))
A20: 44298 | B20: 44304 | C20: =SUMIFS('ALL Tube Results'!$G$2:$G199, 'ALL Tube Results'!$C$2:$C199, ">="&A20, 'ALL Tube Results'!$C$2:$C199, "<="&B20, 'ALL Tube Results'!$H$2:$H199, "FLSP") -> 8 | D20: =COUNTIFS('ALL Tube Results'!$C$2:$C199, ">="&A20, 'ALL Tube Results'!$C$2:$C199, "<="&B20, 'ALL Tube Results'!$H$2:$H199, "FLSP") -> 3 | E20: =COUNTIFS('ALL Tube Results'!$C$2:$C199, ">="&A20, 'ALL Tube Results'!$C$2:$C199, "<="&B20, 'ALL Tube Results'!$F$2:$F199, "Positive", 'ALL Tube Results'!$H$2:$H199, "FLSP") -> 0 | F20: =COUNTIFS('ALL Tube Results'!$C$2:$C199, ">="&A20, 'ALL Tube Results'!$C$2:$C199, "<="&B20, 'ALL Tube Results'!$F$2:$F199, "Inconclusive", 'ALL Tube Results'!$H$2:$H199, "FLSP") -> 0 | G20: =IFERROR(E20/D20,IFERROR(0/0,"")) -> 0
A21: 44305 | B21: 44311 | C21: =SUMIFS('ALL Tube Results'!$G$2:$G199, 'ALL Tube Results'!$C$2:$C199, ">="&A21, 'ALL Tube Results'!$C$2:$C199, "<="&B21, 'ALL Tube Results'!$H$2:$H199, "FLSP") -> 0 | D21: =COUNTIFS('ALL Tube Results'!$C$2:$C199, ">="&A21, 'ALL Tube Results'!$C$2:$C199, "<="&B21, 'ALL Tube Results'!$H$2:$H199, "FLSP") -> 0 | E21: =COUNTIFS('ALL Tube Results'!$C$2:$C199, ">="&A21, 'ALL Tube Results'!$C$2:$C199, "<="&B21, 'ALL Tube Results'!$F$2:$F199, "Positive", 'ALL Tube Results'!$H$2:$H199, "FLSP") -> 0 | F21: =COUNTIFS('ALL Tube Results'!$C$2:$C199, ">="&A21, 'ALL Tube Results'!$C$2:$C199, "<="&B21, 'ALL Tube Results'!$F$2:$F199, "Inconclusive", 'ALL Tube Results'!$H$2:$H199, "FLSP") -> 0 | G21: =IFERROR(E21/D21,IFERROR(0/0,""))
A22: 44312 | B22: 44318 | C22: =SUMIFS('ALL Tube Results'!$G$2:$G199, 'ALL Tube Results'!$C$2:$C199, ">="&A22, 'ALL Tube Results'!$C$2:$C199, "<="&B22, 'ALL Tube Results'!$H$2:$H199, "FLSP") -> 0 | D22: =COUNTIFS('ALL Tube Results'!$C$2:$C199, ">="&A22, 'ALL Tube Results'!$C$2:$C199, "<="&B22, 'ALL Tube Results'!$H$2:$H199, "FLSP") -> 0 | E22: =COUNTIFS('ALL Tube Results'!$C$2:$C199, ">="&A22, 'ALL Tube Results'!$C$2:$C199, "<="&B22, 'ALL Tube Results'!$F$2:$F199, "Positive", 'ALL Tube Results'!$H$2:$H199, "FLSP") -> 0 | F22: =COUNTIFS('ALL Tube Results'!$C$2:$C199, ">="&A22, 'ALL Tube Results'!$C$2:$C199, "<="&B22, 'ALL Tube Results'!$F$2:$F199, "Inconclusive", 'ALL Tube Results'!$H$2:$H199, "FLSP") -> 0 | G22: =IFERROR(E22/D22,IFERROR(0/0,""))
A23: 44319 | B23: 44325 | C23: =SUMIFS('ALL Tube Results'!$G$2:$G199, 'ALL Tube Results'!$C$2:$C199, ">="&A23, 'ALL Tube Results'!$C$2:$C199, "<="&B23, 'ALL Tube Results'!$H$2:$H199, "FLSP") -> 1 | D23: =COUNTIFS('ALL Tube Results'!$C$2:$C199, ">="&A23, 'ALL Tube Results'!$C$2:$C199, "<="&B23, 'ALL Tube Results'!$H$2:$H199, "FLSP") -> 1 | E23: =COUNTIFS('ALL Tube Results'!$C$2:$C199, ">="&A23, 'ALL Tube Results'!$C$2:$C199, "<="&B23, 'ALL Tube Results'!$F$2:$F199, "Positive", 'ALL Tube Results'!$H$2:$H199, "FLSP") -> 0 | F23: =COUNTIFS('ALL Tube Results'!$C$2:$C199, ">="&A23, 'ALL Tube Results'!$C$2:$C199, "<="&B23, 'ALL Tube Results'!$F$2:$F199, "Inconclusive", 'ALL Tube Results'!$H$2:$H199, "FLSP") -> 0 | G23: =IFERROR(E23/D23,IFERROR(0/0,"")) -> 0
A24: 44326 | B24: 44332 | C24: =SUMIFS('ALL Tube Results'!$G$2:$G199, 'ALL Tube Results'!$C$2:$C199, ">="&A24, 'ALL Tube Results'!$C$2:$C199, "<="&B24, 'ALL Tube Results'!$H$2:$H199, "FLSP") -> 5 | D24: =COUNTIFS('ALL Tube Results'!$C$2:$C199, ">="&A24, 'ALL Tube Results'!$C$2:$C199, "<="&B24, 'ALL Tube Results'!$H$2:$H199, "FLSP") -> 2 | E24: =COUNTIFS('ALL Tube Results'!$C$2:$C199, ">="&A24, 'ALL Tube Results'!$C$2:$C199, "<="&B24, 'ALL Tube Results'!$F$2:$F199, "Positive", 'ALL Tube Results'!$H$2:$H199, "FLSP") -> 0 | F24: =COUNTIFS('ALL Tube Results'!$C$2:$C199, ">="&A24, 'ALL Tube Results'!$C$2:$C199, "<="&B24, 'ALL Tube Results'!$F$2:$F199, "Inconclusive", 'ALL Tube Results'!$H$2:$H199, "FLSP") -> 0 | G24: =IFERROR(E24/D24,IFERROR(0/0,"")) -> 0
A25: 44333 | B25: 44339 | C25: =SUMIFS('ALL Tube Results'!$G$2:$G199, 'ALL Tube Results'!$C$2:$C199, ">="&A25, 'ALL Tube Results'!$C$2:$C199, "<="&B25, 'ALL Tube Results'!$H$2:$H199, "FLSP") -> 6 | D25: =COUNTIFS('ALL Tube Results'!$C$2:$C199, ">="&A25, 'ALL Tube Results'!$C$2:$C199, "<="&B25, 'ALL Tube Results'!$H$2:$H199, "FLSP") -> 6 | E25: =COUNTIFS('ALL Tube Results'!$C$2:$C199, ">="&A25, 'ALL Tube Results'!$C$2:$C199, "<="&B25, 'ALL Tube Results'!$F$2:$F199, "Positive", 'ALL Tube Results'!$H$2:$H199, "FLSP") -> 0 | F25: =COUNTIFS('ALL Tube Results'!$C$2:$C199, ">="&A25, 'ALL Tube Results'!$C$2:$C199, "<="&B25, 'ALL Tube Results'!$F$2:$F199, "Inconclusive", 'ALL Tube Results'!$H$2:$H199, "FLSP") -> 0 | G25: =IFERROR(E25/D25,IFERROR(0/0,"")) -> 0
A26: 44340 | B26: 44346 | C26: =SUMIFS('ALL Tube Results'!$G$2:$G199, 'ALL Tube Results'!$C$2:$C199, ">="&A26, 'ALL Tube Results'!$C$2:$C199, "<="&B26, 'ALL Tube Results'!$H$2:$H199, "FLSP") -> 0 | D26: =COUNTIFS('ALL Tube Results'!$C$2:$C199, ">="&A26, 'ALL Tube Results'!$C$2:$C199, "<="&B26, 'ALL Tube Results'!$H$2:$H199, "FLSP") -> 0 | E26: =COUNTIFS('ALL Tube Results'!$C$2:$C199, ">="&A26, 'ALL Tube Results'!$C$2:$C199, "<="&B26, 'ALL Tube Results'!$F$2:$F199, "Positive", 'ALL Tube Results'!$H$2:$H199, "FLSP") -> 0 | F26: =COUNTIFS('ALL Tube Results'!$C$2:$C199, ">="&A26, 'ALL Tube Results'!$C$2:$C199, "<="&B26, 'ALL Tube Results'!$F$2:$F199, "Inconclusive", 'ALL Tube Results'!$H$2:$H199, "FLSP") -> 0 | G26: =IFERROR(E26/D26,IFERROR(0/0,""))
A27: 44347 | B27: 44353 | C27: =SUMIFS('ALL Tube Results'!$G$2:$G199, 'ALL Tube Results'!$C$2:$C199, ">="&A27, 'ALL Tube Results'!$C$2:$C199, "<="&B27, 'ALL Tube Results'!$H$2:$H199, "FLSP") -> 0 | D27: =COUNTIFS('ALL Tube Results'!$C$2:$C199, ">="&A27, 'ALL Tube Results'!$C$2:$C199, "<="&B27, 'ALL Tube Results'!$H$2:$H199, "FLSP") -> 0 | E27: =COUNTIFS('ALL Tube Results'!$C$2:$C199, ">="&A27, 'ALL Tube Results'!$C$2:$C199, "<="&B27, 'ALL Tube Results'!$F$2:$F199, "Positive", 'ALL Tube Results'!$H$2:$H199, "FLSP") -> 0 | F27: =COUNTIFS('ALL Tube Results'!$C$2:$C199, ">="&A27, 'ALL Tube Results'!$C$2:$C199, "<="&B27, 'ALL Tube Results'!$F$2:$F199, "Inconclusive", 'ALL Tube Results'!$H$2:$H199, "FLSP") -> 0 | G27: =IFERROR(E27/D27,IFERROR(0/0,""))
A28: 44354 | B28: 44360 | C28: =SUMIFS('ALL Tube Results'!$G$2:$G199, 'ALL Tube Results'!$C$2:$C199, ">="&A28, 'ALL Tube Results'!$C$2:$C199, "<="&B28, 'ALL Tube Results'!$H$2:$H199, "FLSP") -> 0 | D28: =COUNTIFS('ALL Tube Results'!$C$2:$C199, ">="&A28, 'ALL Tube Results'!$C$2:$C199, "<="&B28, 'ALL Tube Results'!$H$2:$H199, "FLSP") -> 0 | E28: =COUNTIFS('ALL Tube Results'!$C$2:$C199, ">="&A28, 'ALL Tube Results'!$C$2:$C199, "<="&B28, 'ALL Tube Results'!$F$2:$F199, "Positive", 'ALL Tube Results'!$H$2:$H199, "FLSP") -> 0 | F28: =COUNTIFS('ALL Tube Results'!$C$2:$C199, ">="&A28, 'ALL Tube Results'!$C$2:$C199, "<="&B28, 'ALL Tube Results'!$F$2:$F199, "Inconclusive", 'ALL Tube Results'!$H$2:$H199, "FLSP") -> 0 | G28: =IFERROR(E28/D28,IFERROR(0/0,""))
A29: 44361 | B29: 44367 | C29: =SUMIFS('ALL Tube Results'!$G$2:$G199, 'ALL Tube Results'!$C$2:$C199, ">="&A29, 'ALL Tube Results'!$C$2:$C199, "<="&B29, 'ALL Tube Results'!$H$2:$H199, "FLSP") -> 2 | D29: =COUNTIFS('ALL Tube Results'!$C$2:$C199, ">="&A29, 'ALL Tube Results'!$C$2:$C199, "<="&B29, 'ALL Tube Results'!$H$2:$H199, "FLSP") -> 2 | E29: =COUNTIFS('ALL Tube Results'!$C$2:$C199, ">="&A29, 'ALL Tube Results'!$C$2:$C199, "<="&B29, 'ALL Tube Results'!$F$2:$F199, "Positive", 'ALL Tube Results'!$H$2:$H199, "FLSP") -> 0 | F29: =COUNTIFS('ALL Tube Results'!$C$2:$C199, ">="&A29, 'ALL Tube Results'!$C$2:$C199, "<="&B29, 'ALL Tube Results'!$F$2:$F199, "Inconclusive", 'ALL Tube Results'!$H$2:$H199, "FLSP") -> 0 | G29: =IFERROR(E29/D29,IFERROR(0/0,"")) -> 0
A30: 44368 | B30: 44374 | C30: =SUMIFS('ALL Tube Results'!$G$2:$G199, 'ALL Tube Results'!$C$2:$C199, ">="&A30, 'ALL Tube Results'!$C$2:$C199, "<="&B30, 'ALL Tube Results'!$H$2:$H199, "FLSP") -> 0 | D30: =COUNTIFS('ALL Tube Results'!$C$2:$C199, ">="&A30, 'ALL Tube Results'!$C$2:$C199, "<="&B30, 'ALL Tube Results'!$H$2:$H199, "FLSP") -> 0 | E30: =COUNTIFS('ALL Tube Results'!$C$2:$C199, ">="&A30, 'ALL Tube Results'!$C$2:$C199, "<="&B30, 'ALL Tube Results'!$F$2:$F199, "Positive", 'ALL Tube Results'!$H$2:$H199, "FLSP") -> 0 | F30: =COUNTIFS('ALL Tube Results'!$C$2:$C199, ">="&A30, 'ALL Tube Results'!$C$2:$C199, "<="&B30, 'ALL Tube Results'!$F$2:$F199, "Inconclusive", 'ALL Tube Results'!$H$2:$H199, "FLSP") -> 0 | G30: =IFERROR(E30/D30,IFERROR(0/0,""))
A31: 44375 | B31: 44381 | C31: =SUMIFS('ALL Tube Results'!$G$2:$G199, 'ALL Tube Results'!$C$2:$C199, ">="&A31, 'ALL Tube Results'!$C$2:$C199, "<="&B31, 'ALL Tube Results'!$H$2:$H199, "FLSP") -> 0 | D31: =COUNTIFS('ALL Tube Results'!$C$2:$C199, ">="&A31, 'ALL Tube Results'!$C$2:$C199, "<="&B31, 'ALL Tube Results'!$H$2:$H199, "FLSP") -> 0 | E31: =COUNTIFS('ALL Tube Results'!$C$2:$C199, ">="&A31, 'ALL Tube Results'!$C$2:$C199, "<="&B31, 'ALL Tube Results'!$F$2:$F199, "Positive", 'ALL Tube Results'!$H$2:$H199, "FLSP") -> 0 | F31: =COUNTIFS('ALL Tube Results'!$C$2:$C199, ">="&A31, 'ALL Tube Results'!$C$2:$C199, "<="&B31, 'ALL Tube Results'!$F$2:$F199, "Inconclusive", 'ALL Tube Results'!$H$2:$H199, "FLSP") -> 0 | G31: =IFERROR(E31/D31,IFERROR(0/0,""))
A32: 44382 | B32: 44388 | C32: =SUMIFS('ALL Tube Results'!$G$2:$G199, 'ALL Tube Results'!$C$2:$C199, ">="&A32, 'ALL Tube Results'!$C$2:$C199, "<="&B32, 'ALL Tube Results'!$H$2:$H199, "FLSP") -> 0 | D32: =COUNTIFS('ALL Tube Results'!$C$2:$C199, ">="&A32, 'ALL Tube Results'!$C$2:$C199, "<="&B32, 'ALL Tube Results'!$H$2:$H199, "FLSP") -> 0 | E32: =COUNTIFS('ALL Tube Results'!$C$2:$C199, ">="&A32, 'ALL Tube Results'!$C$2:$C199, "<="&B32, 'ALL Tube Results'!$F$2:$F199, "Positive", 'ALL Tube Results'!$H$2:$H199, "FLSP") -> 0 | F32: =COUNTIFS('ALL Tube Results'!$C$2:$C199, ">="&A32, 'ALL Tube Results'!$C$2:$C199, "<="&B32, 'ALL Tube Results'!$F$2:$F199, "Inconclusive", 'ALL Tube Results'!$H$2:$H199, "FLSP") -> 0 | G32: =IFERROR(E32/D32,IFERROR(0/0,""))
A33: 44389 | B33: 44395 | C33: =SUMIFS('ALL Tube Results'!$G$2:$G199, 'ALL Tube Results'!$C$2:$C199, ">="&A33, 'ALL Tube Results'!$C$2:$C199, "<="&B33, 'ALL Tube Results'!$H$2:$H199, "FLSP") -> 0 | D33: =COUNTIFS('ALL Tube Results'!$C$2:$C199, ">="&A33, 'ALL Tube Results'!$C$2:$C199, "<="&B33, 'ALL Tube Results'!$H$2:$H199, "FLSP") -> 0 | E33: =COUNTIFS('ALL Tube Results'!$C$2:$C199, ">="&A33, 'ALL Tube Results'!$C$2:$C199, "<="&B33, 'ALL Tube Results'!$F$2:$F199, "Positive", 'ALL Tube Results'!$H$2:$H199, "FLSP") -> 0 | F33: =COUNTIFS('ALL Tube Results'!$C$2:$C199, ">="&A33, 'ALL Tube Results'!$C$2:$C199, "<="&B33, 'ALL Tube Results'!$F$2:$F199, "Inconclusive", 'ALL Tube Results'!$H$2:$H199, "FLSP") -> 0 | G33: =IFERROR(E33/D33,IFERROR(0/0,""))
A34: 44396 | B34: 44402 | C34: =SUMIFS('ALL Tube Results'!$G$2:$G199, 'ALL Tube Results'!$C$2:$C199, ">="&A34, 'ALL Tube Results'!$C$2:$C199, "<="&B34, 'ALL Tube Results'!$H$2:$H199, "FLSP") -> 0 | D34: =COUNTIFS('ALL Tube Results'!$C$2:$C199, ">="&A34, 'ALL Tube Results'!$C$2:$C199, "<="&B34, 'ALL Tube Results'!$H$2:$H199, "FLSP") -> 0 | E34: =COUNTIFS('ALL Tube Results'!$C$2:$C199, ">="&A34, 'ALL Tube Results'!$C$2:$C199, "<="&B34, 'ALL Tube Results'!$F$2:$F199, "Positive", 'ALL Tube Results'!$H$2:$H199, "FLSP") -> 0 | F34: =COUNTIFS('ALL Tube Results'!$C$2:$C199, ">="&A34, 'ALL Tube Results'!$C$2:$C199, "<="&B34, 'ALL Tube Results'!$F$2:$F199, "Inconclusive", 'ALL Tube Results'!$H$2:$H199, "FLSP") -> 0 | G34: =IFERROR(E34/D34,IFERROR(0/0,""))
A35: 44403 | B35: 44409 | C35: =SUMIFS('ALL Tube Results'!$G$2:$G199, 'ALL Tube Results'!$C$2:$C199, ">="&A35, 'ALL Tube Results'!$C$2:$C199, "<="&B35, 'ALL Tube Results'!$H$2:$H199, "FLSP") -> 0 | D35: =COUNTIFS('ALL Tube Results'!$C$2:$C199, ">="&A35, 'ALL Tube Results'!$C$2:$C199, "<="&B35, 'ALL Tube Results'!$H$2:$H199, "FLSP") -> 0 | E35: =COUNTIFS('ALL Tube Results'!$C$2:$C199, ">="&A35, 'ALL Tube Results'!$C$2:$C199, "<="&B35, 'ALL Tube Results'!$F$2:$F199, "Positive", 'ALL Tube Results'!$H$2:$H199, "FLSP") -> 0 | F35: =COUNTIFS('ALL Tube Results'!$C$2:$C199, ">="&A35, 'ALL Tube Results'!$C$2:$C199, "<="&B35, 'ALL Tube Results'!$F$2:$F199, "Inconclusive", 'ALL Tube Results'!$H$2:$H199, "FLSP") -> 0 | G35: =IFERROR(E35/D35,IFERROR(0/0,""))
A36: 44410 | B36: 44416 | C36: =SUMIFS('ALL Tube Results'!$G$2:$G199, 'ALL Tube Results'!$C$2:$C199, ">="&A36, 'ALL Tube Results'!$C$2:$C199, "<="&B36, 'ALL Tube Results'!$H$2:$H199, "FLSP") -> 0 | D36: =COUNTIFS('ALL Tube Results'!$C$2:$C199, ">="&A36, 'ALL Tube Results'!$C$2:$C199, "<="&B36, 'ALL Tube Results'!$H$2:$H199, "FLSP") -> 0 | E36: =COUNTIFS('ALL Tube Results'!$C$2:$C199, ">="&A36, 'ALL Tube Results'!$C$2:$C199, "<="&B36, 'ALL Tube Results'!$F$2:$F199, "Positive", 'ALL Tube Results'!$H$2:$H199, "FLSP") -> 0 | F36: =COUNTIFS('ALL Tube Results'!$C$2:$C199, ">="&A36, 'ALL Tube Results'!$C$2:$C199, "<="&B36, 'ALL Tube Results'!$F$2:$F199, "Inconclusive", 'ALL Tube Results'!$H$2:$H199, "FLSP") -> 0 | G36: =IFERROR(E36/D36,IFERROR(0/0,""))
A37: 44417 | B37: 44423 | C37: =SUMIFS('ALL Tube Results'!$G$2:$G199, 'ALL Tube Results'!$C$2:$C199, ">="&A37, 'ALL Tube Results'!$C$2:$C199, "<="&B37, 'ALL Tube Results'!$H$2:$H199, "FLSP") -> 0 | D37: =COUNTIFS('ALL Tube Results'!$C$2:$C199, ">="&A37, 'ALL Tube Results'!$C$2:$C199, "<="&B37, 'ALL Tube Results'!$H$2:$H199, "FLSP") -> 0 | E37: =COUNTIFS('ALL Tube Results'!$C$2:$C199, ">="&A37, 'ALL Tube Results'!$C$2:$C199, "<="&B37, 'ALL Tube Results'!$F$2:$F199, "Positive", 'ALL Tube Results'!$H$2:$H199, "FLSP") -> 0 | F37: =COUNTIFS('ALL Tube Results'!$C$2:$C199, ">="&A37, 'ALL Tube Results'!$C$2:$C199, "<="&B37, 'ALL Tube Results'!$F$2:$F199, "Inconclusive", 'ALL Tube Results'!$H$2:$H199, "FLSP") -> 0 | G37: =IFERROR(E37/D37,IFERROR(0/0,""))
A38: 44424 | B38: 44430 | C38: =SUMIFS('ALL Tube Results'!$G$2:$G199, 'ALL Tube Results'!$C$2:$C199, ">="&A38, 'ALL Tube Results'!$C$2:$C199, "<="&B38, 'ALL Tube Results'!$H$2:$H199, "FLSP") -> 0 | D38: =COUNTIFS('ALL Tube Results'!$C$2:$C199, ">="&A38, 'ALL Tube Results'!$C$2:$C199, "<="&B38, 'ALL Tube Results'!$H$2:$H199, "FLSP") -> 0 | E38: =COUNTIFS('ALL Tube Results'!$C$2:$C199, ">="&A38, 'ALL Tube Results'!$C$2:$C199, "<="&B38, 'ALL Tube Results'!$F$2:$F199, "Positive", 'ALL Tube Results'!$H$2:$H199, "FLSP") -> 0 | F38: =COUNTIFS('ALL Tube Results'!$C$2:$C199, ">="&A38, 'ALL Tube Results'!$C$2:$C199, "<="&B38, 'ALL Tube Results'!$F$2:$F199, "Inconclusive", 'ALL Tube Results'!$H$2:$H199, "FLSP") -> 0 | G38: =IFERROR(E38/D38,IFERROR(0/0,""))
A39: 44431 | B39: 44437 | C39: =SUMIFS('ALL Tube Results'!$G$2:$G199, 'ALL Tube Results'!$C$2:$C199, ">="&A39, 'ALL Tube Results'!$C$2:$C199, "<="&B39, 'ALL Tube Results'!$H$2:$H199, "FLSP") -> 0 | D39: =COUNTIFS('ALL Tube Results'!$C$2:$C199, ">="&A39, 'ALL Tube Results'!$C$2:$C199, "<="&B39, 'ALL Tube Results'!$H$2:$H199, "FLSP") -> 0 | E39: =COUNTIFS('ALL Tube Results'!$C$2:$C199, ">="&A39, 'ALL Tube Results'!$C$2:$C199, "<="&B39, 'ALL Tube Results'!$F$2:$F199, "Positive", 'ALL Tube Results'!$H$2:$H199, "FLSP") -> 0 | F39: =COUNTIFS('ALL Tube Results'!$C$2:$C199, ">="&A39, 'ALL Tube Results'!$C$2:$C199, "<="&B39, 'ALL Tube Results'!$F$2:$F199, "Inconclusive", 'ALL Tube Results'!$H$2:$H199, "FLSP") -> 0 | G39: =IFERROR(E39/D39,IFERROR(0/0,""))
A40: 44438 | B40: 44444 | C40: =SUMIFS('ALL Tube Results'!$G$2:$G199, 'ALL Tube Results'!$C$2:$C199, ">="&A40, 'ALL Tube Results'!$C$2:$C199, "<="&B40, 'ALL Tube Results'!$H$2:$H199, "FLSP") -> 7 | D40: =COUNTIFS('ALL Tube Results'!$C$2:$C199, ">="&A40, 'ALL Tube Results'!$C$2:$C199, "<="&B40, 'ALL Tube Results'!$H$2:$H199, "FLSP") -> 4 | E40: =COUNTIFS('ALL Tube Results'!$C$2:$C199, ">="&A40, 'ALL Tube Results'!$C$2:$C199, "<="&B40, 'ALL Tube Results'!$F$2:$F199, "Positive", 'ALL Tube Results'!$H$2:$H199, "FLSP") -> 0 | F40: =COUNTIFS('ALL Tube Results'!$C$2:$C199, ">="&A40, 'ALL Tube Results'!$C$2:$C199, "<="&B40, 'ALL Tube Results'!$F$2:$F199, "Inconclusive", 'ALL Tube Results'!$H$2:$H199, "FLSP") -> 0 | G40: =IFERROR(E40/D40,IFERROR(0/0,"")) -> 0
A41: 44445 | B41: 44451 | C41: =SUMIFS('ALL Tube Results'!$G$2:$G199, 'ALL Tube Results'!$C$2:$C199, ">="&A41, 'ALL Tube Results'!$C$2:$C199, "<="&B41, 'ALL Tube Results'!$H$2:$H199, "FLSP") -> 4 | D41: =COUNTIFS('ALL Tube Results'!$C$2:$C199, ">="&A41, 'ALL Tube Results'!$C$2:$C199, "<="&B41, 'ALL Tube Results'!$H$2:$H199, "FLSP") -> 2 | E41: =COUNTIFS('ALL Tube Results'!$C$2:$C199, ">="&A41, 'ALL Tube Results'!$C$2:$C199, "<="&B41, 'ALL Tube Results'!$F$2:$F199, "Positive", 'ALL Tube Results'!$H$2:$H199, "FLSP") -> 0 | F41: =COUNTIFS('ALL Tube Results'!$C$2:$C199, ">="&A41, 'ALL Tube Results'!$C$2:$C199, "<="&B41, 'ALL Tube Results'!$F$2:$F199, "Inconclusive", 'ALL Tube Results'!$H$2:$H199, "FLSP") -> 0 | G41: =IFERROR(E41/D41,IFERROR(0/0,"")) -> 0
A42: 44452 | B42: 44458 | C42: =SUMIFS('ALL Tube Results'!$G$2:$G199, 'ALL Tube Results'!$C$2:$C199, ">="&A42, 'ALL Tube Results'!$C$2:$C199, "<="&B42, 'ALL Tube Results'!$H$2:$H199, "FLSP") -> 9 | D42: =COUNTIFS('ALL Tube Results'!$C$2:$C199, ">="&A42, 'ALL Tube Results'!$C$2:$C199, "<="&B42, 'ALL Tube Results'!$H$2:$H199, "FLSP") -> 6 | E42: =COUNTIFS('ALL Tube Results'!$C$2:$C199, ">="&A42, 'ALL Tube Results'!$C$2:$C199, "<="&B42, 'ALL Tube Results'!$F$2:$F199, "Positive", 'ALL Tube Results'!$H$2:$H199, "FLSP") -> 0 | F42: =COUNTIFS('ALL Tube Results'!$C$2:$C199, ">="&A42, 'ALL Tube Results'!$C$2:$C199, "<="&B42, 'ALL Tube Results'!$F$2:$F199, "Inconclusive", 'ALL Tube Results'!$H$2:$H199, "FLSP") -> 0 | G42: =IFERROR(E42/D42,IFERROR(0/0,"")) -> 0
A43: 44459 | B43: 44465 | C43: =SUMIFS('ALL Tube Results'!$G$2:$G199, 'ALL Tube Results'!$C$2:$C199, ">="&A43, 'ALL Tube Results'!$C$2:$C199, "<="&B43, 'ALL Tube Results'!$H$2:$H199, "FLSP") -> 7 | D43: =COUNTIFS('ALL Tube Results'!$C$2:$C199, ">="&A43, 'ALL Tube Results'!$C$2:$C199, "<="&B43, 'ALL Tube Results'!$H$2:$H199, "FLSP") -> 4 | E43: =COUNTIFS('ALL Tube Results'!$C$2:$C199, ">="&A43, 'ALL Tube Results'!$C$2:$C199, "<="&B43, 'ALL Tube Results'!$F$2:$F199, "Positive", 'ALL Tube Results'!$H$2:$H199, "FLSP") -> 0 | F43: =COUNTIFS('ALL Tube Results'!$C$2:$C199, ">="&A43, 'ALL Tube Results'!$C$2:$C199, "<="&B43, 'ALL Tube Results'!$F$2:$F199, "Inconclusive", 'ALL Tube Results'!$H$2:$H199, "FLSP") -> 0 | G43: =IFERROR(E43/D43,IFERROR(0/0,"")) -> 0
A44: 44466 | B44: 44472 | C44: =SUMIFS('ALL Tube Results'!$G$2:$G199, 'ALL Tube Results'!$C$2:$C199, ">="&A44, 'ALL Tube Results'!$C$2:$C199, "<="&B44, 'ALL Tube Results'!$H$2:$H199, "FLSP") -> 0 | D44: =COUNTIFS('ALL Tube Results'!$C$2:$C199, ">="&A44, 'ALL Tube Results'!$C$2:$C199, "<="&B44, 'ALL Tube Results'!$H$2:$H199, "FLSP") -> 0 | E44: =COUNTIFS('ALL Tube Results'!$C$2:$C199, ">="&A44, 'ALL Tube Results'!$C$2:$C199, "<="&B44, 'ALL Tube Results'!$F$2:$F199, "Positive", 'ALL Tube Results'!$H$2:$H199, "FLSP") -> 0 | F44: =COUNTIFS('ALL Tube Results'!$C$2:$C199, ">="&A44, 'ALL Tube Results'!$C$2:$C199, "<="&B44, 'ALL Tube Results'!$F$2:$F199, "Inconclusive", 'ALL Tube Results'!$H$2:$H199, "FLSP") -> 0 | G44: =IFERROR(E44/D44,IFERROR(0/0,""))
A45: 44473 | B45: 44479 | C45: =SUMIFS('ALL Tube Results'!$G$2:$G199, 'ALL Tube Results'!$C$2:$C199, ">="&A45, 'ALL Tube Results'!$C$2:$C199, "<="&B45, 'ALL Tube Results'!$H$2:$H199, "FLSP") -> 10 | D45: =COUNTIFS('ALL Tube Results'!$C$2:$C199, ">="&A45, 'ALL Tube Results'!$C$2:$C199, "<="&B45, 'ALL Tube Results'!$H$2:$H199, "FLSP") -> 7 | E45: =COUNTIFS('ALL Tube Results'!$C$2:$C199, ">="&A45, 'ALL Tube Results'!$C$2:$C199, "<="&B45, 'ALL Tube Results'!$F$2:$F199, "Positive", 'ALL Tube Results'!$H$2:$H199, "FLSP") -> 0 | F45: =COUNTIFS('ALL Tube Results'!$C$2:$C199, ">="&A45, 'ALL Tube Results'!$C$2:$C199, "<="&B45, 'ALL Tube Results'!$F$2:$F199, "Inconclusive", 'ALL Tube Results'!$H$2:$H199, "FLSP") -> 0 | G45: =IFERROR(E45/D45,IFERROR(0/0,"")) -> 0
A46: 44480 | B46: 44486 | C46: =SUMIFS('ALL Tube Results'!$G$2:$G199, 'ALL Tube Results'!$C$2:$C199, ">="&A46, 'ALL Tube Results'!$C$2:$C199, "<="&B46, 'ALL Tube Results'!$H$2:$H199, "FLSP") -> 11 | D46: =COUNTIFS('ALL Tube Results'!$C$2:$C199, ">="&A46, 'ALL Tube Results'!$C$2:$C199, "<="&B46, 'ALL Tube Results'!$H$2:$H199, "FLSP") -> 5 | E46: =COUNTIFS('ALL Tube Results'!$C$2:$C199, ">="&A46, 'ALL Tube Results'!$C$2:$C199, "<="&B46, 'ALL Tube Results'!$F$2:$F199, "Positive", 'ALL Tube Results'!$H$2:$H199, "FLSP") -> 0 | F46: =COUNTIFS('ALL Tube Results'!$C$2:$C199, ">="&A46, 'ALL Tube Results'!$C$2:$C199, "<="&B46, 'ALL Tube Results'!$F$2:$F199, "Inconclusive", 'ALL Tube Results'!$H$2:$H199, "FLSP") -> 0 | G46: =IFERROR(E46/D46,IFERROR(0/0,"")) -> 0
A47: 44487 | B47: 44493 | C47: =SUMIFS('ALL Tube Results'!$G$2:$G199, 'ALL Tube Results'!$C$2:$C199, ">="&A47, 'ALL Tube Results'!$C$2:$C199, "<="&B47, 'ALL Tube Results'!$H$2:$H199, "FLSP") -> 15 | D47: =COUNTIFS('ALL Tube Results'!$C$2:$C199, ">="&A47, 'ALL Tube Results'!$C$2:$C199, "<="&B47, 'ALL Tube Results'!$H$2:$H199, "FLSP") -> 8 | E47: =COUNTIFS('ALL Tube Results'!$C$2:$C199, ">="&A47, 'ALL Tube Results'!$C$2:$C199, "<="&B47, 'ALL Tube Results'!$F$2:$F199, "Positive", 'ALL Tube Results'!$H$2:$H199, "FLSP") -> 0 | F47: =COUNTIFS('ALL Tube Results'!$C$2:$C199, ">="&A47, 'ALL Tube Results'!$C$2:$C199, "<="&B47, 'ALL Tube Results'!$F$2:$F199, "Inconclusive", 'ALL Tube Results'!$H$2:$H199, "FLSP") -> 0 | G47: =IFERROR(E47/D47,IFERROR(0/0,"")) -> 0
A48: 44494 | B48: 44500 | C48: =SUMIFS('ALL Tube Results'!$G$2:$G199, 'ALL Tube Results'!$C$2:$C199, ">="&A48, 'ALL Tube Results'!$C$2:$C199, "<="&B48, 'ALL Tube Results'!$H$2:$H199, "FLSP") -> 2 | D48: =COUNTIFS('ALL Tube Results'!$C$2:$C199, ">="&A48, 'ALL Tube Results'!$C$2:$C199, "<="&B48, 'ALL Tube Results'!$H$2:$H199, "FLSP") -> 2 | E48: =COUNTIFS('ALL Tube Results'!$C$2:$C199, ">="&A48, 'ALL Tube Results'!$C$2:$C199, "<="&B48, 'ALL Tube Results'!$F$2:$F199, "Positive", 'ALL Tube Results'!$H$2:$H199, "FLSP") -> 0 | F48: =COUNTIFS('ALL Tube Results'!$C$2:$C199, ">="&A48, 'ALL Tube Results'!$C$2:$C199, "<="&B48, 'ALL Tube Results'!$F$2:$F199, "Inconclusive", 'ALL Tube Results'!$H$2:$H199, "FLSP") -> 0 | G48: =IFERROR(E48/D48,IFERROR(0/0,"")) -> 0
A49: 44501 | B49: 44507 | C49: =SUMIFS('ALL Tube Results'!$G$2:$G199, 'ALL Tube Results'!$C$2:$C199, ">="&A49, 'ALL Tube Results'!$C$2:$C199, "<="&B49, 'ALL Tube Results'!$H$2:$H199, "FLSP") -> 19 | D49: =COUNTIFS('ALL Tube Results'!$C$2:$C199, ">="&A49, 'ALL Tube Results'!$C$2:$C199, "<="&B49, 'ALL Tube Results'!$H$2:$H199, "FLSP") -> 9 | E49: =COUNTIFS('ALL Tube Results'!$C$2:$C199, ">="&A49, 'ALL Tube Results'!$C$2:$C199, "<="&B49, 'ALL Tube Results'!$F$2:$F199, "Positive", 'ALL Tube Results'!$H$2:$H199, "FLSP") -> 0 | F49: =COUNTIFS('ALL Tube Results'!$C$2:$C199, ">="&A49, 'ALL Tube Results'!$C$2:$C199, "<="&B49, 'ALL Tube Results'!$F$2:$F199, "Inconclusive", 'ALL Tube Results'!$H$2:$H199, "FLSP") -> 0 | G49: =IFERROR(E49/D49,IFERROR(0/0,"")) -> 0
A50: 44508 | B50: 44514 | C50: =SUMIFS('ALL Tube Results'!$G$2:$G199, 'ALL Tube Results'!$C$2:$C199, ">="&A50, 'ALL Tube Results'!$C$2:$C199, "<="&B50, 'ALL Tube Results'!$H$2:$H199, "FLSP") -> 15 | D50: =COUNTIFS('ALL Tube Results'!$C$2:$C199, ">="&A50, 'ALL Tube Results'!$C$2:$C199, "<="&B50, 'ALL Tube Results'!$H$2:$H199, "FLSP") -> 6 | E50: =COUNTIFS('ALL Tube Results'!$C$2:$C199, ">="&A50, 'ALL Tube Results'!$C$2:$C199, "<="&B50, 'ALL Tube Results'!$F$2:$F199, "Positive", 'ALL Tube Results'!$H$2:$H199, "FLSP") -> 0 | F50: =COUNTIFS('ALL Tube Results'!$C$2:$C199, ">="&A50, 'ALL Tube Results'!$C$2:$C199, "<="&B50, 'ALL Tube Results'!$F$2:$F199, "Inconclusive", 'ALL Tube Results'!$H$2:$H199, "FLSP") -> 0 | G50: =IFERROR(E50/D50,IFERROR(0/0,"")) -> 0
A51: 44515 | B51: 44521 | C51: =SUMIFS('ALL Tube Results'!$G$2:$G199, 'ALL Tube Results'!$C$2:$C199, ">="&A51, 'ALL Tube Results'!$C$2:$C199, "<="&B51, 'ALL Tube Results'!$H$2:$H199, "FLSP") -> 15 | D51: =COUNTIFS('ALL Tube Results'!$C$2:$C199, ">="&A51, 'ALL Tube Results'!$C$2:$C199, "<="&B51, 'ALL Tube Results'!$H$2:$H199, "FLSP") -> 6 | E51: =COUNTIFS('ALL Tube Results'!$C$2:$C199, ">="&A51, 'ALL Tube Results'!$C$2:$C199, "<="&B51, 'ALL Tube Results'!$F$2:$F199, "Positive", 'ALL Tube Results'!$H$2:$H199, "FLSP") -> 0 | F51: =COUNTIFS('ALL Tube Results'!$C$2:$C199, ">="&A51, 'ALL Tube Results'!$C$2:$C199, "<="&B51, 'ALL Tube Results'!$F$2:$F199, "Inconclusive", 'ALL Tube Results'!$H$2:$H199, "FLSP") -> 0 | G51: =IFERROR(E51/D51,IFERROR(0/0,"")) -> 0
A52: 44522 | B52: 44528 | C52: =SUMIFS('ALL Tube Results'!$G$2:$G199, 'ALL Tube Results'!$C$2:$C199, ">="&A52, 'ALL Tube Results'!$C$2:$C199, "<="&B52, 'ALL Tube Results'!$H$2:$H199, "FLSP") -> 43 | D52: =COUNTIFS('ALL Tube Results'!$C$2:$C199, ">="&A52, 'ALL Tube Results'!$C$2:$C199, "<="&B52, 'ALL Tube Results'!$H$2:$H199, "FLSP") -> 12 | E52: =COUNTIFS('ALL Tube Results'!$C$2:$C199, ">="&A52, 'ALL Tube Results'!$C$2:$C199, "<="&B52, 'ALL Tube Results'!$F$2:$F199, "Positive", 'ALL Tube Results'!$H$2:$H199, "FLSP") -> 0 | F52: =COUNTIFS('ALL Tube Results'!$C$2:$C199, ">="&A52, 'ALL Tube Results'!$C$2:$C199, "<="&B52, 'ALL Tube Results'!$F$2:$F199, "Inconclusive", 'ALL Tube Results'!$H$2:$H199, "FLSP") -> 0 | G52: =IFERROR(E52/D52,IFERROR(0/0,"")) -> 0
A53: 44529 | B53: 44535 | C53: =SUMIFS('ALL Tube Results'!$G$2:$G199, 'ALL Tube Results'!$C$2:$C199, ">="&A53, 'ALL Tube Results'!$C$2:$C199, "<="&B53, 'ALL Tube Results'!$H$2:$H199, "FLSP") -> 18 | D53: =COUNTIFS('ALL Tube Results'!$C$2:$C199, ">="&A53, 'ALL Tube Results'!$C$2:$C199, "<="&B53, 'ALL Tube Results'!$H$2:$H199, "FLSP") -> 8 | E53: =COUNTIFS('ALL Tube Results'!$C$2:$C199, ">="&A53, 'ALL Tube Results'!$C$2:$C199, "<="&B53, 'ALL Tube Results'!$F$2:$F199, "Positive", 'ALL Tube Results'!$H$2:$H199, "FLSP") -> 0 | F53: =COUNTIFS('ALL Tube Results'!$C$2:$C199, ">="&A53, 'ALL Tube Results'!$C$2:$C199, "<="&B53, 'ALL Tube Results'!$F$2:$F199, "Inconclusive", 'ALL Tube Results'!$H$2:$H199, "FLSP") -> 0 | G53: =IFERROR(E53/D53,IFERROR(0/0,"")) -> 0
A54: 44536 | B54: 44542 | C54: =SUMIFS('ALL Tube Results'!$G$2:$G199, 'ALL Tube Results'!$C$2:$C199, ">="&A54, 'ALL Tube Results'!$C$2:$C199, "<="&B54, 'ALL Tube Results'!$H$2:$H199, "FLSP") -> 39 | D54: =COUNTIFS('ALL Tube Results'!$C$2:$C199, ">="&A54, 'ALL Tube Results'!$C$2:$C199, "<="&B54, 'ALL Tube Results'!$H$2:$H199, "FLSP") -> 19 | E54: =COUNTIFS('ALL Tube Results'!$C$2:$C199, ">="&A54, 'ALL Tube Results'!$C$2:$C199, "<="&B54, 'ALL Tube Results'!$F$2:$F199, "Positive", 'ALL Tube Results'!$H$2:$H199, "FLSP") -> 0 | F54: =COUNTIFS('ALL Tube Results'!$C$2:$C199, ">="&A54, 'ALL Tube Results'!$C$2:$C199, "<="&B54, 'ALL Tube Results'!$F$2:$F199, "Inconclusive", 'ALL Tube Results'!$H$2:$H199, "FLSP") -> 0 | G54: =IFERROR(E54/D54,IFERROR(0/0,"")) -> 0
A55: 44543 | B55: 44549 | C55: =SUMIFS('ALL Tube Results'!$G$2:$G199, 'ALL Tube Results'!$C$2:$C199, ">="&A55, 'ALL Tube Results'!$C$2:$C199, "<="&B55, 'ALL Tube Results'!$H$2:$H199, "FLSP") -> 43 | D55: =COUNTIFS('ALL Tube Results'!$C$2:$C199, ">="&A55, 'ALL Tube Results'!$C$2:$C199, "<="&B55, 'ALL Tube Results'!$H$2:$H199, "FLSP") -> 22 | E55: =COUNTIFS('ALL Tube Results'!$C$2:$C199, ">="&A55, 'ALL Tube Results'!$C$2:$C199, "<="&B55, 'ALL Tube Results'!$F$2:$F199, "Positive", 'ALL Tube Results'!$H$2:$H199, "FLSP") -> 2 | F55: =COUNTIFS('ALL Tube Results'!$C$2:$C199, ">="&A55, 'ALL Tube Results'!$C$2:$C199, "<="&B55, 'ALL Tube Results'!$F$2:$F199, "Inconclusive", 'ALL Tube Results'!$H$2:$H199, "FLSP") -> 0 | G55: =IFERROR(E55/D55,IFERROR(0/0,"")) -> 0.090909091
A56: 44550 | B56: 44556 | C56: =SUMIFS('ALL Tube Results'!$G$2:$G199, 'ALL Tube Results'!$C$2:$C199, ">="&A56, 'ALL Tube Results'!$C$2:$C199, "<="&B56, 'ALL Tube Results'!$H$2:$H199, "FLSP") -> 34 | D56: =COUNTIFS('ALL Tube Results'!$C$2:$C199, ">="&A56, 'ALL Tube Results'!$C$2:$C199, "<="&B56, 'ALL Tube Results'!$H$2:$H199, "FLSP") -> 29 | E56: =COUNTIFS('ALL Tube Results'!$C$2:$C199, ">="&A56, 'ALL Tube Results'!$C$2:$C199, "<="&B56, 'ALL Tube Results'!$F$2:$F199, "Positive", 'ALL Tube Results'!$H$2:$H199, "FLSP") -> 6 | F56: =COUNTIFS('ALL Tube Results'!$C$2:$C199, ">="&A56, 'ALL Tube Results'!$C$2:$C199, "<="&B56, 'ALL Tube Results'!$F$2:$F199, "Inconclusive", 'ALL Tube Results'!$H$2:$H199, "FLSP") -> 0 | G56: =IFERROR(E56/D56,IFERROR(0/0,"")) -> 0.20689655
A57: 44557 | B57: 44563 | C57: =SUMIFS('ALL Tube Results'!$G$2:$G199, 'ALL Tube Results'!$C$2:$C199, ">="&A57, 'ALL Tube Results'!$C$2:$C199, "<="&B57, 'ALL Tube Results'!$H$2:$H199, "FLSP") -> 44 | D57: =COUNTIFS('ALL Tube Results'!$C$2:$C199, ">="&A57, 'ALL Tube Results'!$C$2:$C199, "<="&B57, 'ALL Tube Results'!$H$2:$H199, "FLSP") -> 31 | E57: =COUNTIFS('ALL Tube Results'!$C$2:$C199, ">="&A57, 'ALL Tube Results'!$C$2:$C199, "<="&B57, 'ALL Tube Results'!$F$2:$F199, "Positive", 'ALL Tube Results'!$H$2:$H199, "FLSP") -> 4 | F57: =COUNTIFS('ALL Tube Results'!$C$2:$C199, ">="&A57, 'ALL Tube Results'!$C$2:$C199, "<="&B57, 'ALL Tube Results'!$F$2:$F199, "Inconclusive", 'ALL Tube Results'!$H$2:$H199, "FLSP") -> 0 | G57: =IFERROR(E57/D57,IFERROR(0/0,"")) -> 0.12903226
A58: 44564 | B58: 44570 | C58: =SUMIFS('ALL Tube Results'!$G$2:$G199, 'ALL Tube Results'!$C$2:$C199, ">="&A58, 'ALL Tube Results'!$C$2:$C199, "<="&B58, 'ALL Tube Results'!$H$2:$H199, "FLSP") -> 9 | D58: =COUNTIFS('ALL Tube Results'!$C$2:$C199, ">="&A58, 'ALL Tube Results'!$C$2:$C199, "<="&B58, 'ALL Tube Results'!$H$2:$H199, "FLSP") -> 6 | E58: =COUNTIFS('ALL Tube Results'!$C$2:$C199, ">="&A58, 'ALL Tube Results'!$C$2:$C199, "<="&B58, 'ALL Tube Results'!$F$2:$F199, "Positive", 'ALL Tube Results'!$H$2:$H199, "FLSP") -> 1 | F58: =COUNTIFS('ALL Tube Results'!$C$2:$C199, ">="&A58, 'ALL Tube Results'!$C$2:$C199, "<="&B58, 'ALL Tube Results'!$F$2:$F199, "Inconclusive", 'ALL Tube Results'!$H$2:$H199, "FLSP") -> 0 | G58: =IFERROR(E58/D58,IFERROR(0/0,"")) -> 0.16666667
A59: 44571 | B59: 44577 | C59: =SUMIFS('ALL Tube Results'!$G$2:$G199, 'ALL Tube Results'!$C$2:$C199, ">="&A59, 'ALL Tube Results'!$C$2:$C199, "<="&B59, 'ALL Tube Results'!$H$2:$H199, "FLSP") -> 10 | D59: =COUNTIFS('ALL Tube Results'!$C$2:$C199, ">="&A59, 'ALL Tube Results'!$C$2:$C199, "<="&B59, 'ALL Tube Results'!$H$2:$H199, "FLSP") -> 10 | E59: =COUNTIFS('ALL Tube Results'!$C$2:$C199, ">="&A59, 'ALL Tube Results'!$C$2:$C199, "<="&B59, 'ALL Tube Results'!$F$2:$F199, "Positive", 'ALL Tube Results'!$H$2:$H199, "FLSP") -> 4 | F59: =COUNTIFS('ALL Tube Results'!$C$2:$C199, ">="&A59, 'ALL Tube Results'!$C$2:$C199, "<="&B59, 'ALL Tube Results'!$F$2:$F199, "Inconclusive", 'ALL Tube Results'!$H$2:$H199, "FLSP") -> 0 | G59: =IFERROR(E59/D59,IFERROR(0/0,"")) -> 0.4
A60: 44578 | B60: 44584 | C60: =SUMIFS('ALL Tube Results'!$G$2:$G199, 'ALL Tube Results'!$C$2:$C199, ">="&A60, 'ALL Tube Results'!$C$2:$C199, "<="&B60, 'ALL Tube Results'!$H$2:$H199, "FLSP") -> 15 | D60: =COUNTIFS('ALL Tube Results'!$C$2:$C199, ">="&A60, 'ALL Tube Results'!$C$2:$C199, "<="&B60, 'ALL Tube Results'!$H$2:$H199, "FLSP") -> 15 | E60: =COUNTIFS('ALL Tube Results'!$C$2:$C199, ">="&A60, 'ALL Tube Results'!$C$2:$C199, "<="&B60, 'ALL Tube Results'!$F$2:$F199, "Positive", 'ALL Tube Results'!$H$2:$H199, "FLSP") -> 4 | F60: =COUNTIFS('ALL Tube Results'!$C$2:$C199, ">="&A60, 'ALL Tube Results'!$C$2:$C199, "<="&B60, 'ALL Tube Results'!$F$2:$F199, "Inconclusive", 'ALL Tube Results'!$H$2:$H199, "FLSP") -> 0 | G60: =IFERROR(E60/D60,IFERROR(0/0,"")) -> 0.26666667
A61: 44585 | B61: 44591 | C61: =SUMIFS('ALL Tube Results'!$G$2:$G199, 'ALL Tube Results'!$C$2:$C199, ">="&A61, 'ALL Tube Results'!$C$2:$C199, "<="&B61, 'ALL Tube Results'!$H$2:$H199, "FLSP") -> 4 | D61: =COUNTIFS('ALL Tube Results'!$C$2:$C199, ">="&A61, 'ALL Tube Results'!$C$2:$C199, "<="&B61, 'ALL Tube Results'!$H$2:$H199, "FLSP") -> 3 | E61: =COUNTIFS('ALL Tube Results'!$C$2:$C199, ">="&A61, 'ALL Tube Results'!$C$2:$C199, "<="&B61, 'ALL Tube Results'!$F$2:$F199, "Positive", 'ALL Tube Results'!$H$2:$H199, "FLSP") -> 0 | F61: =COUNTIFS('ALL Tube Results'!$C$2:$C199, ">="&A61, 'ALL Tube Results'!$C$2:$C199, "<="&B61, 'ALL Tube Results'!$F$2:$F199, "Inconclusive", 'ALL Tube Results'!$H$2:$H199, "FLSP") -> 0 | G61: =IFERROR(E61/D61,IFERROR(0/0,"")) -> 0
A62: 44592 | B62: 44598 | C62: =SUMIFS('ALL Tube Results'!$G$2:$G199, 'ALL Tube Results'!$C$2:$C199, ">="&A62, 'ALL Tube Results'!$C$2:$C199, "<="&B62, 'ALL Tube Results'!$H$2:$H199, "FLSP") -> 1 | D62: =COUNTIFS('ALL Tube Results'!$C$2:$C199, ">="&A62, 'ALL Tube Results'!$C$2:$C199, "<="&B62, 'ALL Tube Results'!$H$2:$H199, "FLSP") -> 1 | E62: =COUNTIFS('ALL Tube Results'!$C$2:$C199, ">="&A62, 'ALL Tube Results'!$C$2:$C199, "<="&B62, 'ALL Tube Results'!$F$2:$F199, "Positive", 'ALL Tube Results'!$H$2:$H199, "FLSP") -> 0 | F62: =COUNTIFS('ALL Tube Results'!$C$2:$C199, ">="&A62, 'ALL Tube Results'!$C$2:$C199, "<="&B62, 'ALL Tube Results'!$F$2:$F199, "Inconclusive", 'ALL Tube Results'!$H$2:$H199, "FLSP") -> 0 | G62: =IFERROR(E62/D62,IFERROR(0/0,"")) -> 0
A63: 44599 | B63: 44605 | C63: =SUMIFS('ALL Tube Results'!$G$2:$G199, 'ALL Tube Results'!$C$2:$C199, ">="&A63, 'ALL Tube Results'!$C$2:$C199, "<="&B63, 'ALL Tube Results'!$H$2:$H199, "FLSP") -> 0 | D63: =COUNTIFS('ALL Tube Results'!$C$2:$C199, ">="&A63, 'ALL Tube Results'!$C$2:$C199, "<="&B63, 'ALL Tube Results'!$H$2:$H199, "FLSP") -> 0 | E63: =COUNTIFS('ALL Tube Results'!$C$2:$C199, ">="&A63, 'ALL Tube Results'!$C$2:$C199, "<="&B63, 'ALL Tube Results'!$F$2:$F199, "Positive", 'ALL Tube Results'!$H$2:$H199, "FLSP") -> 0 | F63: =COUNTIFS('ALL Tube Results'!$C$2:$C199, ">="&A63, 'ALL Tube Results'!$C$2:$C199, "<="&B63, 'ALL Tube Results'!$F$2:$F199, "Inconclusive", 'ALL Tube Results'!$H$2:$H199, "FLSP") -> 0 | G63: =IFERROR(E63/D63,IFERROR(0/0,""))
A64: 44606 | B64: 44612 | C64: =SUMIFS('ALL Tube Results'!$G$2:$G199, 'ALL Tube Results'!$C$2:$C199, ">="&A64, 'ALL Tube Results'!$C$2:$C199, "<="&B64, 'ALL Tube Results'!$H$2:$H199, "FLSP") -> 0 | D64: =COUNTIFS('ALL Tube Results'!$C$2:$C199, ">="&A64, 'ALL Tube Results'!$C$2:$C199, "<="&B64, 'ALL Tube Results'!$H$2:$H199, "FLSP") -> 0 | E64: =COUNTIFS('ALL Tube Results'!$C$2:$C199, ">="&A64, 'ALL Tube Results'!$C$2:$C199, "<="&B64, 'ALL Tube Results'!$F$2:$F199, "Positive", 'ALL Tube Results'!$H$2:$H199, "FLSP") -> 0 | F64: =COUNTIFS('ALL Tube Results'!$C$2:$C199, ">="&A64, 'ALL Tube Results'!$C$2:$C199, "<="&B64, 'ALL Tube Results'!$F$2:$F199, "Inconclusive", 'ALL Tube Results'!$H$2:$H199, "FLSP") -> 0 | G64: =IFERROR(E64/D64,IFERROR(0/0,""))
A65: 44613 | B65: 44619 | C65: =SUMIFS('ALL Tube Results'!$G$2:$G199, 'ALL Tube Results'!$C$2:$C199, ">="&A65, 'ALL Tube Results'!$C$2:$C199, "<="&B65, 'ALL Tube Results'!$H$2:$H199, "FLSP") -> 0 | D65: =COUNTIFS('ALL Tube Results'!$C$2:$C199, ">="&A65, 'ALL Tube Results'!$C$2:$C199, "<="&B65, 'ALL Tube Results'!$H$2:$H199, "FLSP") -> 0 | E65: =COUNTIFS('ALL Tube Results'!$C$2:$C199, ">="&A65, 'ALL Tube Results'!$C$2:$C199, "<="&B65, 'ALL Tube Results'!$F$2:$F199, "Positive", 'ALL Tube Results'!$H$2:$H199, "FLSP") -> 0 | F65: =COUNTIFS('ALL Tube Results'!$C$2:$C199, ">="&A65, 'ALL Tube Results'!$C$2:$C199, "<="&B65, 'ALL Tube Results'!$F$2:$F199, "Inconclusive", 'ALL Tube Results'!$H$2:$H199, "FLSP") -> 0 | G65: =IFERROR(E65/D65,IFERROR(0/0,""))
A66: 44620 | B66: 44626 | C66: =SUMIFS('ALL Tube Results'!$G$2:$G199, 'ALL Tube Results'!$C$2:$C199, ">="&A66, 'ALL Tube Results'!$C$2:$C199, "<="&B66, 'ALL Tube Results'!$H$2:$H199, "FLSP") -> 0 | D66: =COUNTIFS('ALL Tube Results'!$C$2:$C199, ">="&A66, 'ALL Tube Results'!$C$2:$C199, "<="&B66, 'ALL Tube Results'!$H$2:$H199, "FLSP") -> 0 | E66: =COUNTIFS('ALL Tube Results'!$C$2:$C199, ">="&A66, 'ALL Tube Results'!$C$2:$C199, "<="&B66, 'ALL Tube Results'!$F$2:$F199, "Positive", 'ALL Tube Results'!$H$2:$H199, "FLSP") -> 0 | F66: =COUNTIFS('ALL Tube Results'!$C$2:$C199, ">="&A66, 'ALL Tube Results'!$C$2:$C199, "<="&B66, 'ALL Tube Results'!$F$2:$F199, "Inconclusive", 'ALL Tube Results'!$H$2:$H199, "FLSP") -> 0 | G66: =IFERROR(E66/D66,IFERROR(0/0,""))
A67: 44627 | B67: 44633 | C67: =SUMIFS('ALL Tube Results'!$G$2:$G199, 'ALL Tube Results'!$C$2:$C199, ">="&A67, 'ALL Tube Results'!$C$2:$C199, "<="&B67, 'ALL Tube Results'!$H$2:$H199, "FLSP") -> 0 | D67: =COUNTIFS('ALL Tube Results'!$C$2:$C199, ">="&A67, 'ALL Tube Results'!$C$2:$C199, "<="&B67, 'ALL Tube Results'!$H$2:$H199, "FLSP") -> 0 | E67: =COUNTIFS('ALL Tube Results'!$C$2:$C199, ">="&A67, 'ALL Tube Results'!$C$2:$C199, "<="&B67, 'ALL Tube Results'!$F$2:$F199, "Positive", 'ALL Tube Results'!$H$2:$H199, "FLSP") -> 0 | F67: =COUNTIFS('ALL Tube Results'!$C$2:$C199, ">="&A67, 'ALL Tube Results'!$C$2:$C199, "<="&B67, 'ALL Tube Results'!$F$2:$F199, "Inconclusive", 'ALL Tube Results'!$H$2:$H199, "FLSP") -> 0 | G67: =IFERROR(E67/D67,IFERROR(0/0,""))
A68: 44634 | B68: 44640 | C68: =SUMIFS('ALL Tube Results'!$G$2:$G199, 'ALL Tube Results'!$C$2:$C199, ">="&A68, 'ALL Tube Results'!$C$2:$C199, "<="&B68, 'ALL Tube Results'!$H$2:$H199, "FLSP") -> 0 | D68: =COUNTIFS('ALL Tube Results'!$C$2:$C199, ">="&A68, 'ALL Tube Results'!$C$2:$C199, "<="&B68, 'ALL Tube Results'!$H$2:$H199, "FLSP") -> 0 | E68: =COUNTIFS('ALL Tube Results'!$C$2:$C199, ">="&A68, 'ALL Tube Results'!$C$2:$C199, "<="&B68, 'ALL Tube Results'!$F$2:$F199, "Positive", 'ALL Tube Results'!$H$2:$H199, "FLSP") -> 0 | F68: =COUNTIFS('ALL Tube Results'!$C$2:$C199, ">="&A68, 'ALL Tube Results'!$C$2:$C199, "<="&B68, 'ALL Tube Results'!$F$2:$F199, "Inconclusive", 'ALL Tube Results'!$H$2:$H199, "FLSP") -> 0 | G68: =IFERROR(E68/D68,IFERROR(0/0,""))
