Workbook

Sheet Referral Tests by Person CRLN
A1: PARTICIPANT FIRSTNAME | B1: PARTICIPANT LASTNAME | C1: PARTICIPANT FULLNAME | D1: PARTICIPANT ID | E1: Referral Match Row | F1: =CONCATENATE(SUM(F2:F83), " Num Sequential Referral Tests") -> 85 Num Sequential Referral Tests | G1: Num FloodLAMP Results Pos or Incl | H1: FloodLAMP Match Row | I1: FloodLAMP Tube ID | J1: Lookup Indiv or Pool? | K1: FloodLAMP Test Result | L1: FloodLAMP Test Date | M1: 1st Referral Test Date | N1: Antigen Neg with Other Positive | O1: Referral Overall Result | P1: 1st Referral Test Type | Q1: 1st Referral Test Result | R1: 2nd Referral Test Type | S1: 2nd Referral Test Result | T1: 3rd Referral Test Type | U1: 3rd Referral Test Result | V1: ID | X1: =CONCATENATE(COUNTIF(X2:X83,TRUE), " Included in APS Pos and Incl?") -> 30 Included in APS Pos and Incl? | Y1: INDIV or +Pool & Antigen | Z1: Antigen Result for FL Pos | AA1: Referral Eval
D2: =IFERROR(__xludf.DUMMYFUNCTION("FILTER('Referral Test Data CRLN'!D2:D100, ('Referral Test Data CRLN'!D2:D100 <> 'Referral Test Data CRLN'!D1:D99)) "),"FLMP858721") -> FLMP858721 | E2: =MATCH(D2,'Referral Test Data CRLN'!D$1:D83,0) -> 2 | F2: =IF(ISBLANK(E3),COUNTA('Referral Test Data CRLN'!D$2:D83)-SUM(F1:F$2),E3-E2) -> 1 | G2: =IFERROR(VLOOKUP(D2,'ALL Pos and Incl IMPORT'!Q$2:U83,5,FALSE),0) -> 1 | I2: FLT1136 | J2: =VLOOKUP(I2,'Pos and Incl IMPORT'!B$2:U$83,20,FALSE) -> INDIV | K2: =IFERROR(__xludf.DUMMYFUNCTION("VLOOKUP(I2,IMPORTRANGE('ALL Pos and Incl IMPORT'!$A$2,""ALL Tube Results!A2:F""),6,FALSE)"),"Positive") -> Positive | L2: =IFERROR(__xludf.DUMMYFUNCTION("VLOOKUP(I2,IMPORTRANGE('ALL Pos and Incl IMPORT'!$A$2,""ALL Tube Results!A2:F""),3,FALSE)"),44567.0) -> 44567 | M2: {=INDEX('Referral Test Data CRLN'!$C$1:$P83,$E2,3)} -> 44924 | N2: NA - Return Test | O2: NA - Return Test | P2: {=INDEX('Referral Test Data CRLN'!$C$1:$P83,$E2,7)} -> Antigen | Q2: {=INDEX('Referral Test Data CRLN'!$C$1:$P83,$E2,9)} -> Positive | R2: {=IF(OR($E2+1<$E3, AND(ISBLANK($E3), ($E2-1)<COUNT(#REF!))), INDEX('Referral Test Data CRLN'!$C$1:$P83,$E2+1,7), IFERROR(0/0,""))} | S2: {=IF(OR($E2+1<$E3, AND(ISBLANK($E3), ($E2-1)<COUNT(#REF!))), INDEX('Referral Test Data CRLN'!$C$1:$P83,$E2+1,9),IFERROR(0/0,""))} | T2: {=IF(OR($E2+2<$E3, AND(ISBLANK($E3), ($E2-1)<COUNT(#REF!))), INDEX('Referral Test Data CRLN'!$C$1:$P83,$E2+2,7),IFERROR(0/0,""))} | U2: {=IF(OR($E2+2<$E3, AND(ISBLANK($E3), ($E2-1)<COUNT(#REF!))), INDEX('Referral Test Data CRLN'!$C$1:$P83,$E2+2,9),IFERROR(0/0,""))} | V2: 1 | X2: TRUE | Y2: NA | AA2: FL test (pos) was test to return after anitgen pos test 8 days prior
D3: =IFERROR(__xludf.DUMMYFUNCTION("""COMPUTED_VALUE"""),"FLMP939793") -> FLMP939793 | E3: {=IFERROR( MATCH(D3, INDIRECT("'Referral Test Data CRLN'!D" & E2 + 1 & ":D"), 0) + E2, MATCH(D3, 'Referral Test Data CRLN'!D3:D83, 0) )} -> 3 | F3: =IF(ISBLANK(E4),COUNTA('Referral Test Data CRLN'!D$2:D83)-SUM(F2:F$2),E4-E3) -> 1 | G3: =IFERROR(VLOOKUP(D3,'ALL Pos and Incl IMPORT'!Q$2:U83,5,FALSE),0) -> 0 | I3: FLB5852 | J3: INDIV | K3: =IFERROR(__xludf.DUMMYFUNCTION("VLOOKUP(I3,IMPORTRANGE('ALL Pos and Incl IMPORT'!$A$2,""ALL Tube Results!A2:F""),6,FALSE)"),"Negative") -> Negative | L3: =IFERROR(__xludf.DUMMYFUNCTION("VLOOKUP(I3,IMPORTRANGE('ALL Pos and Incl IMPORT'!$A$2,""ALL Tube Results!A2:F""),3,FALSE)"),44567.0) -> 44567 | M3: {=INDEX('Referral Test Data CRLN'!$C$1:$P83,$E3,3)} -> 44925 | N3: NA - Return Test | O3: NA - Return Test | P3: {=INDEX('Referral Test Data CRLN'!$C$1:$P83,$E3,7)} -> Antigen | Q3: {=INDEX('Referral Test Data CRLN'!$C$1:$P83,$E3,9)} -> Positive | R3: {=IF(OR($E3+1<$E4, AND(ISBLANK($E4), ($E3-1)<COUNT(#REF!))), INDEX('Referral Test Data CRLN'!$C$1:$P83,$E3+1,7), IFERROR(0/0,""))} | S3: {=IF(OR($E3+1<$E4, AND(ISBLANK($E4), ($E3-1)<COUNT(#REF!))), INDEX('Referral Test Data CRLN'!$C$1:$P83,$E3+1,9),IFERROR(0/0,""))} | T3: {=IF(OR($E3+2<$E4, AND(ISBLANK($E4), ($E3-1)<COUNT(#REF!))), INDEX('Referral Test Data CRLN'!$C$1:$P83,$E3+2,7),IFERROR(0/0,""))} | U3: {=IF(OR($E3+2<$E4, AND(ISBLANK($E4), ($E3-1)<COUNT(#REF!))), INDEX('Referral Test Data CRLN'!$C$1:$P83,$E3+2,9),IFERROR(0/0,""))} | V3: 2 | X3: FL NEG | Y3: NA | AA3: FL test (neg) was test to return after anitgen pos test 7 days prior
D4: =IFERROR(__xludf.DUMMYFUNCTION("""COMPUTED_VALUE"""),"FLMP172687") -> FLMP172687 | E4: {=IFERROR( MATCH(D4, INDIRECT("'Referral Test Data CRLN'!D" & E3 + 1 & ":D"), 0) + E3, MATCH(D4, 'Referral Test Data CRLN'!D4:D83, 0) )} -> 4 | F4: =IF(ISBLANK(E5),COUNTA('Referral Test Data CRLN'!D$2:D83)-SUM(F$2:F3),E5-E4) -> 1 | G4: =IFERROR(VLOOKUP(D4,'ALL Pos and Incl IMPORT'!Q$2:U83,5,FALSE),0) -> 1 | I4: FLB5889 | J4: =VLOOKUP(I4,'Pos and Incl IMPORT'!B$2:U$83,20,FALSE) -> INDIV | K4: =IFERROR(__xludf.DUMMYFUNCTION("VLOOKUP(I4,IMPORTRANGE('ALL Pos and Incl IMPORT'!$A$2,""ALL Tube Results!A2:F""),6,FALSE)"),"Positive") -> Positive | L4: =IFERROR(__xludf.DUMMYFUNCTION("VLOOKUP(I4,IMPORTRANGE('ALL Pos and Incl IMPORT'!$A$2,""ALL Tube Results!A2:F""),3,FALSE)"),44567.0) -> 44567 | M4: {=INDEX('Referral Test Data CRLN'!$C$1:$P83,$E4,3)} -> 44925 | N4: NA - Return Test | O4: NA - Return Test | P4: {=INDEX('Referral Test Data CRLN'!$C$1:$P83,$E4,7)} -> Antigen | Q4: {=INDEX('Referral Test Data CRLN'!$C$1:$P83,$E4,9)} -> Positive | R4: {=IF(OR($E4+1<$E5, AND(ISBLANK($E5), ($E4-1)<COUNT(#REF!))), INDEX('Referral Test Data CRLN'!$C$1:$P83,$E4+1,7), IFERROR(0/0,""))} | S4: {=IF(OR($E4+1<$E5, AND(ISBLANK($E5), ($E4-1)<COUNT(#REF!))), INDEX('Referral Test Data CRLN'!$C$1:$P83,$E4+1,9),IFERROR(0/0,""))} | T4: {=IF(OR($E4+2<$E5, AND(ISBLANK($E5), ($E4-1)<COUNT(#REF!))), INDEX('Referral Test Data CRLN'!$C$1:$P83,$E4+2,7),IFERROR(0/0,""))} | U4: {=IF(OR($E4+2<$E5, AND(ISBLANK($E5), ($E4-1)<COUNT(#REF!))), INDEX('Referral Test Data CRLN'!$C$1:$P83,$E4+2,9),IFERROR(0/0,""))} | V4: 3 | X4: TRUE | Y4: NA | AA4: FL test (pos) was test to return after anitgen pos test 7 days prior
D5: =IFERROR(__xludf.DUMMYFUNCTION("""COMPUTED_VALUE"""),"FLMP549529") -> FLMP549529 | E5: {=IFERROR( MATCH(D5, INDIRECT("'Referral Test Data CRLN'!D" & E4 + 1 & ":D"), 0) + E4, MATCH(D5, 'Referral Test Data CRLN'!D5:D83, 0) )} -> 5 | F5: =IF(ISBLANK(E6),COUNTA('Referral Test Data CRLN'!D$2:D83)-SUM(F$2:F4),E6-E5) -> 1 | G5: =IFERROR(VLOOKUP(D5,'ALL Pos and Incl IMPORT'!Q$2:U83,5,FALSE),0) -> 1 | I5: FLB5830 | J5: =VLOOKUP(I5,'Pos and Incl IMPORT'!B$2:U$83,20,FALSE) -> INDIV | K5: =IFERROR(__xludf.DUMMYFUNCTION("VLOOKUP(I5,IMPORTRANGE('ALL Pos and Incl IMPORT'!$A$2,""ALL Tube Results!A2:F""),6,FALSE)"),"Positive") -> Positive | L5: =IFERROR(__xludf.DUMMYFUNCTION("VLOOKUP(I5,IMPORTRANGE('ALL Pos and Incl IMPORT'!$A$2,""ALL Tube Results!A2:F""),3,FALSE)"),44567.0) -> 44567 | M5: {=INDEX('Referral Test Data CRLN'!$C$1:$P83,$E5,3)} -> 44562 | N5: NA - Return Test | O5: NA - Return Test | P5: {=INDEX('Referral Test Data CRLN'!$C$1:$P83,$E5,7)} -> Antigen | Q5: {=INDEX('Referral Test Data CRLN'!$C$1:$P83,$E5,9)} -> Positive | R5: {=IF(OR($E5+1<$E6, AND(ISBLANK($E6), ($E5-1)<COUNT(#REF!))), INDEX('Referral Test Data CRLN'!$C$1:$P83,$E5+1,7), IFERROR(0/0,""))} | S5: {=IF(OR($E5+1<$E6, AND(ISBLANK($E6), ($E5-1)<COUNT(#REF!))), INDEX('Referral Test Data CRLN'!$C$1:$P83,$E5+1,9),IFERROR(0/0,""))} | T5: {=IF(OR($E5+2<$E6, AND(ISBLANK($E6), ($E5-1)<COUNT(#REF!))), INDEX('Referral Test Data CRLN'!$C$1:$P83,$E5+2,7),IFERROR(0/0,""))} | U5: {=IF(OR($E5+2<$E6, AND(ISBLANK($E6), ($E5-1)<COUNT(#REF!))), INDEX('Referral Test Data CRLN'!$C$1:$P83,$E5+2,9),IFERROR(0/0,""))} | V5: 4 | X5: TRUE | Y5: NA | AA5: FL test (pos) was test to return after anitgen pos test 5 days prior
D6: =IFERROR(__xludf.DUMMYFUNCTION("""COMPUTED_VALUE"""),"FLMP915544") -> FLMP915544 | E6: {=IFERROR( MATCH(D6, INDIRECT("'Referral Test Data CRLN'!D" & E5 + 1 & ":D"), 0) + E5, MATCH(D6, 'Referral Test Data CRLN'!D6:D83, 0) )} -> 6 | F6: =IF(ISBLANK(E7),COUNTA('Referral Test Data CRLN'!D$2:D83)-SUM(F$2:F5),E7-E6) -> 2 | G6: =IFERROR(VLOOKUP(D6,'ALL Pos and Incl IMPORT'!Q$2:U83,5,FALSE),0) -> 0 | I6: FLB6845 | J6: =VLOOKUP(I6,'Pos and Incl IMPORT'!B$2:U$83,20,FALSE) -> POOL | K6: =IFERROR(__xludf.DUMMYFUNCTION("VLOOKUP(I6,IMPORTRANGE('ALL Pos and Incl IMPORT'!$A$2,""ALL Tube Results!A2:F""),6,FALSE)"),"Positive") -> Positive | L6: =IFERROR(__xludf.DUMMYFUNCTION("VLOOKUP(I6,IMPORTRANGE('ALL Pos and Incl IMPORT'!$A$2,""ALL Tube Results!A2:F""),3,FALSE)"),44563.0) -> 44563 | M6: {=INDEX('Referral Test Data CRLN'!$C$1:$P83,$E6,3)} -> 44564 | N6: =IF(AND(EXACT(P6,"Antigen"),EXACT(Q6,"Negative"),OR(EXACT(S6,"Positive"),EXACT(U6,"Positive"))),TRUE,FALSE) -> FALSE | O6: Positive | P6: {=INDEX('Referral Test Data CRLN'!$C$1:$P83,$E6,7)} -> Antigen | Q6: {=INDEX('Referral Test Data CRLN'!$C$1:$P83,$E6,9)} -> Positive | R6: {=IF(OR($E6+1<$E7, AND(ISBLANK($E7), ($E6-1)<COUNT(#REF!))), INDEX('Referral Test Data CRLN'!$C$1:$P83,$E6+1,7), IFERROR(0/0,""))} -> PCR | S6: {=IF(OR($E6+1<$E7, AND(ISBLANK($E7), ($E6-1)<COUNT(#REF!))), INDEX('Referral Test Data CRLN'!$C$1:$P83,$E6+1,9),IFERROR(0/0,""))} -> Positive | T6: {=IF(OR($E6+2<$E7, AND(ISBLANK($E7), ($E6-1)<COUNT(#REF!))), INDEX('Referral Test Data CRLN'!$C$1:$P83,$E6+2,7),IFERROR(0/0,""))} | U6: {=IF(OR($E6+2<$E7, AND(ISBLANK($E7), ($E6-1)<COUNT(#REF!))), INDEX('Referral Test Data CRLN'!$C$1:$P83,$E6+2,9),IFERROR(0/0,""))} | V6: 5 | X6: TRUE | Y6: TRUE | Z6: POS | AA6: Only initial FL positive pool - no indiv deconv
D7: =IFERROR(__xludf.DUMMYFUNCTION("""COMPUTED_VALUE"""),"FLMP652238") -> FLMP652238 | E7: {=IFERROR( MATCH(D7, INDIRECT("'Referral Test Data CRLN'!D" & E6 + 1 & ":D"), 0) + E6, MATCH(D7, 'Referral Test Data CRLN'!D7:D83, 0) )} -> 8 | F7: =IF(ISBLANK(E8),COUNTA('Referral Test Data CRLN'!D$2:D83)-SUM(F$2:F6),E8-E7) -> 2 | G7: =IFERROR(VLOOKUP(D7,'ALL Pos and Incl IMPORT'!Q$2:U83,5,FALSE),0) -> 1 | I7: {=INDEX('Referral Test Data CRLN'!$C$1:$Q83,$E7,15)} -> FLB6845 | J7: =VLOOKUP(I7,'Pos and Incl IMPORT'!B$2:U$83,20,FALSE) -> POOL | K7: =IFERROR(__xludf.DUMMYFUNCTION("VLOOKUP(I7,IMPORTRANGE('ALL Pos and Incl IMPORT'!$A$2,""ALL Tube Results!A2:F""),6,FALSE)"),"Positive") -> Positive | L7: =IFERROR(__xludf.DUMMYFUNCTION("VLOOKUP(I7,IMPORTRANGE('ALL Pos and Incl IMPORT'!$A$2,""ALL Tube Results!A2:F""),3,FALSE)"),44563.0) -> 44563 | M7: {=INDEX('Referral Test Data CRLN'!$C$1:$P83,$E7,3)} -> 44564 | N7: =IF(AND(EXACT(P7,"Antigen"),EXACT(Q7,"Negative"),OR(EXACT(S7,"Positive"),EXACT(U7,"Positive"))),TRUE,FALSE) -> FALSE | O7: =Q7 -> Negative | P7: {=INDEX('Referral Test Data CRLN'!$C$1:$P83,$E7,7)} -> Antigen | Q7: {=INDEX('Referral Test Data CRLN'!$C$1:$P83,$E7,9)} -> Negative | R7: {=IF(OR($E7+1<$E8, AND(ISBLANK($E8), ($E7-1)<COUNT(#REF!))), INDEX('Referral Test Data CRLN'!$C$1:$P83,$E7+1,7), IFERROR(0/0,""))} -> PCR | S7: {=IF(OR($E7+1<$E8, AND(ISBLANK($E8), ($E7-1)<COUNT(#REF!))), INDEX('Referral Test Data CRLN'!$C$1:$P83,$E7+1,9),IFERROR(0/0,""))} -> Negative | T7: {=IF(OR($E7+2<$E8, AND(ISBLANK($E8), ($E7-1)<COUNT(#REF!))), INDEX('Referral Test Data CRLN'!$C$1:$P83,$E7+2,7),IFERROR(0/0,""))} | U7: {=IF(OR($E7+2<$E8, AND(ISBLANK($E8), ($E7-1)<COUNT(#REF!))), INDEX('Referral Test Data CRLN'!$C$1:$P83,$E7+2,9),IFERROR(0/0,""))} | V7: 6 | X7: TRUE | AA7: Only initial FL positive pool - no indiv deconv
D8: =IFERROR(__xludf.DUMMYFUNCTION("""COMPUTED_VALUE"""),"FLMP473007") -> FLMP473007 | E8: {=IFERROR( MATCH(D8, INDIRECT("'Referral Test Data CRLN'!D" & E7 + 1 & ":D"), 0) + E7, MATCH(D8, 'Referral Test Data CRLN'!D8:D83, 0) )} -> 10 | F8: =IF(ISBLANK(E9),COUNTA('Referral Test Data CRLN'!D$2:D83)-SUM(F$2:F7),E9-E8) -> 2 | G8: =IFERROR(VLOOKUP(D8,'ALL Pos and Incl IMPORT'!Q$2:U83,5,FALSE),0) -> 0 | I8: {=INDEX('Referral Test Data CRLN'!$C$1:$Q83,$E8,15)} -> FLB6845 | J8: =VLOOKUP(I8,'Pos and Incl IMPORT'!B$2:U$83,20,FALSE) -> POOL | K8: =IFERROR(__xludf.DUMMYFUNCTION("VLOOKUP(I8,IMPORTRANGE('ALL Pos and Incl IMPORT'!$A$2,""ALL Tube Results!A2:F""),6,FALSE)"),"Positive") -> Positive | L8: =IFERROR(__xludf.DUMMYFUNCTION("VLOOKUP(I8,IMPORTRANGE('ALL Pos and Incl IMPORT'!$A$2,""ALL Tube Results!A2:F""),3,FALSE)"),44563.0) -> 44563 | M8: {=INDEX('Referral Test Data CRLN'!$C$1:$P83,$E8,3)} -> 44564 | N8: =IF(AND(EXACT(P8,"Antigen"),EXACT(Q8,"Negative"),OR(EXACT(S8,"Positive"),EXACT(U8,"Positive"))),TRUE,FALSE) -> FALSE | O8: Positive | P8: {=INDEX('Referral Test Data CRLN'!$C$1:$P83,$E8,7)} -> Antigen | Q8: {=INDEX('Referral Test Data CRLN'!$C$1:$P83,$E8,9)} -> Positive | R8: {=IF(OR($E8+1<$E9, AND(ISBLANK($E9), ($E8-1)<COUNT(#REF!))), INDEX('Referral Test Data CRLN'!$C$1:$P83,$E8+1,7), IFERROR(0/0,""))} -> PCR | S8: {=IF(OR($E8+1<$E9, AND(ISBLANK($E9), ($E8-1)<COUNT(#REF!))), INDEX('Referral Test Data CRLN'!$C$1:$P83,$E8+1,9),IFERROR(0/0,""))} -> Positive | T8: {=IF(OR($E8+2<$E9, AND(ISBLANK($E9), ($E8-1)<COUNT(#REF!))), INDEX('Referral Test Data CRLN'!$C$1:$P83,$E8+2,7),IFERROR(0/0,""))} | U8: {=IF(OR($E8+2<$E9, AND(ISBLANK($E9), ($E8-1)<COUNT(#REF!))), INDEX('Referral Test Data CRLN'!$C$1:$P83,$E8+2,9),IFERROR(0/0,""))} | V8: 7 | X8: TRUE | AA8: Only initial FL positive pool - no indiv deconv
D9: =IFERROR(__xludf.DUMMYFUNCTION("""COMPUTED_VALUE"""),"FLMP776278") -> FLMP776278 | E9: {=IFERROR( MATCH(D9, INDIRECT("'Referral Test Data CRLN'!D" & E8 + 1 & ":D"), 0) + E8, MATCH(D9, 'Referral Test Data CRLN'!D9:D83, 0) )} -> 12 | F9: =IF(ISBLANK(E10),COUNTA('Referral Test Data CRLN'!D$2:D83)-SUM(F$2:F8),E10-E9) -> 3 | G9: =IFERROR(VLOOKUP(D9,'ALL Pos and Incl IMPORT'!Q$2:U83,5,FALSE),0) -> 3 | I9: {=INDEX('Referral Test Data CRLN'!$C$1:$Q83,$E9,15)} -> FLT1433 | J9: =VLOOKUP(I9,'Pos and Incl IMPORT'!B$2:U$83,20,FALSE) -> POOL | K9: =IFERROR(__xludf.DUMMYFUNCTION("VLOOKUP(I9,IMPORTRANGE('ALL Pos and Incl IMPORT'!$A$2,""ALL Tube Results!A2:F""),6,FALSE)"),"Positive") -> Positive | L9: =IFERROR(__xludf.DUMMYFUNCTION("VLOOKUP(I9,IMPORTRANGE('ALL Pos and Incl IMPORT'!$A$2,""ALL Tube Results!A2:F""),3,FALSE)"),44563.0) -> 44563 | M9: {=INDEX('Referral Test Data CRLN'!$C$1:$P83,$E9,3)} -> 44565 | N9: =IF(AND(EXACT(P9,"Antigen"),EXACT(Q9,"Negative"),OR(EXACT(S9,"Positive"),EXACT(U9,"Positive"))),TRUE,FALSE) -> FALSE | O9: Positive | P9: {=INDEX('Referral Test Data CRLN'!$C$1:$P83,$E9,7)} -> Antigen | Q9: {=INDEX('Referral Test Data CRLN'!$C$1:$P83,$E9,9)} -> Positive | R9: {=IF(OR($E9+1<$E10, AND(ISBLANK($E10), ($E9-1)<COUNT(#REF!))), INDEX('Referral Test Data CRLN'!$C$1:$P83,$E9+1,7), IFERROR(0/0,""))} -> PCR | S9: {=IF(OR($E9+1<$E10, AND(ISBLANK($E10), ($E9-1)<COUNT(#REF!))), INDEX('Referral Test Data CRLN'!$C$1:$P83,$E9+1,9),IFERROR(0/0,""))} -> Positive | V9: 8 | X9: TRUE | Y9: NO I FL | AA9: Non-CRLN child that test pos by antigen so no indiv deconv FL test
D10: =IFERROR(__xludf.DUMMYFUNCTION("""COMPUTED_VALUE"""),"FLMP828735") -> FLMP828735 | E10: {=IFERROR( MATCH(D10, INDIRECT("'Referral Test Data CRLN'!D" & E9 + 1 & ":D"), 0) + E9, MATCH(D10, 'Referral Test Data CRLN'!D10:D83, 0) )} -> 15 | F10: =IF(ISBLANK(E11),COUNTA('Referral Test Data CRLN'!D$2:D83)-SUM(F$2:F9),E11-E10) -> 4 | G10: =IFERROR(VLOOKUP(D10,'ALL Pos and Incl IMPORT'!Q$2:U83,5,FALSE),0) -> 3 | I10: {=INDEX('Referral Test Data CRLN'!$C$1:$Q83,$E10,15)} -> FLT1433 | J10: =VLOOKUP(I10,'Pos and Incl IMPORT'!B$2:U$83,20,FALSE) -> POOL | K10: =IFERROR(__xludf.DUMMYFUNCTION("VLOOKUP(I10,IMPORTRANGE('ALL Pos and Incl IMPORT'!$A$2,""ALL Tube Results!A2:F""),6,FALSE)"),"Positive") -> Positive | L10: =IFERROR(__xludf.DUMMYFUNCTION("VLOOKUP(I10,IMPORTRANGE('ALL Pos and Incl IMPORT'!$A$2,""ALL Tube Results!A2:F""),3,FALSE)"),44563.0) -> 44563 | M10: {=INDEX('Referral Test Data CRLN'!$C$1:$P83,$E10,3)} -> 44565 | N10: =IF(AND(EXACT(P10,"Antigen"),EXACT(Q10,"Negative"),OR(EXACT(S10,"Positive"),EXACT(U10,"Positive"))),TRUE,FALSE) -> FALSE | O10: Positive | P10: {=INDEX('Referral Test Data CRLN'!$C$1:$P83,$E10,7)} -> Antigen | Q10: {=INDEX('Referral Test Data CRLN'!$C$1:$P83,$E10,9)} -> Positive | R10: {=IF(OR($E10+1<$E11, AND(ISBLANK($E11), ($E10-1)<COUNT(#REF!))), INDEX('Referral Test Data CRLN'!$C$1:$P83,$E10+1,7), IFERROR(0/0,""))} -> PCR | S10: {=IF(OR($E10+1<$E11, AND(ISBLANK($E11), ($E10-1)<COUNT(#REF!))), INDEX('Referral Test Data CRLN'!$C$1:$P83,$E10+1,9),IFERROR(0/0,""))} -> Positive | V10: 9 | X10: TRUE | Y10: NO I FL | AA10: CRLN child that test pos by antigen so no indiv deconv FL test
D11: =IFERROR(__xludf.DUMMYFUNCTION("""COMPUTED_VALUE"""),"FLMP302189") -> FLMP302189 | E11: {=IFERROR( MATCH(D11, INDIRECT("'Referral Test Data CRLN'!D" & E10 + 1 & ":D"), 0) + E10, MATCH(D11, 'Referral Test Data CRLN'!D11:D83, 0) )} -> 19 | F11: =IF(ISBLANK(E12),COUNTA('Referral Test Data CRLN'!D$2:D83)-SUM(F$2:F10),E12-E11) -> 3 | G11: =IFERROR(VLOOKUP(D11,'ALL Pos and Incl IMPORT'!Q$2:U83,5,FALSE),0) -> 4 | I11: {=INDEX('Referral Test Data CRLN'!$C$1:$Q83,$E11,15)} -> FLT1433 | J11: =VLOOKUP(I11,'Pos and Incl IMPORT'!B$2:U$83,20,FALSE) -> POOL | K11: =IFERROR(__xludf.DUMMYFUNCTION("VLOOKUP(I11,IMPORTRANGE('ALL Pos and Incl IMPORT'!$A$2,""ALL Tube Results!A2:F""),6,FALSE)"),"Positive") -> Positive | L11: =IFERROR(__xludf.DUMMYFUNCTION("VLOOKUP(I11,IMPORTRANGE('ALL Pos and Incl IMPORT'!$A$2,""ALL Tube Results!A2:F""),3,FALSE)"),44563.0) -> 44563 | M11: {=INDEX('Referral Test Data CRLN'!$C$1:$P83,$E11,3)} -> 44563 | N11: =IF(AND(EXACT(P11,"Antigen"),EXACT(Q11,"Negative"),OR(EXACT(S11,"Positive"),EXACT(U11,"Positive"))),TRUE,FALSE) -> TRUE | O11: Positive | P11: {=INDEX('Referral Test Data CRLN'!$C$1:$P83,$E11,7)} -> Antigen | Q11: {=INDEX('Referral Test Data CRLN'!$C$1:$P83,$E11,9)} -> Negative | R11: {=IF(OR($E11+1<$E12, AND(ISBLANK($E12), ($E11-1)<COUNT(#REF!))), INDEX('Referral Test Data CRLN'!$C$1:$P83,$E11+1,7), IFERROR(0/0,""))} -> PCR | S11: {=IF(OR($E11+1<$E12, AND(ISBLANK($E12), ($E11-1)<COUNT(#REF!))), INDEX('Referral Test Data CRLN'!$C$1:$P83,$E11+1,9),IFERROR(0/0,""))} -> Positive | V11: 10 | X11: TRUE | Y11: TRUE | Z11: NEG | AA11: parent tested neg by antigen so did indiv deconv FL test and was pos
D12: =IFERROR(__xludf.DUMMYFUNCTION("""COMPUTED_VALUE"""),"FLMP857562") -> FLMP857562 | E12: {=IFERROR( MATCH(D12, INDIRECT("'Referral Test Data CRLN'!D" & E11 + 1 & ":D"), 0) + E11, MATCH(D12, 'Referral Test Data CRLN'!D12:D83, 0) )} -> 22 | F12: =IF(ISBLANK(E13),COUNTA('Referral Test Data CRLN'!D$2:D83)-SUM(F$2:F11),E13-E12) -> 3 | G12: =IFERROR(VLOOKUP(D12,'ALL Pos and Incl IMPORT'!Q$2:U83,5,FALSE),0) -> 2 | I12: {=INDEX('Referral Test Data CRLN'!$C$1:$Q83,$E12,15)} -> FLT1433 | J12: =VLOOKUP(I12,'Pos and Incl IMPORT'!B$2:U$83,20,FALSE) -> POOL | K12: =IFERROR(__xludf.DUMMYFUNCTION("VLOOKUP(I12,IMPORTRANGE('ALL Pos and Incl IMPORT'!$A$2,""ALL Tube Results!A2:F""),6,FALSE)"),"Positive") -> Positive | L12: =IFERROR(__xludf.DUMMYFUNCTION("VLOOKUP(I12,IMPORTRANGE('ALL Pos and Incl IMPORT'!$A$2,""ALL Tube Results!A2:F""),3,FALSE)"),44563.0) -> 44563 | M12: {=INDEX('Referral Test Data CRLN'!$C$1:$P83,$E12,3)} -> 44563 | N12: =IF(AND(EXACT(P12,"Antigen"),EXACT(Q12,"Negative"),OR(EXACT(S12,"Positive"),EXACT(U12,"Positive"))),TRUE,FALSE) -> TRUE | O12: Positive | P12: {=INDEX('Referral Test Data CRLN'!$C$1:$P83,$E12,7)} -> Antigen | Q12: {=INDEX('Referral Test Data CRLN'!$C$1:$P83,$E12,9)} -> Negative | R12: {=IF(OR($E12+1<$E13, AND(ISBLANK($E13), ($E12-1)<COUNT(#REF!))), INDEX('Referral Test Data CRLN'!$C$1:$P83,$E12+1,7), IFERROR(0/0,""))} -> PCR | S12: {=IF(OR($E12+1<$E13, AND(ISBLANK($E13), ($E12-1)<COUNT(#REF!))), INDEX('Referral Test Data CRLN'!$C$1:$P83,$E12+1,9),IFERROR(0/0,""))} -> Positive | V12: 11 | X12: TRUE | Y12: TRUE | Z12: NEG | AA12: parent tested neg by antigen so did indiv deconv FL test and was pos
D13: =IFERROR(__xludf.DUMMYFUNCTION("""COMPUTED_VALUE"""),"FLMP147333") -> FLMP147333 | E13: {=IFERROR( MATCH(D13, INDIRECT("'Referral Test Data CRLN'!D" & E12 + 1 & ":D"), 0) + E12, MATCH(D13, 'Referral Test Data CRLN'!D13:D83, 0) )} -> 25 | F13: =IF(ISBLANK(E14),COUNTA('Referral Test Data CRLN'!D$2:D83)-SUM(F$2:F12),E14-E13) -> 6 | G13: =IFERROR(VLOOKUP(D13,'ALL Pos and Incl IMPORT'!Q$2:U83,5,FALSE),0) -> 2 | I13: {=INDEX('Referral Test Data CRLN'!$C$1:$Q83,$E13,15)} -> FLT1465 | J13: =VLOOKUP(I13,'Pos and Incl IMPORT'!B$2:U$83,20,FALSE) -> INDIV | K13: =IFERROR(__xludf.DUMMYFUNCTION("VLOOKUP(I13,IMPORTRANGE('ALL Pos and Incl IMPORT'!$A$2,""ALL Tube Results!A2:F""),6,FALSE)"),"Positive") -> Positive | L13: =IFERROR(__xludf.DUMMYFUNCTION("VLOOKUP(I13,IMPORTRANGE('ALL Pos and Incl IMPORT'!$A$2,""ALL Tube Results!A2:F""),3,FALSE)"),44571.0) -> 44571 | M13: 44570 | N13: =IF(AND(EXACT(P13,"Antigen"),EXACT(Q13,"Negative"),OR(EXACT(S13,"Positive"),EXACT(U13,"Positive"))),TRUE,FALSE) -> FALSE | O13: Positive | P13: Antigen | Q13: Positive | R13: PCR | S13: Positive | V13: 12 | X13: TRUE | Y13: =AND(OR(EXACT("Antigen",P13),EXACT("Antigen",R13),EXACT("Antigen",T13)),EXACT(J13,"INDIV")) -> TRUE | Z13: POS | AA13: known pos that tested pos by FL - not sure if they told us about antigen result before FL test
D14: =IFERROR(__xludf.DUMMYFUNCTION("""COMPUTED_VALUE"""),"FLMP601970") -> FLMP601970 | E14: {=IFERROR( MATCH(D14, INDIRECT("'Referral Test Data CRLN'!D" & E13 + 1 & ":D"), 0) + E13, MATCH(D14, 'Referral Test Data CRLN'!D14:D83, 0) )} -> 31 | F14: =IF(ISBLANK(E15),COUNTA('Referral Test Data CRLN'!D$2:D83)-SUM(F$2:F13),E15-E14) -> 1 | G14: =IFERROR(VLOOKUP(D14,'ALL Pos and Incl IMPORT'!Q$2:U83,5,FALSE),0) -> 1 | I14: {=INDEX('Referral Test Data CRLN'!$C$1:$Q83,$E14,15)} -> FLT1129 | J14: =VLOOKUP(I14,'Pos and Incl IMPORT'!B$2:U$83,20,FALSE) -> INDIV | K14: =IFERROR(__xludf.DUMMYFUNCTION("VLOOKUP(I14,IMPORTRANGE('ALL Pos and Incl IMPORT'!$A$2,""ALL Tube Results!A2:F""),6,FALSE)"),"Positive") -> Positive | L14: =IFERROR(__xludf.DUMMYFUNCTION("VLOOKUP(I14,IMPORTRANGE('ALL Pos and Incl IMPORT'!$A$2,""ALL Tube Results!A2:F""),3,FALSE)"),44578.0) -> 44578 | M14: {=INDEX('Referral Test Data CRLN'!$C$1:$P83,$E14,3)} -> 44579 | N14: =IF(AND(EXACT(P14,"Antigen"),EXACT(Q14,"Negative"),OR(EXACT(S14,"Positive"),EXACT(U14,"Positive"))),TRUE,FALSE) -> FALSE | O14: =Q14 -> Positive | P14: {=INDEX('Referral Test Data CRLN'!$C$1:$P83,$E14,7)} -> Antigen | Q14: {=INDEX('Referral Test Data CRLN'!$C$1:$P83,$E14,9)} -> Positive | R14: {=IF(OR($E14+1<$E15, AND(ISBLANK($E15), ($E14-1)<COUNT(#REF!))), INDEX('Referral Test Data CRLN'!$C$1:$P83,$E14+1,7), IFERROR(0/0,""))} | S14: {=IF(OR($E14+1<$E15, AND(ISBLANK($E15), ($E14-1)<COUNT(#REF!))), INDEX('Referral Test Data CRLN'!$C$1:$P83,$E14+1,9),IFERROR(0/0,""))} | T14: {=IF(OR($E14+2<$E15, AND(ISBLANK($E15), ($E14-1)<COUNT(#REF!))), INDEX('Referral Test Data CRLN'!$C$1:$P83,$E14+2,7),IFERROR(0/0,""))} | U14: {=IF(OR($E14+2<$E15, AND(ISBLANK($E15), ($E14-1)<COUNT(#REF!))), INDEX('Referral Test Data CRLN'!$C$1:$P83,$E14+2,9),IFERROR(0/0,""))} | V14: 13 | X14: TRUE | Y14: NO I FL | AA14: this was a later return test - the CRLN child did not test on 1-10 with parents
D15: =IFERROR(__xludf.DUMMYFUNCTION("""COMPUTED_VALUE"""),"FLMP330127") -> FLMP330127 | E15: {=IFERROR( MATCH(D15, INDIRECT("'Referral Test Data CRLN'!D" & E14 + 1 & ":D"), 0) + E14, MATCH(D15, 'Referral Test Data CRLN'!D15:D83, 0) )} -> 32 | F15: =IF(ISBLANK(E16),COUNTA('Referral Test Data CRLN'!D$2:D83)-SUM(F$2:F14),E16-E15) -> 4 | G15: =IFERROR(VLOOKUP(D15,'ALL Pos and Incl IMPORT'!Q$2:U83,5,FALSE),0) -> 2 | I15: {=INDEX('Referral Test Data CRLN'!$C$1:$Q83,$E15,15)} -> FLT1400 | J15: =VLOOKUP(I15,'Pos and Incl IMPORT'!B$2:U$83,20,FALSE) -> INDIV | K15: =IFERROR(__xludf.DUMMYFUNCTION("VLOOKUP(I15,IMPORTRANGE('ALL Pos and Incl IMPORT'!$A$2,""ALL Tube Results!A2:F""),6,FALSE)"),"Positive") -> Positive | L15: =IFERROR(__xludf.DUMMYFUNCTION("VLOOKUP(I15,IMPORTRANGE('ALL Pos and Incl IMPORT'!$A$2,""ALL Tube Results!A2:F""),3,FALSE)"),44571.0) -> 44571 | M15: 44568 | N15: =IF(AND(EXACT(P15,"Antigen"),EXACT(Q15,"Negative"),OR(EXACT(S15,"Positive"),EXACT(U15,"Positive"))),TRUE,FALSE) -> FALSE | O15: =S15 -> Positive | P15: Antigen | Q15: Positive | R15: PCR | S15: Positive | V15: 14 | X15: TRUE | Y15: =AND(OR(EXACT("Antigen",P15),EXACT("Antigen",R15),EXACT("Antigen",T15)),EXACT(J15,"INDIV")) -> TRUE | Z15: POS | AA15: known pos that tested pos by FL - not sure if they told us about antigen result before FL test
D16: =IFERROR(__xludf.DUMMYFUNCTION("""COMPUTED_VALUE"""),"FLMP969044") -> FLMP969044 | E16: {=IFERROR( MATCH(D16, INDIRECT("'Referral Test Data CRLN'!D" & E15 + 1 & ":D"), 0) + E15, MATCH(D16, 'Referral Test Data CRLN'!D16:D83, 0) )} -> 36 | F16: =IF(ISBLANK(E17),COUNTA('Referral Test Data CRLN'!D$2:D83)-SUM(F$2:F15),E17-E16) -> 1 | G16: =IFERROR(VLOOKUP(D16,'ALL Pos and Incl IMPORT'!Q$2:U83,5,FALSE),0) -> 0 | I16: {=INDEX('Referral Test Data CRLN'!$C$1:$Q83,$E16,15)} -> FLT1161 | J16: =VLOOKUP(I16,'Pos and Incl IMPORT'!B$2:U$83,20,FALSE) -> POOL | K16: =IFERROR(__xludf.DUMMYFUNCTION("VLOOKUP(I16,IMPORTRANGE('ALL Pos and Incl IMPORT'!$A$2,""ALL Tube Results!A2:F""),6,FALSE)"),"Positive") -> Positive | L16: =IFERROR(__xludf.DUMMYFUNCTION("VLOOKUP(I16,IMPORTRANGE('ALL Pos and Incl IMPORT'!$A$2,""ALL Tube Results!A2:F""),3,FALSE)"),44571.0) -> 44571 | M16: {=INDEX('Referral Test Data CRLN'!$C$1:$P83,$E16,3)} -> 44573 | N16: =IF(AND(EXACT(P16,"Antigen"),EXACT(Q16,"Negative"),OR(EXACT(S16,"Positive"),EXACT(U16,"Positive"))),TRUE,FALSE) -> FALSE | O16: =Q16 -> Negative | P16: {=INDEX('Referral Test Data CRLN'!$C$1:$P83,$E16,7)} -> PCR | Q16: {=INDEX('Referral Test Data CRLN'!$C$1:$P83,$E16,9)} -> Negative | R16: {=IF(OR($E16+1<$E17, AND(ISBLANK($E17), ($E16-1)<COUNT(#REF!))), INDEX('Referral Test Data CRLN'!$C$1:$P83,$E16+1,7), IFERROR(0/0,""))} | S16: {=IF(OR($E16+1<$E17, AND(ISBLANK($E17), ($E16-1)<COUNT(#REF!))), INDEX('Referral Test Data CRLN'!$C$1:$P83,$E16+1,9),IFERROR(0/0,""))} | T16: {=IF(OR($E16+2<$E17, AND(ISBLANK($E17), ($E16-1)<COUNT(#REF!))), INDEX('Referral Test Data CRLN'!$C$1:$P83,$E16+2,7),IFERROR(0/0,""))} | U16: {=IF(OR($E16+2<$E17, AND(ISBLANK($E17), ($E16-1)<COUNT(#REF!))), INDEX('Referral Test Data CRLN'!$C$1:$P83,$E16+2,9),IFERROR(0/0,""))} | V16: 15 | X16: TRUE | Y16: =AND(OR(EXACT("Antigen",P16),EXACT("Antigen",R16),EXACT("Antigen",T16)),EXACT(J16,"INDIV")) -> FALSE | AA16: FL pos pool of 3 in morning then indiv deconvl with FL and this person was neg along with one other both by PCR, and 3rd pool person was PCR pos
D17: =IFERROR(__xludf.DUMMYFUNCTION("""COMPUTED_VALUE"""),"FLMP887888") -> FLMP887888 | E17: {=IFERROR( MATCH(D17, INDIRECT("'Referral Test Data CRLN'!D" & E16 + 1 & ":D"), 0) + E16, MATCH(D17, 'Referral Test Data CRLN'!D17:D83, 0) )} -> 37 | F17: =IF(ISBLANK(E18),COUNTA('Referral Test Data CRLN'!D$2:D83)-SUM(F$2:F16),E18-E17) -> 4 | G17: =IFERROR(VLOOKUP(D17,'ALL Pos and Incl IMPORT'!Q$2:U83,5,FALSE),0) -> 2 | I17: {=INDEX('Referral Test Data CRLN'!$C$1:$Q83,$E17,15)} -> FLT1161 | J17: =VLOOKUP(I17,'Pos and Incl IMPORT'!B$2:U$83,20,FALSE) -> POOL | K17: =IFERROR(__xludf.DUMMYFUNCTION("VLOOKUP(I17,IMPORTRANGE('ALL Pos and Incl IMPORT'!$A$2,""ALL Tube Results!A2:F""),6,FALSE)"),"Positive") -> Positive | L17: =IFERROR(__xludf.DUMMYFUNCTION("VLOOKUP(I17,IMPORTRANGE('ALL Pos and Incl IMPORT'!$A$2,""ALL Tube Results!A2:F""),3,FALSE)"),44571.0) -> 44571 | M17: {=INDEX('Referral Test Data CRLN'!$C$1:$P83,$E17,3)} -> 44565 | N17: =IF(AND(EXACT(P17,"Antigen"),EXACT(Q17,"Negative"),OR(EXACT(S17,"Positive"),EXACT(U17,"Positive"))),TRUE,FALSE) -> FALSE | O17: =Q17 -> Positive | P17: PCR | Q17: Positive | V17: 16 | X17: TRUE | Y17: =AND(OR(EXACT("Antigen",P17),EXACT("Antigen",R17),EXACT("Antigen",T17)),EXACT(J17,"INDIV")) -> FALSE | AA17: FL pos pool of 3 in morning then indiv deconvl with FL and only this person was pos (other 2 FL and the referral PCR neg) - ignore neg antigen tests for analysis because they were 6 days before and 5 days after FL tests
D18: =IFERROR(__xludf.DUMMYFUNCTION("""COMPUTED_VALUE"""),"FLMP876455") -> FLMP876455 | E18: {=IFERROR( MATCH(D18, INDIRECT("'Referral Test Data CRLN'!D" & E17 + 1 & ":D"), 0) + E17, MATCH(D18, 'Referral Test Data CRLN'!D18:D83, 0) )} -> 41 | F18: =IF(ISBLANK(E19),COUNTA('Referral Test Data CRLN'!D$2:D83)-SUM(F$2:F17),E19-E18) -> 1 | G18: =IFERROR(VLOOKUP(D18,'ALL Pos and Incl IMPORT'!Q$2:U83,5,FALSE),0) -> 0 | I18: {=INDEX('Referral Test Data CRLN'!$C$1:$Q83,$E18,15)} -> FLT1161 | J18: =VLOOKUP(I18,'Pos and Incl IMPORT'!B$2:U$83,20,FALSE) -> POOL | K18: =IFERROR(__xludf.DUMMYFUNCTION("VLOOKUP(I18,IMPORTRANGE('ALL Pos and Incl IMPORT'!$A$2,""ALL Tube Results!A2:F""),6,FALSE)"),"Positive") -> Positive | L18: =IFERROR(__xludf.DUMMYFUNCTION("VLOOKUP(I18,IMPORTRANGE('ALL Pos and Incl IMPORT'!$A$2,""ALL Tube Results!A2:F""),3,FALSE)"),44571.0) -> 44571 | M18: {=INDEX('Referral Test Data CRLN'!$C$1:$P83,$E18,3)} -> 44573 | N18: =IF(AND(EXACT(P18,"Antigen"),EXACT(Q18,"Negative"),OR(EXACT(S18,"Positive"),EXACT(U18,"Positive"))),TRUE,FALSE) -> FALSE | O18: =Q18 -> Negative | P18: {=INDEX('Referral Test Data CRLN'!$C$1:$P83,$E18,7)} -> PCR | Q18: {=INDEX('Referral Test Data CRLN'!$C$1:$P83,$E18,9)} -> Negative | R18: {=IF(OR($E18+1<$E19, AND(ISBLANK($E19), ($E18-1)<COUNT(#REF!))), INDEX('Referral Test Data CRLN'!$C$1:$P83,$E18+1,7), IFERROR(0/0,""))} | S18: {=IF(OR($E18+1<$E19, AND(ISBLANK($E19), ($E18-1)<COUNT(#REF!))), INDEX('Referral Test Data CRLN'!$C$1:$P83,$E18+1,9),IFERROR(0/0,""))} | T18: {=IF(OR($E18+2<$E19, AND(ISBLANK($E19), ($E18-1)<COUNT(#REF!))), INDEX('Referral Test Data CRLN'!$C$1:$P83,$E18+2,7),IFERROR(0/0,""))} | U18: {=IF(OR($E18+2<$E19, AND(ISBLANK($E19), ($E18-1)<COUNT(#REF!))), INDEX('Referral Test Data CRLN'!$C$1:$P83,$E18+2,9),IFERROR(0/0,""))} | V18: 17 | X18: TRUE | Y18: =AND(OR(EXACT("Antigen",P18),EXACT("Antigen",R18),EXACT("Antigen",T18)),EXACT(J18,"INDIV")) -> FALSE | AA18: FL pos pool of 3 in morning then indiv deconvl with FL and this person was neg along with one other both by PCR, and 3rd pool person was PCR pos
D19: =IFERROR(__xludf.DUMMYFUNCTION("""COMPUTED_VALUE"""),"FLMP472803") -> FLMP472803 | E19: {=IFERROR( MATCH(D19, INDIRECT("'Referral Test Data CRLN'!D" & E18 + 1 & ":D"), 0) + E18, MATCH(D19, 'Referral Test Data CRLN'!D19:D83, 0) )} -> 42 | F19: =IF(ISBLANK(E20),COUNTA('Referral Test Data CRLN'!D$2:D83)-SUM(F$2:F18),E20-E19) -> 7 | G19: =IFERROR(VLOOKUP(D19,'ALL Pos and Incl IMPORT'!Q$2:U83,5,FALSE),0) -> 1 | I19: MA57 | J19: INDIV | K19: =IFERROR(__xludf.DUMMYFUNCTION("VLOOKUP(I19,IMPORTRANGE('ALL Pos and Incl IMPORT'!$A$2,""ALL Tube Results!A2:F""),6,FALSE)"),"Negative") -> Negative | L19: =IFERROR(__xludf.DUMMYFUNCTION("VLOOKUP(I19,IMPORTRANGE('ALL Pos and Incl IMPORT'!$A$2,""ALL Tube Results!A2:F""),3,FALSE)"),44683.0) -> 44683 | M19: {=INDEX('Referral Test Data CRLN'!$C$1:$P83,$E19,3)} -> 44683 | N19: =IF(AND(EXACT(P19,"Antigen"),EXACT(Q19,"Negative"),OR(EXACT(S19,"Positive"),EXACT(U19,"Positive"))),TRUE,FALSE) -> FALSE | O19: =Q19 -> Negative | P19: {=INDEX('Referral Test Data CRLN'!$C$1:$P83,$E19,7)} -> PCR | Q19: {=INDEX('Referral Test Data CRLN'!$C$1:$P83,$E19,9)} -> Negative | R19: {=IF(OR($E19+1<$E20, AND(ISBLANK($E20), ($E19-1)<COUNT(#REF!))), INDEX('Referral Test Data CRLN'!$C$1:$P83,$E19+1,7), IFERROR(0/0,""))} -> Antigen | S19: {=IF(OR($E19+1<$E20, AND(ISBLANK($E20), ($E19-1)<COUNT(#REF!))), INDEX('Referral Test Data CRLN'!$C$1:$P83,$E19+1,9),IFERROR(0/0,""))} -> Negative | T19: {=IF(OR($E19+2<$E20, AND(ISBLANK($E20), ($E19-1)<COUNT(#REF!))), INDEX('Referral Test Data CRLN'!$C$1:$P83,$E19+2,7),IFERROR(0/0,""))} -> Antigen | U19: {=IF(OR($E19+2<$E20, AND(ISBLANK($E20), ($E19-1)<COUNT(#REF!))), INDEX('Referral Test Data CRLN'!$C$1:$P83,$E19+2,9),IFERROR(0/0,""))} -> Negative | V19: 18 | X19: TRUE | Y19: TRUE | AA19: FL pos pool of 3 in morning then indiv deconvl with FL and this person was neg but there was 1 FL deconv pos that was confirmed by PCR (neg by antigen initally then pos 2 days later)
D20: =IFERROR(__xludf.DUMMYFUNCTION("""COMPUTED_VALUE"""),"FLMP687722") -> FLMP687722 | E20: {=IFERROR( MATCH(D20, INDIRECT("'Referral Test Data CRLN'!D" & E19 + 1 & ":D"), 0) + E19, MATCH(D20, 'Referral Test Data CRLN'!D20:D83, 0) )} -> 49 | F20: =IF(ISBLANK(E21),COUNTA('Referral Test Data CRLN'!D$2:D83)-SUM(F$2:F19),E21-E20) -> 8 | G20: =IFERROR(VLOOKUP(D20,'ALL Pos and Incl IMPORT'!Q$2:U83,5,FALSE),0) -> 2 | I20: MA108 | J20: =VLOOKUP(I20,'Pos and Incl IMPORT'!B$2:U$83,20,FALSE) -> INDIV | K20: =IFERROR(__xludf.DUMMYFUNCTION("VLOOKUP(I20,IMPORTRANGE('ALL Pos and Incl IMPORT'!$A$2,""ALL Tube Results!A2:F""),6,FALSE)"),"Positive") -> Positive | L20: =IFERROR(__xludf.DUMMYFUNCTION("VLOOKUP(I20,IMPORTRANGE('ALL Pos and Incl IMPORT'!$A$2,""ALL Tube Results!A2:F""),3,FALSE)"),44683.0) -> 44683 | M20: {=INDEX('Referral Test Data CRLN'!$C$1:$P83,$E20,3)} -> 44683 | N20: TRUE | O20: =S20 -> Positive | P20: {=INDEX('Referral Test Data CRLN'!$C$1:$P83,$E20,7)} -> Antigen | Q20: {=INDEX('Referral Test Data CRLN'!$C$1:$P83,$E20,9)} -> Negative | R20: {=IF(OR($E20+1<$E21, AND(ISBLANK($E21), ($E20-1)<COUNT(#REF!))), INDEX('Referral Test Data CRLN'!$C$1:$P83,$E20+1,7), IFERROR(0/0,""))} -> PCR | S20: {=IF(OR($E20+1<$E21, AND(ISBLANK($E21), ($E20-1)<COUNT(#REF!))), INDEX('Referral Test Data CRLN'!$C$1:$P83,$E20+1,9),IFERROR(0/0,""))} -> Positive | T20: {=IF(OR($E20+2<$E21, AND(ISBLANK($E21), ($E20-1)<COUNT(#REF!))), INDEX('Referral Test Data CRLN'!$C$1:$P83,$E20+2,7),IFERROR(0/0,""))} -> Antigen | U20: {=IF(OR($E20+2<$E21, AND(ISBLANK($E21), ($E20-1)<COUNT(#REF!))), INDEX('Referral Test Data CRLN'!$C$1:$P83,$E20+2,9),IFERROR(0/0,""))} -> Positive | V20: 19 | X20: TRUE | Y20: TRUE | Z20: NEG | AA20: FL pos pool of 3 in morning then indiv deconvl with FL and this person was pos that was confirmed by PCR (neg by antigen initally then pos 2 days later) - other 3 in pool neg by PCR and antigen
D21: =IFERROR(__xludf.DUMMYFUNCTION("""COMPUTED_VALUE"""),"FLMP464138") -> FLMP464138 | E21: {=IFERROR( MATCH(D21, INDIRECT("'Referral Test Data CRLN'!D" & E20 + 1 & ":D"), 0) + E20, MATCH(D21, 'Referral Test Data CRLN'!D21:D83, 0) )} -> 57 | F21: =IF(ISBLANK(E22),COUNTA('Referral Test Data CRLN'!D$2:D83)-SUM(F$2:F20),E22-E21) -> 7 | G21: =IFERROR(VLOOKUP(D21,'ALL Pos and Incl IMPORT'!Q$2:U83,5,FALSE),0) -> 0 | I21: MA82 | J21: INDIV | K21: =IFERROR(__xludf.DUMMYFUNCTION("VLOOKUP(I21,IMPORTRANGE('ALL Pos and Incl IMPORT'!$A$2,""ALL Tube Results!A2:F""),6,FALSE)"),"Negative") -> Negative | L21: =IFERROR(__xludf.DUMMYFUNCTION("VLOOKUP(I21,IMPORTRANGE('ALL Pos and Incl IMPORT'!$A$2,""ALL Tube Results!A2:F""),3,FALSE)"),44683.0) -> 44683 | M21: {=INDEX('Referral Test Data CRLN'!$C$1:$P83,$E21,3)} -> 44683 | N21: =IF(AND(EXACT(P21,"Antigen"),EXACT(Q21,"Negative"),OR(EXACT(S21,"Positive"),EXACT(U21,"Positive"))),TRUE,FALSE) -> FALSE | O21: =Q21 -> Negative | P21: {=INDEX('Referral Test Data CRLN'!$C$1:$P83,$E21,7)} -> PCR | Q21: {=INDEX('Referral Test Data CRLN'!$C$1:$P83,$E21,9)} -> Negative | R21: {=IF(OR($E21+1<$E22, AND(ISBLANK($E22), ($E21-1)<COUNT(#REF!))), INDEX('Referral Test Data CRLN'!$C$1:$P83,$E21+1,7), IFERROR(0/0,""))} -> Antigen | S21: {=IF(OR($E21+1<$E22, AND(ISBLANK($E22), ($E21-1)<COUNT(#REF!))), INDEX('Referral Test Data CRLN'!$C$1:$P83,$E21+1,9),IFERROR(0/0,""))} -> Negative | T21: {=IF(OR($E21+2<$E22, AND(ISBLANK($E22), ($E21-1)<COUNT(#REF!))), INDEX('Referral Test Data CRLN'!$C$1:$P83,$E21+2,7),IFERROR(0/0,""))} -> Antigen | U21: {=IF(OR($E21+2<$E22, AND(ISBLANK($E22), ($E21-1)<COUNT(#REF!))), INDEX('Referral Test Data CRLN'!$C$1:$P83,$E21+2,9),IFERROR(0/0,""))} -> Negative | V21: 20 | X21: TRUE | Y21: TRUE | AA21: FL pos pool of 3 in morning then indiv deconvl with FL and this person was neg but there was 1 FL deconv pos that was confirmed by PCR (neg by antigen initally then pos 2 days later)
D22: =IFERROR(__xludf.DUMMYFUNCTION("""COMPUTED_VALUE"""),"FLMP132170") -> FLMP132170 | E22: {=IFERROR( MATCH(D22, INDIRECT("'Referral Test Data CRLN'!D" & E21 + 1 & ":D"), 0) + E21, MATCH(D22, 'Referral Test Data CRLN'!D22:D83, 0) )} -> 64 | F22: =IF(ISBLANK(E23),COUNTA('Referral Test Data CRLN'!D$2:D83)-SUM(F$2:F21),E23-E22) -> 7 | G22: =IFERROR(VLOOKUP(D22,'ALL Pos and Incl IMPORT'!Q$2:U83,5,FALSE),0) -> 0 | I22: MA100A | J22: INDIV | K22: =IFERROR(__xludf.DUMMYFUNCTION("VLOOKUP(I22,IMPORTRANGE('ALL Pos and Incl IMPORT'!$A$2,""ALL Tube Results!A2:F""),6,FALSE)"),"Negative") -> Negative | L22: =IFERROR(__xludf.DUMMYFUNCTION("VLOOKUP(I22,IMPORTRANGE('ALL Pos and Incl IMPORT'!$A$2,""ALL Tube Results!A2:F""),3,FALSE)"),44683.0) -> 44683 | M22: {=INDEX('Referral Test Data CRLN'!$C$1:$P83,$E22,3)} -> 44683 | N22: =IF(AND(EXACT(P22,"Antigen"),EXACT(Q22,"Negative"),OR(EXACT(S22,"Positive"),EXACT(U22,"Positive"))),TRUE,FALSE) -> FALSE | O22: =Q22 -> Negative | P22: {=INDEX('Referral Test Data CRLN'!$C$1:$P83,$E22,7)} -> PCR | Q22: {=INDEX('Referral Test Data CRLN'!$C$1:$P83,$E22,9)} -> Negative | R22: {=IF(OR($E22+1<$E23, AND(ISBLANK($E23), ($E22-1)<COUNT(#REF!))), INDEX('Referral Test Data CRLN'!$C$1:$P83,$E22+1,7), IFERROR(0/0,""))} -> Antigen | S22: {=IF(OR($E22+1<$E23, AND(ISBLANK($E23), ($E22-1)<COUNT(#REF!))), INDEX('Referral Test Data CRLN'!$C$1:$P83,$E22+1,9),IFERROR(0/0,""))} -> Negative | T22: {=IF(OR($E22+2<$E23, AND(ISBLANK($E23), ($E22-1)<COUNT(#REF!))), INDEX('Referral Test Data CRLN'!$C$1:$P83,$E22+2,7),IFERROR(0/0,""))} -> Antigen | U22: {=IF(OR($E22+2<$E23, AND(ISBLANK($E23), ($E22-1)<COUNT(#REF!))), INDEX('Referral Test Data CRLN'!$C$1:$P83,$E22+2,9),IFERROR(0/0,""))} -> Negative | V22: 21 | X22: TRUE | Y22: TRUE | AA22: FL pos pool of 3 in morning then indiv deconvl with FL and this person was neg but there was 1 FL deconv pos that was confirmed by PCR (neg by antigen initally then pos 2 days later)
D23: =IFERROR(__xludf.DUMMYFUNCTION("""COMPUTED_VALUE"""),"FLMP552537") -> FLMP552537 | E23: {=IFERROR( MATCH(D23, INDIRECT("'Referral Test Data CRLN'!D" & E22 + 1 & ":D"), 0) + E22, MATCH(D23, 'Referral Test Data CRLN'!D23:D83, 0) )} -> 71 | F23: =IF(ISBLANK(E24),COUNTA('Referral Test Data CRLN'!D$2:D83)-SUM(F$2:F22),E24-E23) -> 2 | G23: =IFERROR(VLOOKUP(D23,'ALL Pos and Incl IMPORT'!Q$2:U83,5,FALSE),0) -> 2 | I23: FLE202 | J23: =VLOOKUP(I23,'Pos and Incl IMPORT'!B$2:U$83,20,FALSE) -> INDIV | K23: =IFERROR(__xludf.DUMMYFUNCTION("VLOOKUP(I23,IMPORTRANGE('ALL Pos and Incl IMPORT'!$A$2,""ALL Tube Results!A2:F""),6,FALSE)"),"Positive") -> Positive | L23: =IFERROR(__xludf.DUMMYFUNCTION("VLOOKUP(I23,IMPORTRANGE('ALL Pos and Incl IMPORT'!$A$2,""ALL Tube Results!A2:F""),3,FALSE)"),44690.0) -> 44690 | M23: {=INDEX('Referral Test Data CRLN'!$C$1:$P83,$E23,3)} -> 44690 | N23: =IF(AND(EXACT(P23,"Antigen"),EXACT(Q23,"Negative"),OR(EXACT(S23,"Positive"),EXACT(U23,"Positive"))),TRUE,FALSE) -> FALSE | O23: =S23 -> Positive | P23: {=INDEX('Referral Test Data CRLN'!$C$1:$P83,$E23,7)} -> Antigen | Q23: {=INDEX('Referral Test Data CRLN'!$C$1:$P83,$E23,9)} -> Positive | R23: {=IF(OR($E23+1<$E24, AND(ISBLANK($E24), ($E23-1)<COUNT(#REF!))), INDEX('Referral Test Data CRLN'!$C$1:$P83,$E23+1,7), IFERROR(0/0,""))} -> PCR | S23: {=IF(OR($E23+1<$E24, AND(ISBLANK($E24), ($E23-1)<COUNT(#REF!))), INDEX('Referral Test Data CRLN'!$C$1:$P83,$E23+1,9),IFERROR(0/0,""))} -> Positive | T23: {=IF(OR($E23+2<$E24, AND(ISBLANK($E24), ($E23-1)<COUNT(#REF!))), INDEX('Referral Test Data CRLN'!$C$1:$P83,$E23+2,7),IFERROR(0/0,""))} | U23: {=IF(OR($E23+2<$E24, AND(ISBLANK($E24), ($E23-1)<COUNT(#REF!))), INDEX('Referral Test Data CRLN'!$C$1:$P83,$E23+2,9),IFERROR(0/0,""))} | V23: 22 | X23: TRUE | Y23: =AND(OR(EXACT("Antigen",P23),EXACT("Antigen",R23),EXACT("Antigen",T23)),EXACT(J23,"INDIV")) -> TRUE | Z23: POS | AA23: FL incl pool of 3, then indiv deconv and 1 of 3 pos, this one was confrimed by PCR and antigen
D24: =IFERROR(__xludf.DUMMYFUNCTION("""COMPUTED_VALUE"""),"FLMP254321") -> FLMP254321 | E24: {=IFERROR( MATCH(D24, INDIRECT("'Referral Test Data CRLN'!D" & E23 + 1 & ":D"), 0) + E23, MATCH(D24, 'Referral Test Data CRLN'!D24:D83, 0) )} -> 73 | F24: =IF(ISBLANK(E25),COUNTA('Referral Test Data CRLN'!D$2:D83)-SUM(F$2:F23),E25-E24) -> 2 | G24: =IFERROR(VLOOKUP(D24,'ALL Pos and Incl IMPORT'!Q$2:U83,5,FALSE),0) -> 0 | I24: FLE269 | J24: INDIV | K24: =IFERROR(__xludf.DUMMYFUNCTION("VLOOKUP(I24,IMPORTRANGE('ALL Pos and Incl IMPORT'!$A$2,""ALL Tube Results!A2:F""),6,FALSE)"),"Negative") -> Negative | L24: =IFERROR(__xludf.DUMMYFUNCTION("VLOOKUP(I24,IMPORTRANGE('ALL Pos and Incl IMPORT'!$A$2,""ALL Tube Results!A2:F""),3,FALSE)"),44690.0) -> 44690 | M24: {=INDEX('Referral Test Data CRLN'!$C$1:$P83,$E24,3)} -> 44690 | N24: =IF(AND(EXACT(P24,"Antigen"),EXACT(Q24,"Negative"),OR(EXACT(S24,"Positive"),EXACT(U24,"Positive"))),TRUE,FALSE) -> FALSE | O24: =S24 -> Negative | P24: {=INDEX('Referral Test Data CRLN'!$C$1:$P83,$E24,7)} -> Antigen | Q24: {=INDEX('Referral Test Data CRLN'!$C$1:$P83,$E24,9)} -> Negative | R24: {=IF(OR($E24+1<$E25, AND(ISBLANK($E25), ($E24-1)<COUNT(#REF!))), INDEX('Referral Test Data CRLN'!$C$1:$P83,$E24+1,7), IFERROR(0/0,""))} -> PCR | S24: {=IF(OR($E24+1<$E25, AND(ISBLANK($E25), ($E24-1)<COUNT(#REF!))), INDEX('Referral Test Data CRLN'!$C$1:$P83,$E24+1,9),IFERROR(0/0,""))} -> Negative | T24: {=IF(OR($E24+2<$E25, AND(ISBLANK($E25), ($E24-1)<COUNT(#REF!))), INDEX('Referral Test Data CRLN'!$C$1:$P83,$E24+2,7),IFERROR(0/0,""))} | U24: {=IF(OR($E24+2<$E25, AND(ISBLANK($E25), ($E24-1)<COUNT(#REF!))), INDEX('Referral Test Data CRLN'!$C$1:$P83,$E24+2,9),IFERROR(0/0,""))} | V24: 23 | X24: TRUE | Y24: =AND(OR(EXACT("Antigen",P24),EXACT("Antigen",R24),EXACT("Antigen",T24)),EXACT(J24,"INDIV")) -> TRUE | AA24: FL incl pool of 3, then indiv deconv and 1 of 3 pos, this one was FL neg and also neg by PCR and antigen
D25: =IFERROR(__xludf.DUMMYFUNCTION("""COMPUTED_VALUE"""),"FLMP705416") -> FLMP705416 | E25: {=IFERROR( MATCH(D25, INDIRECT("'Referral Test Data CRLN'!D" & E24 + 1 & ":D"), 0) + E24, MATCH(D25, 'Referral Test Data CRLN'!D25:D83, 0) )} -> 75 | F25: =IF(ISBLANK(E26),COUNTA('Referral Test Data CRLN'!D$2:D83)-SUM(F$2:F24),E26-E25) -> 2 | G25: =IFERROR(VLOOKUP(D25,'ALL Pos and Incl IMPORT'!Q$2:U83,5,FALSE),0) -> 0 | I25: FLB5969 | J25: INDIV | K25: =IFERROR(__xludf.DUMMYFUNCTION("VLOOKUP(I25,IMPORTRANGE('ALL Pos and Incl IMPORT'!$A$2,""ALL Tube Results!A2:F""),6,FALSE)"),"Negative") -> Negative | L25: =IFERROR(__xludf.DUMMYFUNCTION("VLOOKUP(I25,IMPORTRANGE('ALL Pos and Incl IMPORT'!$A$2,""ALL Tube Results!A2:F""),3,FALSE)"),44690.0) -> 44690 | M25: {=INDEX('Referral Test Data CRLN'!$C$1:$P83,$E25,3)} -> 44690 | N25: =IF(AND(EXACT(P25,"Antigen"),EXACT(Q25,"Negative"),OR(EXACT(S25,"Positive"),EXACT(U25,"Positive"))),TRUE,FALSE) -> TRUE | O25: =S25 -> Positive | P25: {=INDEX('Referral Test Data CRLN'!$C$1:$P83,$E25,7)} -> Antigen | Q25: {=INDEX('Referral Test Data CRLN'!$C$1:$P83,$E25,9)} -> Negative | R25: {=IF(OR($E25+1<$E26, AND(ISBLANK($E26), ($E25-1)<COUNT(#REF!))), INDEX('Referral Test Data CRLN'!$C$1:$P83,$E25+1,7), IFERROR(0/0,""))} -> PCR | S25: {=IF(OR($E25+1<$E26, AND(ISBLANK($E26), ($E25-1)<COUNT(#REF!))), INDEX('Referral Test Data CRLN'!$C$1:$P83,$E25+1,9),IFERROR(0/0,""))} -> Positive | T25: {=IF(OR($E25+2<$E26, AND(ISBLANK($E26), ($E25-1)<COUNT(#REF!))), INDEX('Referral Test Data CRLN'!$C$1:$P83,$E25+2,7),IFERROR(0/0,""))} | U25: {=IF(OR($E25+2<$E26, AND(ISBLANK($E26), ($E25-1)<COUNT(#REF!))), INDEX('Referral Test Data CRLN'!$C$1:$P83,$E25+2,9),IFERROR(0/0,""))} | V25: 24 | X25: TRUE | Y25: =AND(OR(EXACT("Antigen",P25),EXACT("Antigen",R25),EXACT("Antigen",T25)),EXACT(J25,"INDIV")) -> TRUE | AA25: FL incl pool of 3, then indiv deconv and 1 of 3 pos, this one was FL neg and also neg by antigen byt pos by PCR
D26: =IFERROR(__xludf.DUMMYFUNCTION("""COMPUTED_VALUE"""),"FLMP608363") -> FLMP608363 | E26: {=IFERROR( MATCH(D26, INDIRECT("'Referral Test Data CRLN'!D" & E25 + 1 & ":D"), 0) + E25, MATCH(D26, 'Referral Test Data CRLN'!D26:D83, 0) )} -> 77 | F26: =IF(ISBLANK(E27),COUNTA('Referral Test Data CRLN'!D$2:D83)-SUM(F$2:F25),E27-E26) -> 1 | G26: =IFERROR(VLOOKUP(D26,'ALL Pos and Incl IMPORT'!Q$2:U83,5,FALSE),0) -> 2 | I26: AH365 | J26: =VLOOKUP(I26,'Pos and Incl IMPORT'!B$2:U$83,20,FALSE) -> INDIV | K26: =IFERROR(__xludf.DUMMYFUNCTION("VLOOKUP(I26,IMPORTRANGE('ALL Pos and Incl IMPORT'!$A$2,""ALL Tube Results!A2:F""),6,FALSE)"),"Positive") -> Positive | L26: =IFERROR(__xludf.DUMMYFUNCTION("VLOOKUP(I26,IMPORTRANGE('ALL Pos and Incl IMPORT'!$A$2,""ALL Tube Results!A2:F""),3,FALSE)"),44690.0) -> 44690 | M26: {=INDEX('Referral Test Data CRLN'!$C$1:$P83,$E26,3)} -> 44690 | N26: =IF(AND(EXACT(P26,"Antigen"),EXACT(Q26,"Negative"),OR(EXACT(S26,"Positive"),EXACT(U26,"Positive"))),TRUE,FALSE) -> FALSE | O26: =Q26 -> Positive | P26: {=INDEX('Referral Test Data CRLN'!$C$1:$P83,$E26,7)} -> PCR | Q26: {=INDEX('Referral Test Data CRLN'!$C$1:$P83,$E26,9)} -> Positive | R26: {=IF(OR($E26+1<$E27, AND(ISBLANK($E27), ($E26-1)<COUNT(#REF!))), INDEX('Referral Test Data CRLN'!$C$1:$P83,$E26+1,7), IFERROR(0/0,""))} | S26: {=IF(OR($E26+1<$E27, AND(ISBLANK($E27), ($E26-1)<COUNT(#REF!))), INDEX('Referral Test Data CRLN'!$C$1:$P83,$E26+1,9),IFERROR(0/0,""))} | T26: {=IF(OR($E26+2<$E27, AND(ISBLANK($E27), ($E26-1)<COUNT(#REF!))), INDEX('Referral Test Data CRLN'!$C$1:$P83,$E26+2,7),IFERROR(0/0,""))} | U26: {=IF(OR($E26+2<$E27, AND(ISBLANK($E27), ($E26-1)<COUNT(#REF!))), INDEX('Referral Test Data CRLN'!$C$1:$P83,$E26+2,9),IFERROR(0/0,""))} | V26: 25 | X26: TRUE | Y26: =AND(OR(EXACT("Antigen",P26),EXACT("Antigen",R26),EXACT("Antigen",T26)),EXACT(J26,"INDIV")) -> FALSE | AA26: CRLN child (no symptomys) - FL pos pool of 4 then indiv deconv by FL with 1 of 4 pos and this one confimed by PCR
D27: =IFERROR(__xludf.DUMMYFUNCTION("""COMPUTED_VALUE"""),"FLMP325595") -> FLMP325595 | E27: {=IFERROR( MATCH(D27, INDIRECT("'Referral Test Data CRLN'!D" & E26 + 1 & ":D"), 0) + E26, MATCH(D27, 'Referral Test Data CRLN'!D27:D83, 0) )} -> 78 | F27: =IF(ISBLANK(E28),COUNTA('Referral Test Data CRLN'!D$2:D83)-SUM(F$2:F26),E28-E27) -> 1 | G27: =IFERROR(VLOOKUP(D27,'ALL Pos and Incl IMPORT'!Q$2:U83,5,FALSE),0) -> 0 | I27: AH245 | J27: INDIV | K27: =IFERROR(__xludf.DUMMYFUNCTION("VLOOKUP(I27,IMPORTRANGE('ALL Pos and Incl IMPORT'!$A$2,""ALL Tube Results!A2:F""),6,FALSE)"),"Negative") -> Negative | L27: =IFERROR(__xludf.DUMMYFUNCTION("VLOOKUP(I27,IMPORTRANGE('ALL Pos and Incl IMPORT'!$A$2,""ALL Tube Results!A2:F""),3,FALSE)"),44690.0) -> 44690 | M27: {=INDEX('Referral Test Data CRLN'!$C$1:$P83,$E27,3)} -> 44690 | N27: =IF(AND(EXACT(P27,"Antigen"),EXACT(Q27,"Negative"),OR(EXACT(S27,"Positive"),EXACT(U27,"Positive"))),TRUE,FALSE) -> FALSE | O27: =Q27 -> Negative | P27: {=INDEX('Referral Test Data CRLN'!$C$1:$P83,$E27,7)} -> PCR | Q27: {=INDEX('Referral Test Data CRLN'!$C$1:$P83,$E27,9)} -> Negative | R27: {=IF(OR($E27+1<$E28, AND(ISBLANK($E28), ($E27-1)<COUNT(#REF!))), INDEX('Referral Test Data CRLN'!$C$1:$P83,$E27+1,7), IFERROR(0/0,""))} | S27: {=IF(OR($E27+1<$E28, AND(ISBLANK($E28), ($E27-1)<COUNT(#REF!))), INDEX('Referral Test Data CRLN'!$C$1:$P83,$E27+1,9),IFERROR(0/0,""))} | T27: {=IF(OR($E27+2<$E28, AND(ISBLANK($E28), ($E27-1)<COUNT(#REF!))), INDEX('Referral Test Data CRLN'!$C$1:$P83,$E27+2,7),IFERROR(0/0,""))} | U27: {=IF(OR($E27+2<$E28, AND(ISBLANK($E28), ($E27-1)<COUNT(#REF!))), INDEX('Referral Test Data CRLN'!$C$1:$P83,$E27+2,9),IFERROR(0/0,""))} | V27: 26 | X27: TRUE | Y27: =AND(OR(EXACT("Antigen",P27),EXACT("Antigen",R27),EXACT("Antigen",T27)),EXACT(J27,"INDIV")) -> FALSE
D28: =IFERROR(__xludf.DUMMYFUNCTION("""COMPUTED_VALUE"""),"FLMP779627") -> FLMP779627 | E28: {=IFERROR( MATCH(D28, INDIRECT("'Referral Test Data CRLN'!D" & E27 + 1 & ":D"), 0) + E27, MATCH(D28, 'Referral Test Data CRLN'!D28:D83, 0) )} -> 79 | F28: =IF(ISBLANK(E29),COUNTA('Referral Test Data CRLN'!D$2:D83)-SUM(F$2:F27),E29-E28) -> 1 | G28: =IFERROR(VLOOKUP(D28,'ALL Pos and Incl IMPORT'!Q$2:U83,5,FALSE),0) -> 0 | I28: AJ9253 | J28: INDIV | K28: =IFERROR(__xludf.DUMMYFUNCTION("VLOOKUP(I28,IMPORTRANGE('ALL Pos and Incl IMPORT'!$A$2,""ALL Tube Results!A2:F""),6,FALSE)"),"Negative") -> Negative | L28: =IFERROR(__xludf.DUMMYFUNCTION("VLOOKUP(I28,IMPORTRANGE('ALL Pos and Incl IMPORT'!$A$2,""ALL Tube Results!A2:F""),3,FALSE)"),44690.0) -> 44690 | M28: {=INDEX('Referral Test Data CRLN'!$C$1:$P83,$E28,3)} -> 44690 | N28: =IF(AND(EXACT(P28,"Antigen"),EXACT(Q28,"Negative"),OR(EXACT(S28,"Positive"),EXACT(U28,"Positive"))),TRUE,FALSE) -> FALSE | O28: =Q28 -> Negative | P28: {=INDEX('Referral Test Data CRLN'!$C$1:$P83,$E28,7)} -> PCR | Q28: {=INDEX('Referral Test Data CRLN'!$C$1:$P83,$E28,9)} -> Negative | R28: {=IF(OR($E28+1<$E29, AND(ISBLANK($E29), ($E28-1)<COUNT(#REF!))), INDEX('Referral Test Data CRLN'!$C$1:$P83,$E28+1,7), IFERROR(0/0,""))} | S28: {=IF(OR($E28+1<$E29, AND(ISBLANK($E29), ($E28-1)<COUNT(#REF!))), INDEX('Referral Test Data CRLN'!$C$1:$P83,$E28+1,9),IFERROR(0/0,""))} | T28: {=IF(OR($E28+2<$E29, AND(ISBLANK($E29), ($E28-1)<COUNT(#REF!))), INDEX('Referral Test Data CRLN'!$C$1:$P83,$E28+2,7),IFERROR(0/0,""))} | U28: {=IF(OR($E28+2<$E29, AND(ISBLANK($E29), ($E28-1)<COUNT(#REF!))), INDEX('Referral Test Data CRLN'!$C$1:$P83,$E28+2,9),IFERROR(0/0,""))} | V28: 27 | X28: TRUE | Y28: =AND(OR(EXACT("Antigen",P28),EXACT("Antigen",R28),EXACT("Antigen",T28)),EXACT(J28,"INDIV")) -> FALSE
D29: =IFERROR(__xludf.DUMMYFUNCTION("""COMPUTED_VALUE"""),"FLMP322473") -> FLMP322473 | E29: {=IFERROR( MATCH(D29, INDIRECT("'Referral Test Data CRLN'!D" & E28 + 1 & ":D"), 0) + E28, MATCH(D29, 'Referral Test Data CRLN'!D29:D83, 0) )} -> 80 | F29: =IF(ISBLANK(E30),COUNTA('Referral Test Data CRLN'!D$2:D83)-SUM(F$2:F28),E30-E29) -> 1 | G29: =IFERROR(VLOOKUP(D29,'ALL Pos and Incl IMPORT'!Q$2:U83,5,FALSE),0) -> 0 | I29: AH679 | J29: INDIV | K29: =IFERROR(__xludf.DUMMYFUNCTION("VLOOKUP(I29,IMPORTRANGE('ALL Pos and Incl IMPORT'!$A$2,""ALL Tube Results!A2:F""),6,FALSE)"),"Negative") -> Negative | L29: =IFERROR(__xludf.DUMMYFUNCTION("VLOOKUP(I29,IMPORTRANGE('ALL Pos and Incl IMPORT'!$A$2,""ALL Tube Results!A2:F""),3,FALSE)"),44690.0) -> 44690 | M29: {=INDEX('Referral Test Data CRLN'!$C$1:$P83,$E29,3)} -> 44690 | N29: =IF(AND(EXACT(P29,"Antigen"),EXACT(Q29,"Negative"),OR(EXACT(S29,"Positive"),EXACT(U29,"Positive"))),TRUE,FALSE) -> FALSE | O29: =Q29 -> Negative | P29: {=INDEX('Referral Test Data CRLN'!$C$1:$P83,$E29,7)} -> PCR | Q29: {=INDEX('Referral Test Data CRLN'!$C$1:$P83,$E29,9)} -> Negative | R29: {=IF(OR($E29+1<$E30, AND(ISBLANK($E30), ($E29-1)<COUNT(#REF!))), INDEX('Referral Test Data CRLN'!$C$1:$P83,$E29+1,7), IFERROR(0/0,""))} | S29: {=IF(OR($E29+1<$E30, AND(ISBLANK($E30), ($E29-1)<COUNT(#REF!))), INDEX('Referral Test Data CRLN'!$C$1:$P83,$E29+1,9),IFERROR(0/0,""))} | T29: {=IF(OR($E29+2<$E30, AND(ISBLANK($E30), ($E29-1)<COUNT(#REF!))), INDEX('Referral Test Data CRLN'!$C$1:$P83,$E29+2,7),IFERROR(0/0,""))} | U29: {=IF(OR($E29+2<$E30, AND(ISBLANK($E30), ($E29-1)<COUNT(#REF!))), INDEX('Referral Test Data CRLN'!$C$1:$P83,$E29+2,9),IFERROR(0/0,""))} | V29: 28 | X29: TRUE | Y29: =AND(OR(EXACT("Antigen",P29),EXACT("Antigen",R29),EXACT("Antigen",T29)),EXACT(J29,"INDIV")) -> FALSE
D30: =IFERROR(__xludf.DUMMYFUNCTION("""COMPUTED_VALUE"""),"FLMP987142") -> FLMP987142 | E30: {=IFERROR( MATCH(D30, INDIRECT("'Referral Test Data CRLN'!D" & E29 + 1 & ":D"), 0) + E29, MATCH(D30, 'Referral Test Data CRLN'!D30:D83, 0) )} -> 81 | F30: =IF(ISBLANK(E31),COUNTA('Referral Test Data CRLN'!D$2:D83)-SUM(F$2:F29),E31-E30) -> 4 | G30: =IFERROR(VLOOKUP(D30,'ALL Pos and Incl IMPORT'!Q$2:U83,5,FALSE),0) -> 2 | I30: {=INDEX('Referral Test Data CRLN'!$C$1:$Q83,$E30,15)} -> FLB6807 | J30: =VLOOKUP(I30,'Pos and Incl IMPORT'!B$2:U$83,20,FALSE) -> INDIV | K30: =IFERROR(__xludf.DUMMYFUNCTION("VLOOKUP(I30,IMPORTRANGE('ALL Pos and Incl IMPORT'!$A$2,""ALL Tube Results!A2:F""),6,FALSE)"),"Positive") -> Positive | L30: =IFERROR(__xludf.DUMMYFUNCTION("VLOOKUP(I30,IMPORTRANGE('ALL Pos and Incl IMPORT'!$A$2,""ALL Tube Results!A2:F""),3,FALSE)"),44700.0) -> 44700 | M30: {=INDEX('Referral Test Data CRLN'!$C$1:$P83,$E30,3)} -> 44697 | N30: TRUE | O30: =U30 -> Positive | P30: {=INDEX('Referral Test Data CRLN'!$C$1:$P83,$E30,7)} -> Antigen | Q30: {=INDEX('Referral Test Data CRLN'!$C$1:$P83,$E30,9)} -> Negative | R30: {=IF(OR($E30+1<$E31, AND(ISBLANK($E31), ($E30-1)<COUNT(#REF!))), INDEX('Referral Test Data CRLN'!$C$1:$P83,$E30+1,7), IFERROR(0/0,""))} -> Antigen | S30: {=IF(OR($E30+1<$E31, AND(ISBLANK($E31), ($E30-1)<COUNT(#REF!))), INDEX('Referral Test Data CRLN'!$C$1:$P83,$E30+1,9),IFERROR(0/0,""))} -> Negative | T30: PCR | U30: Positive | V30: 29 | X30: TRUE | Y30: =AND(OR(EXACT("Antigen",P30),EXACT("Antigen",R30),EXACT("Antigen",T30)),EXACT(J30,"INDIV")) -> TRUE | Z30: NEG | AA30: Partner tested pos by antigen then this partner tested neg by antigen 3 days in a row then next day was FL pos, which was confirmed by PCR collected same day and resulted 2 days later (this was a teacher - so FL screening likely stopped spread!)
D31: =IFERROR(__xludf.DUMMYFUNCTION("""COMPUTED_VALUE"""),"FLMP942437") -> FLMP942437 | E31: {=IFERROR( MATCH(D31, INDIRECT("'Referral Test Data CRLN'!D" & E30 + 1 & ":D"), 0) + E30, MATCH(D31, 'Referral Test Data CRLN'!D31:D83, 0) )} -> 85 | F31: =IF(ISBLANK(E32),COUNTA('Referral Test Data CRLN'!D$2:D83)-SUM(F$2:F30),E32-E31) -> 1 | G31: =IFERROR(VLOOKUP(D31,'ALL Pos and Incl IMPORT'!Q$2:U83,5,FALSE),0) -> 0 | I31: NO FL testing | M31: {=INDEX('Referral Test Data CRLN'!$C$1:$P83,$E31,3)} -> 44697 | N31: =IF(AND(EXACT(P31,"Antigen"),EXACT(Q31,"Negative"),OR(EXACT(S31,"Positive"),EXACT(U31,"Positive"))),TRUE,FALSE) -> FALSE | O31: =Q31 -> Positive | P31: {=INDEX('Referral Test Data CRLN'!$C$1:$P83,$E31,7)} -> Antigen | Q31: {=INDEX('Referral Test Data CRLN'!$C$1:$P83,$E31,9)} -> Positive | R31: {=IF(OR($E31+1<$E32, AND(ISBLANK($E32), ($E31-1)<COUNT(#REF!))), INDEX('Referral Test Data CRLN'!$C$1:$P83,$E31+1,7), IFERROR(0/0,""))} | S31: {=IF(OR($E31+1<$E32, AND(ISBLANK($E32), ($E31-1)<COUNT(#REF!))), INDEX('Referral Test Data CRLN'!$C$1:$P83,$E31+1,9),IFERROR(0/0,""))} | T31: {=IF(OR($E31+2<$E32, AND(ISBLANK($E32), ($E31-1)<COUNT(#REF!))), INDEX('Referral Test Data CRLN'!$C$1:$P83,$E31+2,7),IFERROR(0/0,""))} | U31: {=IF(OR($E31+2<$E32, AND(ISBLANK($E32), ($E31-1)<COUNT(#REF!))), INDEX('Referral Test Data CRLN'!$C$1:$P83,$E31+2,9),IFERROR(0/0,""))} | V31: 30 | X31: TRUE | Y31: =AND(OR(EXACT("Antigen",P31),EXACT("Antigen",R31),EXACT("Antigen",T31)),EXACT(J31,"INDIV")) -> FALSE
D32: =IFERROR(__xludf.DUMMYFUNCTION("""COMPUTED_VALUE"""),"FLMP290315") -> FLMP290315 | E32: {=IFERROR( MATCH(D32, INDIRECT("'Referral Test Data CRLN'!D" & E31 + 1 & ":D"), 0) + E31, MATCH(D32, 'Referral Test Data CRLN'!D32:D83, 0) )} -> 86 | F32: =IF(ISBLANK(E33),COUNTA('Referral Test Data CRLN'!D$2:D83)-SUM(F$2:F31),E33-E32) -> 1 | G32: =IFERROR(VLOOKUP(D32,'ALL Pos and Incl IMPORT'!Q$2:U83,5,FALSE),0) -> 0 | I32: NO FL testing | M32: {=INDEX('Referral Test Data CRLN'!$C$1:$P83,$E32,3)} -> 44697 | N32: =IF(AND(EXACT(P32,"Antigen"),EXACT(Q32,"Negative"),OR(EXACT(S32,"Positive"),EXACT(U32,"Positive"))),TRUE,FALSE) -> FALSE | O32: =Q32 -> Negative | P32: {=INDEX('Referral Test Data CRLN'!$C$1:$P83,$E32,7)} -> Antigen | Q32: {=INDEX('Referral Test Data CRLN'!$C$1:$P83,$E32,9)} -> Negative | R32: {=IF(OR($E32+1<$E33, AND(ISBLANK($E33), ($E32-1)<COUNT(#REF!))), INDEX('Referral Test Data CRLN'!$C$1:$P83,$E32+1,7), IFERROR(0/0,""))} | S32: {=IF(OR($E32+1<$E33, AND(ISBLANK($E33), ($E32-1)<COUNT(#REF!))), INDEX('Referral Test Data CRLN'!$C$1:$P83,$E32+1,9),IFERROR(0/0,""))} | T32: {=IF(OR($E32+2<$E33, AND(ISBLANK($E33), ($E32-1)<COUNT(#REF!))), INDEX('Referral Test Data CRLN'!$C$1:$P83,$E32+2,7),IFERROR(0/0,""))} | U32: {=IF(OR($E32+2<$E33, AND(ISBLANK($E33), ($E32-1)<COUNT(#REF!))), INDEX('Referral Test Data CRLN'!$C$1:$P83,$E32+2,9),IFERROR(0/0,""))} | V32: 31 | X32: TRUE | Y32: =AND(OR(EXACT("Antigen",P32),EXACT("Antigen",R32),EXACT("Antigen",T32)),EXACT(J32,"INDIV")) -> FALSE
Y36: IDs Included | Z36: Count
Z37: 8 | AA37: Number of FloodLAMP Test Person Cases with Referral Antigen Tests
Y38: 10,11,19,29 | Z38: 4 | AA38: Number of FloodLAMP Positive Test Person Cases with Antigen Negative - Agree with Referral Test Positive (usually PCR or later aAntigen) but Initial Antigen Negative
H39: MANUAL is used when the person's name appears more than once in the Positives and Inconclusives list | Y39: 5,12,14,22 | Z39: 4 | AA39: Number of FloodLAMP Positive Test Person Cases with Antigen Positive
H40: Fill in the TubeID manually by matching the date and make cell white | Z40: 0 | AA40: Number of FloodLAMP Positive Test Person Cases confirmed with Referral Tests but Other Non-Antigen Test Negative
H41: Change col I and J formula to use VLOOKUP
C51: MUST CLEAR EXTRA ROWS AT BOTTOM | K51: =IF(G2=1, IFERROR(VLOOKUP(C2, #REF!, 6, FALSE), IFERROR(VLOOKUP(C2, #REF!, 5, FALSE), IFERROR(VLOOKUP(C2, #REF!, 4, FALSE), IFERROR(VLOOKUP(C2, #REF!, 3, FALSE), "error - 1 but not found")))),"LOOKUP") -> error - 1 but not found

Sheet Referral Test Data CRLN
A1: PARTICIPANT FIRSTNAME | B1: PARTICIPANT LASTNAME | C1: PARTICIPANT LASTNAME | D1: PARTICIPANT ID | E1: REFERRAL TEST COLLECTION DATE | F1: REFERRAL TEST COLLECTION TIME | G1: REFERRAL TEST RESULT DATE | H1: REFERRAL TEST RESULT TIME | I1: REFERRAL TEST TYPE | J1: REFERRAL TEST MODEL | K1: REFERRAL TEST RESULT | L1: REFERRAL TEST CT (IF PCR) | M1: SYMPTOMS? | N1: VACCINATED? | O1: NOTES | P1: SOURCE NOTES | Q1: INIT FL POS TUBE ID FROM CASE CLUSTER
D2: FLMP858721 | E2: 44924 | G2: 44924 | I2: Antigen | K2: Positive | Q2: FLT1136
D3: FLMP939793 | E3: 44925 | G3: 44925 | I3: Antigen | K3: Positive | O3: Collection date may have been 12/31/2022 | P3: Positive before FL test, FL test was return testing. (NOT false Neg) | Q3: FLB5852
D4: FLMP172687 | E4: 44925 | G4: 44925 | I4: Antigen | K4: Positive | O4: Collection date may have been 12/31/2022 | Q4: FLB5889
D5: FLMP549529 | E5: 44562 | G5: 44562 | I5: Antigen | K5: Positive | Q5: FLB5830
D6: FLMP915544 | E6: 44564 | G6: 44564 | I6: Antigen | K6: Positive | O6: Uncertainty as to exact collection/result date - stated to be "a few days before 1/6/2022" | Q6: FLB6845
D7: FLMP915544 | E7: 44567 | G7: 44567 | I7: PCR | K7: Positive | Q7: FLB6845
D8: FLMP652238 | E8: 44564 | G8: 44564 | I8: Antigen | K8: Negative | O8: Uncertainty as to exact collection/result date - stated to be "a few days before 1/6/2022" | Q8: FLB6845
D9: FLMP652238 | E9: 44567 | G9: 44567 | I9: PCR | K9: Negative | Q9: FLB6845
D10: FLMP473007 | E10: 44564 | G10: 44564 | I10: Antigen | K10: Positive | O10: Uncertainty as to exact collection/result date - stated to be "a few days before 1/6/2022" | Q10: FLB6845
D11: FLMP473007 | E11: 44567 | G11: 44567 | I11: PCR | K11: Positive | Q11: FLB6845
D12: FLMP776278 | E12: 44565 | G12: 44565 | I12: Antigen | K12: Positive | M12: TRUE | Q12: FLT1433
D13: FLMP776278 | E13: 44568 | G13: 44569 | I13: PCR | K13: Positive | M13: FALSE | Q13: FLT1433
D14: FLMP776278 | E14: 44575 | G14: 44575 | I14: Antigen | K14: Negative | M14: FALSE | Q14: FLT1433
D15: FLMP828735 | E15: 44565 | G15: 44565 | I15: Antigen | K15: Positive | M15: TRUE | Q15: FLT1433
D16: FLMP828735 | E16: 44567 | G16: 44568 | I16: PCR | K16: Positive | M16: FALSE | Q16: FLT1433
D17: FLMP828735 | E17: 44574 | G17: 44574 | I17: Antigen | K17: Negative | M17: FALSE | Q17: FLT1433
D18: FLMP828735 | E18: 44575 | G18: 44575 | I18: Antigen | K18: Negative | M18: FALSE | Q18: FLT1433
D19: FLMP302189 | E19: 44563 | G19: 44563 | I19: Antigen | J19: BinaxNow | K19: Negative | Q19: FLT1433
D20: FLMP302189 | E20: 44564 | G20: 44565 | I20: PCR | K20: Positive | M20: TRUE | Q20: FLT1433
D21: FLMP302189 | E21: 44575 | G21: 44575 | I21: Antigen | K21: Negative | M21: TRUE | Q21: FLT1433
D22: FLMP857562 | E22: 44563 | G22: 44563 | I22: Antigen | J22: BinaxNow | K22: Negative | Q22: FLT1433
D23: FLMP857562 | E23: 44565 | G23: 44568 | I23: PCR | K23: Positive | Q23: FLT1433
D24: FLMP857562 | E24: 44575 | G24: 44575 | I24: Antigen | K24: Negative | Q24: FLT1433
D25: FLMP147333 | E25: 44566 | G25: 44566 | I25: Antigen | J25: BinaxNow | K25: Negative | M25: FALSE | Q25: FLT1465
D26: FLMP147333 | E26: 44568 | G26: 44568 | I26: Antigen | K26: Negative | M26: FALSE | Q26: FLT1465
D27: FLMP147333 | E27: 44570 | G27: 44570 | I27: Antigen | K27: Positive | M27: TRUE | Q27: FLT1465
D28: FLMP147333 | E28: 44571 | G28: 44577 | I28: PCR | K28: Positive | Q28: FLT1465
D29: FLMP147333 | E29: 44575 | G29: 44575 | I29: Antigen | K29: Positive | M29: TRUE | Q29: FLT1465
D30: FLMP147333 | E30: 44576 | G30: 44576 | I30: Antigen | K30: Positive | M30: TRUE | Q30: FLT1465
D31: FLMP601970 | E31: 44579 | G31: 44579 | I31: Antigen | K31: Positive | Q31: FLT1129
D32: FLMP330127 | E32: 44566 | G32: 44566 | I32: Antigen | J32: BinaxNow | K32: Negative | M32: FALSE | Q32: FLT1400
D33: FLMP330127 | E33: 44568 | G33: 44568 | I33: Antigen | K33: Positive | M33: TRUE | Q33: FLT1400
D34: FLMP330127 | E34: 44571 | G34: 44579 | I34: PCR | K34: Positive | Q34: FLT1400
D35: FLMP330127 | E35: 44575 | G35: 44575 | I35: Antigen | K35: Negative | M35: TRUE | Q35: FLT1400
D36: FLMP969044 | E36: 44573 | G36: 44574 | I36: PCR | K36: Negative | Q36: FLT1161
D37: FLMP887888 | E37: 44565 | G37: 44565 | I37: Antigen | J37: iHealth | K37: Negative | Q37: FLT1161
D38: FLMP887888 | E38: 44572 | G38: 44577 | I38: PCR | K38: Positive | Q38: FLT1161
D39: FLMP887888 | E39: 44576 | G39: 44576 | I39: Antigen | K39: Negative | Q39: FLT1161
D40: FLMP887888 | E40: 44600 | G40: 44600 | I40: Antigen | K40: Negative | Q40: FLT1161
D41: FLMP876455 | E41: 44573 | G41: 44574 | I41: PCR | K41: Negative | Q41: FLT1161
D42: FLMP472803 | E42: 44683 | G42: 44687 | I42: PCR | K42: Negative | Q42: AG721
D43: FLMP472803 | E43: 44685 | G43: 44685 | I43: Antigen | K43: Negative | Q43: AG721
D44: FLMP472803 | E44: 44687 | G44: 44687 | I44: Antigen | K44: Negative | Q44: AG721
D45: FLMP472803 | E45: 44688 | G45: 44688 | I45: Antigen | K45: Negative | Q45: AG721
D46: FLMP472803 | E46: 44688 | G46: 44689 | I46: PCR | K46: Negative | Q46: AG721
D47: FLMP472803 | E47: 44689 | G47: 44689 | I47: Antigen | K47: Negative | Q47: AG721
D48: FLMP472803 | E48: 44690 | G48: 44690 | I48: Antigen | K48: Negative | Q48: AG721
D49: FLMP687722 | E49: 44683 | G49: 44683 | I49: Antigen | K49: Negative | Q49: AG721
... D76: FLMP705416 | E76: 44690 | G76: 44691 | I76: PCR | K76: Positive | Q76: FLE202
D77: FLMP608363 | E77: 44690 | G77: 44691 | I77: PCR | K77: Positive | M77: FALSE | Q77: AJ8958
D78: FLMP325595 | E78: 44690 | G78: 44691 | I78: PCR | K78: Negative | Q78: AJ8958
D79: FLMP779627 | E79: 44690 | G79: 44691 | I79: PCR | K79: Negative | Q79: AJ8958
D80: FLMP322473 | E80: 44690 | G80: 44691 | I80: PCR | K80: Negative | Q80: AJ8958
D81: FLMP987142 | E81: 44697 | G81: 44697 | I81: Antigen | K81: Negative | Q81: FLB6807
D82: FLMP987142 | E82: 44698 | G82: 44698 | I82: Antigen | K82: Negative | Q82: FLB6807
D83: FLMP987142 | E83: 44699 | G83: 44699 | I83: Antigen | K83: Negative | Q83: FLB6807
D84: FLMP987142 | E84: 44700 | G84: 44702 | I84: PCR | K84: Positive | Q84: FLB6807
D85: FLMP942437 | E85: 44697 | G85: 44697 | I85: Antigen | K85: Positive | Q85: FLB6807
D86: FLMP290315 | E86: 44697 | G86: 44697 | I86: Antigen | K86: Negative | Q86: FLB6807

Sheet Referral Tests by Person FLSP
A1: PARTICIPANT FIRSTNAME | B1: PARTICIPANT LASTNAME | C1: PARTICIPANT FULLNAME | D1: PARTICIPANT ID | E1: Referral Match Row | F1: =CONCATENATE(SUM(F2:F982), " Num Sequential Referral Tests") -> 25 Num Sequential Referral Tests | G1: Num FloodLAMP Results Pos or Incl | H1: FloodLAMP Match Row | I1: Corresponding FloodLAMP Tube ID | J1: Lookup Indiv or Pool? | K1: FloodLAMP Test Result | L1: FloodLAMP Test Date | M1: 1st Referral Test Date | N1: Antigen Neg with Other Positive | O1: Referral Overall Result | P1: 1st Referral Test Type | Q1: 1st Referral Test Result | R1: 2nd Referral Test Type | S1: 2nd Referral Test Result | T1: 3rd Referral Test Type | U1: 3rd Referral Test Result | V1: ID | X1: =CONCATENATE(COUNTIF(X2:X982,TRUE), " Included in APS Pos and Incl?") -> 8 Included in APS Pos and Incl? | Y1: INDIV or +Pool & Antigen | Z1: Referral Eval
A2: {=INDEX('Referral Test Data FLSP'!$A$1:$B982,$E2,1)} | B2: {=INDEX('Referral Test Data FLSP'!$A$1:$B982,$E2,2)} | C2: =IFERROR(__xludf.DUMMYFUNCTION("FILTER('Referral Test Data FLSP'!C2:C39, ('Referral Test Data FLSP'!C2:C39 <> 'Referral Test Data FLSP'!C1:C38)) "),"") | D2: =IFERROR(__xludf.DUMMYFUNCTION("FILTER('Referral Test Data FLSP'!D2:D39, ('Referral Test Data FLSP'!D2:D39 <> 'Referral Test Data FLSP'!D1:D38)) "),"FLMP268140") -> FLMP268140 | E2: =MATCH(D2,'Referral Test Data FLSP'!D$1:D982,0) -> 2 | F2: =IF(ISBLANK(E3),COUNTA('Referral Test Data FLSP'!D$2:D982)-SUM(F1:F$2),E3-E2) -> 1 | G2: =IFERROR(VLOOKUP(D2,'ALL Pos and Incl IMPORT'!Q$2:U982,5,FALSE),0) -> 0 | I2: 351430 | J2: POOL | K2: Positive | L2: 44211 | M2: {=INDEX('Referral Test Data FLSP'!$C$1:$P982,$E2,3)} -> 44211 | N2: =IF(AND(EXACT(P2,"Antigen"),EXACT(Q2,"Negative"),OR(EXACT(S2,"Positive"),EXACT(U2,"Positive"))),TRUE,FALSE) -> FALSE | O2: =Q2 -> Positive | P2: {=INDEX('Referral Test Data FLSP'!$C$1:$P982,$E2,7)} -> Direct PCR | Q2: {=INDEX('Referral Test Data FLSP'!$C$1:$P982,$E2,9)} -> Positive | R2: {=IF(OR($E2+1<$E3, AND(ISBLANK($E3), ($E2-1)<COUNT(#REF!))), INDEX('Referral Test Data FLSP'!$C$1:$P982,$E2+1,7), IFERROR(0/0,""))} | S2: {=IF(OR($E2+1<$E3, AND(ISBLANK($E3), ($E2-1)<COUNT(#REF!))), INDEX('Referral Test Data FLSP'!$C$1:$P982,$E2+1,9),IFERROR(0/0,""))} | T2: {=IF(OR($E2+2<$E3, AND(ISBLANK($E3), ($E2-1)<COUNT(#REF!))), INDEX('Referral Test Data FLSP'!$C$1:$P982,$E2+2,7),IFERROR(0/0,""))} | U2: {=IF(OR($E2+2<$E3, AND(ISBLANK($E3), ($E2-1)<COUNT(#REF!))), INDEX('Referral Test Data FLSP'!$C$1:$P982,$E2+2,9),IFERROR(0/0,""))} | V2: 1 | X2: TRUE | Y2: =AND(OR(EXACT("Antigen",P2),EXACT("Antigen",R2),EXACT("Antigen",T2)),EXACT(J2,"INDIV")) -> FALSE | Z2: Initial pooled positive that detected an unknown positive.
A3: {=INDEX('Referral Test Data FLSP'!$A$1:$B982,$E3,1)} | B3: {=INDEX('Referral Test Data FLSP'!$A$1:$B982,$E3,2)} | D3: =IFERROR(__xludf.DUMMYFUNCTION("""COMPUTED_VALUE"""),"FLMP466389") -> FLMP466389 | E3: {=IFERROR( MATCH(D3, INDIRECT("'Referral Test Data FLSP'!D" & E2 + 1 & ":D"), 0) + E2, MATCH(D3, 'Referral Test Data FLSP'!D3:D982, 0) )} -> 3 | F3: =IF(ISBLANK(E4),COUNTA('Referral Test Data FLSP'!D$2:D982)-SUM(F2:F$2),E4-E3) -> 3 | G3: =IFERROR(VLOOKUP(D3,'ALL Pos and Incl IMPORT'!Q$2:U982,5,FALSE),0) -> 3 | I3: 351430B | J3: =VLOOKUP(I3,'Pos and Incl IMPORT'!B$2:U$83,20,FALSE) -> INDIV | K3: =IFERROR(__xludf.DUMMYFUNCTION("VLOOKUP(I3,IMPORTRANGE('ALL Pos and Incl IMPORT'!$A$2,""ALL Tube Results!A2:F""),6,FALSE)"),"Positive") -> Positive | L3: =IFERROR(__xludf.DUMMYFUNCTION("VLOOKUP(I3,IMPORTRANGE('ALL Pos and Incl IMPORT'!$A$2,""ALL Tube Results!A2:F""),3,FALSE)"),44211.0) -> 44211 | M3: {=INDEX('Referral Test Data FLSP'!$C$1:$P982,$E3,3)} -> 44212 | N3: =IF(AND(EXACT(P3,"Antigen"),EXACT(Q3,"Negative"),OR(EXACT(S3,"Positive"),EXACT(U3,"Positive"))),TRUE,FALSE) -> FALSE | O3: =S3 -> Positive | P3: {=INDEX('Referral Test Data FLSP'!$C$1:$P982,$E3,7)} -> Direct PCR | Q3: {=INDEX('Referral Test Data FLSP'!$C$1:$P982,$E3,9)} -> Positive | R3: {=IF(OR($E3+1<$E4, AND(ISBLANK($E4), ($E3-1)<COUNT(#REF!))), INDEX('Referral Test Data FLSP'!$C$1:$P982,$E3+1,7), IFERROR(0/0,""))} -> Lab Purif PCR | S3: {=IF(OR($E3+1<$E4, AND(ISBLANK($E4), ($E3-1)<COUNT(#REF!))), INDEX('Referral Test Data FLSP'!$C$1:$P982,$E3+1,9),IFERROR(0/0,""))} -> Positive | T3: {=IF(OR($E3+2<$E4, AND(ISBLANK($E4), ($E3-1)<COUNT(#REF!))), INDEX('Referral Test Data FLSP'!$C$1:$P982,$E3+2,7),IFERROR(0/0,""))} -> Direct PCR | U3: {=IF(OR($E3+2<$E4, AND(ISBLANK($E4), ($E3-1)<COUNT(#REF!))), INDEX('Referral Test Data FLSP'!$C$1:$P982,$E3+2,9),IFERROR(0/0,""))} -> Positive | V3: 2 | X3: TRUE | Y3: =AND(OR(EXACT("Antigen",P3),EXACT("Antigen",R3),EXACT("Antigen",T3)),EXACT(J3,"INDIV")) -> FALSE | Z3: Confirmed positive using DirectPCR and also by a referral lab PCR test
A4: {=INDEX('Referral Test Data FLSP'!$A$1:$B982,$E4,1)} | B4: {=INDEX('Referral Test Data FLSP'!$A$1:$B982,$E4,2)} | D4: =IFERROR(__xludf.DUMMYFUNCTION("""COMPUTED_VALUE"""),"FLMP197976") -> FLMP197976 | E4: {=IFERROR( MATCH(D4, INDIRECT("'Referral Test Data FLSP'!D" & E3 + 1 & ":D"), 0) + E3, MATCH(D4, 'Referral Test Data FLSP'!D4:D982, 0) )} -> 6 | F4: =IF(ISBLANK(E5),COUNTA('Referral Test Data FLSP'!D$2:D982)-SUM(F$2:F3),E5-E4) -> 3 | G4: =IFERROR(VLOOKUP(D4,'ALL Pos and Incl IMPORT'!Q$2:U982,5,FALSE),0) -> 0 | I4: 351430A | J4: INDIV | K4: =IFERROR(__xludf.DUMMYFUNCTION("VLOOKUP(I4,IMPORTRANGE('ALL Pos and Incl IMPORT'!$A$2,""ALL Tube Results!A2:F""),6,FALSE)"),"Negative") -> Negative | L4: =IFERROR(__xludf.DUMMYFUNCTION("VLOOKUP(I4,IMPORTRANGE('ALL Pos and Incl IMPORT'!$A$2,""ALL Tube Results!A2:F""),3,FALSE)"),44211.0) -> 44211 | M4: {=INDEX('Referral Test Data FLSP'!$C$1:$P982,$E4,3)} -> 44211 | N4: =IF(AND(EXACT(P4,"Antigen"),EXACT(Q4,"Negative"),OR(EXACT(S4,"Positive"),EXACT(U4,"Positive"))),TRUE,FALSE) -> FALSE | O4: =U4 -> Positive | P4: {=INDEX('Referral Test Data FLSP'!$C$1:$P982,$E4,7)} -> Direct PCR | Q4: {=INDEX('Referral Test Data FLSP'!$C$1:$P982,$E4,9)} -> Negative | R4: {=IF(OR($E4+1<$E5, AND(ISBLANK($E5), ($E4-1)<COUNT(#REF!))), INDEX('Referral Test Data FLSP'!$C$1:$P982,$E4+1,7), IFERROR(0/0,""))} -> Direct PCR | S4: {=IF(OR($E4+1<$E5, AND(ISBLANK($E5), ($E4-1)<COUNT(#REF!))), INDEX('Referral Test Data FLSP'!$C$1:$P982,$E4+1,9),IFERROR(0/0,""))} -> Negative | T4: {=IF(OR($E4+2<$E5, AND(ISBLANK($E5), ($E4-1)<COUNT(#REF!))), INDEX('Referral Test Data FLSP'!$C$1:$P982,$E4+2,7),IFERROR(0/0,""))} -> Lab Purif PCR | U4: {=IF(OR($E4+2<$E5, AND(ISBLANK($E5), ($E4-1)<COUNT(#REF!))), INDEX('Referral Test Data FLSP'!$C$1:$P982,$E4+2,9),IFERROR(0/0,""))} -> Positive | V4: 3 | X4: TRUE | Y4: =AND(OR(EXACT("Antigen",P4),EXACT("Antigen",R4),EXACT("Antigen",T4)),EXACT(J4,"INDIV")) -> FALSE | Z4: Positive by Lab Purif PCR collected 2 days after FL initial pooled positive - had high exposure to person in pool who was positive
A5: {=INDEX('Referral Test Data FLSP'!$A$1:$B982,$E5,1)} | B5: {=INDEX('Referral Test Data FLSP'!$A$1:$B982,$E5,2)} | D5: =IFERROR(__xludf.DUMMYFUNCTION("""COMPUTED_VALUE"""),"FLMP619442") -> FLMP619442 | E5: {=IFERROR( MATCH(D5, INDIRECT("'Referral Test Data FLSP'!D" & E4 + 1 & ":D"), 0) + E4, MATCH(D5, 'Referral Test Data FLSP'!D5:D982, 0) )} -> 9 | F5: =IF(ISBLANK(E6),COUNTA('Referral Test Data FLSP'!D$2:D982)-SUM(F$2:F4),E6-E5) -> 1 | G5: =IFERROR(VLOOKUP(D5,'ALL Pos and Incl IMPORT'!Q$2:U982,5,FALSE),0) -> 8 | I5: MA1215 | J5: =VLOOKUP(I5,'Pos and Incl IMPORT'!B$2:U$83,20,FALSE) -> INDIV | K5: =IFERROR(__xludf.DUMMYFUNCTION("VLOOKUP(I5,IMPORTRANGE('ALL Pos and Incl IMPORT'!$A$2,""ALL Tube Results!A2:F""),6,FALSE)"),"Positive") -> Positive | L5: =IFERROR(__xludf.DUMMYFUNCTION("VLOOKUP(I5,IMPORTRANGE('ALL Pos and Incl IMPORT'!$A$2,""ALL Tube Results!A2:F""),3,FALSE)"),44548.0) -> 44548 | M5: {=INDEX('Referral Test Data FLSP'!$C$1:$P982,$E5,3)} -> 44548 | N5: =IF(AND(EXACT(P5,"Antigen"),EXACT(Q5,"Negative"),OR(EXACT(S5,"Positive"),EXACT(U5,"Positive"))),TRUE,FALSE) -> FALSE | O5: {=INDEX('Referral Test Data FLSP'!$C$1:$P982,$E5,9)} -> Positive | P5: {=INDEX('Referral Test Data FLSP'!$C$1:$P982,$E5,7)} -> Antigen | Q5: {=INDEX('Referral Test Data FLSP'!$C$1:$P982,$E5,9)} -> Positive | R5: {=IF(OR($E5+1<$E6, AND(ISBLANK($E6), ($E5-1)<COUNT(#REF!))), INDEX('Referral Test Data FLSP'!$C$1:$P982,$E5+1,7), IFERROR(0/0,""))} | S5: {=IF(OR($E5+1<$E6, AND(ISBLANK($E6), ($E5-1)<COUNT(#REF!))), INDEX('Referral Test Data FLSP'!$C$1:$P982,$E5+1,9),IFERROR(0/0,""))} | T5: {=IF(OR($E5+2<$E6, AND(ISBLANK($E6), ($E5-1)<COUNT(#REF!))), INDEX('Referral Test Data FLSP'!$C$1:$P982,$E5+2,7),IFERROR(0/0,""))} | U5: {=IF(OR($E5+2<$E6, AND(ISBLANK($E6), ($E5-1)<COUNT(#REF!))), INDEX('Referral Test Data FLSP'!$C$1:$P982,$E5+2,9),IFERROR(0/0,""))} | V5: 4 | X5: TRUE | Y5: =AND(OR(EXACT("Antigen",P5),EXACT("Antigen",R5),EXACT("Antigen",T5)),EXACT(J5,"INDIV")) -> TRUE | Z5: FL pooled test during routine screening detected an unknown positive - confirmed right away by antigen test.
A6: {=INDEX('Referral Test Data FLSP'!$A$1:$B982,$E6,1)} | B6: {=INDEX('Referral Test Data FLSP'!$A$1:$B982,$E6,2)} | D6: =IFERROR(__xludf.DUMMYFUNCTION("""COMPUTED_VALUE"""),"FLMP964950") -> FLMP964950 | E6: {=IFERROR( MATCH(D6, INDIRECT("'Referral Test Data FLSP'!D" & E5 + 1 & ":D"), 0) + E5, MATCH(D6, 'Referral Test Data FLSP'!D6:D982, 0) )} -> 10 | F6: =IF(ISBLANK(E7),COUNTA('Referral Test Data FLSP'!D$2:D982)-SUM(F$2:F5),E7-E6) -> 11 | G6: =IFERROR(VLOOKUP(D6,'ALL Pos and Incl IMPORT'!Q$2:U982,5,FALSE),0) -> 4 | I6: MAX288FIX | J6: =VLOOKUP(I6,'Pos and Incl IMPORT'!B$2:U$83,20,FALSE) -> INDIV | K6: =IFERROR(__xludf.DUMMYFUNCTION("VLOOKUP(I6,IMPORTRANGE('ALL Pos and Incl IMPORT'!$A$2,""ALL Tube Results!A2:F""),6,FALSE)"),"Positive") -> Positive | L6: =IFERROR(__xludf.DUMMYFUNCTION("VLOOKUP(I6,IMPORTRANGE('ALL Pos and Incl IMPORT'!$A$2,""ALL Tube Results!A2:F""),3,FALSE)"),44561.0) -> 44561 | M6: {=INDEX('Referral Test Data FLSP'!$C$1:$P982,$E6,3)} -> 44561 | N6: TRUE | O6: Positive | P6: {=INDEX('Referral Test Data FLSP'!$C$1:$P982,$E6,7)} -> Antigen | Q6: {=INDEX('Referral Test Data FLSP'!$C$1:$P982,$E6,9)} -> Negative | R6: {=IF(OR($E6+1<$E7, AND(ISBLANK($E7), ($E6-1)<COUNT(#REF!))), INDEX('Referral Test Data FLSP'!$C$1:$P982,$E6+1,7), IFERROR(0/0,""))} -> LAMP Device | S6: {=IF(OR($E6+1<$E7, AND(ISBLANK($E7), ($E6-1)<COUNT(#REF!))), INDEX('Referral Test Data FLSP'!$C$1:$P982,$E6+1,9),IFERROR(0/0,""))} -> Negative | T6: Rapid Antigen | U6: Positive | V6: 5 | X6: TRUE | Y6: =AND(OR(EXACT("Antigen",P6),EXACT("Antigen",R6),EXACT("Antigen",T6)),EXACT(J6,"INDIV")) -> TRUE | Z6: See Case Report 2022-01-01_MS Case Report - New Years Eve.pdf - was first Pos by FloodLAMP then was Neg by 3 molecular tests (Lucira, Detect, and Accula), before turning Pos by antigen 2 days later
A7: {=INDEX('Referral Test Data FLSP'!$A$1:$B982,$E7,1)} | B7: {=INDEX('Referral Test Data FLSP'!$A$1:$B982,$E7,2)} | D7: =IFERROR(__xludf.DUMMYFUNCTION("""COMPUTED_VALUE"""),"FLMP233123") -> FLMP233123 | E7: {=IFERROR( MATCH(D7, INDIRECT("'Referral Test Data FLSP'!D" & E6 + 1 & ":D"), 0) + E6, MATCH(D7, 'Referral Test Data FLSP'!D7:D982, 0) )} -> 21 | F7: =IF(ISBLANK(E8),COUNTA('Referral Test Data FLSP'!D$2:D982)-SUM(F$2:F6),E8-E7) -> 2 | G7: =IFERROR(VLOOKUP(D7,'ALL Pos and Incl IMPORT'!Q$2:U982,5,FALSE),0) -> 1 | I7: MA26 | J7: =VLOOKUP(I7,'Pos and Incl IMPORT'!B$2:U$83,20,FALSE) -> INDIV | K7: =IFERROR(__xludf.DUMMYFUNCTION("VLOOKUP(I7,IMPORTRANGE('ALL Pos and Incl IMPORT'!$A$2,""ALL Tube Results!A2:F""),6,FALSE)"),"Positive") -> Positive | L7: =IFERROR(__xludf.DUMMYFUNCTION("VLOOKUP(I7,IMPORTRANGE('ALL Pos and Incl IMPORT'!$A$2,""ALL Tube Results!A2:F""),3,FALSE)"),44572.0) -> 44572 | M7: {=INDEX('Referral Test Data FLSP'!$C$1:$P982,$E7,3)} -> 44573 | N7: =IF(AND(EXACT(P7,"Antigen"),EXACT(Q7,"Negative"),OR(EXACT(S7,"Positive"),EXACT(U7,"Positive"))),TRUE,FALSE) -> FALSE | O7: =Q7 -> Positive | P7: {=INDEX('Referral Test Data FLSP'!$C$1:$P982,$E7,7)} -> Lab PCR | Q7: {=INDEX('Referral Test Data FLSP'!$C$1:$P982,$E7,9)} -> Positive | R7: {=IF(OR($E7+1<$E8, AND(ISBLANK($E8), ($E7-1)<COUNT(#REF!))), INDEX('Referral Test Data FLSP'!$C$1:$P982,$E7+1,7), IFERROR(0/0,""))} -> Lab PCR | S7: {=IF(OR($E7+1<$E8, AND(ISBLANK($E8), ($E7-1)<COUNT(#REF!))), INDEX('Referral Test Data FLSP'!$C$1:$P982,$E7+1,9),IFERROR(0/0,""))} -> Negative | T7: {=IF(OR($E7+2<$E8, AND(ISBLANK($E8), ($E7-1)<COUNT(#REF!))), INDEX('Referral Test Data FLSP'!$C$1:$P982,$E7+2,7),IFERROR(0/0,""))} | U7: {=IF(OR($E7+2<$E8, AND(ISBLANK($E8), ($E7-1)<COUNT(#REF!))), INDEX('Referral Test Data FLSP'!$C$1:$P982,$E7+2,9),IFERROR(0/0,""))} | V7: 6 | X7: TRUE | Y7: =AND(OR(EXACT("Antigen",P7),EXACT("Antigen",R7),EXACT("Antigen",T7)),EXACT(J7,"INDIV")) -> FALSE | Z7: Was positive in duplicate on FL and confirmed by one LAB Purif PCR test (other said Neg) - see case report.
A8: {=INDEX('Referral Test Data FLSP'!$A$1:$B982,$E8,1)} | B8: {=INDEX('Referral Test Data FLSP'!$A$1:$B982,$E8,2)} | D8: =IFERROR(__xludf.DUMMYFUNCTION("""COMPUTED_VALUE"""),"FLMP618864") -> FLMP618864 | E8: {=IFERROR( MATCH(D8, INDIRECT("'Referral Test Data FLSP'!D" & E7 + 1 & ":D"), 0) + E7, MATCH(D8, 'Referral Test Data FLSP'!D8:D982, 0) )} -> 23 | F8: =IF(ISBLANK(E9),COUNTA('Referral Test Data FLSP'!D$2:D982)-SUM(F$2:F7),E9-E8) -> 2 | G8: =IFERROR(VLOOKUP(D8,'ALL Pos and Incl IMPORT'!Q$2:U982,5,FALSE),0) -> 0 | I8: AH7754 | J8: =VLOOKUP(I8,'Pos and Incl IMPORT'!B$2:U$83,20,FALSE) -> POOL | K8: =IFERROR(__xludf.DUMMYFUNCTION("VLOOKUP(I8,IMPORTRANGE('ALL Pos and Incl IMPORT'!$A$2,""ALL Tube Results!A2:F""),6,FALSE)"),"Positive") -> Positive | L8: =IFERROR(__xludf.DUMMYFUNCTION("VLOOKUP(I8,IMPORTRANGE('ALL Pos and Incl IMPORT'!$A$2,""ALL Tube Results!A2:F""),3,FALSE)"),44910.0) -> 44910 | M8: {=INDEX('Referral Test Data FLSP'!$C$1:$P982,$E8,3)} -> 44910 | N8: =IF(AND(EXACT(P8,"Antigen"),EXACT(Q8,"Negative"),OR(EXACT(S8,"Positive"),EXACT(U8,"Positive"))),TRUE,FALSE) -> FALSE | O8: =Q8 -> Negative | P8: {=INDEX('Referral Test Data FLSP'!$C$1:$P982,$E8,7)} -> LAMP Device | Q8: {=INDEX('Referral Test Data FLSP'!$C$1:$P982,$E8,9)} -> Negative | R8: {=IF(OR($E8+1<$E9, AND(ISBLANK($E9), ($E8-1)<COUNT(#REF!))), INDEX('Referral Test Data FLSP'!$C$1:$P982,$E8+1,7), IFERROR(0/0,""))} -> Antigen | S8: {=IF(OR($E8+1<$E9, AND(ISBLANK($E9), ($E8-1)<COUNT(#REF!))), INDEX('Referral Test Data FLSP'!$C$1:$P982,$E8+1,9),IFERROR(0/0,""))} -> Negative | T8: {=IF(OR($E8+2<$E9, AND(ISBLANK($E9), ($E8-1)<COUNT(#REF!))), INDEX('Referral Test Data FLSP'!$C$1:$P982,$E8+2,7),IFERROR(0/0,""))} | U8: {=IF(OR($E8+2<$E9, AND(ISBLANK($E9), ($E8-1)<COUNT(#REF!))), INDEX('Referral Test Data FLSP'!$C$1:$P982,$E8+2,9),IFERROR(0/0,""))} | V8: 7 | X8: TRUE | Y8: =AND(OR(EXACT("Antigen",P8),EXACT("Antigen",R8),EXACT("Antigen",T8)),EXACT(J8,"INDIV")) -> FALSE | Z8: Other member of pooled positive that was neg by referral tests
A9: {=INDEX('Referral Test Data FLSP'!$A$1:$B982,$E9,1)} | B9: {=INDEX('Referral Test Data FLSP'!$A$1:$B982,$E9,2)} | D9: =IFERROR(__xludf.DUMMYFUNCTION("""COMPUTED_VALUE"""),"FLMP183184") -> FLMP183184 | E9: {=IFERROR( MATCH(D9, INDIRECT("'Referral Test Data FLSP'!D" & E8 + 1 & ":D"), 0) + E8, MATCH(D9, 'Referral Test Data FLSP'!D9:D982, 0) )} -> 25 | F9: =IF(ISBLANK(E10),COUNTA('Referral Test Data FLSP'!D$2:D982)-SUM(F$2:F8),E10-E9) -> 2 | G9: =IFERROR(VLOOKUP(D9,'ALL Pos and Incl IMPORT'!Q$2:U982,5,FALSE),0) -> 1 | I9: AH7754 | J9: =VLOOKUP(I9,'Pos and Incl IMPORT'!B$2:U$83,20,FALSE) -> POOL | K9: =IFERROR(__xludf.DUMMYFUNCTION("VLOOKUP(I9,IMPORTRANGE('ALL Pos and Incl IMPORT'!$A$2,""ALL Tube Results!A2:F""),6,FALSE)"),"Positive") -> Positive | L9: =IFERROR(__xludf.DUMMYFUNCTION("VLOOKUP(I9,IMPORTRANGE('ALL Pos and Incl IMPORT'!$A$2,""ALL Tube Results!A2:F""),3,FALSE)"),44910.0) -> 44910 | M9: {=INDEX('Referral Test Data FLSP'!$C$1:$P982,$E9,3)} -> 44910 | N9: TRUE | O9: =Q9 -> Positive | P9: {=INDEX('Referral Test Data FLSP'!$C$1:$P982,$E9,7)} -> LAMP Device | Q9: {=INDEX('Referral Test Data FLSP'!$C$1:$P982,$E9,9)} -> Positive | R9: Rapid Antigen | S9: Negative | V9: 8 | X9: TRUE | Y9: TRUE | Z9: FL pooled positive was confirmed with a Lucira that Antigen missed - see detailed report on referral testing FLSP Referral Test for 2022-12-15 Gary and Mithrabut confounding is that same 2 people in pool were Neg (AG2168) in a collection an hour later
H14: MANUAL is used when the person's name appears more than once in the Positives and Inconclusives list
H15: Fill in the TubeID manually by matching the date and make cell white | X15: IDs Included | Y15: Count
H16: Change col I and J formula to use VLOOKUP | Y16: =COUNTIF(Y2:Y9,TRUE) -> 3 | Z16: Number of FloodLAMP Test Person Cases with Referral Antigen Tests
X17: 8 | Y17: 1 | Z17: Number of FloodLAMP Positive Test Person Cases with Antigen Negative - Agree with Referral Test Positive (usually PCR or later aAntigen) but Initial Antigen Negative
C18: MUST CLEAR EXTRA ROWS AT BOTTOM | K18: =IF(G2=1, IFERROR(VLOOKUP(C2, #REF!, 6, FALSE), IFERROR(VLOOKUP(C2, #REF!, 5, FALSE), IFERROR(VLOOKUP(C2, #REF!, 4, FALSE), IFERROR(VLOOKUP(C2, #REF!, 3, FALSE), "error - 1 but not found")))),"LOOKUP") -> LOOKUP | X18: 4 | Y18: 1 | Z18: Number of FloodLAMP Positive Test Person Cases with Antigen Positive
X19: 5 | Y19: 1 | Z19: Number of FloodLAMP Positive Test Person Cases confirmed with Referral Tests but Other Non-Antigen Test Negative

Sheet Referral Test Data FLSP
A1: PARTICIPANT FIRSTNAME | B1: PARTICIPANT LASTNAME | C1: PARTICIPANT FULLNAME | D1: PARTICIPANT ID | E1: REFERRAL TEST COLLECTION DATE | F1: REFERRAL TEST COLLECTION TIME | G1: REFERRAL TEST RESULT DATE | H1: REFERRAL TEST RESULT TIME | I1: REFERRAL TEST TYPE | J1: REFERRAL TEST MODEL | K1: REFERRAL TEST RESULT | L1: REFERRAL TEST CT (IF PCR) | M1: SYMPTOMS? | N1: VACCINATED? | O1: NOTES | P1: SOURCE NOTES | Q1: INIT FL POS TUBE ID FROM CASE CLUSTER
D2: FLMP268140 | E2: 44211 | F2: 0.32527778 | G2: 44211 | H2: 0.58333333 | I2: Direct PCR | J2: FloodLAMP EasyPCR | K2: Positive | L2: 31.6 | M2: FALSE | N2: FALSE | O2: Sample is FL Tube 351430 | P2: FL Run File P17 | Q2: 351430
D3: FLMP466389 | E3: 44212 | F3: 0.66666667 | G3: 44212 | H3: 0.79166667 | I3: Direct PCR | J3: FloodLAMP EasyPCR | K3: Positive | L3: 35.3 | M3: FALSE | N3: FALSE | O3: Sample is FL Tube 351430B | P3: FL Run File P19 | Q3: 351430
D4: FLMP466389 | E4: 44213 | F4: 0.66666667 | G4: 44213 | I4: Lab Purif PCR | K4: Positive | M4: FALSE | N4: FALSE | O4: Stanford | Q4: 351430
D5: FLMP466389 | E5: 44214 | F5: 0.66666667 | G5: 44214 | H5: 0.875 | I5: Direct PCR | J5: FloodLAMP SalivaDirect | K5: Positive | L5: 37.1 | M5: FALSE | N5: FALSE | O5: Sample is FL Tube 351430D | P5: FL Run File P19 | Q5: 351430
D6: FLMP197976 | E6: 44211 | F6: 0.66666667 | G6: 44211 | H6: 0.79166667 | I6: Direct PCR | J6: FloodLAMP EasyPCR | K6: Negative | M6: FALSE | N6: FALSE | O6: Sample is FL Tube 351430A | P6: FL Run File P19 | Q6: 351430
D7: FLMP197976 | E7: 44213 | F7: 0.66666667 | G7: 44213 | H7: 0.875 | I7: Direct PCR | J7: FloodLAMP SalivaDirect | K7: Negative | M7: FALSE | N7: FALSE | O7: Sample is FL Tube 351430C | P7: FL Run File P19 | Q7: 351430
D8: FLMP197976 | E8: 44213 | F8: 0.66666667 | G8: 44213 | I8: Lab Purif PCR | K8: Positive | M8: FALSE | N8: FALSE | O8: Stanford | Q8: 351430
D9: FLMP619442 | E9: 44548 | F9: 0.29166667 | G9: 44548 | I9: Antigen | J9: BinaXNow | K9: Positive | M9: TRUE | N9: TRUE | O9: photo on iphone | Q9: MA1463
D10: FLMP964950 | E10: 44561 | F10: 0.59027778 | G10: 44561 | H10: 0.60416667 | I10: Antigen | J10: FlowFlex | K10: Negative | M10: FALSE | N10: TRUE | P10: Case Report for NYE
D11: FLMP964950 | E11: 44561 | F11: 0.59027778 | G11: 44561 | H11: 0.60416667 | I11: LAMP Device | J11: Detect | K11: Negative | M11: FALSE | N11: TRUE | P11: Case Report for NYE
D12: FLMP964950 | E12: 44561 | F12: 0.70277778 | G12: 44561 | H12: 0.72916667 | I12: LAMP Device | J12: Lucira | K12: Negative | M12: FALSE | N12: TRUE | P12: Case Report for NYE
D13: FLMP964950 | E13: 44561 | F13: 0.70833333 | G13: 44561 | H13: 0.71875 | I13: Antigen | J13: BinaXNow | K13: Negative | M13: FALSE | N13: TRUE | P13: Case Report for NYE
D14: FLMP964950 | E14: 44561 | F14: 0.83333333 | G14: 44562 | H14: 0.5 | I14: Direct PCR | J14: FloodLAMP SalivaDirect | K14: Positive | L14: 27.7 | M14: FALSE | N14: TRUE | P14: Case Report for NYE
D15: FLMP964950 | E15: 44562 | F15: 0.41666667 | G15: 44562 | H15: 0.42708333 | I15: Antigen | J15: BinaXNow | K15: Negative | M15: FALSE | N15: TRUE | O15: Nasal Swab | P15: Case Report for NYE
D16: FLMP964950 | E16: 44562 | F16: 0.41666667 | G16: 44562 | H16: 0.42708333 | I16: Antigen | J16: BinaXNow | K16: Negative | M16: FALSE | N16: TRUE | O16: Throat Swab | P16: Case Report for NYE
D17: FLMP964950 | E17: 44562 | F17: 0.45833333 | G17: 44562 | H17: 0.5 | I17: Direct PCR | J17: FloodLAMP SalivaDirect | K17: Positive | L17: 29 | M17: FALSE | N17: TRUE | P17: Case Report for NYE
D18: FLMP964950 | E18: 44562 | F18: 0.66666667 | G18: 44562 | H18: 0.75 | I18: Rapid PCR | J18: Accula | K18: Negative | M18: FALSE | N18: TRUE | P18: Case Report for NYE
D19: FLMP964950 | E19: 44563 | F19: 0.41666667 | G19: 44563 | H19: 0.42708333 | I19: Antigen | J19: BinaXNow | K19: Positive | N19: TRUE | P19: Case Report for NYE
D20: FLMP964950 | E20: 44563 | F20: 0.41666667 | G20: 44563 | H20: 0.42708333 | I20: Antigen | J20: FlowFlex | K20: Positive | N20: TRUE | P20: Case Report for NYE
D21: FLMP233123 | E21: 44573 | F21: 0.48958333 | G21: 44574 | H21: 0.55069444 | I21: Lab PCR | K21: Positive | M21: TRUE | N21: TRUE | O21: Wallgreens Drive Thru | P21: from email receipt | Q21: MA26
D22: FLMP233123 | E22: 44573 | F22: 0.41666667 | G22: 44575 | I22: Lab PCR | K22: Negative | M22: FALSE | N22: TRUE | O22: MEDLAB2020 | P22: From email receipt | Q22: MA26
D23: FLMP618864 | E23: 44910 | F23: 0.45416667 | G23: 44910 | H23: 0.475 | I23: LAMP Device | J23: Lucira | K23: Negative | M23: FALSE | N23: TRUE | P23: gdoc on case
D24: FLMP618864 | E24: 44910 | F24: 0.46736111 | G24: 44910 | H24: 0.47777778 | I24: Antigen | J24: CareStart | K24: Negative | M24: FALSE | N24: TRUE | P24: gdoc on case
D25: FLMP183184 | E25: 44910 | F25: 0.48541667 | G25: 44910 | H25: 0.5 | I25: LAMP Device | J25: Lucira | K25: Positive | M25: FALSE | N25: TRUE | P25: gdoc on case
D26: FLMP183184 | E26: 44910 | F26: 0.51736111 | G26: 44910 | H26: 0.52638889 | I26: Antigen | J26: CareStart | K26: Negative | M26: FALSE | N26: TRUE | P26: gdoc on case

Sheet ALL Pos and Incl IMPORT
A1: IMPORTS >> URL link below | B1: =IFERROR(__xludf.DUMMYFUNCTION("IMPORTRANGE(A2,""ALL Tube Results!A1:F1"")"),"TUBE ID") -> TUBE ID | C1: =IFERROR(__xludf.DUMMYFUNCTION("""COMPUTED_VALUE"""),"FINAL ASSIGNED RUN ID") -> FINAL ASSIGNED RUN ID | D1: =IFERROR(__xludf.DUMMYFUNCTION("""COMPUTED_VALUE"""),"RUN DATE") -> RUN DATE | E1: =IFERROR(__xludf.DUMMYFUNCTION("""COMPUTED_VALUE"""),"COLLECTION DATE") -> COLLECTION DATE | F1: =IFERROR(__xludf.DUMMYFUNCTION("""COMPUTED_VALUE"""),"COLLECTION TIME") -> COLLECTION TIME | G1: =IFERROR(__xludf.DUMMYFUNCTION("""COMPUTED_VALUE"""),"FINAL RESULT") -> FINAL RESULT | H1: ='Pos and Incl IMPORT'!E1 -> SPONSOR PERSON ID | I1: ='Pos and Incl IMPORT'!F1 -> SPONSOR FIRSTNAME | J1: ='Pos and Incl IMPORT'!G1 -> SPONSOR LASTNAME | K1: ='Pos and Incl IMPORT'!H1 -> APP RESULT | L1: ='Pos and Incl IMPORT'!L1 -> Result Correct Code | M1: ='Pos and Incl IMPORT'!M1 -> Correction Notes | N1: ='Pos and Incl IMPORT'!N1 -> NOTE | O1: ='Pos and Incl IMPORT'!O1 -> NUM SAMPLES (Pool Level) | P1: ='Pos and Incl IMPORT'!P1 -> Match Row in APS Data PHI - postDEL | Q1: Sample Person1 ID | R1: Sample Person2 ID | S1: Sample Person3 ID | T1: Sample Person4 ID | U1: Num Instances Name | V1: Sample Person1 ID | W1: Sample Person2 ID | X1: Sample Person3 ID | Y1: Sample Person4 ID | Z1: Sample Person1 ID | AA1: Sample Person2 ID | AB1: Sample Person3 ID | AC1: Sample Person4 ID
A2: FLMP_RFR_deID_PUB | B2: =IFERROR(__xludf.DUMMYFUNCTION("QUERY(IMPORTRANGE(A2,""ALL Tube Results!A2:F""), ""SELECT * WHERE Col6 = 'Positive' OR Col6 = 'Inconclusive'"", 0) "),"351430") -> 351430 | C2: =IFERROR(__xludf.DUMMYFUNCTION("""COMPUTED_VALUE"""),"RUN-FLMP_2021-01-15_APS-007") -> RUN-FLMP_2021-01-15_APS-007 | D2: =IFERROR(__xludf.DUMMYFUNCTION("""COMPUTED_VALUE"""),44211.0) -> 44211 | E2: =IFERROR(__xludf.DUMMYFUNCTION("""COMPUTED_VALUE"""),44211.0) -> 44211 | F2: =IFERROR(__xludf.DUMMYFUNCTION("""COMPUTED_VALUE"""),0.32527777777795563) -> 0.32527778 | G2: =IFERROR(__xludf.DUMMYFUNCTION("""COMPUTED_VALUE"""),"Positive") -> Positive | H2: =IFERROR(VLOOKUP($B3,'Pos and Incl IMPORT'!$B$2:$X109,4,FALSE),IFERROR(0/0,"")) -> SpFLMP659315 | K2: =IFERROR(VLOOKUP($B2,'Pos and Incl IMPORT'!$B$2:$P109,7,FALSE),IFERROR(0/0,"")) -> Null | L2: =IFERROR(VLOOKUP($B2,'Pos and Incl IMPORT'!$B$2:$P109,11,FALSE),IFERROR(0/0,"")) -> 3 | M2: =IFERROR(VLOOKUP($B2,'Pos and Incl IMPORT'!$B$2:$P109,12,FALSE),IFERROR(0/0,"")) -> Null called Positive - Sponsor communicated identity of other person in pool on day of, see RTR | N2: =IFERROR(VLOOKUP($B2,'Pos and Incl IMPORT'!$B$2:$P109,13,FALSE),IFERROR(0/0,"")) | O2: =IFERROR(VLOOKUP($B2,'Pos and Incl IMPORT'!$B$2:$P109,14,FALSE),IFERROR(0/0,"")) -> 2 | P2: =IFERROR(VLOOKUP($B2,'Pos and Incl IMPORT'!$B$2:$P109,15,FALSE),IFERROR(0/0,"")) -> 42 | Q2: =IFERROR(VLOOKUP($B2,'Pos and Incl IMPORT'!$B$2:$S109,16,FALSE),IFERROR(0/0,"")) -> FLMP466389 | R2: =IFERROR(VLOOKUP($B2,'Pos and Incl IMPORT'!$B$2:$S109,17,FALSE),IFERROR(0/0,"")) -> FLMP197976 | S2: =IFERROR(VLOOKUP($B2,'Pos and Incl IMPORT'!$B$2:$S109,18,FALSE),IFERROR(0/0,"")) | T2: =IFERROR(VLOOKUP($B2,'Pos and Incl IMPORT'!$B$2:$S109,19,FALSE),IFERROR(0/0,"")) | U2: =IF(ISBLANK(Q2),IFERROR(0/0,""),COUNTIF(Q$2:T109,Q2)) -> 3
B3: =IFERROR(__xludf.DUMMYFUNCTION("""COMPUTED_VALUE"""),"351430B") -> 351430B | C3: =IFERROR(__xludf.DUMMYFUNCTION("""COMPUTED_VALUE"""),"RUN-FLMP_2021-01-15_APS-007") -> RUN-FLMP_2021-01-15_APS-007 | D3: =IFERROR(__xludf.DUMMYFUNCTION("""COMPUTED_VALUE"""),44211.0) -> 44211 | E3: =IFERROR(__xludf.DUMMYFUNCTION("""COMPUTED_VALUE"""),44211.0) -> 44211 | F3: =IFERROR(__xludf.DUMMYFUNCTION("""COMPUTED_VALUE"""),0.6666666666678793) -> 0.66666667 | G3: =IFERROR(__xludf.DUMMYFUNCTION("""COMPUTED_VALUE"""),"Positive") -> Positive | H3: =IFERROR(VLOOKUP($B4,'Pos and Incl IMPORT'!$B$2:$X109,4,FALSE),IFERROR(0/0,"")) -> SpFLMP659315 | K3: =IFERROR(VLOOKUP($B3,'Pos and Incl IMPORT'!$B$2:$P109,7,FALSE),IFERROR(0/0,"")) | L3: =IFERROR(VLOOKUP($B3,'Pos and Incl IMPORT'!$B$2:$P109,11,FALSE),IFERROR(0/0,"")) -> 5 | M3: =IFERROR(VLOOKUP($B3,'Pos and Incl IMPORT'!$B$2:$P109,12,FALSE),IFERROR(0/0,"")) -> Resample for deconv not collected in App, info on samples is in 1-15-22 Run File | N3: =IFERROR(VLOOKUP($B3,'Pos and Incl IMPORT'!$B$2:$P109,13,FALSE),IFERROR(0/0,"")) | O3: =IFERROR(VLOOKUP($B3,'Pos and Incl IMPORT'!$B$2:$P109,14,FALSE),IFERROR(0/0,"")) -> 1 | P3: =IFERROR(VLOOKUP($B3,'Pos and Incl IMPORT'!$B$2:$P109,15,FALSE),IFERROR(0/0,"")) -> 51 | Q3: =IFERROR(VLOOKUP($B3,'Pos and Incl IMPORT'!$B$2:$S109,16,FALSE),IFERROR(0/0,"")) -> FLMP466389 | R3: =IFERROR(VLOOKUP($B3,'Pos and Incl IMPORT'!$B$2:$S109,17,FALSE),IFERROR(0/0,"")) | S3: =IFERROR(VLOOKUP($B3,'Pos and Incl IMPORT'!$B$2:$S109,18,FALSE),IFERROR(0/0,"")) | T3: =IFERROR(VLOOKUP($B3,'Pos and Incl IMPORT'!$B$2:$S109,19,FALSE),IFERROR(0/0,"")) | U3: =IF(ISBLANK(Q3),IFERROR(0/0,""),COUNTIF(Q$2:T110,Q3)) -> 3
B4: =IFERROR(__xludf.DUMMYFUNCTION("""COMPUTED_VALUE"""),"351430D") -> 351430D | C4: =IFERROR(__xludf.DUMMYFUNCTION("""COMPUTED_VALUE"""),"RUN-FLMP_2021-01-15_APS-007") -> RUN-FLMP_2021-01-15_APS-007 | D4: =IFERROR(__xludf.DUMMYFUNCTION("""COMPUTED_VALUE"""),44211.0) -> 44211 | E4: =IFERROR(__xludf.DUMMYFUNCTION("""COMPUTED_VALUE"""),44211.0) -> 44211 | F4: =IFERROR(__xludf.DUMMYFUNCTION("""COMPUTED_VALUE"""),0.6666666666678793) -> 0.66666667 | G4: =IFERROR(__xludf.DUMMYFUNCTION("""COMPUTED_VALUE"""),"Positive") -> Positive | H4: =IFERROR(VLOOKUP($B5,'Pos and Incl IMPORT'!$B$2:$X109,4,FALSE),IFERROR(0/0,"")) -> SpFLMP659315 | K4: =IFERROR(VLOOKUP($B4,'Pos and Incl IMPORT'!$B$2:$P109,7,FALSE),IFERROR(0/0,"")) | L4: =IFERROR(VLOOKUP($B4,'Pos and Incl IMPORT'!$B$2:$P109,11,FALSE),IFERROR(0/0,"")) -> 5 | M4: =IFERROR(VLOOKUP($B4,'Pos and Incl IMPORT'!$B$2:$P109,12,FALSE),IFERROR(0/0,"")) -> Saliva only run on PCR, Resample for deconv not collected in App, info on samples is in 1-15-22 Run File | N4: =IFERROR(VLOOKUP($B4,'Pos and Incl IMPORT'!$B$2:$P109,13,FALSE),IFERROR(0/0,"")) | O4: =IFERROR(VLOOKUP($B4,'Pos and Incl IMPORT'!$B$2:$P109,14,FALSE),IFERROR(0/0,"")) -> 1 | P4: =IFERROR(VLOOKUP($B4,'Pos and Incl IMPORT'!$B$2:$P109,15,FALSE),IFERROR(0/0,"")) -> 53 | Q4: =IFERROR(VLOOKUP($B4,'Pos and Incl IMPORT'!$B$2:$S109,16,FALSE),IFERROR(0/0,"")) -> FLMP466389 | R4: =IFERROR(VLOOKUP($B4,'Pos and Incl IMPORT'!$B$2:$S109,17,FALSE),IFERROR(0/0,"")) | S4: =IFERROR(VLOOKUP($B4,'Pos and Incl IMPORT'!$B$2:$S109,18,FALSE),IFERROR(0/0,"")) | T4: =IFERROR(VLOOKUP($B4,'Pos and Incl IMPORT'!$B$2:$S109,19,FALSE),IFERROR(0/0,"")) | U4: =IF(ISBLANK(Q4),IFERROR(0/0,""),COUNTIF(Q$2:T111,Q4)) -> 3
B5: =IFERROR(__xludf.DUMMYFUNCTION("""COMPUTED_VALUE"""),"MA1463") -> MA1463 | C5: =IFERROR(__xludf.DUMMYFUNCTION("""COMPUTED_VALUE"""),"RUN-FLMP_2021-12-18_RFR-019") -> RUN-FLMP_2021-12-18_RFR-019 | D5: =IFERROR(__xludf.DUMMYFUNCTION("""COMPUTED_VALUE"""),44548.0) -> 44548 | E5: =IFERROR(__xludf.DUMMYFUNCTION("""COMPUTED_VALUE"""),44548.0) -> 44548 | F5: =IFERROR(__xludf.DUMMYFUNCTION("""COMPUTED_VALUE"""),0.29943287037167465) -> 0.29943287 | G5: =IFERROR(__xludf.DUMMYFUNCTION("""COMPUTED_VALUE"""),"Positive") -> Positive | H5: =IFERROR(VLOOKUP($B6,'Pos and Incl IMPORT'!$B$2:$X109,4,FALSE),IFERROR(0/0,"")) -> SpFLMP659315 | K5: =IFERROR(VLOOKUP($B5,'Pos and Incl IMPORT'!$B$2:$P109,7,FALSE),IFERROR(0/0,"")) -> Positive | L5: =IFERROR(VLOOKUP($B5,'Pos and Incl IMPORT'!$B$2:$P109,11,FALSE),IFERROR(0/0,"")) | M5: =IFERROR(VLOOKUP($B5,'Pos and Incl IMPORT'!$B$2:$P109,12,FALSE),IFERROR(0/0,"")) | N5: =IFERROR(VLOOKUP($B5,'Pos and Incl IMPORT'!$B$2:$P109,13,FALSE),IFERROR(0/0,"")) | O5: =IFERROR(VLOOKUP($B5,'Pos and Incl IMPORT'!$B$2:$P109,14,FALSE),IFERROR(0/0,"")) -> 2 | P5: =IFERROR(VLOOKUP($B5,'Pos and Incl IMPORT'!$B$2:$P109,15,FALSE),IFERROR(0/0,"")) -> 614 | Q5: =IFERROR(VLOOKUP($B5,'Pos and Incl IMPORT'!$B$2:$S109,16,FALSE),IFERROR(0/0,"")) -> FLMP634407 | R5: =IFERROR(VLOOKUP($B5,'Pos and Incl IMPORT'!$B$2:$S109,17,FALSE),IFERROR(0/0,"")) -> FLMP619442 | S5: =IFERROR(VLOOKUP($B5,'Pos and Incl IMPORT'!$B$2:$S109,18,FALSE),IFERROR(0/0,"")) | T5: =IFERROR(VLOOKUP($B5,'Pos and Incl IMPORT'!$B$2:$S109,19,FALSE),IFERROR(0/0,"")) | U5: =IF(ISBLANK(Q5),IFERROR(0/0,""),COUNTIF(Q$2:T112,Q5)) -> 1
B6: =IFERROR(__xludf.DUMMYFUNCTION("""COMPUTED_VALUE"""),"MA1215") -> MA1215 | C6: =IFERROR(__xludf.DUMMYFUNCTION("""COMPUTED_VALUE"""),"RUN-FLMP_2021-12-18_RFR-020") -> RUN-FLMP_2021-12-18_RFR-020 | D6: =IFERROR(__xludf.DUMMYFUNCTION("""COMPUTED_VALUE"""),44548.0) -> 44548 | E6: =IFERROR(__xludf.DUMMYFUNCTION("""COMPUTED_VALUE"""),44548.0) -> 44548 | F6: =IFERROR(__xludf.DUMMYFUNCTION("""COMPUTED_VALUE"""),0.3919097222205892) -> 0.39190972 | G6: =IFERROR(__xludf.DUMMYFUNCTION("""COMPUTED_VALUE"""),"Positive") -> Positive | H6: =IFERROR(VLOOKUP($B7,'Pos and Incl IMPORT'!$B$2:$X109,4,FALSE),IFERROR(0/0,"")) -> SpFLMP659315 | K6: =IFERROR(VLOOKUP($B6,'Pos and Incl IMPORT'!$B$2:$P109,7,FALSE),IFERROR(0/0,"")) -> Positive | L6: =IFERROR(VLOOKUP($B6,'Pos and Incl IMPORT'!$B$2:$P109,11,FALSE),IFERROR(0/0,"")) | M6: =IFERROR(VLOOKUP($B6,'Pos and Incl IMPORT'!$B$2:$P109,12,FALSE),IFERROR(0/0,"")) -> name email fix | N6: =IFERROR(VLOOKUP($B6,'Pos and Incl IMPORT'!$B$2:$P109,13,FALSE),IFERROR(0/0,"")) | O6: =IFERROR(VLOOKUP($B6,'Pos and Incl IMPORT'!$B$2:$P109,14,FALSE),IFERROR(0/0,"")) -> 1 | P6: =IFERROR(VLOOKUP($B6,'Pos and Incl IMPORT'!$B$2:$P109,15,FALSE),IFERROR(0/0,"")) -> 618 | Q6: =IFERROR(VLOOKUP($B6,'Pos and Incl IMPORT'!$B$2:$S109,16,FALSE),IFERROR(0/0,"")) -> FLMP619442 | R6: =IFERROR(VLOOKUP($B6,'Pos and Incl IMPORT'!$B$2:$S109,17,FALSE),IFERROR(0/0,"")) | S6: =IFERROR(VLOOKUP($B6,'Pos and Incl IMPORT'!$B$2:$S109,18,FALSE),IFERROR(0/0,"")) | T6: =IFERROR(VLOOKUP($B6,'Pos and Incl IMPORT'!$B$2:$S109,19,FALSE),IFERROR(0/0,"")) | U6: =IF(ISBLANK(Q6),IFERROR(0/0,""),COUNTIF(Q$2:T113,Q6)) -> 8
B7: =IFERROR(__xludf.DUMMYFUNCTION("""COMPUTED_VALUE"""),"FLM276") -> FLM276 | C7: =IFERROR(__xludf.DUMMYFUNCTION("""COMPUTED_VALUE"""),"RUN-FLMP_2021-12-22_RFR-031") -> RUN-FLMP_2021-12-22_RFR-031 | D7: =IFERROR(__xludf.DUMMYFUNCTION("""COMPUTED_VALUE"""),44552.0) -> 44552 | E7: =IFERROR(__xludf.DUMMYFUNCTION("""COMPUTED_VALUE"""),44552.0) -> 44552 | F7: =IFERROR(__xludf.DUMMYFUNCTION("""COMPUTED_VALUE"""),0.7594791666670062) -> 0.75947917 | G7: =IFERROR(__xludf.DUMMYFUNCTION("""COMPUTED_VALUE"""),"Positive") -> Positive | H7: =IFERROR(VLOOKUP($B8,'Pos and Incl IMPORT'!$B$2:$X109,4,FALSE),IFERROR(0/0,"")) -> SpFLMP659315 | K7: =IFERROR(VLOOKUP($B7,'Pos and Incl IMPORT'!$B$2:$P109,7,FALSE),IFERROR(0/0,"")) -> Positive | L7: =IFERROR(VLOOKUP($B7,'Pos and Incl IMPORT'!$B$2:$P109,11,FALSE),IFERROR(0/0,"")) | M7: =IFERROR(VLOOKUP($B7,'Pos and Incl IMPORT'!$B$2:$P109,12,FALSE),IFERROR(0/0,"")) -> name email fix | N7: =IFERROR(VLOOKUP($B7,'Pos and Incl IMPORT'!$B$2:$P109,13,FALSE),IFERROR(0/0,"")) | O7: =IFERROR(VLOOKUP($B7,'Pos and Incl IMPORT'!$B$2:$P109,14,FALSE),IFERROR(0/0,"")) -> 1 | P7: =IFERROR(VLOOKUP($B7,'Pos and Incl IMPORT'!$B$2:$P109,15,FALSE),IFERROR(0/0,"")) -> 646 | Q7: =IFERROR(VLOOKUP($B7,'Pos and Incl IMPORT'!$B$2:$S109,16,FALSE),IFERROR(0/0,"")) -> FLMP619442 | R7: =IFERROR(VLOOKUP($B7,'Pos and Incl IMPORT'!$B$2:$S109,17,FALSE),IFERROR(0/0,"")) | S7: =IFERROR(VLOOKUP($B7,'Pos and Incl IMPORT'!$B$2:$S109,18,FALSE),IFERROR(0/0,"")) | T7: =IFERROR(VLOOKUP($B7,'Pos and Incl IMPORT'!$B$2:$S109,19,FALSE),IFERROR(0/0,"")) | U7: =IF(ISBLANK(Q7),IFERROR(0/0,""),COUNTIF(Q$2:T114,Q7)) -> 8
B8: =IFERROR(__xludf.DUMMYFUNCTION("""COMPUTED_VALUE"""),"MA1362") -> MA1362 | C8: =IFERROR(__xludf.DUMMYFUNCTION("""COMPUTED_VALUE"""),"RUN-FLMP_2021-12-23_RFR-032") -> RUN-FLMP_2021-12-23_RFR-032 | D8: =IFERROR(__xludf.DUMMYFUNCTION("""COMPUTED_VALUE"""),44553.0) -> 44553 | E8: =IFERROR(__xludf.DUMMYFUNCTION("""COMPUTED_VALUE"""),44553.0) -> 44553 | F8: =IFERROR(__xludf.DUMMYFUNCTION("""COMPUTED_VALUE"""),0.37064814814948477) -> 0.37064815 | G8: =IFERROR(__xludf.DUMMYFUNCTION("""COMPUTED_VALUE"""),"Positive") -> Positive | H8: =IFERROR(VLOOKUP($B9,'Pos and Incl IMPORT'!$B$2:$X109,4,FALSE),IFERROR(0/0,"")) -> SpFLMP659315 | K8: =IFERROR(VLOOKUP($B8,'Pos and Incl IMPORT'!$B$2:$P109,7,FALSE),IFERROR(0/0,"")) -> Positive | L8: =IFERROR(VLOOKUP($B8,'Pos and Incl IMPORT'!$B$2:$P109,11,FALSE),IFERROR(0/0,"")) | M8: =IFERROR(VLOOKUP($B8,'Pos and Incl IMPORT'!$B$2:$P109,12,FALSE),IFERROR(0/0,"")) -> name email fix | N8: =IFERROR(VLOOKUP($B8,'Pos and Incl IMPORT'!$B$2:$P109,13,FALSE),IFERROR(0/0,"")) | O8: =IFERROR(VLOOKUP($B8,'Pos and Incl IMPORT'!$B$2:$P109,14,FALSE),IFERROR(0/0,"")) -> 1 | P8: =IFERROR(VLOOKUP($B8,'Pos and Incl IMPORT'!$B$2:$P109,15,FALSE),IFERROR(0/0,"")) -> 650 | Q8: =IFERROR(VLOOKUP($B8,'Pos and Incl IMPORT'!$B$2:$S109,16,FALSE),IFERROR(0/0,"")) -> FLMP619442 | R8: =IFERROR(VLOOKUP($B8,'Pos and Incl IMPORT'!$B$2:$S109,17,FALSE),IFERROR(0/0,"")) | S8: =IFERROR(VLOOKUP($B8,'Pos and Incl IMPORT'!$B$2:$S109,18,FALSE),IFERROR(0/0,"")) | T8: =IFERROR(VLOOKUP($B8,'Pos and Incl IMPORT'!$B$2:$S109,19,FALSE),IFERROR(0/0,"")) | U8: =IF(ISBLANK(Q8),IFERROR(0/0,""),COUNTIF(Q$2:T115,Q8)) -> 8
B9: =IFERROR(__xludf.DUMMYFUNCTION("""COMPUTED_VALUE"""),"MA1325") -> MA1325 | C9: =IFERROR(__xludf.DUMMYFUNCTION("""COMPUTED_VALUE"""),"RUN-FLMP_2021-12-24_RFR-033") -> RUN-FLMP_2021-12-24_RFR-033 | D9: =IFERROR(__xludf.DUMMYFUNCTION("""COMPUTED_VALUE"""),44554.0) -> 44554 | E9: =IFERROR(__xludf.DUMMYFUNCTION("""COMPUTED_VALUE"""),44554.0) -> 44554 | F9: =IFERROR(__xludf.DUMMYFUNCTION("""COMPUTED_VALUE"""),0.30942129629693227) -> 0.3094213 | G9: =IFERROR(__xludf.DUMMYFUNCTION("""COMPUTED_VALUE"""),"Positive") -> Positive | H9: =IFERROR(VLOOKUP($B10,'Pos and Incl IMPORT'!$B$2:$X109,4,FALSE),IFERROR(0/0,"")) -> SpFLMP659315 | K9: =IFERROR(VLOOKUP($B9,'Pos and Incl IMPORT'!$B$2:$P109,7,FALSE),IFERROR(0/0,"")) -> Positive | L9: =IFERROR(VLOOKUP($B9,'Pos and Incl IMPORT'!$B$2:$P109,11,FALSE),IFERROR(0/0,"")) | M9: =IFERROR(VLOOKUP($B9,'Pos and Incl IMPORT'!$B$2:$P109,12,FALSE),IFERROR(0/0,"")) -> name email fix | N9: =IFERROR(VLOOKUP($B9,'Pos and Incl IMPORT'!$B$2:$P109,13,FALSE),IFERROR(0/0,"")) | O9: =IFERROR(VLOOKUP($B9,'Pos and Incl IMPORT'!$B$2:$P109,14,FALSE),IFERROR(0/0,"")) -> 1 | P9: =IFERROR(VLOOKUP($B9,'Pos and Incl IMPORT'!$B$2:$P109,15,FALSE),IFERROR(0/0,"")) -> 652 | Q9: =IFERROR(VLOOKUP($B9,'Pos and Incl IMPORT'!$B$2:$S109,16,FALSE),IFERROR(0/0,"")) -> FLMP619442 | R9: =IFERROR(VLOOKUP($B9,'Pos and Incl IMPORT'!$B$2:$S109,17,FALSE),IFERROR(0/0,"")) | S9: =IFERROR(VLOOKUP($B9,'Pos and Incl IMPORT'!$B$2:$S109,18,FALSE),IFERROR(0/0,"")) | T9: =IFERROR(VLOOKUP($B9,'Pos and Incl IMPORT'!$B$2:$S109,19,FALSE),IFERROR(0/0,"")) | U9: =IF(ISBLANK(Q9),IFERROR(0/0,""),COUNTIF(Q$2:T116,Q9)) -> 8
B10: =IFERROR(__xludf.DUMMYFUNCTION("""COMPUTED_VALUE"""),"MAX311") -> MAX311 | C10: =IFERROR(__xludf.DUMMYFUNCTION("""COMPUTED_VALUE"""),"RUN-FLMP_2021-12-25_RFR-034") -> RUN-FLMP_2021-12-25_RFR-034 | D10: =IFERROR(__xludf.DUMMYFUNCTION("""COMPUTED_VALUE"""),44555.0) -> 44555 | E10: =IFERROR(__xludf.DUMMYFUNCTION("""COMPUTED_VALUE"""),44555.0) -> 44555 | F10: =IFERROR(__xludf.DUMMYFUNCTION("""COMPUTED_VALUE"""),0.3553009259267128) -> 0.35530093 | G10: =IFERROR(__xludf.DUMMYFUNCTION("""COMPUTED_VALUE"""),"Positive") -> Positive | H10: =IFERROR(VLOOKUP($B11,'Pos and Incl IMPORT'!$B$2:$X109,4,FALSE),IFERROR(0/0,"")) -> SpFLMP659315 | K10: =IFERROR(VLOOKUP($B10,'Pos and Incl IMPORT'!$B$2:$P109,7,FALSE),IFERROR(0/0,"")) -> Positive | L10: =IFERROR(VLOOKUP($B10,'Pos and Incl IMPORT'!$B$2:$P109,11,FALSE),IFERROR(0/0,"")) | M10: =IFERROR(VLOOKUP($B10,'Pos and Incl IMPORT'!$B$2:$P109,12,FALSE),IFERROR(0/0,"")) -> name email fix | N10: =IFERROR(VLOOKUP($B10,'Pos and Incl IMPORT'!$B$2:$P109,13,FALSE),IFERROR(0/0,"")) | O10: =IFERROR(VLOOKUP($B10,'Pos and Incl IMPORT'!$B$2:$P109,14,FALSE),IFERROR(0/0,"")) -> 1 | P10: =IFERROR(VLOOKUP($B10,'Pos and Incl IMPORT'!$B$2:$P109,15,FALSE),IFERROR(0/0,"")) -> 661 | Q10: =IFERROR(VLOOKUP($B10,'Pos and Incl IMPORT'!$B$2:$S109,16,FALSE),IFERROR(0/0,"")) -> FLMP619442 | R10: =IFERROR(VLOOKUP($B10,'Pos and Incl IMPORT'!$B$2:$S109,17,FALSE),IFERROR(0/0,"")) | S10: =IFERROR(VLOOKUP($B10,'Pos and Incl IMPORT'!$B$2:$S109,18,FALSE),IFERROR(0/0,"")) | T10: =IFERROR(VLOOKUP($B10,'Pos and Incl IMPORT'!$B$2:$S109,19,FALSE),IFERROR(0/0,"")) | U10: =IF(ISBLANK(Q10),IFERROR(0/0,""),COUNTIF(Q$2:T117,Q10)) -> 8
B11: =IFERROR(__xludf.DUMMYFUNCTION("""COMPUTED_VALUE"""),"MAX430") -> MAX430 | C11: =IFERROR(__xludf.DUMMYFUNCTION("""COMPUTED_VALUE"""),"RUN-FLMP_2021-12-25_RFR-034") -> RUN-FLMP_2021-12-25_RFR-034 | D11: =IFERROR(__xludf.DUMMYFUNCTION("""COMPUTED_VALUE"""),44555.0) -> 44555 | E11: =IFERROR(__xludf.DUMMYFUNCTION("""COMPUTED_VALUE"""),44555.0) -> 44555 | F11: =IFERROR(__xludf.DUMMYFUNCTION("""COMPUTED_VALUE"""),0.35569444444263354) -> 0.35569444 | G11: =IFERROR(__xludf.DUMMYFUNCTION("""COMPUTED_VALUE"""),"Positive") -> Positive | H11: =IFERROR(VLOOKUP($B12,'Pos and Incl IMPORT'!$B$2:$X109,4,FALSE),IFERROR(0/0,"")) -> SpFLMP659315 | K11: =IFERROR(VLOOKUP($B11,'Pos and Incl IMPORT'!$B$2:$P109,7,FALSE),IFERROR(0/0,"")) -> Positive | L11: =IFERROR(VLOOKUP($B11,'Pos and Incl IMPORT'!$B$2:$P109,11,FALSE),IFERROR(0/0,"")) | M11: =IFERROR(VLOOKUP($B11,'Pos and Incl IMPORT'!$B$2:$P109,12,FALSE),IFERROR(0/0,"")) -> name email fix | N11: =IFERROR(VLOOKUP($B11,'Pos and Incl IMPORT'!$B$2:$P109,13,FALSE),IFERROR(0/0,"")) | O11: =IFERROR(VLOOKUP($B11,'Pos and Incl IMPORT'!$B$2:$P109,14,FALSE),IFERROR(0/0,"")) -> 1 | P11: =IFERROR(VLOOKUP($B11,'Pos and Incl IMPORT'!$B$2:$P109,15,FALSE),IFERROR(0/0,"")) -> 662 | Q11: =IFERROR(VLOOKUP($B11,'Pos and Incl IMPORT'!$B$2:$S109,16,FALSE),IFERROR(0/0,"")) -> FLMP619442 | R11: =IFERROR(VLOOKUP($B11,'Pos and Incl IMPORT'!$B$2:$S109,17,FALSE),IFERROR(0/0,"")) | S11: =IFERROR(VLOOKUP($B11,'Pos and Incl IMPORT'!$B$2:$S109,18,FALSE),IFERROR(0/0,"")) | T11: =IFERROR(VLOOKUP($B11,'Pos and Incl IMPORT'!$B$2:$S109,19,FALSE),IFERROR(0/0,"")) | U11: =IF(ISBLANK(Q11),IFERROR(0/0,""),COUNTIF(Q$2:T118,Q11)) -> 8
B12: =IFERROR(__xludf.DUMMYFUNCTION("""COMPUTED_VALUE"""),"MAX371") -> MAX371 | C12: =IFERROR(__xludf.DUMMYFUNCTION("""COMPUTED_VALUE"""),"RUN-FLMP_2021-12-26_RFR-035") -> RUN-FLMP_2021-12-26_RFR-035 | D12: =IFERROR(__xludf.DUMMYFUNCTION("""COMPUTED_VALUE"""),44556.0) -> 44556 | E12: =IFERROR(__xludf.DUMMYFUNCTION("""COMPUTED_VALUE"""),44556.0) -> 44556 | F12: =IFERROR(__xludf.DUMMYFUNCTION("""COMPUTED_VALUE"""),0.20648148148029577) -> 0.20648148 | G12: =IFERROR(__xludf.DUMMYFUNCTION("""COMPUTED_VALUE"""),"Positive") -> Positive | H12: =IFERROR(VLOOKUP($B13,'Pos and Incl IMPORT'!$B$2:$X109,4,FALSE),IFERROR(0/0,"")) -> SpFLMP659315 | K12: =IFERROR(VLOOKUP($B12,'Pos and Incl IMPORT'!$B$2:$P109,7,FALSE),IFERROR(0/0,"")) -> Positive | L12: =IFERROR(VLOOKUP($B12,'Pos and Incl IMPORT'!$B$2:$P109,11,FALSE),IFERROR(0/0,"")) | M12: =IFERROR(VLOOKUP($B12,'Pos and Incl IMPORT'!$B$2:$P109,12,FALSE),IFERROR(0/0,"")) -> name email fix | N12: =IFERROR(VLOOKUP($B12,'Pos and Incl IMPORT'!$B$2:$P109,13,FALSE),IFERROR(0/0,"")) | O12: =IFERROR(VLOOKUP($B12,'Pos and Incl IMPORT'!$B$2:$P109,14,FALSE),IFERROR(0/0,"")) -> 1 | P12: =IFERROR(VLOOKUP($B12,'Pos and Incl IMPORT'!$B$2:$P109,15,FALSE),IFERROR(0/0,"")) -> 666 | Q12: =IFERROR(VLOOKUP($B12,'Pos and Incl IMPORT'!$B$2:$S109,16,FALSE),IFERROR(0/0,"")) -> FLMP619442 | R12: =IFERROR(VLOOKUP($B12,'Pos and Incl IMPORT'!$B$2:$S109,17,FALSE),IFERROR(0/0,"")) | S12: =IFERROR(VLOOKUP($B12,'Pos and Incl IMPORT'!$B$2:$S109,18,FALSE),IFERROR(0/0,"")) | T12: =IFERROR(VLOOKUP($B12,'Pos and Incl IMPORT'!$B$2:$S109,19,FALSE),IFERROR(0/0,"")) | U12: =IF(ISBLANK(Q12),IFERROR(0/0,""),COUNTIF(Q$2:T119,Q12)) -> 8
B13: =IFERROR(__xludf.DUMMYFUNCTION("""COMPUTED_VALUE"""),"MAX288FIX") -> MAX288FIX | C13: =IFERROR(__xludf.DUMMYFUNCTION("""COMPUTED_VALUE"""),"RUN-FLMP_2021-12-31_RFR-042") -> RUN-FLMP_2021-12-31_RFR-042 | D13: =IFERROR(__xludf.DUMMYFUNCTION("""COMPUTED_VALUE"""),44561.0) -> 44561 | E13: =IFERROR(__xludf.DUMMYFUNCTION("""COMPUTED_VALUE"""),44561.0) -> 44561 | F13: =IFERROR(__xludf.DUMMYFUNCTION("""COMPUTED_VALUE"""),0.7209259259252576) -> 0.72092593 | G13: =IFERROR(__xludf.DUMMYFUNCTION("""COMPUTED_VALUE"""),"Positive") -> Positive | H13: =IFERROR(VLOOKUP($B14,'Pos and Incl IMPORT'!$B$2:$X109,4,FALSE),IFERROR(0/0,"")) -> SpFLMP659315 | K13: =IFERROR(VLOOKUP($B13,'Pos and Incl IMPORT'!$B$2:$P109,7,FALSE),IFERROR(0/0,"")) -> Positive | L13: =IFERROR(VLOOKUP($B13,'Pos and Incl IMPORT'!$B$2:$P109,11,FALSE),IFERROR(0/0,"")) | M13: =IFERROR(VLOOKUP($B13,'Pos and Incl IMPORT'!$B$2:$P109,12,FALSE),IFERROR(0/0,"")) | N13: =IFERROR(VLOOKUP($B13,'Pos and Incl IMPORT'!$B$2:$P109,13,FALSE),IFERROR(0/0,"")) | O13: =IFERROR(VLOOKUP($B13,'Pos and Incl IMPORT'!$B$2:$P109,14,FALSE),IFERROR(0/0,"")) -> 1 | P13: =IFERROR(VLOOKUP($B13,'Pos and Incl IMPORT'!$B$2:$P109,15,FALSE),IFERROR(0/0,"")) -> 706 | Q13: =IFERROR(VLOOKUP($B13,'Pos and Incl IMPORT'!$B$2:$S109,16,FALSE),IFERROR(0/0,"")) -> FLMP964950 | R13: =IFERROR(VLOOKUP($B13,'Pos and Incl IMPORT'!$B$2:$S109,17,FALSE),IFERROR(0/0,"")) | S13: =IFERROR(VLOOKUP($B13,'Pos and Incl IMPORT'!$B$2:$S109,18,FALSE),IFERROR(0/0,"")) | T13: =IFERROR(VLOOKUP($B13,'Pos and Incl IMPORT'!$B$2:$S109,19,FALSE),IFERROR(0/0,"")) | U13: =IF(ISBLANK(Q13),IFERROR(0/0,""),COUNTIF(Q$2:T120,Q13)) -> 4
B14: =IFERROR(__xludf.DUMMYFUNCTION("""COMPUTED_VALUE"""),"MAX347") -> MAX347 | C14: =IFERROR(__xludf.DUMMYFUNCTION("""COMPUTED_VALUE"""),"RUN-FLMP_2021-12-31_RFR-043") -> RUN-FLMP_2021-12-31_RFR-043 | D14: =IFERROR(__xludf.DUMMYFUNCTION("""COMPUTED_VALUE"""),44561.0) -> 44561 | E14: =IFERROR(__xludf.DUMMYFUNCTION("""COMPUTED_VALUE"""),44561.0) -> 44561 | F14: =IFERROR(__xludf.DUMMYFUNCTION("""COMPUTED_VALUE"""),0.7309143518505152) -> 0.73091435 | G14: =IFERROR(__xludf.DUMMYFUNCTION("""COMPUTED_VALUE"""),"Positive") -> Positive | H14: =IFERROR(VLOOKUP($B15,'Pos and Incl IMPORT'!$B$2:$X109,4,FALSE),IFERROR(0/0,"")) -> SpFLMP659315 | K14: =IFERROR(VLOOKUP($B14,'Pos and Incl IMPORT'!$B$2:$P109,7,FALSE),IFERROR(0/0,"")) -> Positive | L14: =IFERROR(VLOOKUP($B14,'Pos and Incl IMPORT'!$B$2:$P109,11,FALSE),IFERROR(0/0,"")) | M14: =IFERROR(VLOOKUP($B14,'Pos and Incl IMPORT'!$B$2:$P109,12,FALSE),IFERROR(0/0,"")) | N14: =IFERROR(VLOOKUP($B14,'Pos and Incl IMPORT'!$B$2:$P109,13,FALSE),IFERROR(0/0,"")) | O14: =IFERROR(VLOOKUP($B14,'Pos and Incl IMPORT'!$B$2:$P109,14,FALSE),IFERROR(0/0,"")) -> 1 | P14: =IFERROR(VLOOKUP($B14,'Pos and Incl IMPORT'!$B$2:$P109,15,FALSE),IFERROR(0/0,"")) -> 708 | Q14: =IFERROR(VLOOKUP($B14,'Pos and Incl IMPORT'!$B$2:$S109,16,FALSE),IFERROR(0/0,"")) -> FLMP964950 | R14: =IFERROR(VLOOKUP($B14,'Pos and Incl IMPORT'!$B$2:$S109,17,FALSE),IFERROR(0/0,"")) | S14: =IFERROR(VLOOKUP($B14,'Pos and Incl IMPORT'!$B$2:$S109,18,FALSE),IFERROR(0/0,"")) | T14: =IFERROR(VLOOKUP($B14,'Pos and Incl IMPORT'!$B$2:$S109,19,FALSE),IFERROR(0/0,"")) | U14: =IF(ISBLANK(Q14),IFERROR(0/0,""),COUNTIF(Q$2:T121,Q14)) -> 4
B15: =IFERROR(__xludf.DUMMYFUNCTION("""COMPUTED_VALUE"""),"MA63") -> MA63 | C15: =IFERROR(__xludf.DUMMYFUNCTION("""COMPUTED_VALUE"""),"RUN-FLMP_2022-01-01_RFR-044") -> RUN-FLMP_2022-01-01_RFR-044 | D15: =IFERROR(__xludf.DUMMYFUNCTION("""COMPUTED_VALUE"""),44562.0) -> 44562 | E15: =IFERROR(__xludf.DUMMYFUNCTION("""COMPUTED_VALUE"""),44562.0) -> 44562 | F15: =IFERROR(__xludf.DUMMYFUNCTION("""COMPUTED_VALUE"""),0.523576388888614) -> 0.52357639 | G15: =IFERROR(__xludf.DUMMYFUNCTION("""COMPUTED_VALUE"""),"Positive") -> Positive | H15: =IFERROR(VLOOKUP($B16,'Pos and Incl IMPORT'!$B$2:$X109,4,FALSE),IFERROR(0/0,"")) -> SpFLMP659315 | K15: =IFERROR(VLOOKUP($B15,'Pos and Incl IMPORT'!$B$2:$P109,7,FALSE),IFERROR(0/0,"")) -> Null | L15: =IFERROR(VLOOKUP($B15,'Pos and Incl IMPORT'!$B$2:$P109,11,FALSE),IFERROR(0/0,"")) -> 3 | M15: =IFERROR(VLOOKUP($B15,'Pos and Incl IMPORT'!$B$2:$P109,12,FALSE),IFERROR(0/0,"")) -> from RFR audit | N15: =IFERROR(VLOOKUP($B15,'Pos and Incl IMPORT'!$B$2:$P109,13,FALSE),IFERROR(0/0,"")) | O15: =IFERROR(VLOOKUP($B15,'Pos and Incl IMPORT'!$B$2:$P109,14,FALSE),IFERROR(0/0,"")) -> 1 | P15: =IFERROR(VLOOKUP($B15,'Pos and Incl IMPORT'!$B$2:$P109,15,FALSE),IFERROR(0/0,"")) -> 709 | Q15: =IFERROR(VLOOKUP($B15,'Pos and Incl IMPORT'!$B$2:$S109,16,FALSE),IFERROR(0/0,"")) -> FLMP964950 | R15: =IFERROR(VLOOKUP($B15,'Pos and Incl IMPORT'!$B$2:$S109,17,FALSE),IFERROR(0/0,"")) | S15: =IFERROR(VLOOKUP($B15,'Pos and Incl IMPORT'!$B$2:$S109,18,FALSE),IFERROR(0/0,"")) | T15: =IFERROR(VLOOKUP($B15,'Pos and Incl IMPORT'!$B$2:$S109,19,FALSE),IFERROR(0/0,"")) | U15: =IF(ISBLANK(Q15),IFERROR(0/0,""),COUNTIF(Q$2:T122,Q15)) -> 4
B16: =IFERROR(__xludf.DUMMYFUNCTION("""COMPUTED_VALUE"""),"MA92") -> MA92 | C16: =IFERROR(__xludf.DUMMYFUNCTION("""COMPUTED_VALUE"""),"RUN-FLMP_2022-01-01_RFR-044") -> RUN-FLMP_2022-01-01_RFR-044 | D16: =IFERROR(__xludf.DUMMYFUNCTION("""COMPUTED_VALUE"""),44562.0) -> 44562 | E16: =IFERROR(__xludf.DUMMYFUNCTION("""COMPUTED_VALUE"""),44562.0) -> 44562 | F16: =IFERROR(__xludf.DUMMYFUNCTION("""COMPUTED_VALUE"""),0.5242824074084638) -> 0.52428241 | G16: =IFERROR(__xludf.DUMMYFUNCTION("""COMPUTED_VALUE"""),"Positive") -> Positive | H16: =IFERROR(VLOOKUP($B17,'Pos and Incl IMPORT'!$B$2:$X109,4,FALSE),IFERROR(0/0,"")) -> SpFLMP125859 | K16: =IFERROR(VLOOKUP($B16,'Pos and Incl IMPORT'!$B$2:$P109,7,FALSE),IFERROR(0/0,"")) -> Null | L16: =IFERROR(VLOOKUP($B16,'Pos and Incl IMPORT'!$B$2:$P109,11,FALSE),IFERROR(0/0,"")) -> 3 | M16: =IFERROR(VLOOKUP($B16,'Pos and Incl IMPORT'!$B$2:$P109,12,FALSE),IFERROR(0/0,"")) -> from RFR audit | N16: =IFERROR(VLOOKUP($B16,'Pos and Incl IMPORT'!$B$2:$P109,13,FALSE),IFERROR(0/0,"")) | O16: =IFERROR(VLOOKUP($B16,'Pos and Incl IMPORT'!$B$2:$P109,14,FALSE),IFERROR(0/0,"")) -> 1 | P16: =IFERROR(VLOOKUP($B16,'Pos and Incl IMPORT'!$B$2:$P109,15,FALSE),IFERROR(0/0,"")) -> 710 | Q16: =IFERROR(VLOOKUP($B16,'Pos and Incl IMPORT'!$B$2:$S109,16,FALSE),IFERROR(0/0,"")) -> FLMP964950 | R16: =IFERROR(VLOOKUP($B16,'Pos and Incl IMPORT'!$B$2:$S109,17,FALSE),IFERROR(0/0,"")) | S16: =IFERROR(VLOOKUP($B16,'Pos and Incl IMPORT'!$B$2:$S109,18,FALSE),IFERROR(0/0,"")) | T16: =IFERROR(VLOOKUP($B16,'Pos and Incl IMPORT'!$B$2:$S109,19,FALSE),IFERROR(0/0,"")) | U16: =IF(ISBLANK(Q16),IFERROR(0/0,""),COUNTIF(Q$2:T123,Q16)) -> 4
B17: =IFERROR(__xludf.DUMMYFUNCTION("""COMPUTED_VALUE"""),"FLT1433") -> FLT1433 | C17: =IFERROR(__xludf.DUMMYFUNCTION("""COMPUTED_VALUE"""),"RUN-FLMP_2022-01-02_RFR-046") -> RUN-FLMP_2022-01-02_RFR-046 | D17: =IFERROR(__xludf.DUMMYFUNCTION("""COMPUTED_VALUE"""),44563.0) -> 44563 | E17: =IFERROR(__xludf.DUMMYFUNCTION("""COMPUTED_VALUE"""),44563.0) -> 44563 | F17: =IFERROR(__xludf.DUMMYFUNCTION("""COMPUTED_VALUE"""),0.5042592592581059) -> 0.50425926 | G17: =IFERROR(__xludf.DUMMYFUNCTION("""COMPUTED_VALUE"""),"Positive") -> Positive | H17: =IFERROR(VLOOKUP($B18,'Pos and Incl IMPORT'!$B$2:$X109,4,FALSE),IFERROR(0/0,"")) -> SpFLMP812292 | K17: =IFERROR(VLOOKUP($B17,'Pos and Incl IMPORT'!$B$2:$P109,7,FALSE),IFERROR(0/0,"")) -> Positive | L17: =IFERROR(VLOOKUP($B17,'Pos and Incl IMPORT'!$B$2:$P109,11,FALSE),IFERROR(0/0,"")) | M17: =IFERROR(VLOOKUP($B17,'Pos and Incl IMPORT'!$B$2:$P109,12,FALSE),IFERROR(0/0,"")) | N17: =IFERROR(VLOOKUP($B17,'Pos and Incl IMPORT'!$B$2:$P109,13,FALSE),IFERROR(0/0,"")) | O17: =IFERROR(VLOOKUP($B17,'Pos and Incl IMPORT'!$B$2:$P109,14,FALSE),IFERROR(0/0,"")) -> 4 | P17: =IFERROR(VLOOKUP($B17,'Pos and Incl IMPORT'!$B$2:$P109,15,FALSE),IFERROR(0/0,"")) -> 720 | Q17: =IFERROR(VLOOKUP($B17,'Pos and Incl IMPORT'!$B$2:$S109,16,FALSE),IFERROR(0/0,"")) -> FLMP776278 | R17: =IFERROR(VLOOKUP($B17,'Pos and Incl IMPORT'!$B$2:$S109,17,FALSE),IFERROR(0/0,"")) -> FLMP828735 | S17: =IFERROR(VLOOKUP($B17,'Pos and Incl IMPORT'!$B$2:$S109,18,FALSE),IFERROR(0/0,"")) -> FLMP302189 | T17: =IFERROR(VLOOKUP($B17,'Pos and Incl IMPORT'!$B$2:$S109,19,FALSE),IFERROR(0/0,"")) | U17: =IF(ISBLANK(Q17),IFERROR(0/0,""),COUNTIF(Q$2:T124,Q17)) -> 3
B18: =IFERROR(__xludf.DUMMYFUNCTION("""COMPUTED_VALUE"""),"FLB6845") -> FLB6845 | C18: =IFERROR(__xludf.DUMMYFUNCTION("""COMPUTED_VALUE"""),"RUN-FLMP_2022-01-02_RFR-046") -> RUN-FLMP_2022-01-02_RFR-046 | D18: =IFERROR(__xludf.DUMMYFUNCTION("""COMPUTED_VALUE"""),44563.0) -> 44563 | E18: =IFERROR(__xludf.DUMMYFUNCTION("""COMPUTED_VALUE"""),44563.0) -> 44563 | F18: =IFERROR(__xludf.DUMMYFUNCTION("""COMPUTED_VALUE"""),0.6414004629623378) -> 0.64140046 | G18: =IFERROR(__xludf.DUMMYFUNCTION("""COMPUTED_VALUE"""),"Positive") -> Positive | H18: =IFERROR(VLOOKUP($B19,'Pos and Incl IMPORT'!$B$2:$X109,4,FALSE),IFERROR(0/0,"")) -> SpFLMP125859 | K18: =IFERROR(VLOOKUP($B18,'Pos and Incl IMPORT'!$B$2:$P109,7,FALSE),IFERROR(0/0,"")) -> Positive | L18: =IFERROR(VLOOKUP($B18,'Pos and Incl IMPORT'!$B$2:$P109,11,FALSE),IFERROR(0/0,"")) | M18: =IFERROR(VLOOKUP($B18,'Pos and Incl IMPORT'!$B$2:$P109,12,FALSE),IFERROR(0/0,"")) | N18: =IFERROR(VLOOKUP($B18,'Pos and Incl IMPORT'!$B$2:$P109,13,FALSE),IFERROR(0/0,"")) | O18: =IFERROR(VLOOKUP($B18,'Pos and Incl IMPORT'!$B$2:$P109,14,FALSE),IFERROR(0/0,"")) -> 3 | P18: =IFERROR(VLOOKUP($B18,'Pos and Incl IMPORT'!$B$2:$P109,15,FALSE),IFERROR(0/0,"")) -> 730 | Q18: =IFERROR(VLOOKUP($B18,'Pos and Incl IMPORT'!$B$2:$S109,16,FALSE),IFERROR(0/0,"")) -> FLMP652238 | R18: =IFERROR(VLOOKUP($B18,'Pos and Incl IMPORT'!$B$2:$S109,17,FALSE),IFERROR(0/0,"")) -> FLMP915544 | S18: =IFERROR(VLOOKUP($B18,'Pos and Incl IMPORT'!$B$2:$S109,18,FALSE),IFERROR(0/0,"")) -> FLMP473007 | T18: =IFERROR(VLOOKUP($B18,'Pos and Incl IMPORT'!$B$2:$S109,19,FALSE),IFERROR(0/0,"")) | U18: =IF(ISBLANK(Q18),IFERROR(0/0,""),COUNTIF(Q$2:T125,Q18)) -> 1
B19: =IFERROR(__xludf.DUMMYFUNCTION("""COMPUTED_VALUE"""),"FL11017") -> FL11017 | C19: =IFERROR(__xludf.DUMMYFUNCTION("""COMPUTED_VALUE"""),"RUN-FLMP_2022-01-03_RFR-047") -> RUN-FLMP_2022-01-03_RFR-047 | D19: =IFERROR(__xludf.DUMMYFUNCTION("""COMPUTED_VALUE"""),44564.0) -> 44564 | E19: =IFERROR(__xludf.DUMMYFUNCTION("""COMPUTED_VALUE"""),44564.0) -> 44564 | F19: =IFERROR(__xludf.DUMMYFUNCTION("""COMPUTED_VALUE"""),0.304583333334449) -> 0.30458333 | G19: =IFERROR(__xludf.DUMMYFUNCTION("""COMPUTED_VALUE"""),"Positive") -> Positive | H19: =IFERROR(VLOOKUP($B20,'Pos and Incl IMPORT'!$B$2:$X109,4,FALSE),IFERROR(0/0,"")) -> SpFLMP125859 | K19: =IFERROR(VLOOKUP($B19,'Pos and Incl IMPORT'!$B$2:$P109,7,FALSE),IFERROR(0/0,"")) -> Positive | L19: =IFERROR(VLOOKUP($B19,'Pos and Incl IMPORT'!$B$2:$P109,11,FALSE),IFERROR(0/0,"")) | M19: =IFERROR(VLOOKUP($B19,'Pos and Incl IMPORT'!$B$2:$P109,12,FALSE),IFERROR(0/0,"")) -> RT Jan26 Change name from Jason to Julia because Jason appeared twice and both tested neg by antigen OLD NOTE review with RFR, why 2 with Jason? | N19: =IFERROR(VLOOKUP($B19,'Pos and Incl IMPORT'!$B$2:$P109,13,FALSE),IFERROR(0/0,"")) | O19: =IFERROR(VLOOKUP($B19,'Pos and Incl IMPORT'!$B$2:$P109,14,FALSE),IFERROR(0/0,"")) -> 1 | P19: =IFERROR(VLOOKUP($B19,'Pos and Incl IMPORT'!$B$2:$P109,15,FALSE),IFERROR(0/0,"")) -> 747 | Q19: =IFERROR(VLOOKUP($B19,'Pos and Incl IMPORT'!$B$2:$S109,16,FALSE),IFERROR(0/0,"")) -> FLMP857562 | R19: =IFERROR(VLOOKUP($B19,'Pos and Incl IMPORT'!$B$2:$S109,17,FALSE),IFERROR(0/0,"")) | S19: =IFERROR(VLOOKUP($B19,'Pos and Incl IMPORT'!$B$2:$S109,18,FALSE),IFERROR(0/0,"")) | T19: =IFERROR(VLOOKUP($B19,'Pos and Incl IMPORT'!$B$2:$S109,19,FALSE),IFERROR(0/0,"")) | U19: =IF(ISBLANK(Q19),IFERROR(0/0,""),COUNTIF(Q$2:T126,Q19)) -> 2
B20: =IFERROR(__xludf.DUMMYFUNCTION("""COMPUTED_VALUE"""),"FLT1128") -> FLT1128 | C20: =IFERROR(__xludf.DUMMYFUNCTION("""COMPUTED_VALUE"""),"RUN-FLMP_2022-01-03_RFR-047") -> RUN-FLMP_2022-01-03_RFR-047 | D20: =IFERROR(__xludf.DUMMYFUNCTION("""COMPUTED_VALUE"""),44564.0) -> 44564 | E20: =IFERROR(__xludf.DUMMYFUNCTION("""COMPUTED_VALUE"""),44564.0) -> 44564 | F20: =IFERROR(__xludf.DUMMYFUNCTION("""COMPUTED_VALUE"""),0.3050231481465744) -> 0.30502315 | G20: =IFERROR(__xludf.DUMMYFUNCTION("""COMPUTED_VALUE"""),"Positive") -> Positive | H20: =IFERROR(VLOOKUP($B21,'Pos and Incl IMPORT'!$B$2:$X109,4,FALSE),IFERROR(0/0,"")) -> SpFLMP213396 | K20: =IFERROR(VLOOKUP($B20,'Pos and Incl IMPORT'!$B$2:$P109,7,FALSE),IFERROR(0/0,"")) -> Positive | L20: =IFERROR(VLOOKUP($B20,'Pos and Incl IMPORT'!$B$2:$P109,11,FALSE),IFERROR(0/0,"")) | M20: =IFERROR(VLOOKUP($B20,'Pos and Incl IMPORT'!$B$2:$P109,12,FALSE),IFERROR(0/0,"")) -> review with RFR, why 2 with Jason? | N20: =IFERROR(VLOOKUP($B20,'Pos and Incl IMPORT'!$B$2:$P109,13,FALSE),IFERROR(0/0,"")) | O20: =IFERROR(VLOOKUP($B20,'Pos and Incl IMPORT'!$B$2:$P109,14,FALSE),IFERROR(0/0,"")) -> 1 | P20: =IFERROR(VLOOKUP($B20,'Pos and Incl IMPORT'!$B$2:$P109,15,FALSE),IFERROR(0/0,"")) -> 748 | Q20: =IFERROR(VLOOKUP($B20,'Pos and Incl IMPORT'!$B$2:$S109,16,FALSE),IFERROR(0/0,"")) -> FLMP302189 | R20: =IFERROR(VLOOKUP($B20,'Pos and Incl IMPORT'!$B$2:$S109,17,FALSE),IFERROR(0/0,"")) | S20: =IFERROR(VLOOKUP($B20,'Pos and Incl IMPORT'!$B$2:$S109,18,FALSE),IFERROR(0/0,"")) | T20: =IFERROR(VLOOKUP($B20,'Pos and Incl IMPORT'!$B$2:$S109,19,FALSE),IFERROR(0/0,"")) | U20: =IF(ISBLANK(Q20),IFERROR(0/0,""),COUNTIF(Q$2:T127,Q20)) -> 4
B21: =IFERROR(__xludf.DUMMYFUNCTION("""COMPUTED_VALUE"""),"FLB6849") -> FLB6849 | C21: =IFERROR(__xludf.DUMMYFUNCTION("""COMPUTED_VALUE"""),"RUN-FLMP_2022-01-06_RFR-050") -> RUN-FLMP_2022-01-06_RFR-050 | D21: =IFERROR(__xludf.DUMMYFUNCTION("""COMPUTED_VALUE"""),44567.0) -> 44567 | E21: =IFERROR(__xludf.DUMMYFUNCTION("""COMPUTED_VALUE"""),44566.0) -> 44566 | F21: =IFERROR(__xludf.DUMMYFUNCTION("""COMPUTED_VALUE"""),0.6553124999991269) -> 0.6553125 | G21: =IFERROR(__xludf.DUMMYFUNCTION("""COMPUTED_VALUE"""),"Positive") -> Positive | H21: =IFERROR(VLOOKUP($B22,'Pos and Incl IMPORT'!$B$2:$X109,4,FALSE),IFERROR(0/0,"")) -> SpFLMP683385 | K21: =IFERROR(VLOOKUP($B21,'Pos and Incl IMPORT'!$B$2:$P109,7,FALSE),IFERROR(0/0,"")) -> Positive | L21: =IFERROR(VLOOKUP($B21,'Pos and Incl IMPORT'!$B$2:$P109,11,FALSE),IFERROR(0/0,"")) | M21: =IFERROR(VLOOKUP($B21,'Pos and Incl IMPORT'!$B$2:$P109,12,FALSE),IFERROR(0/0,"")) | N21: =IFERROR(VLOOKUP($B21,'Pos and Incl IMPORT'!$B$2:$P109,13,FALSE),IFERROR(0/0,"")) | O21: =IFERROR(VLOOKUP($B21,'Pos and Incl IMPORT'!$B$2:$P109,14,FALSE),IFERROR(0/0,"")) -> 1 | P21: =IFERROR(VLOOKUP($B21,'Pos and Incl IMPORT'!$B$2:$P109,15,FALSE),IFERROR(0/0,"")) -> 785 | Q21: =IFERROR(VLOOKUP($B21,'Pos and Incl IMPORT'!$B$2:$S109,16,FALSE),IFERROR(0/0,"")) -> FLMP909119 | R21: =IFERROR(VLOOKUP($B21,'Pos and Incl IMPORT'!$B$2:$S109,17,FALSE),IFERROR(0/0,"")) | S21: =IFERROR(VLOOKUP($B21,'Pos and Incl IMPORT'!$B$2:$S109,18,FALSE),IFERROR(0/0,"")) | T21: =IFERROR(VLOOKUP($B21,'Pos and Incl IMPORT'!$B$2:$S109,19,FALSE),IFERROR(0/0,"")) | U21: =IF(ISBLANK(Q21),IFERROR(0/0,""),COUNTIF(Q$2:T128,Q21)) -> 1
B22: =IFERROR(__xludf.DUMMYFUNCTION("""COMPUTED_VALUE"""),"FLB5889") -> FLB5889 | C22: =IFERROR(__xludf.DUMMYFUNCTION("""COMPUTED_VALUE"""),"RUN-FLMP_2022-01-06_RFR-050") -> RUN-FLMP_2022-01-06_RFR-050 | D22: =IFERROR(__xludf.DUMMYFUNCTION("""COMPUTED_VALUE"""),44567.0) -> 44567 | E22: =IFERROR(__xludf.DUMMYFUNCTION("""COMPUTED_VALUE"""),44567.0) -> 44567 | F22: =IFERROR(__xludf.DUMMYFUNCTION("""COMPUTED_VALUE"""),0.3404861111121136) -> 0.34048611 | G22: =IFERROR(__xludf.DUMMYFUNCTION("""COMPUTED_VALUE"""),"Positive") -> Positive | H22: =IFERROR(VLOOKUP($B23,'Pos and Incl IMPORT'!$B$2:$X109,4,FALSE),IFERROR(0/0,"")) -> SpFLMP683385 | K22: =IFERROR(VLOOKUP($B22,'Pos and Incl IMPORT'!$B$2:$P109,7,FALSE),IFERROR(0/0,"")) -> Positive | L22: =IFERROR(VLOOKUP($B22,'Pos and Incl IMPORT'!$B$2:$P109,11,FALSE),IFERROR(0/0,"")) | M22: =IFERROR(VLOOKUP($B22,'Pos and Incl IMPORT'!$B$2:$P109,12,FALSE),IFERROR(0/0,"")) | N22: =IFERROR(VLOOKUP($B22,'Pos and Incl IMPORT'!$B$2:$P109,13,FALSE),IFERROR(0/0,"")) | O22: =IFERROR(VLOOKUP($B22,'Pos and Incl IMPORT'!$B$2:$P109,14,FALSE),IFERROR(0/0,"")) -> 1 | P22: =IFERROR(VLOOKUP($B22,'Pos and Incl IMPORT'!$B$2:$P109,15,FALSE),IFERROR(0/0,"")) -> 797 | Q22: =IFERROR(VLOOKUP($B22,'Pos and Incl IMPORT'!$B$2:$S109,16,FALSE),IFERROR(0/0,"")) -> FLMP172687 | R22: =IFERROR(VLOOKUP($B22,'Pos and Incl IMPORT'!$B$2:$S109,17,FALSE),IFERROR(0/0,"")) | S22: =IFERROR(VLOOKUP($B22,'Pos and Incl IMPORT'!$B$2:$S109,18,FALSE),IFERROR(0/0,"")) | T22: =IFERROR(VLOOKUP($B22,'Pos and Incl IMPORT'!$B$2:$S109,19,FALSE),IFERROR(0/0,"")) | U22: =IF(ISBLANK(Q22),IFERROR(0/0,""),COUNTIF(Q$2:T129,Q22)) -> 1
B23: =IFERROR(__xludf.DUMMYFUNCTION("""COMPUTED_VALUE"""),"FLB5830") -> FLB5830 | C23: =IFERROR(__xludf.DUMMYFUNCTION("""COMPUTED_VALUE"""),"RUN-FLMP_2022-01-06_RFR-050") -> RUN-FLMP_2022-01-06_RFR-050 | D23: =IFERROR(__xludf.DUMMYFUNCTION("""COMPUTED_VALUE"""),44567.0) -> 44567 | E23: =IFERROR(__xludf.DUMMYFUNCTION("""COMPUTED_VALUE"""),44567.0) -> 44567 | F23: =IFERROR(__xludf.DUMMYFUNCTION("""COMPUTED_VALUE"""),0.3410879629627743) -> 0.34108796 | G23: =IFERROR(__xludf.DUMMYFUNCTION("""COMPUTED_VALUE"""),"Positive") -> Positive | H23: =IFERROR(VLOOKUP($B24,'Pos and Incl IMPORT'!$B$2:$X109,4,FALSE),IFERROR(0/0,"")) -> SpFLMP683385 | K23: =IFERROR(VLOOKUP($B23,'Pos and Incl IMPORT'!$B$2:$P109,7,FALSE),IFERROR(0/0,"")) -> Positive | L23: =IFERROR(VLOOKUP($B23,'Pos and Incl IMPORT'!$B$2:$P109,11,FALSE),IFERROR(0/0,"")) | M23: =IFERROR(VLOOKUP($B23,'Pos and Incl IMPORT'!$B$2:$P109,12,FALSE),IFERROR(0/0,"")) | N23: =IFERROR(VLOOKUP($B23,'Pos and Incl IMPORT'!$B$2:$P109,13,FALSE),IFERROR(0/0,"")) | O23: =IFERROR(VLOOKUP($B23,'Pos and Incl IMPORT'!$B$2:$P109,14,FALSE),IFERROR(0/0,"")) -> 1 | P23: =IFERROR(VLOOKUP($B23,'Pos and Incl IMPORT'!$B$2:$P109,15,FALSE),IFERROR(0/0,"")) -> 798 | Q23: =IFERROR(VLOOKUP($B23,'Pos and Incl IMPORT'!$B$2:$S109,16,FALSE),IFERROR(0/0,"")) -> FLMP549529 | R23: =IFERROR(VLOOKUP($B23,'Pos and Incl IMPORT'!$B$2:$S109,17,FALSE),IFERROR(0/0,"")) | S23: =IFERROR(VLOOKUP($B23,'Pos and Incl IMPORT'!$B$2:$S109,18,FALSE),IFERROR(0/0,"")) | T23: =IFERROR(VLOOKUP($B23,'Pos and Incl IMPORT'!$B$2:$S109,19,FALSE),IFERROR(0/0,"")) | U23: =IF(ISBLANK(Q23),IFERROR(0/0,""),COUNTIF(Q$2:T130,Q23)) -> 1
B24: =IFERROR(__xludf.DUMMYFUNCTION("""COMPUTED_VALUE"""),"FLT1136") -> FLT1136 | C24: =IFERROR(__xludf.DUMMYFUNCTION("""COMPUTED_VALUE"""),"RUN-FLMP_2022-01-06_RFR-050") -> RUN-FLMP_2022-01-06_RFR-050 | D24: =IFERROR(__xludf.DUMMYFUNCTION("""COMPUTED_VALUE"""),44567.0) -> 44567 | E24: =IFERROR(__xludf.DUMMYFUNCTION("""COMPUTED_VALUE"""),44567.0) -> 44567 | F24: =IFERROR(__xludf.DUMMYFUNCTION("""COMPUTED_VALUE"""),0.3426157407411665) -> 0.34261574 | G24: =IFERROR(__xludf.DUMMYFUNCTION("""COMPUTED_VALUE"""),"Positive") -> Positive | H24: =IFERROR(VLOOKUP($B25,'Pos and Incl IMPORT'!$B$2:$X109,4,FALSE),IFERROR(0/0,"")) -> SpFLMP342787 | K24: =IFERROR(VLOOKUP($B24,'Pos and Incl IMPORT'!$B$2:$P109,7,FALSE),IFERROR(0/0,"")) -> Positive | L24: =IFERROR(VLOOKUP($B24,'Pos and Incl IMPORT'!$B$2:$P109,11,FALSE),IFERROR(0/0,"")) | M24: =IFERROR(VLOOKUP($B24,'Pos and Incl IMPORT'!$B$2:$P109,12,FALSE),IFERROR(0/0,"")) | N24: =IFERROR(VLOOKUP($B24,'Pos and Incl IMPORT'!$B$2:$P109,13,FALSE),IFERROR(0/0,"")) | O24: =IFERROR(VLOOKUP($B24,'Pos and Incl IMPORT'!$B$2:$P109,14,FALSE),IFERROR(0/0,"")) -> 1 | P24: =IFERROR(VLOOKUP($B24,'Pos and Incl IMPORT'!$B$2:$P109,15,FALSE),IFERROR(0/0,"")) -> 801 | Q24: =IFERROR(VLOOKUP($B24,'Pos and Incl IMPORT'!$B$2:$S109,16,FALSE),IFERROR(0/0,"")) -> FLMP858721 | R24: =IFERROR(VLOOKUP($B24,'Pos and Incl IMPORT'!$B$2:$S109,17,FALSE),IFERROR(0/0,"")) | S24: =IFERROR(VLOOKUP($B24,'Pos and Incl IMPORT'!$B$2:$S109,18,FALSE),IFERROR(0/0,"")) | T24: =IFERROR(VLOOKUP($B24,'Pos and Incl IMPORT'!$B$2:$S109,19,FALSE),IFERROR(0/0,"")) | U24: =IF(ISBLANK(Q24),IFERROR(0/0,""),COUNTIF(Q$2:T131,Q24)) -> 1
B25: =IFERROR(__xludf.DUMMYFUNCTION("""COMPUTED_VALUE"""),"FLT1475") -> FLT1475 | C25: =IFERROR(__xludf.DUMMYFUNCTION("""COMPUTED_VALUE"""),"RUN-FLMP_2022-01-08_RFR-052") -> RUN-FLMP_2022-01-08_RFR-052 | D25: =IFERROR(__xludf.DUMMYFUNCTION("""COMPUTED_VALUE"""),44569.0) -> 44569 | E25: =IFERROR(__xludf.DUMMYFUNCTION("""COMPUTED_VALUE"""),44569.0) -> 44569 | F25: =IFERROR(__xludf.DUMMYFUNCTION("""COMPUTED_VALUE"""),0.36055555555503815) -> 0.36055556 | G25: =IFERROR(__xludf.DUMMYFUNCTION("""COMPUTED_VALUE"""),"Positive") -> Positive | H25: =IFERROR(VLOOKUP($B26,'Pos and Incl IMPORT'!$B$2:$X109,4,FALSE),IFERROR(0/0,"")) -> SpFLMP125859 | K25: =IFERROR(VLOOKUP($B25,'Pos and Incl IMPORT'!$B$2:$P109,7,FALSE),IFERROR(0/0,"")) -> Positive | L25: =IFERROR(VLOOKUP($B25,'Pos and Incl IMPORT'!$B$2:$P109,11,FALSE),IFERROR(0/0,"")) | M25: =IFERROR(VLOOKUP($B25,'Pos and Incl IMPORT'!$B$2:$P109,12,FALSE),IFERROR(0/0,"")) | N25: =IFERROR(VLOOKUP($B25,'Pos and Incl IMPORT'!$B$2:$P109,13,FALSE),IFERROR(0/0,"")) | O25: =IFERROR(VLOOKUP($B25,'Pos and Incl IMPORT'!$B$2:$P109,14,FALSE),IFERROR(0/0,"")) -> 1 | P25: =IFERROR(VLOOKUP($B25,'Pos and Incl IMPORT'!$B$2:$P109,15,FALSE),IFERROR(0/0,"")) -> 827 | Q25: =IFERROR(VLOOKUP($B25,'Pos and Incl IMPORT'!$B$2:$S109,16,FALSE),IFERROR(0/0,"")) -> FLMP710853 | R25: =IFERROR(VLOOKUP($B25,'Pos and Incl IMPORT'!$B$2:$S109,17,FALSE),IFERROR(0/0,"")) | S25: =IFERROR(VLOOKUP($B25,'Pos and Incl IMPORT'!$B$2:$S109,18,FALSE),IFERROR(0/0,"")) | T25: =IFERROR(VLOOKUP($B25,'Pos and Incl IMPORT'!$B$2:$S109,19,FALSE),IFERROR(0/0,"")) | U25: =IF(ISBLANK(Q25),IFERROR(0/0,""),COUNTIF(Q$2:T132,Q25)) -> 2
B26: =IFERROR(__xludf.DUMMYFUNCTION("""COMPUTED_VALUE"""),"FLE895") -> FLE895 | C26: =IFERROR(__xludf.DUMMYFUNCTION("""COMPUTED_VALUE"""),"RUN-FLMP_2022-01-10_RFR-053") -> RUN-FLMP_2022-01-10_RFR-053 | D26: =IFERROR(__xludf.DUMMYFUNCTION("""COMPUTED_VALUE"""),44571.0) -> 44571 | E26: =IFERROR(__xludf.DUMMYFUNCTION("""COMPUTED_VALUE"""),44570.0) -> 44570 | F26: =IFERROR(__xludf.DUMMYFUNCTION("""COMPUTED_VALUE"""),0.5401620370357705) -> 0.54016204 | G26: =IFERROR(__xludf.DUMMYFUNCTION("""COMPUTED_VALUE"""),"Positive") -> Positive | H26: =IFERROR(VLOOKUP($B27,'Pos and Incl IMPORT'!$B$2:$X109,4,FALSE),IFERROR(0/0,"")) -> SpFLMP125859 | K26: =IFERROR(VLOOKUP($B26,'Pos and Incl IMPORT'!$B$2:$P109,7,FALSE),IFERROR(0/0,"")) -> Positive | L26: =IFERROR(VLOOKUP($B26,'Pos and Incl IMPORT'!$B$2:$P109,11,FALSE),IFERROR(0/0,"")) | M26: =IFERROR(VLOOKUP($B26,'Pos and Incl IMPORT'!$B$2:$P109,12,FALSE),IFERROR(0/0,"")) | N26: =IFERROR(VLOOKUP($B26,'Pos and Incl IMPORT'!$B$2:$P109,13,FALSE),IFERROR(0/0,"")) | O26: =IFERROR(VLOOKUP($B26,'Pos and Incl IMPORT'!$B$2:$P109,14,FALSE),IFERROR(0/0,"")) -> 1 | P26: =IFERROR(VLOOKUP($B26,'Pos and Incl IMPORT'!$B$2:$P109,15,FALSE),IFERROR(0/0,"")) -> 839 | Q26: =IFERROR(VLOOKUP($B26,'Pos and Incl IMPORT'!$B$2:$S109,16,FALSE),IFERROR(0/0,"")) -> FLMP302189 | R26: =IFERROR(VLOOKUP($B26,'Pos and Incl IMPORT'!$B$2:$S109,17,FALSE),IFERROR(0/0,"")) | S26: =IFERROR(VLOOKUP($B26,'Pos and Incl IMPORT'!$B$2:$S109,18,FALSE),IFERROR(0/0,"")) | T26: =IFERROR(VLOOKUP($B26,'Pos and Incl IMPORT'!$B$2:$S109,19,FALSE),IFERROR(0/0,"")) | U26: =IF(ISBLANK(Q26),IFERROR(0/0,""),COUNTIF(Q$2:T133,Q26)) -> 4
B27: =IFERROR(__xludf.DUMMYFUNCTION("""COMPUTED_VALUE"""),"FLE885") -> FLE885 | C27: =IFERROR(__xludf.DUMMYFUNCTION("""COMPUTED_VALUE"""),"RUN-FLMP_2022-01-10_RFR-053") -> RUN-FLMP_2022-01-10_RFR-053 | D27: =IFERROR(__xludf.DUMMYFUNCTION("""COMPUTED_VALUE"""),44571.0) -> 44571 | E27: =IFERROR(__xludf.DUMMYFUNCTION("""COMPUTED_VALUE"""),44570.0) -> 44570 | F27: =IFERROR(__xludf.DUMMYFUNCTION("""COMPUTED_VALUE"""),0.5405555555553292) -> 0.54055556 | G27: =IFERROR(__xludf.DUMMYFUNCTION("""COMPUTED_VALUE"""),"Positive") -> Positive | H27: =IFERROR(VLOOKUP($B28,'Pos and Incl IMPORT'!$B$2:$X109,4,FALSE),IFERROR(0/0,"")) -> SpFLMP125859 | K27: =IFERROR(VLOOKUP($B27,'Pos and Incl IMPORT'!$B$2:$P109,7,FALSE),IFERROR(0/0,"")) -> Positive | L27: =IFERROR(VLOOKUP($B27,'Pos and Incl IMPORT'!$B$2:$P109,11,FALSE),IFERROR(0/0,"")) | M27: =IFERROR(VLOOKUP($B27,'Pos and Incl IMPORT'!$B$2:$P109,12,FALSE),IFERROR(0/0,"")) | N27: =IFERROR(VLOOKUP($B27,'Pos and Incl IMPORT'!$B$2:$P109,13,FALSE),IFERROR(0/0,"")) | O27: =IFERROR(VLOOKUP($B27,'Pos and Incl IMPORT'!$B$2:$P109,14,FALSE),IFERROR(0/0,"")) -> 1 | P27: =IFERROR(VLOOKUP($B27,'Pos and Incl IMPORT'!$B$2:$P109,15,FALSE),IFERROR(0/0,"")) -> 840 | Q27: =IFERROR(VLOOKUP($B27,'Pos and Incl IMPORT'!$B$2:$S109,16,FALSE),IFERROR(0/0,"")) -> FLMP828735 | R27: =IFERROR(VLOOKUP($B27,'Pos and Incl IMPORT'!$B$2:$S109,17,FALSE),IFERROR(0/0,"")) | S27: =IFERROR(VLOOKUP($B27,'Pos and Incl IMPORT'!$B$2:$S109,18,FALSE),IFERROR(0/0,"")) | T27: =IFERROR(VLOOKUP($B27,'Pos and Incl IMPORT'!$B$2:$S109,19,FALSE),IFERROR(0/0,"")) | U27: =IF(ISBLANK(Q27),IFERROR(0/0,""),COUNTIF(Q$2:T134,Q27)) -> 3
B28: =IFERROR(__xludf.DUMMYFUNCTION("""COMPUTED_VALUE"""),"FLE810") -> FLE810 | C28: =IFERROR(__xludf.DUMMYFUNCTION("""COMPUTED_VALUE"""),"RUN-FLMP_2022-01-10_RFR-053") -> RUN-FLMP_2022-01-10_RFR-053 | D28: =IFERROR(__xludf.DUMMYFUNCTION("""COMPUTED_VALUE"""),44571.0) -> 44571 | E28: =IFERROR(__xludf.DUMMYFUNCTION("""COMPUTED_VALUE"""),44570.0) -> 44570 | F28: =IFERROR(__xludf.DUMMYFUNCTION("""COMPUTED_VALUE"""),0.5409375000017462) -> 0.5409375 | G28: =IFERROR(__xludf.DUMMYFUNCTION("""COMPUTED_VALUE"""),"Positive") -> Positive | H28: =IFERROR(VLOOKUP($B29,'Pos and Incl IMPORT'!$B$2:$X109,4,FALSE),IFERROR(0/0,"")) -> SpFLMP125859 | K28: =IFERROR(VLOOKUP($B28,'Pos and Incl IMPORT'!$B$2:$P109,7,FALSE),IFERROR(0/0,"")) -> Positive | L28: =IFERROR(VLOOKUP($B28,'Pos and Incl IMPORT'!$B$2:$P109,11,FALSE),IFERROR(0/0,"")) | M28: =IFERROR(VLOOKUP($B28,'Pos and Incl IMPORT'!$B$2:$P109,12,FALSE),IFERROR(0/0,"")) | N28: =IFERROR(VLOOKUP($B28,'Pos and Incl IMPORT'!$B$2:$P109,13,FALSE),IFERROR(0/0,"")) | O28: =IFERROR(VLOOKUP($B28,'Pos and Incl IMPORT'!$B$2:$P109,14,FALSE),IFERROR(0/0,"")) -> 1 | P28: =IFERROR(VLOOKUP($B28,'Pos and Incl IMPORT'!$B$2:$P109,15,FALSE),IFERROR(0/0,"")) -> 841 | Q28: =IFERROR(VLOOKUP($B28,'Pos and Incl IMPORT'!$B$2:$S109,16,FALSE),IFERROR(0/0,"")) -> FLMP776278 | R28: =IFERROR(VLOOKUP($B28,'Pos and Incl IMPORT'!$B$2:$S109,17,FALSE),IFERROR(0/0,"")) | S28: =IFERROR(VLOOKUP($B28,'Pos and Incl IMPORT'!$B$2:$S109,18,FALSE),IFERROR(0/0,"")) | T28: =IFERROR(VLOOKUP($B28,'Pos and Incl IMPORT'!$B$2:$S109,19,FALSE),IFERROR(0/0,"")) | U28: =IF(ISBLANK(Q28),IFERROR(0/0,""),COUNTIF(Q$2:T135,Q28)) -> 3
B29: =IFERROR(__xludf.DUMMYFUNCTION("""COMPUTED_VALUE"""),"FLE812") -> FLE812 | C29: =IFERROR(__xludf.DUMMYFUNCTION("""COMPUTED_VALUE"""),"RUN-FLMP_2022-01-10_RFR-053") -> RUN-FLMP_2022-01-10_RFR-053 | D29: =IFERROR(__xludf.DUMMYFUNCTION("""COMPUTED_VALUE"""),44571.0) -> 44571 | E29: =IFERROR(__xludf.DUMMYFUNCTION("""COMPUTED_VALUE"""),44570.0) -> 44570 | F29: =IFERROR(__xludf.DUMMYFUNCTION("""COMPUTED_VALUE"""),0.5412847222214623) -> 0.54128472 | G29: =IFERROR(__xludf.DUMMYFUNCTION("""COMPUTED_VALUE"""),"Positive") -> Positive | H29: =IFERROR(VLOOKUP($B30,'Pos and Incl IMPORT'!$B$2:$X109,4,FALSE),IFERROR(0/0,"")) -> SpFLMP649771 | K29: =IFERROR(VLOOKUP($B29,'Pos and Incl IMPORT'!$B$2:$P109,7,FALSE),IFERROR(0/0,"")) -> Positive | L29: =IFERROR(VLOOKUP($B29,'Pos and Incl IMPORT'!$B$2:$P109,11,FALSE),IFERROR(0/0,"")) | M29: =IFERROR(VLOOKUP($B29,'Pos and Incl IMPORT'!$B$2:$P109,12,FALSE),IFERROR(0/0,"")) | N29: =IFERROR(VLOOKUP($B29,'Pos and Incl IMPORT'!$B$2:$P109,13,FALSE),IFERROR(0/0,"")) | O29: =IFERROR(VLOOKUP($B29,'Pos and Incl IMPORT'!$B$2:$P109,14,FALSE),IFERROR(0/0,"")) -> 1 | P29: =IFERROR(VLOOKUP($B29,'Pos and Incl IMPORT'!$B$2:$P109,15,FALSE),IFERROR(0/0,"")) -> 842 | Q29: =IFERROR(VLOOKUP($B29,'Pos and Incl IMPORT'!$B$2:$S109,16,FALSE),IFERROR(0/0,"")) -> FLMP857562 | R29: =IFERROR(VLOOKUP($B29,'Pos and Incl IMPORT'!$B$2:$S109,17,FALSE),IFERROR(0/0,"")) | S29: =IFERROR(VLOOKUP($B29,'Pos and Incl IMPORT'!$B$2:$S109,18,FALSE),IFERROR(0/0,"")) | T29: =IFERROR(VLOOKUP($B29,'Pos and Incl IMPORT'!$B$2:$S109,19,FALSE),IFERROR(0/0,"")) | U29: =IF(ISBLANK(Q29),IFERROR(0/0,""),COUNTIF(Q$2:T136,Q29)) -> 2
B30: =IFERROR(__xludf.DUMMYFUNCTION("""COMPUTED_VALUE"""),"FLT1400") -> FLT1400 | C30: =IFERROR(__xludf.DUMMYFUNCTION("""COMPUTED_VALUE"""),"RUN-FLMP_2022-01-10_RFR-053") -> RUN-FLMP_2022-01-10_RFR-053 | D30: =IFERROR(__xludf.DUMMYFUNCTION("""COMPUTED_VALUE"""),44571.0) -> 44571 | E30: =IFERROR(__xludf.DUMMYFUNCTION("""COMPUTED_VALUE"""),44570.0) -> 44570 | F30: =IFERROR(__xludf.DUMMYFUNCTION("""COMPUTED_VALUE"""),0.7543171296310902) -> 0.75431713 | G30: =IFERROR(__xludf.DUMMYFUNCTION("""COMPUTED_VALUE"""),"Positive") -> Positive | H30: =IFERROR(VLOOKUP($B31,'Pos and Incl IMPORT'!$B$2:$X109,4,FALSE),IFERROR(0/0,"")) -> SpFLMP935298 | K30: =IFERROR(VLOOKUP($B30,'Pos and Incl IMPORT'!$B$2:$P109,7,FALSE),IFERROR(0/0,"")) -> Positive | L30: =IFERROR(VLOOKUP($B30,'Pos and Incl IMPORT'!$B$2:$P109,11,FALSE),IFERROR(0/0,"")) | M30: =IFERROR(VLOOKUP($B30,'Pos and Incl IMPORT'!$B$2:$P109,12,FALSE),IFERROR(0/0,"")) | N30: =IFERROR(VLOOKUP($B30,'Pos and Incl IMPORT'!$B$2:$P109,13,FALSE),IFERROR(0/0,"")) | O30: =IFERROR(VLOOKUP($B30,'Pos and Incl IMPORT'!$B$2:$P109,14,FALSE),IFERROR(0/0,"")) -> 1 | P30: =IFERROR(VLOOKUP($B30,'Pos and Incl IMPORT'!$B$2:$P109,15,FALSE),IFERROR(0/0,"")) -> 855 | Q30: =IFERROR(VLOOKUP($B30,'Pos and Incl IMPORT'!$B$2:$S109,16,FALSE),IFERROR(0/0,"")) -> FLMP330127 | R30: =IFERROR(VLOOKUP($B30,'Pos and Incl IMPORT'!$B$2:$S109,17,FALSE),IFERROR(0/0,"")) | S30: =IFERROR(VLOOKUP($B30,'Pos and Incl IMPORT'!$B$2:$S109,18,FALSE),IFERROR(0/0,"")) | T30: =IFERROR(VLOOKUP($B30,'Pos and Incl IMPORT'!$B$2:$S109,19,FALSE),IFERROR(0/0,"")) | U30: =IF(ISBLANK(Q30),IFERROR(0/0,""),COUNTIF(Q$2:T137,Q30)) -> 2
B31: =IFERROR(__xludf.DUMMYFUNCTION("""COMPUTED_VALUE"""),"FLT1465") -> FLT1465 | C31: =IFERROR(__xludf.DUMMYFUNCTION("""COMPUTED_VALUE"""),"RUN-FLMP_2022-01-10_RFR-053") -> RUN-FLMP_2022-01-10_RFR-053 | D31: =IFERROR(__xludf.DUMMYFUNCTION("""COMPUTED_VALUE"""),44571.0) -> 44571 | E31: =IFERROR(__xludf.DUMMYFUNCTION("""COMPUTED_VALUE"""),44570.0) -> 44570 | F31: =IFERROR(__xludf.DUMMYFUNCTION("""COMPUTED_VALUE"""),0.7574768518534256) -> 0.75747685 | G31: =IFERROR(__xludf.DUMMYFUNCTION("""COMPUTED_VALUE"""),"Positive") -> Positive | H31: =IFERROR(VLOOKUP($B32,'Pos and Incl IMPORT'!$B$2:$X109,4,FALSE),IFERROR(0/0,"")) -> SpFLMP418927 | K31: =IFERROR(VLOOKUP($B31,'Pos and Incl IMPORT'!$B$2:$P109,7,FALSE),IFERROR(0/0,"")) -> Positive | L31: =IFERROR(VLOOKUP($B31,'Pos and Incl IMPORT'!$B$2:$P109,11,FALSE),IFERROR(0/0,"")) | M31: =IFERROR(VLOOKUP($B31,'Pos and Incl IMPORT'!$B$2:$P109,12,FALSE),IFERROR(0/0,"")) | N31: =IFERROR(VLOOKUP($B31,'Pos and Incl IMPORT'!$B$2:$P109,13,FALSE),IFERROR(0/0,"")) | O31: =IFERROR(VLOOKUP($B31,'Pos and Incl IMPORT'!$B$2:$P109,14,FALSE),IFERROR(0/0,"")) -> 1 | P31: =IFERROR(VLOOKUP($B31,'Pos and Incl IMPORT'!$B$2:$P109,15,FALSE),IFERROR(0/0,"")) -> 856 | Q31: =IFERROR(VLOOKUP($B31,'Pos and Incl IMPORT'!$B$2:$S109,16,FALSE),IFERROR(0/0,"")) -> FLMP147333 | R31: =IFERROR(VLOOKUP($B31,'Pos and Incl IMPORT'!$B$2:$S109,17,FALSE),IFERROR(0/0,"")) | S31: =IFERROR(VLOOKUP($B31,'Pos and Incl IMPORT'!$B$2:$S109,18,FALSE),IFERROR(0/0,"")) | T31: =IFERROR(VLOOKUP($B31,'Pos and Incl IMPORT'!$B$2:$S109,19,FALSE),IFERROR(0/0,"")) | U31: =IF(ISBLANK(Q31),IFERROR(0/0,""),COUNTIF(Q$2:T138,Q31)) -> 2
B32: =IFERROR(__xludf.DUMMYFUNCTION("""COMPUTED_VALUE"""),"FLB5838") -> FLB5838 | C32: =IFERROR(__xludf.DUMMYFUNCTION("""COMPUTED_VALUE"""),"RUN-FLMP_2022-01-10_RFR-053") -> RUN-FLMP_2022-01-10_RFR-053 | D32: =IFERROR(__xludf.DUMMYFUNCTION("""COMPUTED_VALUE"""),44571.0) -> 44571 | E32: =IFERROR(__xludf.DUMMYFUNCTION("""COMPUTED_VALUE"""),44570.0) -> 44570 | F32: =IFERROR(__xludf.DUMMYFUNCTION("""COMPUTED_VALUE"""),0.762939814816491) -> 0.76293981 | G32: =IFERROR(__xludf.DUMMYFUNCTION("""COMPUTED_VALUE"""),"Positive") -> Positive | H32: =IFERROR(VLOOKUP($B33,'Pos and Incl IMPORT'!$B$2:$X109,4,FALSE),IFERROR(0/0,"")) -> SpFLMP496039 | K32: =IFERROR(VLOOKUP($B32,'Pos and Incl IMPORT'!$B$2:$P109,7,FALSE),IFERROR(0/0,"")) -> Positive | L32: =IFERROR(VLOOKUP($B32,'Pos and Incl IMPORT'!$B$2:$P109,11,FALSE),IFERROR(0/0,"")) | M32: =IFERROR(VLOOKUP($B32,'Pos and Incl IMPORT'!$B$2:$P109,12,FALSE),IFERROR(0/0,"")) | N32: =IFERROR(VLOOKUP($B32,'Pos and Incl IMPORT'!$B$2:$P109,13,FALSE),IFERROR(0/0,"")) | O32: =IFERROR(VLOOKUP($B32,'Pos and Incl IMPORT'!$B$2:$P109,14,FALSE),IFERROR(0/0,"")) -> 3 | P32: =IFERROR(VLOOKUP($B32,'Pos and Incl IMPORT'!$B$2:$P109,15,FALSE),IFERROR(0/0,"")) -> 857 | Q32: =IFERROR(VLOOKUP($B32,'Pos and Incl IMPORT'!$B$2:$S109,16,FALSE),IFERROR(0/0,"")) -> FLMP202537 | R32: =IFERROR(VLOOKUP($B32,'Pos and Incl IMPORT'!$B$2:$S109,17,FALSE),IFERROR(0/0,"")) -> FLMP876695 | S32: =IFERROR(VLOOKUP($B32,'Pos and Incl IMPORT'!$B$2:$S109,18,FALSE),IFERROR(0/0,"")) -> FLMP909043 | T32: =IFERROR(VLOOKUP($B32,'Pos and Incl IMPORT'!$B$2:$S109,19,FALSE),IFERROR(0/0,"")) | U32: =IF(ISBLANK(Q32),IFERROR(0/0,""),COUNTIF(Q$2:T139,Q32)) -> 2
B33: =IFERROR(__xludf.DUMMYFUNCTION("""COMPUTED_VALUE"""),"FLB7375") -> FLB7375 | C33: =IFERROR(__xludf.DUMMYFUNCTION("""COMPUTED_VALUE"""),"RUN-FLMP_2022-01-10_RFR-053") -> RUN-FLMP_2022-01-10_RFR-053 | D33: =IFERROR(__xludf.DUMMYFUNCTION("""COMPUTED_VALUE"""),44571.0) -> 44571 | E33: =IFERROR(__xludf.DUMMYFUNCTION("""COMPUTED_VALUE"""),44571.0) -> 44571 | F33: =IFERROR(__xludf.DUMMYFUNCTION("""COMPUTED_VALUE"""),0.0) -> 0 | G33: =IFERROR(__xludf.DUMMYFUNCTION("""COMPUTED_VALUE"""),"Positive") -> Positive | H33: =IFERROR(VLOOKUP($B34,'Pos and Incl IMPORT'!$B$2:$X109,4,FALSE),IFERROR(0/0,"")) -> SpFLMP342787 | K33: =IFERROR(VLOOKUP($B33,'Pos and Incl IMPORT'!$B$2:$P109,7,FALSE),IFERROR(0/0,"")) | L33: =IFERROR(VLOOKUP($B33,'Pos and Incl IMPORT'!$B$2:$P109,11,FALSE),IFERROR(0/0,"")) -> 5 | M33: =IFERROR(VLOOKUP($B33,'Pos and Incl IMPORT'!$B$2:$P109,12,FALSE),IFERROR(0/0,"")) -> Added Row from Staff Notes paper and staff reprot, confirmed by text message this tube was positive | N33: =IFERROR(VLOOKUP($B33,'Pos and Incl IMPORT'!$B$2:$P109,13,FALSE),IFERROR(0/0,"")) | O33: =IFERROR(VLOOKUP($B33,'Pos and Incl IMPORT'!$B$2:$P109,14,FALSE),IFERROR(0/0,"")) -> 2 | P33: =IFERROR(VLOOKUP($B33,'Pos and Incl IMPORT'!$B$2:$P109,15,FALSE),IFERROR(0/0,"")) -> 876 | Q33: =IFERROR(VLOOKUP($B33,'Pos and Incl IMPORT'!$B$2:$S109,16,FALSE),IFERROR(0/0,"")) -> FLMP205382 | R33: =IFERROR(VLOOKUP($B33,'Pos and Incl IMPORT'!$B$2:$S109,17,FALSE),IFERROR(0/0,"")) -> FLMP818068 | S33: =IFERROR(VLOOKUP($B33,'Pos and Incl IMPORT'!$B$2:$S109,18,FALSE),IFERROR(0/0,"")) | T33: =IFERROR(VLOOKUP($B33,'Pos and Incl IMPORT'!$B$2:$S109,19,FALSE),IFERROR(0/0,"")) | U33: =IF(ISBLANK(Q33),IFERROR(0/0,""),COUNTIF(Q$2:T140,Q33)) -> 1
B34: =IFERROR(__xludf.DUMMYFUNCTION("""COMPUTED_VALUE"""),"FLE296") -> FLE296 | C34: =IFERROR(__xludf.DUMMYFUNCTION("""COMPUTED_VALUE"""),"RUN-FLMP_2022-01-10_RFR-053") -> RUN-FLMP_2022-01-10_RFR-053 | D34: =IFERROR(__xludf.DUMMYFUNCTION("""COMPUTED_VALUE"""),44571.0) -> 44571 | E34: =IFERROR(__xludf.DUMMYFUNCTION("""COMPUTED_VALUE"""),44571.0) -> 44571 | F34: =IFERROR(__xludf.DUMMYFUNCTION("""COMPUTED_VALUE"""),0.33939814814948477) -> 0.33939815 | G34: =IFERROR(__xludf.DUMMYFUNCTION("""COMPUTED_VALUE"""),"Positive") -> Positive | H34: =IFERROR(VLOOKUP($B35,'Pos and Incl IMPORT'!$B$2:$X109,4,FALSE),IFERROR(0/0,"")) -> SpFLMP342787 | K34: =IFERROR(VLOOKUP($B34,'Pos and Incl IMPORT'!$B$2:$P109,7,FALSE),IFERROR(0/0,"")) -> Positive | L34: =IFERROR(VLOOKUP($B34,'Pos and Incl IMPORT'!$B$2:$P109,11,FALSE),IFERROR(0/0,"")) | M34: =IFERROR(VLOOKUP($B34,'Pos and Incl IMPORT'!$B$2:$P109,12,FALSE),IFERROR(0/0,"")) | N34: =IFERROR(VLOOKUP($B34,'Pos and Incl IMPORT'!$B$2:$P109,13,FALSE),IFERROR(0/0,"")) | O34: =IFERROR(VLOOKUP($B34,'Pos and Incl IMPORT'!$B$2:$P109,14,FALSE),IFERROR(0/0,"")) -> 1 | P34: =IFERROR(VLOOKUP($B34,'Pos and Incl IMPORT'!$B$2:$P109,15,FALSE),IFERROR(0/0,"")) -> 891 | Q34: =IFERROR(VLOOKUP($B34,'Pos and Incl IMPORT'!$B$2:$S109,16,FALSE),IFERROR(0/0,"")) -> FLMP132084 | R34: =IFERROR(VLOOKUP($B34,'Pos and Incl IMPORT'!$B$2:$S109,17,FALSE),IFERROR(0/0,"")) | S34: =IFERROR(VLOOKUP($B34,'Pos and Incl IMPORT'!$B$2:$S109,18,FALSE),IFERROR(0/0,"")) | T34: =IFERROR(VLOOKUP($B34,'Pos and Incl IMPORT'!$B$2:$S109,19,FALSE),IFERROR(0/0,"")) | U34: =IF(ISBLANK(Q34),IFERROR(0/0,""),COUNTIF(Q$2:T141,Q34)) -> 2
B35: =IFERROR(__xludf.DUMMYFUNCTION("""COMPUTED_VALUE"""),"FLB5866") -> FLB5866 | C35: =IFERROR(__xludf.DUMMYFUNCTION("""COMPUTED_VALUE"""),"RUN-FLMP_2022-01-10_RFR-053") -> RUN-FLMP_2022-01-10_RFR-053 | D35: =IFERROR(__xludf.DUMMYFUNCTION("""COMPUTED_VALUE"""),44571.0) -> 44571 | E35: =IFERROR(__xludf.DUMMYFUNCTION("""COMPUTED_VALUE"""),44571.0) -> 44571 | F35: =IFERROR(__xludf.DUMMYFUNCTION("""COMPUTED_VALUE"""),0.3410185185202863) -> 0.34101852 | G35: =IFERROR(__xludf.DUMMYFUNCTION("""COMPUTED_VALUE"""),"Positive") -> Positive | H35: =IFERROR(VLOOKUP($B36,'Pos and Incl IMPORT'!$B$2:$X109,4,FALSE),IFERROR(0/0,"")) -> SpFLMP600756 | K35: =IFERROR(VLOOKUP($B35,'Pos and Incl IMPORT'!$B$2:$P109,7,FALSE),IFERROR(0/0,"")) -> Positive | L35: =IFERROR(VLOOKUP($B35,'Pos and Incl IMPORT'!$B$2:$P109,11,FALSE),IFERROR(0/0,"")) | M35: =IFERROR(VLOOKUP($B35,'Pos and Incl IMPORT'!$B$2:$P109,12,FALSE),IFERROR(0/0,"")) | N35: =IFERROR(VLOOKUP($B35,'Pos and Incl IMPORT'!$B$2:$P109,13,FALSE),IFERROR(0/0,"")) | O35: =IFERROR(VLOOKUP($B35,'Pos and Incl IMPORT'!$B$2:$P109,14,FALSE),IFERROR(0/0,"")) -> 1 | P35: =IFERROR(VLOOKUP($B35,'Pos and Incl IMPORT'!$B$2:$P109,15,FALSE),IFERROR(0/0,"")) -> 892 | Q35: =IFERROR(VLOOKUP($B35,'Pos and Incl IMPORT'!$B$2:$S109,16,FALSE),IFERROR(0/0,"")) -> FLMP676985 | R35: =IFERROR(VLOOKUP($B35,'Pos and Incl IMPORT'!$B$2:$S109,17,FALSE),IFERROR(0/0,"")) | S35: =IFERROR(VLOOKUP($B35,'Pos and Incl IMPORT'!$B$2:$S109,18,FALSE),IFERROR(0/0,"")) | T35: =IFERROR(VLOOKUP($B35,'Pos and Incl IMPORT'!$B$2:$S109,19,FALSE),IFERROR(0/0,"")) | U35: =IF(ISBLANK(Q35),IFERROR(0/0,""),COUNTIF(Q$2:T142,Q35)) -> 2
B36: =IFERROR(__xludf.DUMMYFUNCTION("""COMPUTED_VALUE"""),"FLT1161") -> FLT1161 | C36: =IFERROR(__xludf.DUMMYFUNCTION("""COMPUTED_VALUE"""),"RUN-FLMP_2022-01-10_RFR-053") -> RUN-FLMP_2022-01-10_RFR-053 | D36: =IFERROR(__xludf.DUMMYFUNCTION("""COMPUTED_VALUE"""),44571.0) -> 44571 | E36: =IFERROR(__xludf.DUMMYFUNCTION("""COMPUTED_VALUE"""),44571.0) -> 44571 | F36: =IFERROR(__xludf.DUMMYFUNCTION("""COMPUTED_VALUE"""),0.35539351851912215) -> 0.35539352 | G36: =IFERROR(__xludf.DUMMYFUNCTION("""COMPUTED_VALUE"""),"Positive") -> Positive | H36: =IFERROR(VLOOKUP($B37,'Pos and Incl IMPORT'!$B$2:$X109,4,FALSE),IFERROR(0/0,"")) -> SpFLMP342787 | K36: =IFERROR(VLOOKUP($B36,'Pos and Incl IMPORT'!$B$2:$P109,7,FALSE),IFERROR(0/0,"")) -> Positive | L36: =IFERROR(VLOOKUP($B36,'Pos and Incl IMPORT'!$B$2:$P109,11,FALSE),IFERROR(0/0,"")) | M36: =IFERROR(VLOOKUP($B36,'Pos and Incl IMPORT'!$B$2:$P109,12,FALSE),IFERROR(0/0,"")) | N36: =IFERROR(VLOOKUP($B36,'Pos and Incl IMPORT'!$B$2:$P109,13,FALSE),IFERROR(0/0,"")) | O36: =IFERROR(VLOOKUP($B36,'Pos and Incl IMPORT'!$B$2:$P109,14,FALSE),IFERROR(0/0,"")) -> 3 | P36: =IFERROR(VLOOKUP($B36,'Pos and Incl IMPORT'!$B$2:$P109,15,FALSE),IFERROR(0/0,"")) -> 903 | Q36: =IFERROR(VLOOKUP($B36,'Pos and Incl IMPORT'!$B$2:$S109,16,FALSE),IFERROR(0/0,"")) -> FLMP887888 | R36: =IFERROR(VLOOKUP($B36,'Pos and Incl IMPORT'!$B$2:$S109,17,FALSE),IFERROR(0/0,"")) -> FLMP876455 | S36: =IFERROR(VLOOKUP($B36,'Pos and Incl IMPORT'!$B$2:$S109,18,FALSE),IFERROR(0/0,"")) -> FLMP969044 | T36: =IFERROR(VLOOKUP($B36,'Pos and Incl IMPORT'!$B$2:$S109,19,FALSE),IFERROR(0/0,"")) | U36: =IF(ISBLANK(Q36),IFERROR(0/0,""),COUNTIF(Q$2:T143,Q36)) -> 2
B37: =IFERROR(__xludf.DUMMYFUNCTION("""COMPUTED_VALUE"""),"FLE258") -> FLE258 | C37: =IFERROR(__xludf.DUMMYFUNCTION("""COMPUTED_VALUE"""),"RUN-FLMP_2022-01-10_RFR-053") -> RUN-FLMP_2022-01-10_RFR-053 | D37: =IFERROR(__xludf.DUMMYFUNCTION("""COMPUTED_VALUE"""),44571.0) -> 44571 | E37: =IFERROR(__xludf.DUMMYFUNCTION("""COMPUTED_VALUE"""),44571.0) -> 44571 | F37: =IFERROR(__xludf.DUMMYFUNCTION("""COMPUTED_VALUE"""),0.3584374999991269) -> 0.3584375 | G37: =IFERROR(__xludf.DUMMYFUNCTION("""COMPUTED_VALUE"""),"Positive") -> Positive | H37: =IFERROR(VLOOKUP($B38,'Pos and Incl IMPORT'!$B$2:$X109,4,FALSE),IFERROR(0/0,"")) -> SpFLMP213396 | K37: =IFERROR(VLOOKUP($B37,'Pos and Incl IMPORT'!$B$2:$P109,7,FALSE),IFERROR(0/0,"")) -> Positive | L37: =IFERROR(VLOOKUP($B37,'Pos and Incl IMPORT'!$B$2:$P109,11,FALSE),IFERROR(0/0,"")) | M37: =IFERROR(VLOOKUP($B37,'Pos and Incl IMPORT'!$B$2:$P109,12,FALSE),IFERROR(0/0,"")) | N37: =IFERROR(VLOOKUP($B37,'Pos and Incl IMPORT'!$B$2:$P109,13,FALSE),IFERROR(0/0,"")) | O37: =IFERROR(VLOOKUP($B37,'Pos and Incl IMPORT'!$B$2:$P109,14,FALSE),IFERROR(0/0,"")) -> 1 | P37: =IFERROR(VLOOKUP($B37,'Pos and Incl IMPORT'!$B$2:$P109,15,FALSE),IFERROR(0/0,"")) -> 908 | Q37: =IFERROR(VLOOKUP($B37,'Pos and Incl IMPORT'!$B$2:$S109,16,FALSE),IFERROR(0/0,"")) -> FLMP365997 | R37: =IFERROR(VLOOKUP($B37,'Pos and Incl IMPORT'!$B$2:$S109,17,FALSE),IFERROR(0/0,"")) | S37: =IFERROR(VLOOKUP($B37,'Pos and Incl IMPORT'!$B$2:$S109,18,FALSE),IFERROR(0/0,"")) | T37: =IFERROR(VLOOKUP($B37,'Pos and Incl IMPORT'!$B$2:$S109,19,FALSE),IFERROR(0/0,"")) | U37: =IF(ISBLANK(Q37),IFERROR(0/0,""),COUNTIF(Q$2:T144,Q37)) -> 2
B38: =IFERROR(__xludf.DUMMYFUNCTION("""COMPUTED_VALUE"""),"FLT1495") -> FLT1495 | C38: =IFERROR(__xludf.DUMMYFUNCTION("""COMPUTED_VALUE"""),"RUN-FLMP_2022-01-10_RFR-053") -> RUN-FLMP_2022-01-10_RFR-053 | D38: =IFERROR(__xludf.DUMMYFUNCTION("""COMPUTED_VALUE"""),44571.0) -> 44571 | E38: =IFERROR(__xludf.DUMMYFUNCTION("""COMPUTED_VALUE"""),44571.0) -> 44571 | F38: =IFERROR(__xludf.DUMMYFUNCTION("""COMPUTED_VALUE"""),0.3728240740747424) -> 0.37282407 | G38: =IFERROR(__xludf.DUMMYFUNCTION("""COMPUTED_VALUE"""),"Positive") -> Positive | H38: =IFERROR(VLOOKUP($B39,'Pos and Incl IMPORT'!$B$2:$X109,4,FALSE),IFERROR(0/0,"")) -> SpFLMP213396 | K38: =IFERROR(VLOOKUP($B38,'Pos and Incl IMPORT'!$B$2:$P109,7,FALSE),IFERROR(0/0,"")) -> Positive | L38: =IFERROR(VLOOKUP($B38,'Pos and Incl IMPORT'!$B$2:$P109,11,FALSE),IFERROR(0/0,"")) | M38: =IFERROR(VLOOKUP($B38,'Pos and Incl IMPORT'!$B$2:$P109,12,FALSE),IFERROR(0/0,"")) | N38: =IFERROR(VLOOKUP($B38,'Pos and Incl IMPORT'!$B$2:$P109,13,FALSE),IFERROR(0/0,"")) | O38: =IFERROR(VLOOKUP($B38,'Pos and Incl IMPORT'!$B$2:$P109,14,FALSE),IFERROR(0/0,"")) -> 1 | P38: =IFERROR(VLOOKUP($B38,'Pos and Incl IMPORT'!$B$2:$P109,15,FALSE),IFERROR(0/0,"")) -> 917 | Q38: =IFERROR(VLOOKUP($B38,'Pos and Incl IMPORT'!$B$2:$S109,16,FALSE),IFERROR(0/0,"")) -> FLMP455751 | R38: =IFERROR(VLOOKUP($B38,'Pos and Incl IMPORT'!$B$2:$S109,17,FALSE),IFERROR(0/0,"")) | S38: =IFERROR(VLOOKUP($B38,'Pos and Incl IMPORT'!$B$2:$S109,18,FALSE),IFERROR(0/0,"")) | T38: =IFERROR(VLOOKUP($B38,'Pos and Incl IMPORT'!$B$2:$S109,19,FALSE),IFERROR(0/0,"")) | U38: =IF(ISBLANK(Q38),IFERROR(0/0,""),COUNTIF(Q$2:T145,Q38)) -> 1
B39: =IFERROR(__xludf.DUMMYFUNCTION("""COMPUTED_VALUE"""),"FLT1472") -> FLT1472 | C39: =IFERROR(__xludf.DUMMYFUNCTION("""COMPUTED_VALUE"""),"RUN-FLMP_2022-01-10_RFR-053") -> RUN-FLMP_2022-01-10_RFR-053 | D39: =IFERROR(__xludf.DUMMYFUNCTION("""COMPUTED_VALUE"""),44571.0) -> 44571 | E39: =IFERROR(__xludf.DUMMYFUNCTION("""COMPUTED_VALUE"""),44571.0) -> 44571 | F39: =IFERROR(__xludf.DUMMYFUNCTION("""COMPUTED_VALUE"""),0.37465277777664596) -> 0.37465278 | G39: =IFERROR(__xludf.DUMMYFUNCTION("""COMPUTED_VALUE"""),"Inconclusive") -> Inconclusive | H39: =IFERROR(VLOOKUP($B40,'Pos and Incl IMPORT'!$B$2:$X109,4,FALSE),IFERROR(0/0,"")) -> SpFLMP600756 | K39: =IFERROR(VLOOKUP($B39,'Pos and Incl IMPORT'!$B$2:$P109,7,FALSE),IFERROR(0/0,"")) -> Inconclusive | L39: =IFERROR(VLOOKUP($B39,'Pos and Incl IMPORT'!$B$2:$P109,11,FALSE),IFERROR(0/0,"")) | M39: =IFERROR(VLOOKUP($B39,'Pos and Incl IMPORT'!$B$2:$P109,12,FALSE),IFERROR(0/0,"")) | N39: =IFERROR(VLOOKUP($B39,'Pos and Incl IMPORT'!$B$2:$P109,13,FALSE),IFERROR(0/0,"")) | O39: =IFERROR(VLOOKUP($B39,'Pos and Incl IMPORT'!$B$2:$P109,14,FALSE),IFERROR(0/0,"")) -> 1 | P39: =IFERROR(VLOOKUP($B39,'Pos and Incl IMPORT'!$B$2:$P109,15,FALSE),IFERROR(0/0,"")) -> 918 | Q39: =IFERROR(VLOOKUP($B39,'Pos and Incl IMPORT'!$B$2:$S109,16,FALSE),IFERROR(0/0,"")) -> FLMP912235 | R39: =IFERROR(VLOOKUP($B39,'Pos and Incl IMPORT'!$B$2:$S109,17,FALSE),IFERROR(0/0,"")) | S39: =IFERROR(VLOOKUP($B39,'Pos and Incl IMPORT'!$B$2:$S109,18,FALSE),IFERROR(0/0,"")) | T39: =IFERROR(VLOOKUP($B39,'Pos and Incl IMPORT'!$B$2:$S109,19,FALSE),IFERROR(0/0,"")) | U39: =IF(ISBLANK(Q39),IFERROR(0/0,""),COUNTIF(Q$2:T146,Q39)) -> 1
B40: =IFERROR(__xludf.DUMMYFUNCTION("""COMPUTED_VALUE"""),"FLT1434") -> FLT1434 | C40: =IFERROR(__xludf.DUMMYFUNCTION("""COMPUTED_VALUE"""),"RUN-FLMP_2022-01-10_RFR-055") -> RUN-FLMP_2022-01-10_RFR-055 | D40: =IFERROR(__xludf.DUMMYFUNCTION("""COMPUTED_VALUE"""),44571.0) -> 44571 | E40: =IFERROR(__xludf.DUMMYFUNCTION("""COMPUTED_VALUE"""),44571.0) -> 44571 | F40: =IFERROR(__xludf.DUMMYFUNCTION("""COMPUTED_VALUE"""),0.6599189814805868) -> 0.65991898 | G40: =IFERROR(__xludf.DUMMYFUNCTION("""COMPUTED_VALUE"""),"Positive") -> Positive | H40: =IFERROR(VLOOKUP($B41,'Pos and Incl IMPORT'!$B$2:$X109,4,FALSE),IFERROR(0/0,"")) -> SpFLMP120998 | K40: =IFERROR(VLOOKUP($B40,'Pos and Incl IMPORT'!$B$2:$P109,7,FALSE),IFERROR(0/0,"")) -> Positive | L40: =IFERROR(VLOOKUP($B40,'Pos and Incl IMPORT'!$B$2:$P109,11,FALSE),IFERROR(0/0,"")) | M40: =IFERROR(VLOOKUP($B40,'Pos and Incl IMPORT'!$B$2:$P109,12,FALSE),IFERROR(0/0,"")) | N40: =IFERROR(VLOOKUP($B40,'Pos and Incl IMPORT'!$B$2:$P109,13,FALSE),IFERROR(0/0,"")) | O40: =IFERROR(VLOOKUP($B40,'Pos and Incl IMPORT'!$B$2:$P109,14,FALSE),IFERROR(0/0,"")) -> 1 | P40: =IFERROR(VLOOKUP($B40,'Pos and Incl IMPORT'!$B$2:$P109,15,FALSE),IFERROR(0/0,"")) -> 921 | Q40: =IFERROR(VLOOKUP($B40,'Pos and Incl IMPORT'!$B$2:$S109,16,FALSE),IFERROR(0/0,"")) -> FLMP887888 | R40: =IFERROR(VLOOKUP($B40,'Pos and Incl IMPORT'!$B$2:$S109,17,FALSE),IFERROR(0/0,"")) | S40: =IFERROR(VLOOKUP($B40,'Pos and Incl IMPORT'!$B$2:$S109,18,FALSE),IFERROR(0/0,"")) | T40: =IFERROR(VLOOKUP($B40,'Pos and Incl IMPORT'!$B$2:$S109,19,FALSE),IFERROR(0/0,"")) | U40: =IF(ISBLANK(Q40),IFERROR(0/0,""),COUNTIF(Q$2:T147,Q40)) -> 2
B41: =IFERROR(__xludf.DUMMYFUNCTION("""COMPUTED_VALUE"""),"MA26") -> MA26 | C41: =IFERROR(__xludf.DUMMYFUNCTION("""COMPUTED_VALUE"""),"RUN-FLMP_2022-01-11_RFR-059") -> RUN-FLMP_2022-01-11_RFR-059 | D41: =IFERROR(__xludf.DUMMYFUNCTION("""COMPUTED_VALUE"""),44572.0) -> 44572 | E41: =IFERROR(__xludf.DUMMYFUNCTION("""COMPUTED_VALUE"""),44572.0) -> 44572 | F41: =IFERROR(__xludf.DUMMYFUNCTION("""COMPUTED_VALUE"""),0.6732986111128412) -> 0.67329861 | G41: =IFERROR(__xludf.DUMMYFUNCTION("""COMPUTED_VALUE"""),"Positive") -> Positive | H41: =IFERROR(VLOOKUP($B42,'Pos and Incl IMPORT'!$B$2:$X109,4,FALSE),IFERROR(0/0,"")) -> SpFLMP649771 | K41: =IFERROR(VLOOKUP($B41,'Pos and Incl IMPORT'!$B$2:$P109,7,FALSE),IFERROR(0/0,"")) -> Positive | L41: =IFERROR(VLOOKUP($B41,'Pos and Incl IMPORT'!$B$2:$P109,11,FALSE),IFERROR(0/0,"")) | M41: =IFERROR(VLOOKUP($B41,'Pos and Incl IMPORT'!$B$2:$P109,12,FALSE),IFERROR(0/0,"")) | N41: =IFERROR(VLOOKUP($B41,'Pos and Incl IMPORT'!$B$2:$P109,13,FALSE),IFERROR(0/0,"")) | O41: =IFERROR(VLOOKUP($B41,'Pos and Incl IMPORT'!$B$2:$P109,14,FALSE),IFERROR(0/0,"")) -> 1 | P41: =IFERROR(VLOOKUP($B41,'Pos and Incl IMPORT'!$B$2:$P109,15,FALSE),IFERROR(0/0,"")) -> 928 | Q41: =IFERROR(VLOOKUP($B41,'Pos and Incl IMPORT'!$B$2:$S109,16,FALSE),IFERROR(0/0,"")) -> FLMP233123 | R41: =IFERROR(VLOOKUP($B41,'Pos and Incl IMPORT'!$B$2:$S109,17,FALSE),IFERROR(0/0,"")) | S41: =IFERROR(VLOOKUP($B41,'Pos and Incl IMPORT'!$B$2:$S109,18,FALSE),IFERROR(0/0,"")) | T41: =IFERROR(VLOOKUP($B41,'Pos and Incl IMPORT'!$B$2:$S109,19,FALSE),IFERROR(0/0,"")) | U41: =IF(ISBLANK(Q41),IFERROR(0/0,""),COUNTIF(Q$2:T148,Q41)) -> 1
B42: =IFERROR(__xludf.DUMMYFUNCTION("""COMPUTED_VALUE"""),"FLB6850") -> FLB6850 | C42: =IFERROR(__xludf.DUMMYFUNCTION("""COMPUTED_VALUE"""),"RUN-FLMP_2022-01-17_RFR-063") -> RUN-FLMP_2022-01-17_RFR-063 | D42: =IFERROR(__xludf.DUMMYFUNCTION("""COMPUTED_VALUE"""),44578.0) -> 44578 | E42: =IFERROR(__xludf.DUMMYFUNCTION("""COMPUTED_VALUE"""),44578.0) -> 44578 | F42: =IFERROR(__xludf.DUMMYFUNCTION("""COMPUTED_VALUE"""),0.4287499999991269) -> 0.42875 | G42: =IFERROR(__xludf.DUMMYFUNCTION("""COMPUTED_VALUE"""),"Positive") -> Positive | H42: =IFERROR(VLOOKUP($B43,'Pos and Incl IMPORT'!$B$2:$X109,4,FALSE),IFERROR(0/0,"")) -> SpFLMP649771 | K42: =IFERROR(VLOOKUP($B42,'Pos and Incl IMPORT'!$B$2:$P109,7,FALSE),IFERROR(0/0,"")) -> Positive | L42: =IFERROR(VLOOKUP($B42,'Pos and Incl IMPORT'!$B$2:$P109,11,FALSE),IFERROR(0/0,"")) | M42: =IFERROR(VLOOKUP($B42,'Pos and Incl IMPORT'!$B$2:$P109,12,FALSE),IFERROR(0/0,"")) | N42: =IFERROR(VLOOKUP($B42,'Pos and Incl IMPORT'!$B$2:$P109,13,FALSE),IFERROR(0/0,"")) | O42: =IFERROR(VLOOKUP($B42,'Pos and Incl IMPORT'!$B$2:$P109,14,FALSE),IFERROR(0/0,"")) -> 1 | P42: =IFERROR(VLOOKUP($B42,'Pos and Incl IMPORT'!$B$2:$P109,15,FALSE),IFERROR(0/0,"")) -> 1034 | Q42: =IFERROR(VLOOKUP($B42,'Pos and Incl IMPORT'!$B$2:$S109,16,FALSE),IFERROR(0/0,"")) -> FLMP330127 | R42: =IFERROR(VLOOKUP($B42,'Pos and Incl IMPORT'!$B$2:$S109,17,FALSE),IFERROR(0/0,"")) | S42: =IFERROR(VLOOKUP($B42,'Pos and Incl IMPORT'!$B$2:$S109,18,FALSE),IFERROR(0/0,"")) | T42: =IFERROR(VLOOKUP($B42,'Pos and Incl IMPORT'!$B$2:$S109,19,FALSE),IFERROR(0/0,"")) | U42: =IF(ISBLANK(Q42),IFERROR(0/0,""),COUNTIF(Q$2:T149,Q42)) -> 2
B43: =IFERROR(__xludf.DUMMYFUNCTION("""COMPUTED_VALUE"""),"FLT1172") -> FLT1172 | C43: =IFERROR(__xludf.DUMMYFUNCTION("""COMPUTED_VALUE"""),"RUN-FLMP_2022-01-17_RFR-063") -> RUN-FLMP_2022-01-17_RFR-063 | D43: =IFERROR(__xludf.DUMMYFUNCTION("""COMPUTED_VALUE"""),44578.0) -> 44578 | E43: =IFERROR(__xludf.DUMMYFUNCTION("""COMPUTED_VALUE"""),44578.0) -> 44578 | F43: =IFERROR(__xludf.DUMMYFUNCTION("""COMPUTED_VALUE"""),0.42949074074203963) -> 0.42949074 | G43: =IFERROR(__xludf.DUMMYFUNCTION("""COMPUTED_VALUE"""),"Positive") -> Positive | H43: =IFERROR(VLOOKUP($B44,'Pos and Incl IMPORT'!$B$2:$X109,4,FALSE),IFERROR(0/0,"")) -> SpFLMP649771 | K43: =IFERROR(VLOOKUP($B43,'Pos and Incl IMPORT'!$B$2:$P109,7,FALSE),IFERROR(0/0,"")) -> Positive | L43: =IFERROR(VLOOKUP($B43,'Pos and Incl IMPORT'!$B$2:$P109,11,FALSE),IFERROR(0/0,"")) | M43: =IFERROR(VLOOKUP($B43,'Pos and Incl IMPORT'!$B$2:$P109,12,FALSE),IFERROR(0/0,"")) | N43: =IFERROR(VLOOKUP($B43,'Pos and Incl IMPORT'!$B$2:$P109,13,FALSE),IFERROR(0/0,"")) | O43: =IFERROR(VLOOKUP($B43,'Pos and Incl IMPORT'!$B$2:$P109,14,FALSE),IFERROR(0/0,"")) -> 1 | P43: =IFERROR(VLOOKUP($B43,'Pos and Incl IMPORT'!$B$2:$P109,15,FALSE),IFERROR(0/0,"")) -> 1035 | Q43: =IFERROR(VLOOKUP($B43,'Pos and Incl IMPORT'!$B$2:$S109,16,FALSE),IFERROR(0/0,"")) -> FLMP147333 | R43: =IFERROR(VLOOKUP($B43,'Pos and Incl IMPORT'!$B$2:$S109,17,FALSE),IFERROR(0/0,"")) | S43: =IFERROR(VLOOKUP($B43,'Pos and Incl IMPORT'!$B$2:$S109,18,FALSE),IFERROR(0/0,"")) | T43: =IFERROR(VLOOKUP($B43,'Pos and Incl IMPORT'!$B$2:$S109,19,FALSE),IFERROR(0/0,"")) | U43: =IF(ISBLANK(Q43),IFERROR(0/0,""),COUNTIF(Q$2:T150,Q43)) -> 2
B44: =IFERROR(__xludf.DUMMYFUNCTION("""COMPUTED_VALUE"""),"FLT1129") -> FLT1129 | C44: =IFERROR(__xludf.DUMMYFUNCTION("""COMPUTED_VALUE"""),"RUN-FLMP_2022-01-17_RFR-063") -> RUN-FLMP_2022-01-17_RFR-063 | D44: =IFERROR(__xludf.DUMMYFUNCTION("""COMPUTED_VALUE"""),44578.0) -> 44578 | E44: =IFERROR(__xludf.DUMMYFUNCTION("""COMPUTED_VALUE"""),44578.0) -> 44578 | F44: =IFERROR(__xludf.DUMMYFUNCTION("""COMPUTED_VALUE"""),0.4324884259258397) -> 0.43248843 | G44: =IFERROR(__xludf.DUMMYFUNCTION("""COMPUTED_VALUE"""),"Positive") -> Positive | H44: =IFERROR(VLOOKUP($B45,'Pos and Incl IMPORT'!$B$2:$X109,4,FALSE),IFERROR(0/0,"")) -> SpFLMP418927 | K44: =IFERROR(VLOOKUP($B44,'Pos and Incl IMPORT'!$B$2:$P109,7,FALSE),IFERROR(0/0,"")) -> Positive | L44: =IFERROR(VLOOKUP($B44,'Pos and Incl IMPORT'!$B$2:$P109,11,FALSE),IFERROR(0/0,"")) | M44: =IFERROR(VLOOKUP($B44,'Pos and Incl IMPORT'!$B$2:$P109,12,FALSE),IFERROR(0/0,"")) | N44: =IFERROR(VLOOKUP($B44,'Pos and Incl IMPORT'!$B$2:$P109,13,FALSE),IFERROR(0/0,"")) | O44: =IFERROR(VLOOKUP($B44,'Pos and Incl IMPORT'!$B$2:$P109,14,FALSE),IFERROR(0/0,"")) -> 1 | P44: =IFERROR(VLOOKUP($B44,'Pos and Incl IMPORT'!$B$2:$P109,15,FALSE),IFERROR(0/0,"")) -> 1037 | Q44: =IFERROR(VLOOKUP($B44,'Pos and Incl IMPORT'!$B$2:$S109,16,FALSE),IFERROR(0/0,"")) -> FLMP601970 | R44: =IFERROR(VLOOKUP($B44,'Pos and Incl IMPORT'!$B$2:$S109,17,FALSE),IFERROR(0/0,"")) | S44: =IFERROR(VLOOKUP($B44,'Pos and Incl IMPORT'!$B$2:$S109,18,FALSE),IFERROR(0/0,"")) | T44: =IFERROR(VLOOKUP($B44,'Pos and Incl IMPORT'!$B$2:$S109,19,FALSE),IFERROR(0/0,"")) | U44: =IF(ISBLANK(Q44),IFERROR(0/0,""),COUNTIF(Q$2:T151,Q44)) -> 1
B45: =IFERROR(__xludf.DUMMYFUNCTION("""COMPUTED_VALUE"""),"FLB5837") -> FLB5837 | C45: =IFERROR(__xludf.DUMMYFUNCTION("""COMPUTED_VALUE"""),"RUN-FLMP_2022-01-17_RFR-063") -> RUN-FLMP_2022-01-17_RFR-063 | D45: =IFERROR(__xludf.DUMMYFUNCTION("""COMPUTED_VALUE"""),44578.0) -> 44578 | E45: =IFERROR(__xludf.DUMMYFUNCTION("""COMPUTED_VALUE"""),44578.0) -> 44578 | F45: =IFERROR(__xludf.DUMMYFUNCTION("""COMPUTED_VALUE"""),0.44460648148015025) -> 0.44460648 | G45: =IFERROR(__xludf.DUMMYFUNCTION("""COMPUTED_VALUE"""),"Positive") -> Positive | H45: =IFERROR(VLOOKUP($B46,'Pos and Incl IMPORT'!$B$2:$X109,4,FALSE),IFERROR(0/0,"")) -> SpFLMP125859 | K45: =IFERROR(VLOOKUP($B45,'Pos and Incl IMPORT'!$B$2:$P109,7,FALSE),IFERROR(0/0,"")) -> Positive | L45: =IFERROR(VLOOKUP($B45,'Pos and Incl IMPORT'!$B$2:$P109,11,FALSE),IFERROR(0/0,"")) | M45: =IFERROR(VLOOKUP($B45,'Pos and Incl IMPORT'!$B$2:$P109,12,FALSE),IFERROR(0/0,"")) | N45: =IFERROR(VLOOKUP($B45,'Pos and Incl IMPORT'!$B$2:$P109,13,FALSE),IFERROR(0/0,"")) | O45: =IFERROR(VLOOKUP($B45,'Pos and Incl IMPORT'!$B$2:$P109,14,FALSE),IFERROR(0/0,"")) -> 3 | P45: =IFERROR(VLOOKUP($B45,'Pos and Incl IMPORT'!$B$2:$P109,15,FALSE),IFERROR(0/0,"")) -> 1042 | Q45: =IFERROR(VLOOKUP($B45,'Pos and Incl IMPORT'!$B$2:$S109,16,FALSE),IFERROR(0/0,"")) -> FLMP202537 | R45: =IFERROR(VLOOKUP($B45,'Pos and Incl IMPORT'!$B$2:$S109,17,FALSE),IFERROR(0/0,"")) -> FLMP876695 | S45: =IFERROR(VLOOKUP($B45,'Pos and Incl IMPORT'!$B$2:$S109,18,FALSE),IFERROR(0/0,"")) -> FLMP909043 | T45: =IFERROR(VLOOKUP($B45,'Pos and Incl IMPORT'!$B$2:$S109,19,FALSE),IFERROR(0/0,"")) | U45: =IF(ISBLANK(Q45),IFERROR(0/0,""),COUNTIF(Q$2:T152,Q45)) -> 2
B46: =IFERROR(__xludf.DUMMYFUNCTION("""COMPUTED_VALUE"""),"FLB7156") -> FLB7156 | C46: =IFERROR(__xludf.DUMMYFUNCTION("""COMPUTED_VALUE"""),"RUN-FLMP_2022-01-17_RFR-063") -> RUN-FLMP_2022-01-17_RFR-063 | D46: =IFERROR(__xludf.DUMMYFUNCTION("""COMPUTED_VALUE"""),44578.0) -> 44578 | E46: =IFERROR(__xludf.DUMMYFUNCTION("""COMPUTED_VALUE"""),44578.0) -> 44578 | F46: =IFERROR(__xludf.DUMMYFUNCTION("""COMPUTED_VALUE"""),0.5683680555557657) -> 0.56836806 | G46: =IFERROR(__xludf.DUMMYFUNCTION("""COMPUTED_VALUE"""),"Positive") -> Positive | H46: =IFERROR(VLOOKUP($B47,'Pos and Incl IMPORT'!$B$2:$X109,4,FALSE),IFERROR(0/0,"")) -> SpFLMP342787 | K46: =IFERROR(VLOOKUP($B46,'Pos and Incl IMPORT'!$B$2:$P109,7,FALSE),IFERROR(0/0,"")) -> Positive | L46: =IFERROR(VLOOKUP($B46,'Pos and Incl IMPORT'!$B$2:$P109,11,FALSE),IFERROR(0/0,"")) | M46: =IFERROR(VLOOKUP($B46,'Pos and Incl IMPORT'!$B$2:$P109,12,FALSE),IFERROR(0/0,"")) | N46: =IFERROR(VLOOKUP($B46,'Pos and Incl IMPORT'!$B$2:$P109,13,FALSE),IFERROR(0/0,"")) | O46: =IFERROR(VLOOKUP($B46,'Pos and Incl IMPORT'!$B$2:$P109,14,FALSE),IFERROR(0/0,"")) -> 4 | P46: =IFERROR(VLOOKUP($B46,'Pos and Incl IMPORT'!$B$2:$P109,15,FALSE),IFERROR(0/0,"")) -> 1065 | Q46: =IFERROR(VLOOKUP($B46,'Pos and Incl IMPORT'!$B$2:$S109,16,FALSE),IFERROR(0/0,"")) -> FLMP776278 | R46: =IFERROR(VLOOKUP($B46,'Pos and Incl IMPORT'!$B$2:$S109,17,FALSE),IFERROR(0/0,"")) -> FLMP828735 | S46: =IFERROR(VLOOKUP($B46,'Pos and Incl IMPORT'!$B$2:$S109,18,FALSE),IFERROR(0/0,"")) -> FLMP302189 | T46: =IFERROR(VLOOKUP($B46,'Pos and Incl IMPORT'!$B$2:$S109,19,FALSE),IFERROR(0/0,"")) | U46: =IF(ISBLANK(Q46),IFERROR(0/0,""),COUNTIF(Q$2:T153,Q46)) -> 3
B47: =IFERROR(__xludf.DUMMYFUNCTION("""COMPUTED_VALUE"""),"FLB7404") -> FLB7404 | C47: =IFERROR(__xludf.DUMMYFUNCTION("""COMPUTED_VALUE"""),"RUN-FLMP_2022-01-18_RFR-065") -> RUN-FLMP_2022-01-18_RFR-065 | D47: =IFERROR(__xludf.DUMMYFUNCTION("""COMPUTED_VALUE"""),44579.0) -> 44579 | E47: =IFERROR(__xludf.DUMMYFUNCTION("""COMPUTED_VALUE"""),44578.0) -> 44578 | F47: =IFERROR(__xludf.DUMMYFUNCTION("""COMPUTED_VALUE"""),0.5889351851838001) -> 0.58893519 | G47: =IFERROR(__xludf.DUMMYFUNCTION("""COMPUTED_VALUE"""),"Positive") -> Positive | H47: =IFERROR(VLOOKUP($B48,'Pos and Incl IMPORT'!$B$2:$X109,4,FALSE),IFERROR(0/0,"")) -> SpFLMP342787 | K47: =IFERROR(VLOOKUP($B47,'Pos and Incl IMPORT'!$B$2:$P109,7,FALSE),IFERROR(0/0,"")) -> Positive | L47: =IFERROR(VLOOKUP($B47,'Pos and Incl IMPORT'!$B$2:$P109,11,FALSE),IFERROR(0/0,"")) | M47: =IFERROR(VLOOKUP($B47,'Pos and Incl IMPORT'!$B$2:$P109,12,FALSE),IFERROR(0/0,"")) | N47: =IFERROR(VLOOKUP($B47,'Pos and Incl IMPORT'!$B$2:$P109,13,FALSE),IFERROR(0/0,"")) | O47: =IFERROR(VLOOKUP($B47,'Pos and Incl IMPORT'!$B$2:$P109,14,FALSE),IFERROR(0/0,"")) -> 1 | P47: =IFERROR(VLOOKUP($B47,'Pos and Incl IMPORT'!$B$2:$P109,15,FALSE),IFERROR(0/0,"")) -> 1070 | Q47: =IFERROR(VLOOKUP($B47,'Pos and Incl IMPORT'!$B$2:$S109,16,FALSE),IFERROR(0/0,"")) -> FLMP710853 | R47: =IFERROR(VLOOKUP($B47,'Pos and Incl IMPORT'!$B$2:$S109,17,FALSE),IFERROR(0/0,"")) | S47: =IFERROR(VLOOKUP($B47,'Pos and Incl IMPORT'!$B$2:$S109,18,FALSE),IFERROR(0/0,"")) | T47: =IFERROR(VLOOKUP($B47,'Pos and Incl IMPORT'!$B$2:$S109,19,FALSE),IFERROR(0/0,"")) | U47: =IF(ISBLANK(Q47),IFERROR(0/0,""),COUNTIF(Q$2:T154,Q47)) -> 2
B48: =IFERROR(__xludf.DUMMYFUNCTION("""COMPUTED_VALUE"""),"FLE255") -> FLE255 | C48: =IFERROR(__xludf.DUMMYFUNCTION("""COMPUTED_VALUE"""),"RUN-FLMP_2022-01-18_RFR-065") -> RUN-FLMP_2022-01-18_RFR-065 | D48: =IFERROR(__xludf.DUMMYFUNCTION("""COMPUTED_VALUE"""),44579.0) -> 44579 | E48: =IFERROR(__xludf.DUMMYFUNCTION("""COMPUTED_VALUE"""),44578.0) -> 44578 | F48: =IFERROR(__xludf.DUMMYFUNCTION("""COMPUTED_VALUE"""),0.5896296296305081) -> 0.58962963 | G48: =IFERROR(__xludf.DUMMYFUNCTION("""COMPUTED_VALUE"""),"Positive") -> Positive | H48: =IFERROR(VLOOKUP($B49,'Pos and Incl IMPORT'!$B$2:$X109,4,FALSE),IFERROR(0/0,"")) -> SpFLMP342787 | K48: =IFERROR(VLOOKUP($B48,'Pos and Incl IMPORT'!$B$2:$P109,7,FALSE),IFERROR(0/0,"")) -> Positive | L48: =IFERROR(VLOOKUP($B48,'Pos and Incl IMPORT'!$B$2:$P109,11,FALSE),IFERROR(0/0,"")) | M48: =IFERROR(VLOOKUP($B48,'Pos and Incl IMPORT'!$B$2:$P109,12,FALSE),IFERROR(0/0,"")) | N48: =IFERROR(VLOOKUP($B48,'Pos and Incl IMPORT'!$B$2:$P109,13,FALSE),IFERROR(0/0,"")) | O48: =IFERROR(VLOOKUP($B48,'Pos and Incl IMPORT'!$B$2:$P109,14,FALSE),IFERROR(0/0,"")) -> 1 | P48: =IFERROR(VLOOKUP($B48,'Pos and Incl IMPORT'!$B$2:$P109,15,FALSE),IFERROR(0/0,"")) -> 1071 | Q48: =IFERROR(VLOOKUP($B48,'Pos and Incl IMPORT'!$B$2:$S109,16,FALSE),IFERROR(0/0,"")) -> FLMP132084 | R48: =IFERROR(VLOOKUP($B48,'Pos and Incl IMPORT'!$B$2:$S109,17,FALSE),IFERROR(0/0,"")) | S48: =IFERROR(VLOOKUP($B48,'Pos and Incl IMPORT'!$B$2:$S109,18,FALSE),IFERROR(0/0,"")) | T48: =IFERROR(VLOOKUP($B48,'Pos and Incl IMPORT'!$B$2:$S109,19,FALSE),IFERROR(0/0,"")) | U48: =IF(ISBLANK(Q48),IFERROR(0/0,""),COUNTIF(Q$2:T155,Q48)) -> 2
B49: =IFERROR(__xludf.DUMMYFUNCTION("""COMPUTED_VALUE"""),"FLE318") -> FLE318 | C49: =IFERROR(__xludf.DUMMYFUNCTION("""COMPUTED_VALUE"""),"RUN-FLMP_2022-01-18_RFR-065") -> RUN-FLMP_2022-01-18_RFR-065 | D49: =IFERROR(__xludf.DUMMYFUNCTION("""COMPUTED_VALUE"""),44579.0) -> 44579 | E49: =IFERROR(__xludf.DUMMYFUNCTION("""COMPUTED_VALUE"""),44578.0) -> 44578 | F49: =IFERROR(__xludf.DUMMYFUNCTION("""COMPUTED_VALUE"""),0.5933449074072996) -> 0.59334491 | G49: =IFERROR(__xludf.DUMMYFUNCTION("""COMPUTED_VALUE"""),"Positive") -> Positive | H49: =IFERROR(VLOOKUP($B50,'Pos and Incl IMPORT'!$B$2:$X109,4,FALSE),IFERROR(0/0,"")) -> SpFLMP342787 | K49: =IFERROR(VLOOKUP($B49,'Pos and Incl IMPORT'!$B$2:$P109,7,FALSE),IFERROR(0/0,"")) -> Positive | L49: =IFERROR(VLOOKUP($B49,'Pos and Incl IMPORT'!$B$2:$P109,11,FALSE),IFERROR(0/0,"")) | M49: =IFERROR(VLOOKUP($B49,'Pos and Incl IMPORT'!$B$2:$P109,12,FALSE),IFERROR(0/0,"")) | N49: =IFERROR(VLOOKUP($B49,'Pos and Incl IMPORT'!$B$2:$P109,13,FALSE),IFERROR(0/0,"")) | O49: =IFERROR(VLOOKUP($B49,'Pos and Incl IMPORT'!$B$2:$P109,14,FALSE),IFERROR(0/0,"")) -> 1 | P49: =IFERROR(VLOOKUP($B49,'Pos and Incl IMPORT'!$B$2:$P109,15,FALSE),IFERROR(0/0,"")) -> 1072 | Q49: =IFERROR(VLOOKUP($B49,'Pos and Incl IMPORT'!$B$2:$S109,16,FALSE),IFERROR(0/0,"")) -> FLMP676985 | R49: =IFERROR(VLOOKUP($B49,'Pos and Incl IMPORT'!$B$2:$S109,17,FALSE),IFERROR(0/0,"")) | S49: =IFERROR(VLOOKUP($B49,'Pos and Incl IMPORT'!$B$2:$S109,18,FALSE),IFERROR(0/0,"")) | T49: =IFERROR(VLOOKUP($B49,'Pos and Incl IMPORT'!$B$2:$S109,19,FALSE),IFERROR(0/0,"")) | U49: =IF(ISBLANK(Q49),IFERROR(0/0,""),COUNTIF(Q$2:T156,Q49)) -> 2
B50: =IFERROR(__xludf.DUMMYFUNCTION("""COMPUTED_VALUE"""),"FLE251") -> FLE251 | C50: =IFERROR(__xludf.DUMMYFUNCTION("""COMPUTED_VALUE"""),"RUN-FLMP_2022-01-18_RFR-065") -> RUN-FLMP_2022-01-18_RFR-065 | D50: =IFERROR(__xludf.DUMMYFUNCTION("""COMPUTED_VALUE"""),44579.0) -> 44579 | E50: =IFERROR(__xludf.DUMMYFUNCTION("""COMPUTED_VALUE"""),44578.0) -> 44578 | F50: =IFERROR(__xludf.DUMMYFUNCTION("""COMPUTED_VALUE"""),0.594027777777228) -> 0.59402778 | G50: =IFERROR(__xludf.DUMMYFUNCTION("""COMPUTED_VALUE"""),"Positive") -> Positive | H50: =IFERROR(VLOOKUP($B51,'Pos and Incl IMPORT'!$B$2:$X109,4,FALSE),IFERROR(0/0,"")) -> SpFLMP939619 | K50: =IFERROR(VLOOKUP($B50,'Pos and Incl IMPORT'!$B$2:$P109,7,FALSE),IFERROR(0/0,"")) -> Positive | L50: =IFERROR(VLOOKUP($B50,'Pos and Incl IMPORT'!$B$2:$P109,11,FALSE),IFERROR(0/0,"")) | M50: =IFERROR(VLOOKUP($B50,'Pos and Incl IMPORT'!$B$2:$P109,12,FALSE),IFERROR(0/0,"")) | N50: =IFERROR(VLOOKUP($B50,'Pos and Incl IMPORT'!$B$2:$P109,13,FALSE),IFERROR(0/0,"")) | O50: =IFERROR(VLOOKUP($B50,'Pos and Incl IMPORT'!$B$2:$P109,14,FALSE),IFERROR(0/0,"")) -> 1 | P50: =IFERROR(VLOOKUP($B50,'Pos and Incl IMPORT'!$B$2:$P109,15,FALSE),IFERROR(0/0,"")) -> 1077 | Q50: =IFERROR(VLOOKUP($B50,'Pos and Incl IMPORT'!$B$2:$S109,16,FALSE),IFERROR(0/0,"")) -> FLMP365997 | R50: =IFERROR(VLOOKUP($B50,'Pos and Incl IMPORT'!$B$2:$S109,17,FALSE),IFERROR(0/0,"")) | S50: =IFERROR(VLOOKUP($B50,'Pos and Incl IMPORT'!$B$2:$S109,18,FALSE),IFERROR(0/0,"")) | T50: =IFERROR(VLOOKUP($B50,'Pos and Incl IMPORT'!$B$2:$S109,19,FALSE),IFERROR(0/0,"")) | U50: =IF(ISBLANK(Q50),IFERROR(0/0,""),COUNTIF(Q$2:T157,Q50)) -> 2
B51: =IFERROR(__xludf.DUMMYFUNCTION("""COMPUTED_VALUE"""),"FLB5792") -> FLB5792 | C51: =IFERROR(__xludf.DUMMYFUNCTION("""COMPUTED_VALUE"""),"RUN-FLMP_2022-02-14_RFR-088") -> RUN-FLMP_2022-02-14_RFR-088 | D51: =IFERROR(__xludf.DUMMYFUNCTION("""COMPUTED_VALUE"""),44606.0) -> 44606 | E51: =IFERROR(__xludf.DUMMYFUNCTION("""COMPUTED_VALUE"""),44606.0) -> 44606 | F51: =IFERROR(__xludf.DUMMYFUNCTION("""COMPUTED_VALUE"""),0.3314699074071541) -> 0.33146991 | G51: =IFERROR(__xludf.DUMMYFUNCTION("""COMPUTED_VALUE"""),"Inconclusive") -> Inconclusive | H51: =IFERROR(VLOOKUP($B52,'Pos and Incl IMPORT'!$B$2:$X109,4,FALSE),IFERROR(0/0,"")) -> SpFLMP268514 | K51: =IFERROR(VLOOKUP($B51,'Pos and Incl IMPORT'!$B$2:$P109,7,FALSE),IFERROR(0/0,"")) -> Inconclusive | L51: =IFERROR(VLOOKUP($B51,'Pos and Incl IMPORT'!$B$2:$P109,11,FALSE),IFERROR(0/0,"")) | M51: =IFERROR(VLOOKUP($B51,'Pos and Incl IMPORT'!$B$2:$P109,12,FALSE),IFERROR(0/0,"")) | N51: =IFERROR(VLOOKUP($B51,'Pos and Incl IMPORT'!$B$2:$P109,13,FALSE),IFERROR(0/0,"")) | O51: =IFERROR(VLOOKUP($B51,'Pos and Incl IMPORT'!$B$2:$P109,14,FALSE),IFERROR(0/0,"")) -> 1 | P51: =IFERROR(VLOOKUP($B51,'Pos and Incl IMPORT'!$B$2:$P109,15,FALSE),IFERROR(0/0,"")) -> 1678 | Q51: =IFERROR(VLOOKUP($B51,'Pos and Incl IMPORT'!$B$2:$S109,16,FALSE),IFERROR(0/0,"")) -> FLMP987142 | R51: =IFERROR(VLOOKUP($B51,'Pos and Incl IMPORT'!$B$2:$S109,17,FALSE),IFERROR(0/0,"")) | S51: =IFERROR(VLOOKUP($B51,'Pos and Incl IMPORT'!$B$2:$S109,18,FALSE),IFERROR(0/0,"")) | T51: =IFERROR(VLOOKUP($B51,'Pos and Incl IMPORT'!$B$2:$S109,19,FALSE),IFERROR(0/0,"")) | U51: =IF(ISBLANK(Q51),IFERROR(0/0,""),COUNTIF(Q$2:T158,Q51)) -> 2
B52: =IFERROR(__xludf.DUMMYFUNCTION("""COMPUTED_VALUE"""),"AG721") -> AG721 | C52: =IFERROR(__xludf.DUMMYFUNCTION("""COMPUTED_VALUE"""),"RUN-FLMP_2022-05-02_RFR-122") -> RUN-FLMP_2022-05-02_RFR-122 | D52: =IFERROR(__xludf.DUMMYFUNCTION("""COMPUTED_VALUE"""),44683.0) -> 44683 | E52: =IFERROR(__xludf.DUMMYFUNCTION("""COMPUTED_VALUE"""),44683.0) -> 44683 | F52: =IFERROR(__xludf.DUMMYFUNCTION("""COMPUTED_VALUE"""),0.28214120370466844) -> 0.2821412 | G52: =IFERROR(__xludf.DUMMYFUNCTION("""COMPUTED_VALUE"""),"Positive") -> Positive | H52: =IFERROR(VLOOKUP($B53,'Pos and Incl IMPORT'!$B$2:$X109,4,FALSE),IFERROR(0/0,"")) -> SpFLMP659315 | K52: =IFERROR(VLOOKUP($B52,'Pos and Incl IMPORT'!$B$2:$P109,7,FALSE),IFERROR(0/0,"")) -> Positive | L52: =IFERROR(VLOOKUP($B52,'Pos and Incl IMPORT'!$B$2:$P109,11,FALSE),IFERROR(0/0,"")) | M52: =IFERROR(VLOOKUP($B52,'Pos and Incl IMPORT'!$B$2:$P109,12,FALSE),IFERROR(0/0,"")) | N52: =IFERROR(VLOOKUP($B52,'Pos and Incl IMPORT'!$B$2:$P109,13,FALSE),IFERROR(0/0,"")) | O52: =IFERROR(VLOOKUP($B52,'Pos and Incl IMPORT'!$B$2:$P109,14,FALSE),IFERROR(0/0,"")) -> 4 | P52: =IFERROR(VLOOKUP($B52,'Pos and Incl IMPORT'!$B$2:$P109,15,FALSE),IFERROR(0/0,"")) -> 2683 | Q52: =IFERROR(VLOOKUP($B52,'Pos and Incl IMPORT'!$B$2:$S109,16,FALSE),IFERROR(0/0,"")) -> FLMP472803 | R52: =IFERROR(VLOOKUP($B52,'Pos and Incl IMPORT'!$B$2:$S109,17,FALSE),IFERROR(0/0,"")) -> FLMP687722 | S52: =IFERROR(VLOOKUP($B52,'Pos and Incl IMPORT'!$B$2:$S109,18,FALSE),IFERROR(0/0,"")) -> FLMP464138 | T52: =IFERROR(VLOOKUP($B52,'Pos and Incl IMPORT'!$B$2:$S109,19,FALSE),IFERROR(0/0,"")) | U52: =IF(ISBLANK(Q52),IFERROR(0/0,""),COUNTIF(Q$2:T159,Q52)) -> 1
B53: =IFERROR(__xludf.DUMMYFUNCTION("""COMPUTED_VALUE"""),"MA108") -> MA108 | C53: =IFERROR(__xludf.DUMMYFUNCTION("""COMPUTED_VALUE"""),"RUN-FLMP_2022-05-02_RFR-124") -> RUN-FLMP_2022-05-02_RFR-124 | D53: =IFERROR(__xludf.DUMMYFUNCTION("""COMPUTED_VALUE"""),44683.0) -> 44683 | E53: =IFERROR(__xludf.DUMMYFUNCTION("""COMPUTED_VALUE"""),44683.0) -> 44683 | F53: =IFERROR(__xludf.DUMMYFUNCTION("""COMPUTED_VALUE"""),0.5416666666678793) -> 0.54166667 | G53: =IFERROR(__xludf.DUMMYFUNCTION("""COMPUTED_VALUE"""),"Positive") -> Positive | H53: =IFERROR(VLOOKUP($B54,'Pos and Incl IMPORT'!$B$2:$X109,4,FALSE),IFERROR(0/0,"")) -> SpFLMP596479 | K53: =IFERROR(VLOOKUP($B53,'Pos and Incl IMPORT'!$B$2:$P109,7,FALSE),IFERROR(0/0,"")) -> Positive | L53: =IFERROR(VLOOKUP($B53,'Pos and Incl IMPORT'!$B$2:$P109,11,FALSE),IFERROR(0/0,"")) | M53: =IFERROR(VLOOKUP($B53,'Pos and Incl IMPORT'!$B$2:$P109,12,FALSE),IFERROR(0/0,"")) | N53: =IFERROR(VLOOKUP($B53,'Pos and Incl IMPORT'!$B$2:$P109,13,FALSE),IFERROR(0/0,"")) | O53: =IFERROR(VLOOKUP($B53,'Pos and Incl IMPORT'!$B$2:$P109,14,FALSE),IFERROR(0/0,"")) -> 1 | P53: =IFERROR(VLOOKUP($B53,'Pos and Incl IMPORT'!$B$2:$P109,15,FALSE),IFERROR(0/0,"")) -> 2732 | Q53: =IFERROR(VLOOKUP($B53,'Pos and Incl IMPORT'!$B$2:$S109,16,FALSE),IFERROR(0/0,"")) -> FLMP687722 | R53: =IFERROR(VLOOKUP($B53,'Pos and Incl IMPORT'!$B$2:$S109,17,FALSE),IFERROR(0/0,"")) | S53: =IFERROR(VLOOKUP($B53,'Pos and Incl IMPORT'!$B$2:$S109,18,FALSE),IFERROR(0/0,"")) | T53: =IFERROR(VLOOKUP($B53,'Pos and Incl IMPORT'!$B$2:$S109,19,FALSE),IFERROR(0/0,"")) | U53: =IF(ISBLANK(Q53),IFERROR(0/0,""),COUNTIF(Q$2:T160,Q53)) -> 2
B54: =IFERROR(__xludf.DUMMYFUNCTION("""COMPUTED_VALUE"""),"AJ6912") -> AJ6912 | C54: =IFERROR(__xludf.DUMMYFUNCTION("""COMPUTED_VALUE"""),"RUN-FLMP_2022-05-09_RFR-128") -> RUN-FLMP_2022-05-09_RFR-128 | D54: =IFERROR(__xludf.DUMMYFUNCTION("""COMPUTED_VALUE"""),44690.0) -> 44690 | E54: =IFERROR(__xludf.DUMMYFUNCTION("""COMPUTED_VALUE"""),44689.0) -> 44689 | F54: =IFERROR(__xludf.DUMMYFUNCTION("""COMPUTED_VALUE"""),0.7787152777782467) -> 0.77871528 | G54: =IFERROR(__xludf.DUMMYFUNCTION("""COMPUTED_VALUE"""),"Inconclusive") -> Inconclusive | H54: =IFERROR(VLOOKUP($B55,'Pos and Incl IMPORT'!$B$2:$X109,4,FALSE),IFERROR(0/0,"")) -> SpFLMP965392 | K54: =IFERROR(VLOOKUP($B54,'Pos and Incl IMPORT'!$B$2:$P109,7,FALSE),IFERROR(0/0,"")) -> Inconclusive | L54: =IFERROR(VLOOKUP($B54,'Pos and Incl IMPORT'!$B$2:$P109,11,FALSE),IFERROR(0/0,"")) | M54: =IFERROR(VLOOKUP($B54,'Pos and Incl IMPORT'!$B$2:$P109,12,FALSE),IFERROR(0/0,"")) | N54: =IFERROR(VLOOKUP($B54,'Pos and Incl IMPORT'!$B$2:$P109,13,FALSE),IFERROR(0/0,"")) | O54: =IFERROR(VLOOKUP($B54,'Pos and Incl IMPORT'!$B$2:$P109,14,FALSE),IFERROR(0/0,"")) -> 3 | P54: =IFERROR(VLOOKUP($B54,'Pos and Incl IMPORT'!$B$2:$P109,15,FALSE),IFERROR(0/0,"")) -> 2787 | Q54: =IFERROR(VLOOKUP($B54,'Pos and Incl IMPORT'!$B$2:$S109,16,FALSE),IFERROR(0/0,"")) -> FLMP552537 | R54: =IFERROR(VLOOKUP($B54,'Pos and Incl IMPORT'!$B$2:$S109,17,FALSE),IFERROR(0/0,"")) -> FLMP254321 | S54: =IFERROR(VLOOKUP($B54,'Pos and Incl IMPORT'!$B$2:$S109,18,FALSE),IFERROR(0/0,"")) -> FLMP705416 | T54: =IFERROR(VLOOKUP($B54,'Pos and Incl IMPORT'!$B$2:$S109,19,FALSE),IFERROR(0/0,"")) | U54: =IF(ISBLANK(Q54),IFERROR(0/0,""),COUNTIF(Q$2:T161,Q54)) -> 2
B55: =IFERROR(__xludf.DUMMYFUNCTION("""COMPUTED_VALUE"""),"AJ8958") -> AJ8958 | C55: =IFERROR(__xludf.DUMMYFUNCTION("""COMPUTED_VALUE"""),"RUN-FLMP_2022-05-09_RFR-128") -> RUN-FLMP_2022-05-09_RFR-128 | D55: =IFERROR(__xludf.DUMMYFUNCTION("""COMPUTED_VALUE"""),44690.0) -> 44690 | E55: =IFERROR(__xludf.DUMMYFUNCTION("""COMPUTED_VALUE"""),44690.0) -> 44690 | F55: =IFERROR(__xludf.DUMMYFUNCTION("""COMPUTED_VALUE"""),0.33171296296131914) -> 0.33171296 | G55: =IFERROR(__xludf.DUMMYFUNCTION("""COMPUTED_VALUE"""),"Positive") -> Positive | H55: =IFERROR(VLOOKUP($B56,'Pos and Incl IMPORT'!$B$2:$X109,4,FALSE),IFERROR(0/0,"")) -> SpFLMP170622 | K55: =IFERROR(VLOOKUP($B55,'Pos and Incl IMPORT'!$B$2:$P109,7,FALSE),IFERROR(0/0,"")) -> Positive | L55: =IFERROR(VLOOKUP($B55,'Pos and Incl IMPORT'!$B$2:$P109,11,FALSE),IFERROR(0/0,"")) | M55: =IFERROR(VLOOKUP($B55,'Pos and Incl IMPORT'!$B$2:$P109,12,FALSE),IFERROR(0/0,"")) | N55: =IFERROR(VLOOKUP($B55,'Pos and Incl IMPORT'!$B$2:$P109,13,FALSE),IFERROR(0/0,"")) | O55: =IFERROR(VLOOKUP($B55,'Pos and Incl IMPORT'!$B$2:$P109,14,FALSE),IFERROR(0/0,"")) -> 4 | P55: =IFERROR(VLOOKUP($B55,'Pos and Incl IMPORT'!$B$2:$P109,15,FALSE),IFERROR(0/0,"")) -> 2814 | Q55: =IFERROR(VLOOKUP($B55,'Pos and Incl IMPORT'!$B$2:$S109,16,FALSE),IFERROR(0/0,"")) -> FLMP608363 | R55: =IFERROR(VLOOKUP($B55,'Pos and Incl IMPORT'!$B$2:$S109,17,FALSE),IFERROR(0/0,"")) -> FLMP325595 | S55: =IFERROR(VLOOKUP($B55,'Pos and Incl IMPORT'!$B$2:$S109,18,FALSE),IFERROR(0/0,"")) -> FLMP322473 | T55: =IFERROR(VLOOKUP($B55,'Pos and Incl IMPORT'!$B$2:$S109,19,FALSE),IFERROR(0/0,"")) | U55: =IF(ISBLANK(Q55),IFERROR(0/0,""),COUNTIF(Q$2:T162,Q55)) -> 2
B56: =IFERROR(__xludf.DUMMYFUNCTION("""COMPUTED_VALUE"""),"FLE821") -> FLE821 | C56: =IFERROR(__xludf.DUMMYFUNCTION("""COMPUTED_VALUE"""),"RUN-FLMP_2022-05-09_RFR-128") -> RUN-FLMP_2022-05-09_RFR-128 | D56: =IFERROR(__xludf.DUMMYFUNCTION("""COMPUTED_VALUE"""),44690.0) -> 44690 | E56: =IFERROR(__xludf.DUMMYFUNCTION("""COMPUTED_VALUE"""),44690.0) -> 44690 | F56: =IFERROR(__xludf.DUMMYFUNCTION("""COMPUTED_VALUE"""),0.37625000000116415) -> 0.37625 | G56: =IFERROR(__xludf.DUMMYFUNCTION("""COMPUTED_VALUE"""),"Positive") -> Positive | H56: =IFERROR(VLOOKUP($B57,'Pos and Incl IMPORT'!$B$2:$X109,4,FALSE),IFERROR(0/0,"")) -> SpFLMP596479 | K56: =IFERROR(VLOOKUP($B56,'Pos and Incl IMPORT'!$B$2:$P109,7,FALSE),IFERROR(0/0,"")) -> Positive | L56: =IFERROR(VLOOKUP($B56,'Pos and Incl IMPORT'!$B$2:$P109,11,FALSE),IFERROR(0/0,"")) | M56: =IFERROR(VLOOKUP($B56,'Pos and Incl IMPORT'!$B$2:$P109,12,FALSE),IFERROR(0/0,"")) | N56: =IFERROR(VLOOKUP($B56,'Pos and Incl IMPORT'!$B$2:$P109,13,FALSE),IFERROR(0/0,"")) | O56: =IFERROR(VLOOKUP($B56,'Pos and Incl IMPORT'!$B$2:$P109,14,FALSE),IFERROR(0/0,"")) -> 2 | P56: =IFERROR(VLOOKUP($B56,'Pos and Incl IMPORT'!$B$2:$P109,15,FALSE),IFERROR(0/0,"")) -> 2836 | Q56: =IFERROR(VLOOKUP($B56,'Pos and Incl IMPORT'!$B$2:$S109,16,FALSE),IFERROR(0/0,"")) -> FLMP634528 | R56: =IFERROR(VLOOKUP($B56,'Pos and Incl IMPORT'!$B$2:$S109,17,FALSE),IFERROR(0/0,"")) -> FLMP997508 | S56: =IFERROR(VLOOKUP($B56,'Pos and Incl IMPORT'!$B$2:$S109,18,FALSE),IFERROR(0/0,"")) | T56: =IFERROR(VLOOKUP($B56,'Pos and Incl IMPORT'!$B$2:$S109,19,FALSE),IFERROR(0/0,"")) | U56: =IF(ISBLANK(Q56),IFERROR(0/0,""),COUNTIF(Q$2:T163,Q56)) -> 1
B57: =IFERROR(__xludf.DUMMYFUNCTION("""COMPUTED_VALUE"""),"FLE202") -> FLE202 | C57: =IFERROR(__xludf.DUMMYFUNCTION("""COMPUTED_VALUE"""),"RUN-FLMP_2022-05-09_RFR-131") -> RUN-FLMP_2022-05-09_RFR-131 | D57: =IFERROR(__xludf.DUMMYFUNCTION("""COMPUTED_VALUE"""),44690.0) -> 44690 | E57: =IFERROR(__xludf.DUMMYFUNCTION("""COMPUTED_VALUE"""),44690.0) -> 44690 | F57: =IFERROR(__xludf.DUMMYFUNCTION("""COMPUTED_VALUE"""),0.5220833333332848) -> 0.52208333 | G57: =IFERROR(__xludf.DUMMYFUNCTION("""COMPUTED_VALUE"""),"Positive") -> Positive | H57: =IFERROR(VLOOKUP($B58,'Pos and Incl IMPORT'!$B$2:$X109,4,FALSE),IFERROR(0/0,"")) -> SpFLMP965392 | K57: =IFERROR(VLOOKUP($B57,'Pos and Incl IMPORT'!$B$2:$P109,7,FALSE),IFERROR(0/0,"")) -> Positive | L57: =IFERROR(VLOOKUP($B57,'Pos and Incl IMPORT'!$B$2:$P109,11,FALSE),IFERROR(0/0,"")) | M57: =IFERROR(VLOOKUP($B57,'Pos and Incl IMPORT'!$B$2:$P109,12,FALSE),IFERROR(0/0,"")) | N57: =IFERROR(VLOOKUP($B57,'Pos and Incl IMPORT'!$B$2:$P109,13,FALSE),IFERROR(0/0,"")) | O57: =IFERROR(VLOOKUP($B57,'Pos and Incl IMPORT'!$B$2:$P109,14,FALSE),IFERROR(0/0,"")) -> 1 | P57: =IFERROR(VLOOKUP($B57,'Pos and Incl IMPORT'!$B$2:$P109,15,FALSE),IFERROR(0/0,"")) -> 2841 | Q57: =IFERROR(VLOOKUP($B57,'Pos and Incl IMPORT'!$B$2:$S109,16,FALSE),IFERROR(0/0,"")) -> FLMP552537 | R57: =IFERROR(VLOOKUP($B57,'Pos and Incl IMPORT'!$B$2:$S109,17,FALSE),IFERROR(0/0,"")) | S57: =IFERROR(VLOOKUP($B57,'Pos and Incl IMPORT'!$B$2:$S109,18,FALSE),IFERROR(0/0,"")) | T57: =IFERROR(VLOOKUP($B57,'Pos and Incl IMPORT'!$B$2:$S109,19,FALSE),IFERROR(0/0,"")) | U57: =IF(ISBLANK(Q57),IFERROR(0/0,""),COUNTIF(Q$2:T164,Q57)) -> 2
B58: =IFERROR(__xludf.DUMMYFUNCTION("""COMPUTED_VALUE"""),"AH365") -> AH365 | C58: =IFERROR(__xludf.DUMMYFUNCTION("""COMPUTED_VALUE"""),"RUN-FLMP_2022-05-09_RFR-131") -> RUN-FLMP_2022-05-09_RFR-131 | D58: =IFERROR(__xludf.DUMMYFUNCTION("""COMPUTED_VALUE"""),44690.0) -> 44690 | E58: =IFERROR(__xludf.DUMMYFUNCTION("""COMPUTED_VALUE"""),44690.0) -> 44690 | F58: =IFERROR(__xludf.DUMMYFUNCTION("""COMPUTED_VALUE"""),0.5359490740738693) -> 0.53594907 | G58: =IFERROR(__xludf.DUMMYFUNCTION("""COMPUTED_VALUE"""),"Positive") -> Positive | H58: =IFERROR(VLOOKUP($B59,'Pos and Incl IMPORT'!$B$2:$X109,4,FALSE),IFERROR(0/0,"")) -> SpFLMP604497 | K58: =IFERROR(VLOOKUP($B58,'Pos and Incl IMPORT'!$B$2:$P109,7,FALSE),IFERROR(0/0,"")) -> Positive | L58: =IFERROR(VLOOKUP($B58,'Pos and Incl IMPORT'!$B$2:$P109,11,FALSE),IFERROR(0/0,"")) | M58: =IFERROR(VLOOKUP($B58,'Pos and Incl IMPORT'!$B$2:$P109,12,FALSE),IFERROR(0/0,"")) | N58: =IFERROR(VLOOKUP($B58,'Pos and Incl IMPORT'!$B$2:$P109,13,FALSE),IFERROR(0/0,"")) | O58: =IFERROR(VLOOKUP($B58,'Pos and Incl IMPORT'!$B$2:$P109,14,FALSE),IFERROR(0/0,"")) -> 1 | P58: =IFERROR(VLOOKUP($B58,'Pos and Incl IMPORT'!$B$2:$P109,15,FALSE),IFERROR(0/0,"")) -> 2846 | Q58: =IFERROR(VLOOKUP($B58,'Pos and Incl IMPORT'!$B$2:$S109,16,FALSE),IFERROR(0/0,"")) -> FLMP608363 | R58: =IFERROR(VLOOKUP($B58,'Pos and Incl IMPORT'!$B$2:$S109,17,FALSE),IFERROR(0/0,"")) | S58: =IFERROR(VLOOKUP($B58,'Pos and Incl IMPORT'!$B$2:$S109,18,FALSE),IFERROR(0/0,"")) | T58: =IFERROR(VLOOKUP($B58,'Pos and Incl IMPORT'!$B$2:$S109,19,FALSE),IFERROR(0/0,"")) | U58: =IF(ISBLANK(Q58),IFERROR(0/0,""),COUNTIF(Q$2:T165,Q58)) -> 2
B59: =IFERROR(__xludf.DUMMYFUNCTION("""COMPUTED_VALUE"""),"AJ6664") -> AJ6664 | C59: =IFERROR(__xludf.DUMMYFUNCTION("""COMPUTED_VALUE"""),"RUN-FLMP_2022-05-11_RFR-132") -> RUN-FLMP_2022-05-11_RFR-132 | D59: =IFERROR(__xludf.DUMMYFUNCTION("""COMPUTED_VALUE"""),44692.0) -> 44692 | E59: =IFERROR(__xludf.DUMMYFUNCTION("""COMPUTED_VALUE"""),44692.0) -> 44692 | F59: =IFERROR(__xludf.DUMMYFUNCTION("""COMPUTED_VALUE"""),0.3509374999994179) -> 0.3509375 | G59: =IFERROR(__xludf.DUMMYFUNCTION("""COMPUTED_VALUE"""),"Inconclusive") -> Inconclusive | H59: =IFERROR(VLOOKUP($B60,'Pos and Incl IMPORT'!$B$2:$X109,4,FALSE),IFERROR(0/0,"")) -> SpFLMP939619 | K59: =IFERROR(VLOOKUP($B59,'Pos and Incl IMPORT'!$B$2:$P109,7,FALSE),IFERROR(0/0,"")) -> Null | L59: =IFERROR(VLOOKUP($B59,'Pos and Incl IMPORT'!$B$2:$P109,11,FALSE),IFERROR(0/0,"")) -> 4 | M59: =IFERROR(VLOOKUP($B59,'Pos and Incl IMPORT'!$B$2:$P109,12,FALSE),IFERROR(0/0,"")) -> Null called Inconclusive | N59: =IFERROR(VLOOKUP($B59,'Pos and Incl IMPORT'!$B$2:$P109,13,FALSE),IFERROR(0/0,"")) | O59: =IFERROR(VLOOKUP($B59,'Pos and Incl IMPORT'!$B$2:$P109,14,FALSE),IFERROR(0/0,"")) -> 1 | P59: =IFERROR(VLOOKUP($B59,'Pos and Incl IMPORT'!$B$2:$P109,15,FALSE),IFERROR(0/0,"")) -> 2849 | Q59: =IFERROR(VLOOKUP($B59,'Pos and Incl IMPORT'!$B$2:$S109,16,FALSE),IFERROR(0/0,"")) -> FLMP477732 | R59: =IFERROR(VLOOKUP($B59,'Pos and Incl IMPORT'!$B$2:$S109,17,FALSE),IFERROR(0/0,"")) | S59: =IFERROR(VLOOKUP($B59,'Pos and Incl IMPORT'!$B$2:$S109,18,FALSE),IFERROR(0/0,"")) | T59: =IFERROR(VLOOKUP($B59,'Pos and Incl IMPORT'!$B$2:$S109,19,FALSE),IFERROR(0/0,"")) | U59: =IF(ISBLANK(Q59),IFERROR(0/0,""),COUNTIF(Q$2:T166,Q59)) -> 1
B60: =IFERROR(__xludf.DUMMYFUNCTION("""COMPUTED_VALUE"""),"FLB6807") -> FLB6807 | C60: =IFERROR(__xludf.DUMMYFUNCTION("""COMPUTED_VALUE"""),"RUN-FLMP_2022-05-19_RFR-144") -> RUN-FLMP_2022-05-19_RFR-144 | D60: =IFERROR(__xludf.DUMMYFUNCTION("""COMPUTED_VALUE"""),44700.0) -> 44700 | E60: =IFERROR(__xludf.DUMMYFUNCTION("""COMPUTED_VALUE"""),44700.0) -> 44700 | F60: =IFERROR(__xludf.DUMMYFUNCTION("""COMPUTED_VALUE"""),0.32843750000029104) -> 0.3284375 | G60: =IFERROR(__xludf.DUMMYFUNCTION("""COMPUTED_VALUE"""),"Positive") -> Positive | H60: =IFERROR(VLOOKUP($B61,'Pos and Incl IMPORT'!$B$2:$X109,4,FALSE),IFERROR(0/0,"")) -> SpFLMP572444 | K60: =IFERROR(VLOOKUP($B60,'Pos and Incl IMPORT'!$B$2:$P109,7,FALSE),IFERROR(0/0,"")) -> Positive | L60: =IFERROR(VLOOKUP($B60,'Pos and Incl IMPORT'!$B$2:$P109,11,FALSE),IFERROR(0/0,"")) | M60: =IFERROR(VLOOKUP($B60,'Pos and Incl IMPORT'!$B$2:$P109,12,FALSE),IFERROR(0/0,"")) | N60: =IFERROR(VLOOKUP($B60,'Pos and Incl IMPORT'!$B$2:$P109,13,FALSE),IFERROR(0/0,"")) | O60: =IFERROR(VLOOKUP($B60,'Pos and Incl IMPORT'!$B$2:$P109,14,FALSE),IFERROR(0/0,"")) -> 1 | P60: =IFERROR(VLOOKUP($B60,'Pos and Incl IMPORT'!$B$2:$P109,15,FALSE),IFERROR(0/0,"")) -> 2966 | Q60: =IFERROR(VLOOKUP($B60,'Pos and Incl IMPORT'!$B$2:$S109,16,FALSE),IFERROR(0/0,"")) -> FLMP987142 | R60: =IFERROR(VLOOKUP($B60,'Pos and Incl IMPORT'!$B$2:$S109,17,FALSE),IFERROR(0/0,"")) | S60: =IFERROR(VLOOKUP($B60,'Pos and Incl IMPORT'!$B$2:$S109,18,FALSE),IFERROR(0/0,"")) | T60: =IFERROR(VLOOKUP($B60,'Pos and Incl IMPORT'!$B$2:$S109,19,FALSE),IFERROR(0/0,"")) | U60: =IF(ISBLANK(Q60),IFERROR(0/0,""),COUNTIF(Q$2:T167,Q60)) -> 2
B61: =IFERROR(__xludf.DUMMYFUNCTION("""COMPUTED_VALUE"""),"AH408") -> AH408 | C61: =IFERROR(__xludf.DUMMYFUNCTION("""COMPUTED_VALUE"""),"RUN-FLMP_2022-05-23_RFR-146") -> RUN-FLMP_2022-05-23_RFR-146 | D61: =IFERROR(__xludf.DUMMYFUNCTION("""COMPUTED_VALUE"""),44704.0) -> 44704 | E61: =IFERROR(__xludf.DUMMYFUNCTION("""COMPUTED_VALUE"""),44703.0) -> 44703 | F61: =IFERROR(__xludf.DUMMYFUNCTION("""COMPUTED_VALUE"""),0.6963194444433611) -> 0.69631944 | G61: =IFERROR(__xludf.DUMMYFUNCTION("""COMPUTED_VALUE"""),"Positive") -> Positive | H61: =IFERROR(VLOOKUP($B62,'Pos and Incl IMPORT'!$B$2:$X109,4,FALSE),IFERROR(0/0,"")) -> SpFLMP870846 | K61: =IFERROR(VLOOKUP($B61,'Pos and Incl IMPORT'!$B$2:$P109,7,FALSE),IFERROR(0/0,"")) -> Positive | L61: =IFERROR(VLOOKUP($B61,'Pos and Incl IMPORT'!$B$2:$P109,11,FALSE),IFERROR(0/0,"")) | M61: =IFERROR(VLOOKUP($B61,'Pos and Incl IMPORT'!$B$2:$P109,12,FALSE),IFERROR(0/0,"")) | N61: =IFERROR(VLOOKUP($B61,'Pos and Incl IMPORT'!$B$2:$P109,13,FALSE),IFERROR(0/0,"")) | O61: =IFERROR(VLOOKUP($B61,'Pos and Incl IMPORT'!$B$2:$P109,14,FALSE),IFERROR(0/0,"")) -> 3 | P61: =IFERROR(VLOOKUP($B61,'Pos and Incl IMPORT'!$B$2:$P109,15,FALSE),IFERROR(0/0,"")) -> 3006 | Q61: =IFERROR(VLOOKUP($B61,'Pos and Incl IMPORT'!$B$2:$S109,16,FALSE),IFERROR(0/0,"")) -> FLMP502901 | R61: =IFERROR(VLOOKUP($B61,'Pos and Incl IMPORT'!$B$2:$S109,17,FALSE),IFERROR(0/0,"")) -> FLMP458975 | S61: =IFERROR(VLOOKUP($B61,'Pos and Incl IMPORT'!$B$2:$S109,18,FALSE),IFERROR(0/0,"")) -> FLMP787024 | T61: =IFERROR(VLOOKUP($B61,'Pos and Incl IMPORT'!$B$2:$S109,19,FALSE),IFERROR(0/0,"")) | U61: =IF(ISBLANK(Q61),IFERROR(0/0,""),COUNTIF(Q$2:T168,Q61)) -> 1
B62: =IFERROR(__xludf.DUMMYFUNCTION("""COMPUTED_VALUE"""),"AH7754") -> AH7754 | C62: =IFERROR(__xludf.DUMMYFUNCTION("""COMPUTED_VALUE"""),"RUN-FLMP_2022-12-15_APS-136") -> RUN-FLMP_2022-12-15_APS-136 | D62: =IFERROR(__xludf.DUMMYFUNCTION("""COMPUTED_VALUE"""),44910.0) -> 44910 | E62: =IFERROR(__xludf.DUMMYFUNCTION("""COMPUTED_VALUE"""),44910.0) -> 44910 | F62: =IFERROR(__xludf.DUMMYFUNCTION("""COMPUTED_VALUE"""),0.35001157407532446) -> 0.35001157 | G62: =IFERROR(__xludf.DUMMYFUNCTION("""COMPUTED_VALUE"""),"Positive") -> Positive | H62: =IFERROR(VLOOKUP($B63,'Pos and Incl IMPORT'!$B$2:$X109,4,FALSE),IFERROR(0/0,"")) | K62: =IFERROR(VLOOKUP($B62,'Pos and Incl IMPORT'!$B$2:$P109,7,FALSE),IFERROR(0/0,"")) -> Null | L62: =IFERROR(VLOOKUP($B62,'Pos and Incl IMPORT'!$B$2:$P109,11,FALSE),IFERROR(0/0,"")) -> 3 | M62: =IFERROR(VLOOKUP($B62,'Pos and Incl IMPORT'!$B$2:$P109,12,FALSE),IFERROR(0/0,"")) -> RT Dec25 - from memory that they had a positive pool which led to the Lucira and Antigen referral test right after at 10am (see RTR) | N62: =IFERROR(VLOOKUP($B62,'Pos and Incl IMPORT'!$B$2:$P109,13,FALSE),IFERROR(0/0,"")) | O62: =IFERROR(VLOOKUP($B62,'Pos and Incl IMPORT'!$B$2:$P109,14,FALSE),IFERROR(0/0,"")) -> 2 | P62: =IFERROR(VLOOKUP($B62,'Pos and Incl IMPORT'!$B$2:$P109,15,FALSE),IFERROR(0/0,"")) -> 3363 | Q62: =IFERROR(VLOOKUP($B62,'Pos and Incl IMPORT'!$B$2:$S109,16,FALSE),IFERROR(0/0,"")) -> FLMP183184 | R62: =IFERROR(VLOOKUP($B62,'Pos and Incl IMPORT'!$B$2:$S109,17,FALSE),IFERROR(0/0,"")) -> FLMP618864 | S62: =IFERROR(VLOOKUP($B62,'Pos and Incl IMPORT'!$B$2:$S109,18,FALSE),IFERROR(0/0,"")) | T62: =IFERROR(VLOOKUP($B62,'Pos and Incl IMPORT'!$B$2:$S109,19,FALSE),IFERROR(0/0,"")) | U62: =IF(ISBLANK(Q62),IFERROR(0/0,""),COUNTIF(Q$2:T169,Q62)) -> 1

Sheet Pos and Incl IMPORT
A1: IMPORTS >> URL link below | B1: =IFERROR(__xludf.DUMMYFUNCTION("IMPORTRANGE(A2,""Pos and Incl!A:S"")"),"TUBE ID") -> TUBE ID | C1: =IFERROR(__xludf.DUMMYFUNCTION("""COMPUTED_VALUE"""),"COLLECTION DATE") -> COLLECTION DATE | D1: =IFERROR(__xludf.DUMMYFUNCTION("""COMPUTED_VALUE"""),"COLLECTION TIME") -> COLLECTION TIME | E1: =IFERROR(__xludf.DUMMYFUNCTION("""COMPUTED_VALUE"""),"SPONSOR PERSON ID") -> SPONSOR PERSON ID | F1: =IFERROR(__xludf.DUMMYFUNCTION("""COMPUTED_VALUE"""),"SPONSOR FIRSTNAME") -> SPONSOR FIRSTNAME | G1: =IFERROR(__xludf.DUMMYFUNCTION("""COMPUTED_VALUE"""),"SPONSOR LASTNAME") -> SPONSOR LASTNAME | H1: =IFERROR(__xludf.DUMMYFUNCTION("""COMPUTED_VALUE"""),"APP RESULT") -> APP RESULT | I1: =IFERROR(__xludf.DUMMYFUNCTION("""COMPUTED_VALUE"""),"FINAL RESULT") -> FINAL RESULT | J1: =IFERROR(__xludf.DUMMYFUNCTION("""COMPUTED_VALUE"""),"RESULT DATE") -> RESULT DATE | K1: =IFERROR(__xludf.DUMMYFUNCTION("""COMPUTED_VALUE"""),"RESULT TIME") -> RESULT TIME | L1: =IFERROR(__xludf.DUMMYFUNCTION("""COMPUTED_VALUE"""),"Result Correct Code") -> Result Correct Code | M1: =IFERROR(__xludf.DUMMYFUNCTION("""COMPUTED_VALUE"""),"Correction Notes") -> Correction Notes | N1: =IFERROR(__xludf.DUMMYFUNCTION("""COMPUTED_VALUE"""),"NOTE") -> NOTE | O1: =IFERROR(__xludf.DUMMYFUNCTION("""COMPUTED_VALUE"""),"NUM SAMPLES (Pool Level)") -> NUM SAMPLES (Pool Level) | P1: =IFERROR(__xludf.DUMMYFUNCTION("""COMPUTED_VALUE"""),"Match Row in APS Data PHI - postDEL") -> Match Row in APS Data PHI - postDEL | Q1: =IFERROR(__xludf.DUMMYFUNCTION("""COMPUTED_VALUE"""),"Sample Person1") -> Sample Person1 | R1: =IFERROR(__xludf.DUMMYFUNCTION("""COMPUTED_VALUE"""),"Sample Person2") -> Sample Person2 | S1: =IFERROR(__xludf.DUMMYFUNCTION("""COMPUTED_VALUE"""),"Sample Person3") -> Sample Person3 | T1: =IFERROR(__xludf.DUMMYFUNCTION("""COMPUTED_VALUE"""),"Sample Person4") -> Sample Person4 | U1: Indiv or Pool?
A2: FLMP_APS_deID_PUB | B2: =IFERROR(__xludf.DUMMYFUNCTION("""COMPUTED_VALUE"""),"351430") -> 351430 | C2: =IFERROR(__xludf.DUMMYFUNCTION("""COMPUTED_VALUE"""),44211.0) -> 44211 | D2: =IFERROR(__xludf.DUMMYFUNCTION("""COMPUTED_VALUE"""),0.3252777777777778) -> 0.32527778 | E2: =IFERROR(__xludf.DUMMYFUNCTION("""COMPUTED_VALUE"""),"SpFLMP294811") -> SpFLMP294811 | H2: =IFERROR(__xludf.DUMMYFUNCTION("""COMPUTED_VALUE"""),"Null") -> Null | I2: =IFERROR(__xludf.DUMMYFUNCTION("""COMPUTED_VALUE"""),"Positive") -> Positive | L2: =IFERROR(__xludf.DUMMYFUNCTION("""COMPUTED_VALUE"""),3.0) -> 3 | M2: =IFERROR(__xludf.DUMMYFUNCTION("""COMPUTED_VALUE"""),"Null called Positive - Sponsor communicated identity of other person in pool on day of, see RTR") -> Null called Positive - Sponsor communicated identity of other person in pool on day of, see RTR | O2: =IFERROR(__xludf.DUMMYFUNCTION("""COMPUTED_VALUE"""),2.0) -> 2 | P2: =IFERROR(__xludf.DUMMYFUNCTION("""COMPUTED_VALUE"""),42.0) -> 42 | Q2: =IFERROR(__xludf.DUMMYFUNCTION("""COMPUTED_VALUE"""),"FLMP466389") -> FLMP466389 | R2: =IFERROR(__xludf.DUMMYFUNCTION("""COMPUTED_VALUE"""),"FLMP197976") -> FLMP197976 | U2: =IF(COUNTA(Q2:T2)=1,"INDIV","POOL") -> POOL
B3: =IFERROR(__xludf.DUMMYFUNCTION("""COMPUTED_VALUE"""),"351430B") -> 351430B | C3: =IFERROR(__xludf.DUMMYFUNCTION("""COMPUTED_VALUE"""),44211.0) -> 44211 | D3: =IFERROR(__xludf.DUMMYFUNCTION("""COMPUTED_VALUE"""),0.6666666666666666) -> 0.66666667 | E3: =IFERROR(__xludf.DUMMYFUNCTION("""COMPUTED_VALUE"""),"SpFLMP659315") -> SpFLMP659315 | I3: =IFERROR(__xludf.DUMMYFUNCTION("""COMPUTED_VALUE"""),"Positive") -> Positive | L3: =IFERROR(__xludf.DUMMYFUNCTION("""COMPUTED_VALUE"""),5.0) -> 5 | M3: =IFERROR(__xludf.DUMMYFUNCTION("""COMPUTED_VALUE"""),"Resample for deconv not collected in App, info on samples is in 1-15-22 Run File") -> Resample for deconv not collected in App, info on samples is in 1-15-22 Run File | O3: =IFERROR(__xludf.DUMMYFUNCTION("""COMPUTED_VALUE"""),1.0) -> 1 | P3: =IFERROR(__xludf.DUMMYFUNCTION("""COMPUTED_VALUE"""),51.0) -> 51 | Q3: =IFERROR(__xludf.DUMMYFUNCTION("""COMPUTED_VALUE"""),"FLMP466389") -> FLMP466389 | U3: =IF(COUNTA(Q3:T3)=1,"INDIV","POOL") -> INDIV
B4: =IFERROR(__xludf.DUMMYFUNCTION("""COMPUTED_VALUE"""),"351430D") -> 351430D | C4: =IFERROR(__xludf.DUMMYFUNCTION("""COMPUTED_VALUE"""),44211.0) -> 44211 | D4: =IFERROR(__xludf.DUMMYFUNCTION("""COMPUTED_VALUE"""),0.6666666666666666) -> 0.66666667 | E4: =IFERROR(__xludf.DUMMYFUNCTION("""COMPUTED_VALUE"""),"SpFLMP659315") -> SpFLMP659315 | I4: =IFERROR(__xludf.DUMMYFUNCTION("""COMPUTED_VALUE"""),"Positive") -> Positive | L4: =IFERROR(__xludf.DUMMYFUNCTION("""COMPUTED_VALUE"""),5.0) -> 5 | M4: =IFERROR(__xludf.DUMMYFUNCTION("""COMPUTED_VALUE"""),"Saliva only run on PCR, Resample for deconv not collected in App, info on samples is in 1-15-22 Run File") -> Saliva only run on PCR, Resample for deconv not collected in App, info on samples is in 1-15-22 Run File | O4: =IFERROR(__xludf.DUMMYFUNCTION("""COMPUTED_VALUE"""),1.0) -> 1 | P4: =IFERROR(__xludf.DUMMYFUNCTION("""COMPUTED_VALUE"""),53.0) -> 53 | Q4: =IFERROR(__xludf.DUMMYFUNCTION("""COMPUTED_VALUE"""),"FLMP466389") -> FLMP466389 | U4: =IF(COUNTA(Q4:T4)=1,"INDIV","POOL") -> INDIV
B5: =IFERROR(__xludf.DUMMYFUNCTION("""COMPUTED_VALUE"""),"MA1463") -> MA1463 | C5: =IFERROR(__xludf.DUMMYFUNCTION("""COMPUTED_VALUE"""),44548.0) -> 44548 | D5: =IFERROR(__xludf.DUMMYFUNCTION("""COMPUTED_VALUE"""),0.29943287037037036) -> 0.29943287 | E5: =IFERROR(__xludf.DUMMYFUNCTION("""COMPUTED_VALUE"""),"SpFLMP659315") -> SpFLMP659315 | H5: =IFERROR(__xludf.DUMMYFUNCTION("""COMPUTED_VALUE"""),"Positive") -> Positive | I5: =IFERROR(__xludf.DUMMYFUNCTION("""COMPUTED_VALUE"""),"Positive") -> Positive | J5: =IFERROR(__xludf.DUMMYFUNCTION("""COMPUTED_VALUE"""),44548.0) -> 44548 | K5: =IFERROR(__xludf.DUMMYFUNCTION("""COMPUTED_VALUE"""),0.39408564814814817) -> 0.39408565 | O5: =IFERROR(__xludf.DUMMYFUNCTION("""COMPUTED_VALUE"""),2.0) -> 2 | P5: =IFERROR(__xludf.DUMMYFUNCTION("""COMPUTED_VALUE"""),614.0) -> 614 | Q5: =IFERROR(__xludf.DUMMYFUNCTION("""COMPUTED_VALUE"""),"FLMP634407") -> FLMP634407 | R5: =IFERROR(__xludf.DUMMYFUNCTION("""COMPUTED_VALUE"""),"FLMP619442") -> FLMP619442 | U5: =IF(COUNTA(Q5:T5)=1,"INDIV","POOL") -> POOL
B6: =IFERROR(__xludf.DUMMYFUNCTION("""COMPUTED_VALUE"""),"MA1215") -> MA1215 | C6: =IFERROR(__xludf.DUMMYFUNCTION("""COMPUTED_VALUE"""),44548.0) -> 44548 | D6: =IFERROR(__xludf.DUMMYFUNCTION("""COMPUTED_VALUE"""),0.3919097222222222) -> 0.39190972 | E6: =IFERROR(__xludf.DUMMYFUNCTION("""COMPUTED_VALUE"""),"SpFLMP659315") -> SpFLMP659315 | H6: =IFERROR(__xludf.DUMMYFUNCTION("""COMPUTED_VALUE"""),"Positive") -> Positive | I6: =IFERROR(__xludf.DUMMYFUNCTION("""COMPUTED_VALUE"""),"Positive") -> Positive | J6: =IFERROR(__xludf.DUMMYFUNCTION("""COMPUTED_VALUE"""),44549.0) -> 44549 | K6: =IFERROR(__xludf.DUMMYFUNCTION("""COMPUTED_VALUE"""),0.3618865740740741) -> 0.36188657 | M6: =IFERROR(__xludf.DUMMYFUNCTION("""COMPUTED_VALUE"""),"name email fix") -> name email fix | O6: =IFERROR(__xludf.DUMMYFUNCTION("""COMPUTED_VALUE"""),1.0) -> 1 | P6: =IFERROR(__xludf.DUMMYFUNCTION("""COMPUTED_VALUE"""),618.0) -> 618 | Q6: =IFERROR(__xludf.DUMMYFUNCTION("""COMPUTED_VALUE"""),"FLMP619442") -> FLMP619442 | U6: =IF(COUNTA(Q6:T6)=1,"INDIV","POOL") -> INDIV
B7: =IFERROR(__xludf.DUMMYFUNCTION("""COMPUTED_VALUE"""),"FLM276") -> FLM276 | C7: =IFERROR(__xludf.DUMMYFUNCTION("""COMPUTED_VALUE"""),44552.0) -> 44552 | D7: =IFERROR(__xludf.DUMMYFUNCTION("""COMPUTED_VALUE"""),0.7594791666666667) -> 0.75947917 | E7: =IFERROR(__xludf.DUMMYFUNCTION("""COMPUTED_VALUE"""),"SpFLMP659315") -> SpFLMP659315 | H7: =IFERROR(__xludf.DUMMYFUNCTION("""COMPUTED_VALUE"""),"Positive") -> Positive | I7: =IFERROR(__xludf.DUMMYFUNCTION("""COMPUTED_VALUE"""),"Positive") -> Positive | J7: =IFERROR(__xludf.DUMMYFUNCTION("""COMPUTED_VALUE"""),44552.0) -> 44552 | K7: =IFERROR(__xludf.DUMMYFUNCTION("""COMPUTED_VALUE"""),0.7982060185185185) -> 0.79820602 | M7: =IFERROR(__xludf.DUMMYFUNCTION("""COMPUTED_VALUE"""),"name email fix") -> name email fix | O7: =IFERROR(__xludf.DUMMYFUNCTION("""COMPUTED_VALUE"""),1.0) -> 1 | P7: =IFERROR(__xludf.DUMMYFUNCTION("""COMPUTED_VALUE"""),646.0) -> 646 | Q7: =IFERROR(__xludf.DUMMYFUNCTION("""COMPUTED_VALUE"""),"FLMP619442") -> FLMP619442 | U7: =IF(COUNTA(Q7:T7)=1,"INDIV","POOL") -> INDIV
B8: =IFERROR(__xludf.DUMMYFUNCTION("""COMPUTED_VALUE"""),"MA1362") -> MA1362 | C8: =IFERROR(__xludf.DUMMYFUNCTION("""COMPUTED_VALUE"""),44553.0) -> 44553 | D8: =IFERROR(__xludf.DUMMYFUNCTION("""COMPUTED_VALUE"""),0.37064814814814817) -> 0.37064815 | E8: =IFERROR(__xludf.DUMMYFUNCTION("""COMPUTED_VALUE"""),"SpFLMP659315") -> SpFLMP659315 | H8: =IFERROR(__xludf.DUMMYFUNCTION("""COMPUTED_VALUE"""),"Positive") -> Positive | I8: =IFERROR(__xludf.DUMMYFUNCTION("""COMPUTED_VALUE"""),"Positive") -> Positive | J8: =IFERROR(__xludf.DUMMYFUNCTION("""COMPUTED_VALUE"""),44553.0) -> 44553 | K8: =IFERROR(__xludf.DUMMYFUNCTION("""COMPUTED_VALUE"""),0.6457291666666667) -> 0.64572917 | M8: =IFERROR(__xludf.DUMMYFUNCTION("""COMPUTED_VALUE"""),"name email fix") -> name email fix | O8: =IFERROR(__xludf.DUMMYFUNCTION("""COMPUTED_VALUE"""),1.0) -> 1 | P8: =IFERROR(__xludf.DUMMYFUNCTION("""COMPUTED_VALUE"""),650.0) -> 650 | Q8: =IFERROR(__xludf.DUMMYFUNCTION("""COMPUTED_VALUE"""),"FLMP619442") -> FLMP619442 | U8: =IF(COUNTA(Q8:T8)=1,"INDIV","POOL") -> INDIV
B9: =IFERROR(__xludf.DUMMYFUNCTION("""COMPUTED_VALUE"""),"MA1325") -> MA1325 | C9: =IFERROR(__xludf.DUMMYFUNCTION("""COMPUTED_VALUE"""),44554.0) -> 44554 | D9: =IFERROR(__xludf.DUMMYFUNCTION("""COMPUTED_VALUE"""),0.3094212962962963) -> 0.3094213 | E9: =IFERROR(__xludf.DUMMYFUNCTION("""COMPUTED_VALUE"""),"SpFLMP659315") -> SpFLMP659315 | H9: =IFERROR(__xludf.DUMMYFUNCTION("""COMPUTED_VALUE"""),"Positive") -> Positive | I9: =IFERROR(__xludf.DUMMYFUNCTION("""COMPUTED_VALUE"""),"Positive") -> Positive | J9: =IFERROR(__xludf.DUMMYFUNCTION("""COMPUTED_VALUE"""),44554.0) -> 44554 | K9: =IFERROR(__xludf.DUMMYFUNCTION("""COMPUTED_VALUE"""),0.39295138888888886) -> 0.39295139 | M9: =IFERROR(__xludf.DUMMYFUNCTION("""COMPUTED_VALUE"""),"name email fix") -> name email fix | O9: =IFERROR(__xludf.DUMMYFUNCTION("""COMPUTED_VALUE"""),1.0) -> 1 | P9: =IFERROR(__xludf.DUMMYFUNCTION("""COMPUTED_VALUE"""),652.0) -> 652 | Q9: =IFERROR(__xludf.DUMMYFUNCTION("""COMPUTED_VALUE"""),"FLMP619442") -> FLMP619442 | U9: =IF(COUNTA(Q9:T9)=1,"INDIV","POOL") -> INDIV
B10: =IFERROR(__xludf.DUMMYFUNCTION("""COMPUTED_VALUE"""),"MAX311") -> MAX311 | C10: =IFERROR(__xludf.DUMMYFUNCTION("""COMPUTED_VALUE"""),44555.0) -> 44555 | D10: =IFERROR(__xludf.DUMMYFUNCTION("""COMPUTED_VALUE"""),0.35530092592592594) -> 0.35530093 | E10: =IFERROR(__xludf.DUMMYFUNCTION("""COMPUTED_VALUE"""),"SpFLMP659315") -> SpFLMP659315 | H10: =IFERROR(__xludf.DUMMYFUNCTION("""COMPUTED_VALUE"""),"Positive") -> Positive | I10: =IFERROR(__xludf.DUMMYFUNCTION("""COMPUTED_VALUE"""),"Positive") -> Positive | J10: =IFERROR(__xludf.DUMMYFUNCTION("""COMPUTED_VALUE"""),44555.0) -> 44555 | K10: =IFERROR(__xludf.DUMMYFUNCTION("""COMPUTED_VALUE"""),0.7082407407407407) -> 0.70824074 | M10: =IFERROR(__xludf.DUMMYFUNCTION("""COMPUTED_VALUE"""),"name email fix") -> name email fix | O10: =IFERROR(__xludf.DUMMYFUNCTION("""COMPUTED_VALUE"""),1.0) -> 1 | P10: =IFERROR(__xludf.DUMMYFUNCTION("""COMPUTED_VALUE"""),661.0) -> 661 | Q10: =IFERROR(__xludf.DUMMYFUNCTION("""COMPUTED_VALUE"""),"FLMP619442") -> FLMP619442 | U10: =IF(COUNTA(Q10:T10)=1,"INDIV","POOL") -> INDIV
