Workbook

Sheet ALL Tube Results
A1: =IFERROR(__xludf.DUMMYFUNCTION("QUERY({ 'APS Tubes Import'!A1:A3090; 'ARF Tubes'!M2:M3090 }, ""SELECT Col1 WHERE Col1 IS NOT NULL"", 0)"),"TUBE ID") -> TUBE ID | B1: =IFERROR(__xludf.DUMMYFUNCTION("QUERY({ 'APS Tubes Import'!V1:V3090; 'ARF Tubes'!N2:N3090 }, ""SELECT Col1 WHERE Col1 IS NOT NULL"", 0)"),"FINAL ASSIGNED RUN ID") -> FINAL ASSIGNED RUN ID | C1: ='Run Reconcile'!B1 -> RUN DATE | D1: ='APS Tubes Import'!B1 -> COLLECTION DATE | E1: ='APS Tubes Import'!C1 -> COLLECTION TIME | F1: =IFERROR(__xludf.DUMMYFUNCTION("QUERY({ 'APS Tubes Import'!H1:H3090; 'ARF Tubes'!P2:P3090 }, ""SELECT Col1 WHERE Col1 IS NOT NULL"", 0)"),"FINAL RESULT") -> FINAL RESULT | G1: ='APS Tubes Import'!N1 -> NUM SAMPLES (Pool Level)
A2: =IFERROR(__xludf.DUMMYFUNCTION("""COMPUTED_VALUE"""),"MA124") -> MA124 | B2: =IFERROR(__xludf.DUMMYFUNCTION("""COMPUTED_VALUE"""),"RUN-COMB_2022-03-20_RFR-001") -> RUN-COMB_2022-03-20_RFR-001 | C2: =VLOOKUP(B2,'Run Reconcile'!A$2:B3090,2,FALSE) -> 44640 | D2: =IFERROR(__xludf.DUMMYFUNCTION("QUERY({ 'APS Tubes Import'!B2:B3090 }, ""SELECT Col1 WHERE Col1 IS NOT NULL"", 0)"),44640.0) -> 44640 | E2: =IFERROR(__xludf.DUMMYFUNCTION("QUERY({ 'APS Tubes Import'!C2:C3090; 'ARF Tubes'!P2:P3090 }, ""SELECT Col1 WHERE Col1 IS NOT NULL"", 0)"),0.669537037036207) -> 0.66953704 | F2: =IFERROR(__xludf.DUMMYFUNCTION("""COMPUTED_VALUE"""),"Negative") -> Negative | G2: =IFERROR(__xludf.DUMMYFUNCTION("QUERY({ 'APS Tubes Import'!N2:N3090 }, ""SELECT Col1 WHERE Col1 IS NOT NULL"", 0)"),1.0) -> 1
A3: =IFERROR(__xludf.DUMMYFUNCTION("""COMPUTED_VALUE"""),"MA212") -> MA212 | B3: =IFERROR(__xludf.DUMMYFUNCTION("""COMPUTED_VALUE"""),"RUN-COMB_2022-03-20_RFR-001") -> RUN-COMB_2022-03-20_RFR-001 | C3: =VLOOKUP(B3,'Run Reconcile'!A$2:B3090,2,FALSE) -> 44640 | D3: =IFERROR(__xludf.DUMMYFUNCTION("""COMPUTED_VALUE"""),44640.0) -> 44640 | E3: =IFERROR(__xludf.DUMMYFUNCTION("""COMPUTED_VALUE"""),0.6711689814801503) -> 0.67116898 | F3: =IFERROR(__xludf.DUMMYFUNCTION("""COMPUTED_VALUE"""),"Negative") -> Negative | G3: =IFERROR(__xludf.DUMMYFUNCTION("""COMPUTED_VALUE"""),1.0) -> 1
A4: =IFERROR(__xludf.DUMMYFUNCTION("""COMPUTED_VALUE"""),"MA145") -> MA145 | B4: =IFERROR(__xludf.DUMMYFUNCTION("""COMPUTED_VALUE"""),"RUN-COMB_2022-03-20_RFR-001") -> RUN-COMB_2022-03-20_RFR-001 | C4: =VLOOKUP(B4,'Run Reconcile'!A$2:B3090,2,FALSE) -> 44640 | D4: =IFERROR(__xludf.DUMMYFUNCTION("""COMPUTED_VALUE"""),44640.0) -> 44640 | E4: =IFERROR(__xludf.DUMMYFUNCTION("""COMPUTED_VALUE"""),0.677280092593719) -> 0.67728009 | F4: =IFERROR(__xludf.DUMMYFUNCTION("""COMPUTED_VALUE"""),"Negative") -> Negative | G4: =IFERROR(__xludf.DUMMYFUNCTION("""COMPUTED_VALUE"""),1.0) -> 1
A5: =IFERROR(__xludf.DUMMYFUNCTION("""COMPUTED_VALUE"""),"MA61") -> MA61 | B5: =IFERROR(__xludf.DUMMYFUNCTION("""COMPUTED_VALUE"""),"RUN-COMB_2022-03-20_RFR-001") -> RUN-COMB_2022-03-20_RFR-001 | C5: =VLOOKUP(B5,'Run Reconcile'!A$2:B3090,2,FALSE) -> 44640 | D5: =IFERROR(__xludf.DUMMYFUNCTION("""COMPUTED_VALUE"""),44640.0) -> 44640 | E5: =IFERROR(__xludf.DUMMYFUNCTION("""COMPUTED_VALUE"""),0.6777893518519704) -> 0.67778935 | F5: =IFERROR(__xludf.DUMMYFUNCTION("""COMPUTED_VALUE"""),"Negative") -> Negative | G5: =IFERROR(__xludf.DUMMYFUNCTION("""COMPUTED_VALUE"""),1.0) -> 1
A6: =IFERROR(__xludf.DUMMYFUNCTION("""COMPUTED_VALUE"""),"MA236") -> MA236 | B6: =IFERROR(__xludf.DUMMYFUNCTION("""COMPUTED_VALUE"""),"RUN-COMB_2022-03-20_RFR-001") -> RUN-COMB_2022-03-20_RFR-001 | C6: =VLOOKUP(B6,'Run Reconcile'!A$2:B3090,2,FALSE) -> 44640 | D6: =IFERROR(__xludf.DUMMYFUNCTION("""COMPUTED_VALUE"""),44640.0) -> 44640 | E6: =IFERROR(__xludf.DUMMYFUNCTION("""COMPUTED_VALUE"""),0.6791898148148903) -> 0.67918981 | F6: =IFERROR(__xludf.DUMMYFUNCTION("""COMPUTED_VALUE"""),"Negative") -> Negative | G6: =IFERROR(__xludf.DUMMYFUNCTION("""COMPUTED_VALUE"""),1.0) -> 1
A7: =IFERROR(__xludf.DUMMYFUNCTION("""COMPUTED_VALUE"""),"MA232") -> MA232 | B7: =IFERROR(__xludf.DUMMYFUNCTION("""COMPUTED_VALUE"""),"RUN-COMB_2022-03-20_RFR-001") -> RUN-COMB_2022-03-20_RFR-001 | C7: =VLOOKUP(B7,'Run Reconcile'!A$2:B3090,2,FALSE) -> 44640 | D7: =IFERROR(__xludf.DUMMYFUNCTION("""COMPUTED_VALUE"""),44640.0) -> 44640 | E7: =IFERROR(__xludf.DUMMYFUNCTION("""COMPUTED_VALUE"""),0.6806250000008731) -> 0.680625 | F7: =IFERROR(__xludf.DUMMYFUNCTION("""COMPUTED_VALUE"""),"Negative") -> Negative | G7: =IFERROR(__xludf.DUMMYFUNCTION("""COMPUTED_VALUE"""),1.0) -> 1
A8: =IFERROR(__xludf.DUMMYFUNCTION("""COMPUTED_VALUE"""),"MA138") -> MA138 | B8: =IFERROR(__xludf.DUMMYFUNCTION("""COMPUTED_VALUE"""),"RUN-COMB_2022-03-20_RFR-001") -> RUN-COMB_2022-03-20_RFR-001 | C8: =VLOOKUP(B8,'Run Reconcile'!A$2:B3090,2,FALSE) -> 44640 | D8: =IFERROR(__xludf.DUMMYFUNCTION("""COMPUTED_VALUE"""),44640.0) -> 44640 | E8: =IFERROR(__xludf.DUMMYFUNCTION("""COMPUTED_VALUE"""),0.682129629629344) -> 0.68212963 | F8: =IFERROR(__xludf.DUMMYFUNCTION("""COMPUTED_VALUE"""),"Negative") -> Negative | G8: =IFERROR(__xludf.DUMMYFUNCTION("""COMPUTED_VALUE"""),1.0) -> 1
A9: =IFERROR(__xludf.DUMMYFUNCTION("""COMPUTED_VALUE"""),"MA73") -> MA73 | B9: =IFERROR(__xludf.DUMMYFUNCTION("""COMPUTED_VALUE"""),"RUN-COMB_2022-03-20_RFR-001") -> RUN-COMB_2022-03-20_RFR-001 | C9: =VLOOKUP(B9,'Run Reconcile'!A$2:B3090,2,FALSE) -> 44640 | D9: =IFERROR(__xludf.DUMMYFUNCTION("""COMPUTED_VALUE"""),44640.0) -> 44640 | E9: =IFERROR(__xludf.DUMMYFUNCTION("""COMPUTED_VALUE"""),0.684953703705105) -> 0.6849537 | F9: =IFERROR(__xludf.DUMMYFUNCTION("""COMPUTED_VALUE"""),"Negative") -> Negative | G9: =IFERROR(__xludf.DUMMYFUNCTION("""COMPUTED_VALUE"""),1.0) -> 1
A10: =IFERROR(__xludf.DUMMYFUNCTION("""COMPUTED_VALUE"""),"MA147") -> MA147 | B10: =IFERROR(__xludf.DUMMYFUNCTION("""COMPUTED_VALUE"""),"RUN-COMB_2022-03-20_RFR-001") -> RUN-COMB_2022-03-20_RFR-001 | C10: =VLOOKUP(B10,'Run Reconcile'!A$2:B3090,2,FALSE) -> 44640 | D10: =IFERROR(__xludf.DUMMYFUNCTION("""COMPUTED_VALUE"""),44640.0) -> 44640 | E10: =IFERROR(__xludf.DUMMYFUNCTION("""COMPUTED_VALUE"""),0.6864004629642295) -> 0.68640046 | F10: =IFERROR(__xludf.DUMMYFUNCTION("""COMPUTED_VALUE"""),"Negative") -> Negative | G10: =IFERROR(__xludf.DUMMYFUNCTION("""COMPUTED_VALUE"""),1.0) -> 1
A11: =IFERROR(__xludf.DUMMYFUNCTION("""COMPUTED_VALUE"""),"MA160") -> MA160 | B11: =IFERROR(__xludf.DUMMYFUNCTION("""COMPUTED_VALUE"""),"RUN-COMB_2022-03-20_RFR-001") -> RUN-COMB_2022-03-20_RFR-001 | C11: =VLOOKUP(B11,'Run Reconcile'!A$2:B3090,2,FALSE) -> 44640 | D11: =IFERROR(__xludf.DUMMYFUNCTION("""COMPUTED_VALUE"""),44640.0) -> 44640 | E11: =IFERROR(__xludf.DUMMYFUNCTION("""COMPUTED_VALUE"""),0.6880208333350311) -> 0.68802083 | F11: =IFERROR(__xludf.DUMMYFUNCTION("""COMPUTED_VALUE"""),"Negative") -> Negative | G11: =IFERROR(__xludf.DUMMYFUNCTION("""COMPUTED_VALUE"""),1.0) -> 1
A12: =IFERROR(__xludf.DUMMYFUNCTION("""COMPUTED_VALUE"""),"MA179") -> MA179 | B12: =IFERROR(__xludf.DUMMYFUNCTION("""COMPUTED_VALUE"""),"RUN-COMB_2022-03-20_RFR-001") -> RUN-COMB_2022-03-20_RFR-001 | C12: =VLOOKUP(B12,'Run Reconcile'!A$2:B3090,2,FALSE) -> 44640 | D12: =IFERROR(__xludf.DUMMYFUNCTION("""COMPUTED_VALUE"""),44640.0) -> 44640 | E12: =IFERROR(__xludf.DUMMYFUNCTION("""COMPUTED_VALUE"""),0.6901273148141627) -> 0.69012731 | F12: =IFERROR(__xludf.DUMMYFUNCTION("""COMPUTED_VALUE"""),"Negative") -> Negative | G12: =IFERROR(__xludf.DUMMYFUNCTION("""COMPUTED_VALUE"""),1.0) -> 1
A13: =IFERROR(__xludf.DUMMYFUNCTION("""COMPUTED_VALUE"""),"MA149") -> MA149 | B13: =IFERROR(__xludf.DUMMYFUNCTION("""COMPUTED_VALUE"""),"RUN-COMB_2022-03-20_RFR-001") -> RUN-COMB_2022-03-20_RFR-001 | C13: =VLOOKUP(B13,'Run Reconcile'!A$2:B3090,2,FALSE) -> 44640 | D13: =IFERROR(__xludf.DUMMYFUNCTION("""COMPUTED_VALUE"""),44640.0) -> 44640 | E13: =IFERROR(__xludf.DUMMYFUNCTION("""COMPUTED_VALUE"""),0.6930671296286164) -> 0.69306713 | F13: =IFERROR(__xludf.DUMMYFUNCTION("""COMPUTED_VALUE"""),"Negative") -> Negative | G13: =IFERROR(__xludf.DUMMYFUNCTION("""COMPUTED_VALUE"""),1.0) -> 1
A14: =IFERROR(__xludf.DUMMYFUNCTION("""COMPUTED_VALUE"""),"MA126") -> MA126 | B14: =IFERROR(__xludf.DUMMYFUNCTION("""COMPUTED_VALUE"""),"RUN-COMB_2022-03-20_RFR-001") -> RUN-COMB_2022-03-20_RFR-001 | C14: =VLOOKUP(B14,'Run Reconcile'!A$2:B3090,2,FALSE) -> 44640 | D14: =IFERROR(__xludf.DUMMYFUNCTION("""COMPUTED_VALUE"""),44640.0) -> 44640 | E14: =IFERROR(__xludf.DUMMYFUNCTION("""COMPUTED_VALUE"""),0.6937962962947495) -> 0.6937963 | F14: =IFERROR(__xludf.DUMMYFUNCTION("""COMPUTED_VALUE"""),"Negative") -> Negative | G14: =IFERROR(__xludf.DUMMYFUNCTION("""COMPUTED_VALUE"""),1.0) -> 1
A15: =IFERROR(__xludf.DUMMYFUNCTION("""COMPUTED_VALUE"""),"MA137") -> MA137 | B15: =IFERROR(__xludf.DUMMYFUNCTION("""COMPUTED_VALUE"""),"RUN-COMB_2022-03-20_RFR-001") -> RUN-COMB_2022-03-20_RFR-001 | C15: =VLOOKUP(B15,'Run Reconcile'!A$2:B3090,2,FALSE) -> 44640 | D15: =IFERROR(__xludf.DUMMYFUNCTION("""COMPUTED_VALUE"""),44640.0) -> 44640 | E15: =IFERROR(__xludf.DUMMYFUNCTION("""COMPUTED_VALUE"""),0.695243055553874) -> 0.69524306 | F15: =IFERROR(__xludf.DUMMYFUNCTION("""COMPUTED_VALUE"""),"Negative") -> Negative | G15: =IFERROR(__xludf.DUMMYFUNCTION("""COMPUTED_VALUE"""),1.0) -> 1
A16: =IFERROR(__xludf.DUMMYFUNCTION("""COMPUTED_VALUE"""),"MA161") -> MA161 | B16: =IFERROR(__xludf.DUMMYFUNCTION("""COMPUTED_VALUE"""),"RUN-COMB_2022-03-20_RFR-001") -> RUN-COMB_2022-03-20_RFR-001 | C16: =VLOOKUP(B16,'Run Reconcile'!A$2:B3090,2,FALSE) -> 44640 | D16: =IFERROR(__xludf.DUMMYFUNCTION("""COMPUTED_VALUE"""),44640.0) -> 44640 | E16: =IFERROR(__xludf.DUMMYFUNCTION("""COMPUTED_VALUE"""),0.6975115740751789) -> 0.69751157 | F16: =IFERROR(__xludf.DUMMYFUNCTION("""COMPUTED_VALUE"""),"Negative") -> Negative | G16: =IFERROR(__xludf.DUMMYFUNCTION("""COMPUTED_VALUE"""),1.0) -> 1
A17: =IFERROR(__xludf.DUMMYFUNCTION("""COMPUTED_VALUE"""),"MA121") -> MA121 | B17: =IFERROR(__xludf.DUMMYFUNCTION("""COMPUTED_VALUE"""),"RUN-COMB_2022-03-20_RFR-001") -> RUN-COMB_2022-03-20_RFR-001 | C17: =VLOOKUP(B17,'Run Reconcile'!A$2:B3090,2,FALSE) -> 44640 | D17: =IFERROR(__xludf.DUMMYFUNCTION("""COMPUTED_VALUE"""),44640.0) -> 44640 | E17: =IFERROR(__xludf.DUMMYFUNCTION("""COMPUTED_VALUE"""),0.7017476851870015) -> 0.70174769 | F17: =IFERROR(__xludf.DUMMYFUNCTION("""COMPUTED_VALUE"""),"Negative") -> Negative | G17: =IFERROR(__xludf.DUMMYFUNCTION("""COMPUTED_VALUE"""),1.0) -> 1
A18: =IFERROR(__xludf.DUMMYFUNCTION("""COMPUTED_VALUE"""),"MA188") -> MA188 | B18: =IFERROR(__xludf.DUMMYFUNCTION("""COMPUTED_VALUE"""),"RUN-COMB_2022-03-20_RFR-001") -> RUN-COMB_2022-03-20_RFR-001 | C18: =VLOOKUP(B18,'Run Reconcile'!A$2:B3090,2,FALSE) -> 44640 | D18: =IFERROR(__xludf.DUMMYFUNCTION("""COMPUTED_VALUE"""),44640.0) -> 44640 | E18: =IFERROR(__xludf.DUMMYFUNCTION("""COMPUTED_VALUE"""),0.7490277777760639) -> 0.74902778 | F18: =IFERROR(__xludf.DUMMYFUNCTION("""COMPUTED_VALUE"""),"Negative") -> Negative | G18: =IFERROR(__xludf.DUMMYFUNCTION("""COMPUTED_VALUE"""),1.0) -> 1
A19: =IFERROR(__xludf.DUMMYFUNCTION("""COMPUTED_VALUE"""),"MA127") -> MA127 | B19: =IFERROR(__xludf.DUMMYFUNCTION("""COMPUTED_VALUE"""),"RUN-COMB_2022-03-20_RFR-001") -> RUN-COMB_2022-03-20_RFR-001 | C19: =VLOOKUP(B19,'Run Reconcile'!A$2:B3090,2,FALSE) -> 44640 | D19: =IFERROR(__xludf.DUMMYFUNCTION("""COMPUTED_VALUE"""),44640.0) -> 44640 | E19: =IFERROR(__xludf.DUMMYFUNCTION("""COMPUTED_VALUE"""),0.7511921296281798) -> 0.75119213 | F19: =IFERROR(__xludf.DUMMYFUNCTION("""COMPUTED_VALUE"""),"Negative") -> Negative | G19: =IFERROR(__xludf.DUMMYFUNCTION("""COMPUTED_VALUE"""),1.0) -> 1
A20: =IFERROR(__xludf.DUMMYFUNCTION("""COMPUTED_VALUE"""),"MA220A") -> MA220A | B20: =IFERROR(__xludf.DUMMYFUNCTION("""COMPUTED_VALUE"""),"RUN-COMB_2022-03-21_RFR-002") -> RUN-COMB_2022-03-21_RFR-002 | C20: =VLOOKUP(B20,'Run Reconcile'!A$2:B3090,2,FALSE) -> 44641 | D20: =IFERROR(__xludf.DUMMYFUNCTION("""COMPUTED_VALUE"""),44641.0) -> 44641 | E20: =IFERROR(__xludf.DUMMYFUNCTION("""COMPUTED_VALUE"""),0.2567939814798592) -> 0.25679398 | F20: =IFERROR(__xludf.DUMMYFUNCTION("""COMPUTED_VALUE"""),"Negative") -> Negative | G20: =IFERROR(__xludf.DUMMYFUNCTION("""COMPUTED_VALUE"""),1.0) -> 1
A21: =IFERROR(__xludf.DUMMYFUNCTION("""COMPUTED_VALUE"""),"MA220") -> MA220 | B21: =IFERROR(__xludf.DUMMYFUNCTION("""COMPUTED_VALUE"""),"RUN-COMB_2022-03-21_RFR-002") -> RUN-COMB_2022-03-21_RFR-002 | C21: =VLOOKUP(B21,'Run Reconcile'!A$2:B3090,2,FALSE) -> 44641 | D21: =IFERROR(__xludf.DUMMYFUNCTION("""COMPUTED_VALUE"""),44641.0) -> 44641 | E21: =IFERROR(__xludf.DUMMYFUNCTION("""COMPUTED_VALUE"""),0.2574884259265673) -> 0.25748843 | F21: =IFERROR(__xludf.DUMMYFUNCTION("""COMPUTED_VALUE"""),"Negative") -> Negative | G21: =IFERROR(__xludf.DUMMYFUNCTION("""COMPUTED_VALUE"""),1.0) -> 1
A22: =IFERROR(__xludf.DUMMYFUNCTION("""COMPUTED_VALUE"""),"MA208") -> MA208 | B22: =IFERROR(__xludf.DUMMYFUNCTION("""COMPUTED_VALUE"""),"RUN-COMB_2022-03-21_RFR-002") -> RUN-COMB_2022-03-21_RFR-002 | C22: =VLOOKUP(B22,'Run Reconcile'!A$2:B3090,2,FALSE) -> 44641 | D22: =IFERROR(__xludf.DUMMYFUNCTION("""COMPUTED_VALUE"""),44641.0) -> 44641 | E22: =IFERROR(__xludf.DUMMYFUNCTION("""COMPUTED_VALUE"""),0.25802083333474) -> 0.25802083 | F22: =IFERROR(__xludf.DUMMYFUNCTION("""COMPUTED_VALUE"""),"Negative") -> Negative | G22: =IFERROR(__xludf.DUMMYFUNCTION("""COMPUTED_VALUE"""),1.0) -> 1
A23: =IFERROR(__xludf.DUMMYFUNCTION("""COMPUTED_VALUE"""),"MA89") -> MA89 | B23: =IFERROR(__xludf.DUMMYFUNCTION("""COMPUTED_VALUE"""),"RUN-COMB_2022-03-21_RFR-002") -> RUN-COMB_2022-03-21_RFR-002 | C23: =VLOOKUP(B23,'Run Reconcile'!A$2:B3090,2,FALSE) -> 44641 | D23: =IFERROR(__xludf.DUMMYFUNCTION("""COMPUTED_VALUE"""),44641.0) -> 44641 | E23: =IFERROR(__xludf.DUMMYFUNCTION("""COMPUTED_VALUE"""),0.26012731481387164) -> 0.26012731 | F23: =IFERROR(__xludf.DUMMYFUNCTION("""COMPUTED_VALUE"""),"Negative") -> Negative | G23: =IFERROR(__xludf.DUMMYFUNCTION("""COMPUTED_VALUE"""),1.0) -> 1
A24: =IFERROR(__xludf.DUMMYFUNCTION("""COMPUTED_VALUE"""),"MA26") -> MA26 | B24: =IFERROR(__xludf.DUMMYFUNCTION("""COMPUTED_VALUE"""),"RUN-COMB_2022-03-21_RFR-002") -> RUN-COMB_2022-03-21_RFR-002 | C24: =VLOOKUP(B24,'Run Reconcile'!A$2:B3090,2,FALSE) -> 44641 | D24: =IFERROR(__xludf.DUMMYFUNCTION("""COMPUTED_VALUE"""),44641.0) -> 44641 | E24: =IFERROR(__xludf.DUMMYFUNCTION("""COMPUTED_VALUE"""),0.26103009259168175) -> 0.26103009 | F24: =IFERROR(__xludf.DUMMYFUNCTION("""COMPUTED_VALUE"""),"Negative") -> Negative | G24: =IFERROR(__xludf.DUMMYFUNCTION("""COMPUTED_VALUE"""),1.0) -> 1
A25: =IFERROR(__xludf.DUMMYFUNCTION("""COMPUTED_VALUE"""),"MA109") -> MA109 | B25: =IFERROR(__xludf.DUMMYFUNCTION("""COMPUTED_VALUE"""),"RUN-COMB_2022-03-21_RFR-002") -> RUN-COMB_2022-03-21_RFR-002 | C25: =VLOOKUP(B25,'Run Reconcile'!A$2:B3090,2,FALSE) -> 44641 | D25: =IFERROR(__xludf.DUMMYFUNCTION("""COMPUTED_VALUE"""),44641.0) -> 44641 | E25: =IFERROR(__xludf.DUMMYFUNCTION("""COMPUTED_VALUE"""),0.263043981482042) -> 0.26304398 | F25: =IFERROR(__xludf.DUMMYFUNCTION("""COMPUTED_VALUE"""),"Negative") -> Negative | G25: =IFERROR(__xludf.DUMMYFUNCTION("""COMPUTED_VALUE"""),1.0) -> 1
A26: =IFERROR(__xludf.DUMMYFUNCTION("""COMPUTED_VALUE"""),"MA134") -> MA134 | B26: =IFERROR(__xludf.DUMMYFUNCTION("""COMPUTED_VALUE"""),"RUN-COMB_2022-03-21_RFR-002") -> RUN-COMB_2022-03-21_RFR-002 | C26: =VLOOKUP(B26,'Run Reconcile'!A$2:B3090,2,FALSE) -> 44641 | D26: =IFERROR(__xludf.DUMMYFUNCTION("""COMPUTED_VALUE"""),44641.0) -> 44641 | E26: =IFERROR(__xludf.DUMMYFUNCTION("""COMPUTED_VALUE"""),0.2639814814829151) -> 0.26398148 | F26: =IFERROR(__xludf.DUMMYFUNCTION("""COMPUTED_VALUE"""),"Negative") -> Negative | G26: =IFERROR(__xludf.DUMMYFUNCTION("""COMPUTED_VALUE"""),1.0) -> 1
A27: =IFERROR(__xludf.DUMMYFUNCTION("""COMPUTED_VALUE"""),"MA168") -> MA168 | B27: =IFERROR(__xludf.DUMMYFUNCTION("""COMPUTED_VALUE"""),"RUN-COMB_2022-03-21_RFR-002") -> RUN-COMB_2022-03-21_RFR-002 | C27: =VLOOKUP(B27,'Run Reconcile'!A$2:B3090,2,FALSE) -> 44641 | D27: =IFERROR(__xludf.DUMMYFUNCTION("""COMPUTED_VALUE"""),44641.0) -> 44641 | E27: =IFERROR(__xludf.DUMMYFUNCTION("""COMPUTED_VALUE"""),0.2649421296300716) -> 0.26494213 | F27: =IFERROR(__xludf.DUMMYFUNCTION("""COMPUTED_VALUE"""),"Negative") -> Negative | G27: =IFERROR(__xludf.DUMMYFUNCTION("""COMPUTED_VALUE"""),1.0) -> 1
A28: =IFERROR(__xludf.DUMMYFUNCTION("""COMPUTED_VALUE"""),"MA148") -> MA148 | B28: =IFERROR(__xludf.DUMMYFUNCTION("""COMPUTED_VALUE"""),"RUN-COMB_2022-03-21_RFR-002") -> RUN-COMB_2022-03-21_RFR-002 | C28: =VLOOKUP(B28,'Run Reconcile'!A$2:B3090,2,FALSE) -> 44641 | D28: =IFERROR(__xludf.DUMMYFUNCTION("""COMPUTED_VALUE"""),44641.0) -> 44641 | E28: =IFERROR(__xludf.DUMMYFUNCTION("""COMPUTED_VALUE"""),0.2669097222205892) -> 0.26690972 | F28: =IFERROR(__xludf.DUMMYFUNCTION("""COMPUTED_VALUE"""),"Negative") -> Negative | G28: =IFERROR(__xludf.DUMMYFUNCTION("""COMPUTED_VALUE"""),1.0) -> 1
A29: =IFERROR(__xludf.DUMMYFUNCTION("""COMPUTED_VALUE"""),"MA140") -> MA140 | B29: =IFERROR(__xludf.DUMMYFUNCTION("""COMPUTED_VALUE"""),"RUN-COMB_2022-03-21_RFR-002") -> RUN-COMB_2022-03-21_RFR-002 | C29: =VLOOKUP(B29,'Run Reconcile'!A$2:B3090,2,FALSE) -> 44641 | D29: =IFERROR(__xludf.DUMMYFUNCTION("""COMPUTED_VALUE"""),44641.0) -> 44641 | E29: =IFERROR(__xludf.DUMMYFUNCTION("""COMPUTED_VALUE"""),0.26829861111036735) -> 0.26829861 | F29: =IFERROR(__xludf.DUMMYFUNCTION("""COMPUTED_VALUE"""),"Negative") -> Negative | G29: =IFERROR(__xludf.DUMMYFUNCTION("""COMPUTED_VALUE"""),1.0) -> 1
A30: =IFERROR(__xludf.DUMMYFUNCTION("""COMPUTED_VALUE"""),"MA183") -> MA183 | B30: =IFERROR(__xludf.DUMMYFUNCTION("""COMPUTED_VALUE"""),"RUN-COMB_2022-03-21_RFR-002") -> RUN-COMB_2022-03-21_RFR-002 | C30: =VLOOKUP(B30,'Run Reconcile'!A$2:B3090,2,FALSE) -> 44641 | D30: =IFERROR(__xludf.DUMMYFUNCTION("""COMPUTED_VALUE"""),44641.0) -> 44641 | E30: =IFERROR(__xludf.DUMMYFUNCTION("""COMPUTED_VALUE"""),0.26921296296131914) -> 0.26921296 | F30: =IFERROR(__xludf.DUMMYFUNCTION("""COMPUTED_VALUE"""),"Negative") -> Negative | G30: =IFERROR(__xludf.DUMMYFUNCTION("""COMPUTED_VALUE"""),1.0) -> 1
A31: =IFERROR(__xludf.DUMMYFUNCTION("""COMPUTED_VALUE"""),"MA81") -> MA81 | B31: =IFERROR(__xludf.DUMMYFUNCTION("""COMPUTED_VALUE"""),"RUN-COMB_2022-03-21_RFR-002") -> RUN-COMB_2022-03-21_RFR-002 | C31: =VLOOKUP(B31,'Run Reconcile'!A$2:B3090,2,FALSE) -> 44641 | D31: =IFERROR(__xludf.DUMMYFUNCTION("""COMPUTED_VALUE"""),44641.0) -> 44641 | E31: =IFERROR(__xludf.DUMMYFUNCTION("""COMPUTED_VALUE"""),0.27039351851999527) -> 0.27039352 | F31: =IFERROR(__xludf.DUMMYFUNCTION("""COMPUTED_VALUE"""),"Negative") -> Negative | G31: =IFERROR(__xludf.DUMMYFUNCTION("""COMPUTED_VALUE"""),1.0) -> 1
A32: =IFERROR(__xludf.DUMMYFUNCTION("""COMPUTED_VALUE"""),"MA159") -> MA159 | B32: =IFERROR(__xludf.DUMMYFUNCTION("""COMPUTED_VALUE"""),"RUN-COMB_2022-03-21_RFR-002") -> RUN-COMB_2022-03-21_RFR-002 | C32: =VLOOKUP(B32,'Run Reconcile'!A$2:B3090,2,FALSE) -> 44641 | D32: =IFERROR(__xludf.DUMMYFUNCTION("""COMPUTED_VALUE"""),44641.0) -> 44641 | E32: =IFERROR(__xludf.DUMMYFUNCTION("""COMPUTED_VALUE"""),0.2714351851864194) -> 0.27143519 | F32: =IFERROR(__xludf.DUMMYFUNCTION("""COMPUTED_VALUE"""),"Negative") -> Negative | G32: =IFERROR(__xludf.DUMMYFUNCTION("""COMPUTED_VALUE"""),1.0) -> 1
A33: =IFERROR(__xludf.DUMMYFUNCTION("""COMPUTED_VALUE"""),"MA93") -> MA93 | B33: =IFERROR(__xludf.DUMMYFUNCTION("""COMPUTED_VALUE"""),"RUN-COMB_2022-03-21_RFR-002") -> RUN-COMB_2022-03-21_RFR-002 | C33: =VLOOKUP(B33,'Run Reconcile'!A$2:B3090,2,FALSE) -> 44641 | D33: =IFERROR(__xludf.DUMMYFUNCTION("""COMPUTED_VALUE"""),44641.0) -> 44641 | E33: =IFERROR(__xludf.DUMMYFUNCTION("""COMPUTED_VALUE"""),0.2725578703721112) -> 0.27255787 | F33: =IFERROR(__xludf.DUMMYFUNCTION("""COMPUTED_VALUE"""),"Negative") -> Negative | G33: =IFERROR(__xludf.DUMMYFUNCTION("""COMPUTED_VALUE"""),1.0) -> 1
A34: =IFERROR(__xludf.DUMMYFUNCTION("""COMPUTED_VALUE"""),"MA153") -> MA153 | B34: =IFERROR(__xludf.DUMMYFUNCTION("""COMPUTED_VALUE"""),"RUN-COMB_2022-03-21_RFR-002") -> RUN-COMB_2022-03-21_RFR-002 | C34: =VLOOKUP(B34,'Run Reconcile'!A$2:B3090,2,FALSE) -> 44641 | D34: =IFERROR(__xludf.DUMMYFUNCTION("""COMPUTED_VALUE"""),44641.0) -> 44641 | E34: =IFERROR(__xludf.DUMMYFUNCTION("""COMPUTED_VALUE"""),0.27534722222117125) -> 0.27534722 | F34: =IFERROR(__xludf.DUMMYFUNCTION("""COMPUTED_VALUE"""),"Negative") -> Negative | G34: =IFERROR(__xludf.DUMMYFUNCTION("""COMPUTED_VALUE"""),1.0) -> 1
A35: =IFERROR(__xludf.DUMMYFUNCTION("""COMPUTED_VALUE"""),"MA105") -> MA105 | B35: =IFERROR(__xludf.DUMMYFUNCTION("""COMPUTED_VALUE"""),"RUN-COMB_2022-03-21_RFR-002") -> RUN-COMB_2022-03-21_RFR-002 | C35: =VLOOKUP(B35,'Run Reconcile'!A$2:B3090,2,FALSE) -> 44641 | D35: =IFERROR(__xludf.DUMMYFUNCTION("""COMPUTED_VALUE"""),44641.0) -> 44641 | E35: =IFERROR(__xludf.DUMMYFUNCTION("""COMPUTED_VALUE"""),0.2763078703719657) -> 0.27630787 | F35: =IFERROR(__xludf.DUMMYFUNCTION("""COMPUTED_VALUE"""),"Negative") -> Negative | G35: =IFERROR(__xludf.DUMMYFUNCTION("""COMPUTED_VALUE"""),1.0) -> 1
A36: =IFERROR(__xludf.DUMMYFUNCTION("""COMPUTED_VALUE"""),"MA200") -> MA200 | B36: =IFERROR(__xludf.DUMMYFUNCTION("""COMPUTED_VALUE"""),"RUN-COMB_2022-03-21_RFR-002") -> RUN-COMB_2022-03-21_RFR-002 | C36: =VLOOKUP(B36,'Run Reconcile'!A$2:B3090,2,FALSE) -> 44641 | D36: =IFERROR(__xludf.DUMMYFUNCTION("""COMPUTED_VALUE"""),44641.0) -> 44641 | E36: =IFERROR(__xludf.DUMMYFUNCTION("""COMPUTED_VALUE"""),0.2772800925922638) -> 0.27728009 | F36: =IFERROR(__xludf.DUMMYFUNCTION("""COMPUTED_VALUE"""),"Negative") -> Negative | G36: =IFERROR(__xludf.DUMMYFUNCTION("""COMPUTED_VALUE"""),1.0) -> 1
A37: =IFERROR(__xludf.DUMMYFUNCTION("""COMPUTED_VALUE"""),"MA199") -> MA199 | B37: =IFERROR(__xludf.DUMMYFUNCTION("""COMPUTED_VALUE"""),"RUN-COMB_2022-03-21_RFR-002") -> RUN-COMB_2022-03-21_RFR-002 | C37: =VLOOKUP(B37,'Run Reconcile'!A$2:B3090,2,FALSE) -> 44641 | D37: =IFERROR(__xludf.DUMMYFUNCTION("""COMPUTED_VALUE"""),44641.0) -> 44641 | E37: =IFERROR(__xludf.DUMMYFUNCTION("""COMPUTED_VALUE"""),0.27901620370539604) -> 0.2790162 | F37: =IFERROR(__xludf.DUMMYFUNCTION("""COMPUTED_VALUE"""),"Positive") -> Positive | G37: =IFERROR(__xludf.DUMMYFUNCTION("""COMPUTED_VALUE"""),1.0) -> 1
A38: =IFERROR(__xludf.DUMMYFUNCTION("""COMPUTED_VALUE"""),"MA131") -> MA131 | B38: =IFERROR(__xludf.DUMMYFUNCTION("""COMPUTED_VALUE"""),"RUN-COMB_2022-03-21_RFR-002") -> RUN-COMB_2022-03-21_RFR-002 | C38: =VLOOKUP(B38,'Run Reconcile'!A$2:B3090,2,FALSE) -> 44641 | D38: =IFERROR(__xludf.DUMMYFUNCTION("""COMPUTED_VALUE"""),44641.0) -> 44641 | E38: =IFERROR(__xludf.DUMMYFUNCTION("""COMPUTED_VALUE"""),0.2806018518531346) -> 0.28060185 | F38: =IFERROR(__xludf.DUMMYFUNCTION("""COMPUTED_VALUE"""),"Negative") -> Negative | G38: =IFERROR(__xludf.DUMMYFUNCTION("""COMPUTED_VALUE"""),1.0) -> 1
A39: =IFERROR(__xludf.DUMMYFUNCTION("""COMPUTED_VALUE"""),"MA133") -> MA133 | B39: =IFERROR(__xludf.DUMMYFUNCTION("""COMPUTED_VALUE"""),"RUN-COMB_2022-03-21_RFR-002") -> RUN-COMB_2022-03-21_RFR-002 | C39: =VLOOKUP(B39,'Run Reconcile'!A$2:B3090,2,FALSE) -> 44641 | D39: =IFERROR(__xludf.DUMMYFUNCTION("""COMPUTED_VALUE"""),44641.0) -> 44641 | E39: =IFERROR(__xludf.DUMMYFUNCTION("""COMPUTED_VALUE"""),0.2829282407401479) -> 0.28292824 | F39: =IFERROR(__xludf.DUMMYFUNCTION("""COMPUTED_VALUE"""),"Negative") -> Negative | G39: =IFERROR(__xludf.DUMMYFUNCTION("""COMPUTED_VALUE"""),1.0) -> 1
A40: =IFERROR(__xludf.DUMMYFUNCTION("""COMPUTED_VALUE"""),"MA167") -> MA167 | B40: =IFERROR(__xludf.DUMMYFUNCTION("""COMPUTED_VALUE"""),"RUN-COMB_2022-03-21_RFR-002") -> RUN-COMB_2022-03-21_RFR-002 | C40: =VLOOKUP(B40,'Run Reconcile'!A$2:B3090,2,FALSE) -> 44641 | D40: =IFERROR(__xludf.DUMMYFUNCTION("""COMPUTED_VALUE"""),44641.0) -> 44641 | E40: =IFERROR(__xludf.DUMMYFUNCTION("""COMPUTED_VALUE"""),0.28432870370306773) -> 0.2843287 | F40: =IFERROR(__xludf.DUMMYFUNCTION("""COMPUTED_VALUE"""),"Negative") -> Negative | G40: =IFERROR(__xludf.DUMMYFUNCTION("""COMPUTED_VALUE"""),1.0) -> 1
A41: =IFERROR(__xludf.DUMMYFUNCTION("""COMPUTED_VALUE"""),"MA106") -> MA106 | B41: =IFERROR(__xludf.DUMMYFUNCTION("""COMPUTED_VALUE"""),"RUN-COMB_2022-03-21_RFR-002") -> RUN-COMB_2022-03-21_RFR-002 | C41: =VLOOKUP(B41,'Run Reconcile'!A$2:B3090,2,FALSE) -> 44641 | D41: =IFERROR(__xludf.DUMMYFUNCTION("""COMPUTED_VALUE"""),44641.0) -> 44641 | E41: =IFERROR(__xludf.DUMMYFUNCTION("""COMPUTED_VALUE"""),0.4123842592598521) -> 0.41238426 | F41: =IFERROR(__xludf.DUMMYFUNCTION("""COMPUTED_VALUE"""),"Negative") -> Negative | G41: =IFERROR(__xludf.DUMMYFUNCTION("""COMPUTED_VALUE"""),1.0) -> 1
A42: =IFERROR(__xludf.DUMMYFUNCTION("""COMPUTED_VALUE"""),"MA157") -> MA157 | B42: =IFERROR(__xludf.DUMMYFUNCTION("""COMPUTED_VALUE"""),"RUN-COMB_2022-03-21_RFR-002") -> RUN-COMB_2022-03-21_RFR-002 | C42: =VLOOKUP(B42,'Run Reconcile'!A$2:B3090,2,FALSE) -> 44641 | D42: =IFERROR(__xludf.DUMMYFUNCTION("""COMPUTED_VALUE"""),44641.0) -> 44641 | E42: =IFERROR(__xludf.DUMMYFUNCTION("""COMPUTED_VALUE"""),0.4129282407411665) -> 0.41292824 | F42: =IFERROR(__xludf.DUMMYFUNCTION("""COMPUTED_VALUE"""),"Negative") -> Negative | G42: =IFERROR(__xludf.DUMMYFUNCTION("""COMPUTED_VALUE"""),1.0) -> 1
A43: =IFERROR(__xludf.DUMMYFUNCTION("""COMPUTED_VALUE"""),"MA191") -> MA191 | B43: =IFERROR(__xludf.DUMMYFUNCTION("""COMPUTED_VALUE"""),"RUN-COMB_2022-03-21_RFR-002") -> RUN-COMB_2022-03-21_RFR-002 | C43: =VLOOKUP(B43,'Run Reconcile'!A$2:B3090,2,FALSE) -> 44641 | D43: =IFERROR(__xludf.DUMMYFUNCTION("""COMPUTED_VALUE"""),44641.0) -> 44641 | E43: =IFERROR(__xludf.DUMMYFUNCTION("""COMPUTED_VALUE"""),0.4133101851839456) -> 0.41331019 | F43: =IFERROR(__xludf.DUMMYFUNCTION("""COMPUTED_VALUE"""),"Negative") -> Negative | G43: =IFERROR(__xludf.DUMMYFUNCTION("""COMPUTED_VALUE"""),1.0) -> 1
A44: =IFERROR(__xludf.DUMMYFUNCTION("""COMPUTED_VALUE"""),"MA142") -> MA142 | B44: =IFERROR(__xludf.DUMMYFUNCTION("""COMPUTED_VALUE"""),"RUN-COMB_2022-03-21_RFR-002") -> RUN-COMB_2022-03-21_RFR-002 | C44: =VLOOKUP(B44,'Run Reconcile'!A$2:B3090,2,FALSE) -> 44641 | D44: =IFERROR(__xludf.DUMMYFUNCTION("""COMPUTED_VALUE"""),44641.0) -> 44641 | E44: =IFERROR(__xludf.DUMMYFUNCTION("""COMPUTED_VALUE"""),0.41469907407372375) -> 0.41469907 | F44: =IFERROR(__xludf.DUMMYFUNCTION("""COMPUTED_VALUE"""),"Negative") -> Negative | G44: =IFERROR(__xludf.DUMMYFUNCTION("""COMPUTED_VALUE"""),1.0) -> 1
A45: =IFERROR(__xludf.DUMMYFUNCTION("""COMPUTED_VALUE"""),"MA65") -> MA65 | B45: =IFERROR(__xludf.DUMMYFUNCTION("""COMPUTED_VALUE"""),"RUN-COMB_2022-03-21_RFR-002") -> RUN-COMB_2022-03-21_RFR-002 | C45: =VLOOKUP(B45,'Run Reconcile'!A$2:B3090,2,FALSE) -> 44641 | D45: =IFERROR(__xludf.DUMMYFUNCTION("""COMPUTED_VALUE"""),44641.0) -> 44641 | E45: =IFERROR(__xludf.DUMMYFUNCTION("""COMPUTED_VALUE"""),0.4154745370360615) -> 0.41547454 | F45: =IFERROR(__xludf.DUMMYFUNCTION("""COMPUTED_VALUE"""),"Negative") -> Negative | G45: =IFERROR(__xludf.DUMMYFUNCTION("""COMPUTED_VALUE"""),1.0) -> 1
A46: =IFERROR(__xludf.DUMMYFUNCTION("""COMPUTED_VALUE"""),"MA172") -> MA172 | B46: =IFERROR(__xludf.DUMMYFUNCTION("""COMPUTED_VALUE"""),"RUN-COMB_2022-03-22_RFR-004") -> RUN-COMB_2022-03-22_RFR-004 | C46: =VLOOKUP(B46,'Run Reconcile'!A$2:B3090,2,FALSE) -> 44642 | D46: =IFERROR(__xludf.DUMMYFUNCTION("""COMPUTED_VALUE"""),44642.0) -> 44642 | E46: =IFERROR(__xludf.DUMMYFUNCTION("""COMPUTED_VALUE"""),0.24952546296117362) -> 0.24952546 | F46: =IFERROR(__xludf.DUMMYFUNCTION("""COMPUTED_VALUE"""),"Negative") -> Negative | G46: =IFERROR(__xludf.DUMMYFUNCTION("""COMPUTED_VALUE"""),1.0) -> 1
A47: =IFERROR(__xludf.DUMMYFUNCTION("""COMPUTED_VALUE"""),"MA224") -> MA224 | B47: =IFERROR(__xludf.DUMMYFUNCTION("""COMPUTED_VALUE"""),"RUN-COMB_2022-03-22_RFR-004") -> RUN-COMB_2022-03-22_RFR-004 | C47: =VLOOKUP(B47,'Run Reconcile'!A$2:B3090,2,FALSE) -> 44642 | D47: =IFERROR(__xludf.DUMMYFUNCTION("""COMPUTED_VALUE"""),44642.0) -> 44642 | E47: =IFERROR(__xludf.DUMMYFUNCTION("""COMPUTED_VALUE"""),0.25082175925854244) -> 0.25082176 | F47: =IFERROR(__xludf.DUMMYFUNCTION("""COMPUTED_VALUE"""),"Negative") -> Negative | G47: =IFERROR(__xludf.DUMMYFUNCTION("""COMPUTED_VALUE"""),1.0) -> 1
A48: =IFERROR(__xludf.DUMMYFUNCTION("""COMPUTED_VALUE"""),"MA151") -> MA151 | B48: =IFERROR(__xludf.DUMMYFUNCTION("""COMPUTED_VALUE"""),"RUN-COMB_2022-03-22_RFR-004") -> RUN-COMB_2022-03-22_RFR-004 | C48: =VLOOKUP(B48,'Run Reconcile'!A$2:B3090,2,FALSE) -> 44642 | D48: =IFERROR(__xludf.DUMMYFUNCTION("""COMPUTED_VALUE"""),44642.0) -> 44642 | E48: =IFERROR(__xludf.DUMMYFUNCTION("""COMPUTED_VALUE"""),0.25173611110949423) -> 0.25173611 | F48: =IFERROR(__xludf.DUMMYFUNCTION("""COMPUTED_VALUE"""),"Negative") -> Negative | G48: =IFERROR(__xludf.DUMMYFUNCTION("""COMPUTED_VALUE"""),1.0) -> 1
A49: =IFERROR(__xludf.DUMMYFUNCTION("""COMPUTED_VALUE"""),"MA216") -> MA216 | B49: =IFERROR(__xludf.DUMMYFUNCTION("""COMPUTED_VALUE"""),"RUN-COMB_2022-03-22_RFR-004") -> RUN-COMB_2022-03-22_RFR-004 | C49: =VLOOKUP(B49,'Run Reconcile'!A$2:B3090,2,FALSE) -> 44642 | D49: =IFERROR(__xludf.DUMMYFUNCTION("""COMPUTED_VALUE"""),44642.0) -> 44642 | E49: =IFERROR(__xludf.DUMMYFUNCTION("""COMPUTED_VALUE"""),0.2537152777767915) -> 0.25371528 | F49: =IFERROR(__xludf.DUMMYFUNCTION("""COMPUTED_VALUE"""),"Negative") -> Negative | G49: =IFERROR(__xludf.DUMMYFUNCTION("""COMPUTED_VALUE"""),1.0) -> 1
A50: =IFERROR(__xludf.DUMMYFUNCTION("""COMPUTED_VALUE"""),"MA187") -> MA187 | B50: =IFERROR(__xludf.DUMMYFUNCTION("""COMPUTED_VALUE"""),"RUN-COMB_2022-03-22_RFR-004") -> RUN-COMB_2022-03-22_RFR-004 | C50: =VLOOKUP(B50,'Run Reconcile'!A$2:B3090,2,FALSE) -> 44642 | D50: =IFERROR(__xludf.DUMMYFUNCTION("""COMPUTED_VALUE"""),44642.0) -> 44642 | E50: =IFERROR(__xludf.DUMMYFUNCTION("""COMPUTED_VALUE"""),0.25408564814642887) -> 0.25408565 | F50: =IFERROR(__xludf.DUMMYFUNCTION("""COMPUTED_VALUE"""),"Negative") -> Negative | G50: =IFERROR(__xludf.DUMMYFUNCTION("""COMPUTED_VALUE"""),1.0) -> 1
A51: =IFERROR(__xludf.DUMMYFUNCTION("""COMPUTED_VALUE"""),"MA102") -> MA102 | B51: =IFERROR(__xludf.DUMMYFUNCTION("""COMPUTED_VALUE"""),"RUN-COMB_2022-03-22_RFR-004") -> RUN-COMB_2022-03-22_RFR-004 | C51: =VLOOKUP(B51,'Run Reconcile'!A$2:B3090,2,FALSE) -> 44642 | D51: =IFERROR(__xludf.DUMMYFUNCTION("""COMPUTED_VALUE"""),44642.0) -> 44642 | E51: =IFERROR(__xludf.DUMMYFUNCTION("""COMPUTED_VALUE"""),0.2552777777782467) -> 0.25527778 | F51: =IFERROR(__xludf.DUMMYFUNCTION("""COMPUTED_VALUE"""),"Negative") -> Negative | G51: =IFERROR(__xludf.DUMMYFUNCTION("""COMPUTED_VALUE"""),1.0) -> 1
A52: =IFERROR(__xludf.DUMMYFUNCTION("""COMPUTED_VALUE"""),"MA129") -> MA129 | B52: =IFERROR(__xludf.DUMMYFUNCTION("""COMPUTED_VALUE"""),"RUN-COMB_2022-03-22_RFR-004") -> RUN-COMB_2022-03-22_RFR-004 | C52: =VLOOKUP(B52,'Run Reconcile'!A$2:B3090,2,FALSE) -> 44642 | D52: =IFERROR(__xludf.DUMMYFUNCTION("""COMPUTED_VALUE"""),44642.0) -> 44642 | E52: =IFERROR(__xludf.DUMMYFUNCTION("""COMPUTED_VALUE"""),0.25771990740759065) -> 0.25771991 | F52: =IFERROR(__xludf.DUMMYFUNCTION("""COMPUTED_VALUE"""),"Negative") -> Negative | G52: =IFERROR(__xludf.DUMMYFUNCTION("""COMPUTED_VALUE"""),1.0) -> 1
A53: =IFERROR(__xludf.DUMMYFUNCTION("""COMPUTED_VALUE"""),"MA204") -> MA204 | B53: =IFERROR(__xludf.DUMMYFUNCTION("""COMPUTED_VALUE"""),"RUN-COMB_2022-03-22_RFR-004") -> RUN-COMB_2022-03-22_RFR-004 | C53: =VLOOKUP(B53,'Run Reconcile'!A$2:B3090,2,FALSE) -> 44642 | D53: =IFERROR(__xludf.DUMMYFUNCTION("""COMPUTED_VALUE"""),44642.0) -> 44642 | E53: =IFERROR(__xludf.DUMMYFUNCTION("""COMPUTED_VALUE"""),0.2590740740743058) -> 0.25907407 | F53: =IFERROR(__xludf.DUMMYFUNCTION("""COMPUTED_VALUE"""),"Negative") -> Negative | G53: =IFERROR(__xludf.DUMMYFUNCTION("""COMPUTED_VALUE"""),1.0) -> 1
A54: =IFERROR(__xludf.DUMMYFUNCTION("""COMPUTED_VALUE"""),"MA97") -> MA97 | B54: =IFERROR(__xludf.DUMMYFUNCTION("""COMPUTED_VALUE"""),"RUN-COMB_2022-03-22_RFR-004") -> RUN-COMB_2022-03-22_RFR-004 | C54: =VLOOKUP(B54,'Run Reconcile'!A$2:B3090,2,FALSE) -> 44642 | D54: =IFERROR(__xludf.DUMMYFUNCTION("""COMPUTED_VALUE"""),44642.0) -> 44642 | E54: =IFERROR(__xludf.DUMMYFUNCTION("""COMPUTED_VALUE"""),0.26001157407517894) -> 0.26001157 | F54: =IFERROR(__xludf.DUMMYFUNCTION("""COMPUTED_VALUE"""),"Negative") -> Negative | G54: =IFERROR(__xludf.DUMMYFUNCTION("""COMPUTED_VALUE"""),1.0) -> 1
A55: =IFERROR(__xludf.DUMMYFUNCTION("""COMPUTED_VALUE"""),"MA155") -> MA155 | B55: =IFERROR(__xludf.DUMMYFUNCTION("""COMPUTED_VALUE"""),"RUN-COMB_2022-03-22_RFR-004") -> RUN-COMB_2022-03-22_RFR-004 | C55: =VLOOKUP(B55,'Run Reconcile'!A$2:B3090,2,FALSE) -> 44642 | D55: =IFERROR(__xludf.DUMMYFUNCTION("""COMPUTED_VALUE"""),44642.0) -> 44642 | E55: =IFERROR(__xludf.DUMMYFUNCTION("""COMPUTED_VALUE"""),0.2608333333337214) -> 0.26083333 | F55: =IFERROR(__xludf.DUMMYFUNCTION("""COMPUTED_VALUE"""),"Negative") -> Negative | G55: =IFERROR(__xludf.DUMMYFUNCTION("""COMPUTED_VALUE"""),1.0) -> 1
A56: =IFERROR(__xludf.DUMMYFUNCTION("""COMPUTED_VALUE"""),"MA117") -> MA117 | B56: =IFERROR(__xludf.DUMMYFUNCTION("""COMPUTED_VALUE"""),"RUN-COMB_2022-03-22_RFR-004") -> RUN-COMB_2022-03-22_RFR-004 | C56: =VLOOKUP(B56,'Run Reconcile'!A$2:B3090,2,FALSE) -> 44642 | D56: =IFERROR(__xludf.DUMMYFUNCTION("""COMPUTED_VALUE"""),44642.0) -> 44642 | E56: =IFERROR(__xludf.DUMMYFUNCTION("""COMPUTED_VALUE"""),0.26160879629605915) -> 0.2616088 | F56: =IFERROR(__xludf.DUMMYFUNCTION("""COMPUTED_VALUE"""),"Negative") -> Negative | G56: =IFERROR(__xludf.DUMMYFUNCTION("""COMPUTED_VALUE"""),1.0) -> 1
A57: =IFERROR(__xludf.DUMMYFUNCTION("""COMPUTED_VALUE"""),"MA139") -> MA139 | B57: =IFERROR(__xludf.DUMMYFUNCTION("""COMPUTED_VALUE"""),"RUN-COMB_2022-03-22_RFR-004") -> RUN-COMB_2022-03-22_RFR-004 | C57: =VLOOKUP(B57,'Run Reconcile'!A$2:B3090,2,FALSE) -> 44642 | D57: =IFERROR(__xludf.DUMMYFUNCTION("""COMPUTED_VALUE"""),44642.0) -> 44642 | E57: =IFERROR(__xludf.DUMMYFUNCTION("""COMPUTED_VALUE"""),0.26403935185226146) -> 0.26403935 | F57: =IFERROR(__xludf.DUMMYFUNCTION("""COMPUTED_VALUE"""),"Negative") -> Negative | G57: =IFERROR(__xludf.DUMMYFUNCTION("""COMPUTED_VALUE"""),1.0) -> 1
A58: =IFERROR(__xludf.DUMMYFUNCTION("""COMPUTED_VALUE"""),"MA152") -> MA152 | B58: =IFERROR(__xludf.DUMMYFUNCTION("""COMPUTED_VALUE"""),"RUN-COMB_2022-03-22_RFR-004") -> RUN-COMB_2022-03-22_RFR-004 | C58: =VLOOKUP(B58,'Run Reconcile'!A$2:B3090,2,FALSE) -> 44642 | D58: =IFERROR(__xludf.DUMMYFUNCTION("""COMPUTED_VALUE"""),44642.0) -> 44642 | E58: =IFERROR(__xludf.DUMMYFUNCTION("""COMPUTED_VALUE"""),0.2650115740725596) -> 0.26501157 | F58: =IFERROR(__xludf.DUMMYFUNCTION("""COMPUTED_VALUE"""),"Negative") -> Negative | G58: =IFERROR(__xludf.DUMMYFUNCTION("""COMPUTED_VALUE"""),1.0) -> 1
A59: =IFERROR(__xludf.DUMMYFUNCTION("""COMPUTED_VALUE"""),"MA174") -> MA174 | B59: =IFERROR(__xludf.DUMMYFUNCTION("""COMPUTED_VALUE"""),"RUN-COMB_2022-03-22_RFR-004") -> RUN-COMB_2022-03-22_RFR-004 | C59: =VLOOKUP(B59,'Run Reconcile'!A$2:B3090,2,FALSE) -> 44642 | D59: =IFERROR(__xludf.DUMMYFUNCTION("""COMPUTED_VALUE"""),44642.0) -> 44642 | E59: =IFERROR(__xludf.DUMMYFUNCTION("""COMPUTED_VALUE"""),0.2667245370357705) -> 0.26672454 | F59: =IFERROR(__xludf.DUMMYFUNCTION("""COMPUTED_VALUE"""),"Negative") -> Negative | G59: =IFERROR(__xludf.DUMMYFUNCTION("""COMPUTED_VALUE"""),1.0) -> 1
A60: =IFERROR(__xludf.DUMMYFUNCTION("""COMPUTED_VALUE"""),"MA143") -> MA143 | B60: =IFERROR(__xludf.DUMMYFUNCTION("""COMPUTED_VALUE"""),"RUN-COMB_2022-03-22_RFR-004") -> RUN-COMB_2022-03-22_RFR-004 | C60: =VLOOKUP(B60,'Run Reconcile'!A$2:B3090,2,FALSE) -> 44642 | D60: =IFERROR(__xludf.DUMMYFUNCTION("""COMPUTED_VALUE"""),44642.0) -> 44642 | E60: =IFERROR(__xludf.DUMMYFUNCTION("""COMPUTED_VALUE"""),0.2671412037052505) -> 0.2671412 | F60: =IFERROR(__xludf.DUMMYFUNCTION("""COMPUTED_VALUE"""),"Negative") -> Negative | G60: =IFERROR(__xludf.DUMMYFUNCTION("""COMPUTED_VALUE"""),1.0) -> 1
A61: =IFERROR(__xludf.DUMMYFUNCTION("""COMPUTED_VALUE"""),"MA228") -> MA228 | B61: =IFERROR(__xludf.DUMMYFUNCTION("""COMPUTED_VALUE"""),"RUN-COMB_2022-03-22_RFR-004") -> RUN-COMB_2022-03-22_RFR-004 | C61: =VLOOKUP(B61,'Run Reconcile'!A$2:B3090,2,FALSE) -> 44642 | D61: =IFERROR(__xludf.DUMMYFUNCTION("""COMPUTED_VALUE"""),44642.0) -> 44642 | E61: =IFERROR(__xludf.DUMMYFUNCTION("""COMPUTED_VALUE"""),0.2673726851862739) -> 0.26737269 | F61: =IFERROR(__xludf.DUMMYFUNCTION("""COMPUTED_VALUE"""),"Negative") -> Negative | G61: =IFERROR(__xludf.DUMMYFUNCTION("""COMPUTED_VALUE"""),1.0) -> 1
A62: =IFERROR(__xludf.DUMMYFUNCTION("""COMPUTED_VALUE"""),"MA180") -> MA180 | B62: =IFERROR(__xludf.DUMMYFUNCTION("""COMPUTED_VALUE"""),"RUN-COMB_2022-03-22_RFR-004") -> RUN-COMB_2022-03-22_RFR-004 | C62: =VLOOKUP(B62,'Run Reconcile'!A$2:B3090,2,FALSE) -> 44642 | D62: =IFERROR(__xludf.DUMMYFUNCTION("""COMPUTED_VALUE"""),44642.0) -> 44642 | E62: =IFERROR(__xludf.DUMMYFUNCTION("""COMPUTED_VALUE"""),0.268449074075761) -> 0.26844907 | F62: =IFERROR(__xludf.DUMMYFUNCTION("""COMPUTED_VALUE"""),"Negative") -> Negative | G62: =IFERROR(__xludf.DUMMYFUNCTION("""COMPUTED_VALUE"""),1.0) -> 1
A63: =IFERROR(__xludf.DUMMYFUNCTION("""COMPUTED_VALUE"""),"MA110") -> MA110 | B63: =IFERROR(__xludf.DUMMYFUNCTION("""COMPUTED_VALUE"""),"RUN-COMB_2022-03-22_RFR-004") -> RUN-COMB_2022-03-22_RFR-004 | C63: =VLOOKUP(B63,'Run Reconcile'!A$2:B3090,2,FALSE) -> 44642 | D63: =IFERROR(__xludf.DUMMYFUNCTION("""COMPUTED_VALUE"""),44642.0) -> 44642 | E63: =IFERROR(__xludf.DUMMYFUNCTION("""COMPUTED_VALUE"""),0.3457523148135806) -> 0.34575231 | F63: =IFERROR(__xludf.DUMMYFUNCTION("""COMPUTED_VALUE"""),"Negative") -> Negative | G63: =IFERROR(__xludf.DUMMYFUNCTION("""COMPUTED_VALUE"""),1.0) -> 1
A64: =IFERROR(__xludf.DUMMYFUNCTION("""COMPUTED_VALUE"""),"FM3406") -> FM3406 | B64: =IFERROR(__xludf.DUMMYFUNCTION("""COMPUTED_VALUE"""),"RUN-COMB_2022-03-23_RFR-006") -> RUN-COMB_2022-03-23_RFR-006 | C64: =VLOOKUP(B64,'Run Reconcile'!A$2:B3090,2,FALSE) -> 44643 | D64: =IFERROR(__xludf.DUMMYFUNCTION("""COMPUTED_VALUE"""),44643.0) -> 44643 | E64: =IFERROR(__xludf.DUMMYFUNCTION("""COMPUTED_VALUE"""),0.2957060185181035) -> 0.29570602 | F64: =IFERROR(__xludf.DUMMYFUNCTION("""COMPUTED_VALUE"""),"Negative") -> Negative | G64: =IFERROR(__xludf.DUMMYFUNCTION("""COMPUTED_VALUE"""),1.0) -> 1
A65: =IFERROR(__xludf.DUMMYFUNCTION("""COMPUTED_VALUE"""),"FM3453") -> FM3453 | B65: =IFERROR(__xludf.DUMMYFUNCTION("""COMPUTED_VALUE"""),"RUN-COMB_2022-03-23_RFR-006") -> RUN-COMB_2022-03-23_RFR-006 | C65: =VLOOKUP(B65,'Run Reconcile'!A$2:B3090,2,FALSE) -> 44643 | D65: =IFERROR(__xludf.DUMMYFUNCTION("""COMPUTED_VALUE"""),44643.0) -> 44643 | E65: =IFERROR(__xludf.DUMMYFUNCTION("""COMPUTED_VALUE"""),0.29652777777664596) -> 0.29652778 | F65: =IFERROR(__xludf.DUMMYFUNCTION("""COMPUTED_VALUE"""),"Negative") -> Negative | G65: =IFERROR(__xludf.DUMMYFUNCTION("""COMPUTED_VALUE"""),1.0) -> 1
A66: =IFERROR(__xludf.DUMMYFUNCTION("""COMPUTED_VALUE"""),"FM3419") -> FM3419 | B66: =IFERROR(__xludf.DUMMYFUNCTION("""COMPUTED_VALUE"""),"RUN-COMB_2022-03-23_RFR-006") -> RUN-COMB_2022-03-23_RFR-006 | C66: =VLOOKUP(B66,'Run Reconcile'!A$2:B3090,2,FALSE) -> 44643 | D66: =IFERROR(__xludf.DUMMYFUNCTION("""COMPUTED_VALUE"""),44643.0) -> 44643 | E66: =IFERROR(__xludf.DUMMYFUNCTION("""COMPUTED_VALUE"""),0.2968981481499213) -> 0.29689815 | F66: =IFERROR(__xludf.DUMMYFUNCTION("""COMPUTED_VALUE"""),"Negative") -> Negative | G66: =IFERROR(__xludf.DUMMYFUNCTION("""COMPUTED_VALUE"""),1.0) -> 1
A67: =IFERROR(__xludf.DUMMYFUNCTION("""COMPUTED_VALUE"""),"FM3425") -> FM3425 | B67: =IFERROR(__xludf.DUMMYFUNCTION("""COMPUTED_VALUE"""),"RUN-COMB_2022-03-23_RFR-006") -> RUN-COMB_2022-03-23_RFR-006 | C67: =VLOOKUP(B67,'Run Reconcile'!A$2:B3090,2,FALSE) -> 44643 | D67: =IFERROR(__xludf.DUMMYFUNCTION("""COMPUTED_VALUE"""),44643.0) -> 44643 | E67: =IFERROR(__xludf.DUMMYFUNCTION("""COMPUTED_VALUE"""),0.2993402777792653) -> 0.29934028 | F67: =IFERROR(__xludf.DUMMYFUNCTION("""COMPUTED_VALUE"""),"Negative") -> Negative | G67: =IFERROR(__xludf.DUMMYFUNCTION("""COMPUTED_VALUE"""),1.0) -> 1
A68: =IFERROR(__xludf.DUMMYFUNCTION("""COMPUTED_VALUE"""),"FM3433") -> FM3433 | B68: =IFERROR(__xludf.DUMMYFUNCTION("""COMPUTED_VALUE"""),"RUN-COMB_2022-03-23_RFR-006") -> RUN-COMB_2022-03-23_RFR-006 | C68: =VLOOKUP(B68,'Run Reconcile'!A$2:B3090,2,FALSE) -> 44643 | D68: =IFERROR(__xludf.DUMMYFUNCTION("""COMPUTED_VALUE"""),44643.0) -> 44643 | E68: =IFERROR(__xludf.DUMMYFUNCTION("""COMPUTED_VALUE"""),0.29968749999898137) -> 0.2996875 | F68: =IFERROR(__xludf.DUMMYFUNCTION("""COMPUTED_VALUE"""),"Negative") -> Negative | G68: =IFERROR(__xludf.DUMMYFUNCTION("""COMPUTED_VALUE"""),1.0) -> 1
A69: =IFERROR(__xludf.DUMMYFUNCTION("""COMPUTED_VALUE"""),"FM3423") -> FM3423 | B69: =IFERROR(__xludf.DUMMYFUNCTION("""COMPUTED_VALUE"""),"RUN-COMB_2022-03-23_RFR-006") -> RUN-COMB_2022-03-23_RFR-006 | C69: =VLOOKUP(B69,'Run Reconcile'!A$2:B3090,2,FALSE) -> 44643 | D69: =IFERROR(__xludf.DUMMYFUNCTION("""COMPUTED_VALUE"""),44643.0) -> 44643 | E69: =IFERROR(__xludf.DUMMYFUNCTION("""COMPUTED_VALUE"""),0.30165509259313694) -> 0.30165509 | F69: =IFERROR(__xludf.DUMMYFUNCTION("""COMPUTED_VALUE"""),"Negative") -> Negative | G69: =IFERROR(__xludf.DUMMYFUNCTION("""COMPUTED_VALUE"""),1.0) -> 1
A70: =IFERROR(__xludf.DUMMYFUNCTION("""COMPUTED_VALUE"""),"FM3678") -> FM3678 | B70: =IFERROR(__xludf.DUMMYFUNCTION("""COMPUTED_VALUE"""),"RUN-COMB_2022-03-23_RFR-006") -> RUN-COMB_2022-03-23_RFR-006 | C70: =VLOOKUP(B70,'Run Reconcile'!A$2:B3090,2,FALSE) -> 44643 | D70: =IFERROR(__xludf.DUMMYFUNCTION("""COMPUTED_VALUE"""),44643.0) -> 44643 | E70: =IFERROR(__xludf.DUMMYFUNCTION("""COMPUTED_VALUE"""),0.3020254629627743) -> 0.30202546 | F70: =IFERROR(__xludf.DUMMYFUNCTION("""COMPUTED_VALUE"""),"Negative") -> Negative | G70: =IFERROR(__xludf.DUMMYFUNCTION("""COMPUTED_VALUE"""),1.0) -> 1
A71: =IFERROR(__xludf.DUMMYFUNCTION("""COMPUTED_VALUE"""),"FM3445") -> FM3445 | B71: =IFERROR(__xludf.DUMMYFUNCTION("""COMPUTED_VALUE"""),"RUN-COMB_2022-03-23_RFR-006") -> RUN-COMB_2022-03-23_RFR-006 | C71: =VLOOKUP(B71,'Run Reconcile'!A$2:B3090,2,FALSE) -> 44643 | D71: =IFERROR(__xludf.DUMMYFUNCTION("""COMPUTED_VALUE"""),44643.0) -> 44643 | E71: =IFERROR(__xludf.DUMMYFUNCTION("""COMPUTED_VALUE"""),0.3024652777785377) -> 0.30246528 | F71: =IFERROR(__xludf.DUMMYFUNCTION("""COMPUTED_VALUE"""),"Negative") -> Negative | G71: =IFERROR(__xludf.DUMMYFUNCTION("""COMPUTED_VALUE"""),1.0) -> 1
A72: =IFERROR(__xludf.DUMMYFUNCTION("""COMPUTED_VALUE"""),"FM3410") -> FM3410 | B72: =IFERROR(__xludf.DUMMYFUNCTION("""COMPUTED_VALUE"""),"RUN-COMB_2022-03-23_RFR-006") -> RUN-COMB_2022-03-23_RFR-006 | C72: =VLOOKUP(B72,'Run Reconcile'!A$2:B3090,2,FALSE) -> 44643 | D72: =IFERROR(__xludf.DUMMYFUNCTION("""COMPUTED_VALUE"""),44643.0) -> 44643 | E72: =IFERROR(__xludf.DUMMYFUNCTION("""COMPUTED_VALUE"""),0.3029050925943011) -> 0.30290509 | F72: =IFERROR(__xludf.DUMMYFUNCTION("""COMPUTED_VALUE"""),"Negative") -> Negative | G72: =IFERROR(__xludf.DUMMYFUNCTION("""COMPUTED_VALUE"""),1.0) -> 1
A73: =IFERROR(__xludf.DUMMYFUNCTION("""COMPUTED_VALUE"""),"FM3415") -> FM3415 | B73: =IFERROR(__xludf.DUMMYFUNCTION("""COMPUTED_VALUE"""),"RUN-COMB_2022-03-23_RFR-006") -> RUN-COMB_2022-03-23_RFR-006 | C73: =VLOOKUP(B73,'Run Reconcile'!A$2:B3090,2,FALSE) -> 44643 | D73: =IFERROR(__xludf.DUMMYFUNCTION("""COMPUTED_VALUE"""),44643.0) -> 44643 | E73: =IFERROR(__xludf.DUMMYFUNCTION("""COMPUTED_VALUE"""),0.3033449074064265) -> 0.30334491 | F73: =IFERROR(__xludf.DUMMYFUNCTION("""COMPUTED_VALUE"""),"Negative") -> Negative | G73: =IFERROR(__xludf.DUMMYFUNCTION("""COMPUTED_VALUE"""),1.0) -> 1
A74: =IFERROR(__xludf.DUMMYFUNCTION("""COMPUTED_VALUE"""),"FM3455") -> FM3455 | B74: =IFERROR(__xludf.DUMMYFUNCTION("""COMPUTED_VALUE"""),"RUN-COMB_2022-03-23_RFR-006") -> RUN-COMB_2022-03-23_RFR-006 | C74: =VLOOKUP(B74,'Run Reconcile'!A$2:B3090,2,FALSE) -> 44643 | D74: =IFERROR(__xludf.DUMMYFUNCTION("""COMPUTED_VALUE"""),44643.0) -> 44643 | E74: =IFERROR(__xludf.DUMMYFUNCTION("""COMPUTED_VALUE"""),0.30369212962978054) -> 0.30369213 | F74: =IFERROR(__xludf.DUMMYFUNCTION("""COMPUTED_VALUE"""),"Negative") -> Negative | G74: =IFERROR(__xludf.DUMMYFUNCTION("""COMPUTED_VALUE"""),1.0) -> 1
A75: =IFERROR(__xludf.DUMMYFUNCTION("""COMPUTED_VALUE"""),"FM3450") -> FM3450 | B75: =IFERROR(__xludf.DUMMYFUNCTION("""COMPUTED_VALUE"""),"RUN-COMB_2022-03-23_RFR-006") -> RUN-COMB_2022-03-23_RFR-006 | C75: =VLOOKUP(B75,'Run Reconcile'!A$2:B3090,2,FALSE) -> 44643 | D75: =IFERROR(__xludf.DUMMYFUNCTION("""COMPUTED_VALUE"""),44643.0) -> 44643 | E75: =IFERROR(__xludf.DUMMYFUNCTION("""COMPUTED_VALUE"""),0.30425925926101627) -> 0.30425926 | F75: =IFERROR(__xludf.DUMMYFUNCTION("""COMPUTED_VALUE"""),"Negative") -> Negative | G75: =IFERROR(__xludf.DUMMYFUNCTION("""COMPUTED_VALUE"""),1.0) -> 1
A76: =IFERROR(__xludf.DUMMYFUNCTION("""COMPUTED_VALUE"""),"FM3463") -> FM3463 | B76: =IFERROR(__xludf.DUMMYFUNCTION("""COMPUTED_VALUE"""),"RUN-COMB_2022-03-23_RFR-006") -> RUN-COMB_2022-03-23_RFR-006 | C76: =VLOOKUP(B76,'Run Reconcile'!A$2:B3090,2,FALSE) -> 44643 | D76: =IFERROR(__xludf.DUMMYFUNCTION("""COMPUTED_VALUE"""),44643.0) -> 44643 | E76: =IFERROR(__xludf.DUMMYFUNCTION("""COMPUTED_VALUE"""),0.3047106481499213) -> 0.30471065 | F76: =IFERROR(__xludf.DUMMYFUNCTION("""COMPUTED_VALUE"""),"Negative") -> Negative | G76: =IFERROR(__xludf.DUMMYFUNCTION("""COMPUTED_VALUE"""),1.0) -> 1
A77: =IFERROR(__xludf.DUMMYFUNCTION("""COMPUTED_VALUE"""),"FM3677") -> FM3677 | B77: =IFERROR(__xludf.DUMMYFUNCTION("""COMPUTED_VALUE"""),"RUN-COMB_2022-03-23_RFR-006") -> RUN-COMB_2022-03-23_RFR-006 | C77: =VLOOKUP(B77,'Run Reconcile'!A$2:B3090,2,FALSE) -> 44643 | D77: =IFERROR(__xludf.DUMMYFUNCTION("""COMPUTED_VALUE"""),44643.0) -> 44643 | E77: =IFERROR(__xludf.DUMMYFUNCTION("""COMPUTED_VALUE"""),0.30688657407517894) -> 0.30688657 | F77: =IFERROR(__xludf.DUMMYFUNCTION("""COMPUTED_VALUE"""),"Negative") -> Negative | G77: =IFERROR(__xludf.DUMMYFUNCTION("""COMPUTED_VALUE"""),1.0) -> 1
A78: =IFERROR(__xludf.DUMMYFUNCTION("""COMPUTED_VALUE"""),"FM3444") -> FM3444 | B78: =IFERROR(__xludf.DUMMYFUNCTION("""COMPUTED_VALUE"""),"RUN-COMB_2022-03-23_RFR-006") -> RUN-COMB_2022-03-23_RFR-006 | C78: =VLOOKUP(B78,'Run Reconcile'!A$2:B3090,2,FALSE) -> 44643 | D78: =IFERROR(__xludf.DUMMYFUNCTION("""COMPUTED_VALUE"""),44643.0) -> 44643 | E78: =IFERROR(__xludf.DUMMYFUNCTION("""COMPUTED_VALUE"""),0.307268518517958) -> 0.30726852 | F78: =IFERROR(__xludf.DUMMYFUNCTION("""COMPUTED_VALUE"""),"Negative") -> Negative | G78: =IFERROR(__xludf.DUMMYFUNCTION("""COMPUTED_VALUE"""),1.0) -> 1
A79: =IFERROR(__xludf.DUMMYFUNCTION("""COMPUTED_VALUE"""),"FM3430") -> FM3430 | B79: =IFERROR(__xludf.DUMMYFUNCTION("""COMPUTED_VALUE"""),"RUN-COMB_2022-03-23_RFR-006") -> RUN-COMB_2022-03-23_RFR-006 | C79: =VLOOKUP(B79,'Run Reconcile'!A$2:B3090,2,FALSE) -> 44643 | D79: =IFERROR(__xludf.DUMMYFUNCTION("""COMPUTED_VALUE"""),44643.0) -> 44643 | E79: =IFERROR(__xludf.DUMMYFUNCTION("""COMPUTED_VALUE"""),0.30787037036861875) -> 0.30787037 | F79: =IFERROR(__xludf.DUMMYFUNCTION("""COMPUTED_VALUE"""),"Negative") -> Negative | G79: =IFERROR(__xludf.DUMMYFUNCTION("""COMPUTED_VALUE"""),1.0) -> 1
A80: =IFERROR(__xludf.DUMMYFUNCTION("""COMPUTED_VALUE"""),"FM3418") -> FM3418 | B80: =IFERROR(__xludf.DUMMYFUNCTION("""COMPUTED_VALUE"""),"RUN-COMB_2022-03-23_RFR-006") -> RUN-COMB_2022-03-23_RFR-006 | C80: =VLOOKUP(B80,'Run Reconcile'!A$2:B3090,2,FALSE) -> 44643 | D80: =IFERROR(__xludf.DUMMYFUNCTION("""COMPUTED_VALUE"""),44643.0) -> 44643 | E80: =IFERROR(__xludf.DUMMYFUNCTION("""COMPUTED_VALUE"""),0.3083217592575238) -> 0.30832176 | F80: =IFERROR(__xludf.DUMMYFUNCTION("""COMPUTED_VALUE"""),"Negative") -> Negative | G80: =IFERROR(__xludf.DUMMYFUNCTION("""COMPUTED_VALUE"""),1.0) -> 1
A81: =IFERROR(__xludf.DUMMYFUNCTION("""COMPUTED_VALUE"""),"FM3469") -> FM3469 | B81: =IFERROR(__xludf.DUMMYFUNCTION("""COMPUTED_VALUE"""),"RUN-COMB_2022-03-23_RFR-006") -> RUN-COMB_2022-03-23_RFR-006 | C81: =VLOOKUP(B81,'Run Reconcile'!A$2:B3090,2,FALSE) -> 44643 | D81: =IFERROR(__xludf.DUMMYFUNCTION("""COMPUTED_VALUE"""),44643.0) -> 44643 | E81: =IFERROR(__xludf.DUMMYFUNCTION("""COMPUTED_VALUE"""),0.3087268518502242) -> 0.30872685 | F81: =IFERROR(__xludf.DUMMYFUNCTION("""COMPUTED_VALUE"""),"Negative") -> Negative | G81: =IFERROR(__xludf.DUMMYFUNCTION("""COMPUTED_VALUE"""),1.0) -> 1
A82: =IFERROR(__xludf.DUMMYFUNCTION("""COMPUTED_VALUE"""),"FM3667") -> FM3667 | B82: =IFERROR(__xludf.DUMMYFUNCTION("""COMPUTED_VALUE"""),"RUN-COMB_2022-03-23_RFR-006") -> RUN-COMB_2022-03-23_RFR-006 | C82: =VLOOKUP(B82,'Run Reconcile'!A$2:B3090,2,FALSE) -> 44643 | D82: =IFERROR(__xludf.DUMMYFUNCTION("""COMPUTED_VALUE"""),44643.0) -> 44643 | E82: =IFERROR(__xludf.DUMMYFUNCTION("""COMPUTED_VALUE"""),0.3091203703697829) -> 0.30912037 | F82: =IFERROR(__xludf.DUMMYFUNCTION("""COMPUTED_VALUE"""),"Negative") -> Negative | G82: =IFERROR(__xludf.DUMMYFUNCTION("""COMPUTED_VALUE"""),1.0) -> 1
A83: =IFERROR(__xludf.DUMMYFUNCTION("""COMPUTED_VALUE"""),"FM3429") -> FM3429 | B83: =IFERROR(__xludf.DUMMYFUNCTION("""COMPUTED_VALUE"""),"RUN-COMB_2022-03-23_RFR-006") -> RUN-COMB_2022-03-23_RFR-006 | C83: =VLOOKUP(B83,'Run Reconcile'!A$2:B3090,2,FALSE) -> 44643 | D83: =IFERROR(__xludf.DUMMYFUNCTION("""COMPUTED_VALUE"""),44643.0) -> 44643 | E83: =IFERROR(__xludf.DUMMYFUNCTION("""COMPUTED_VALUE"""),0.3094907407394203) -> 0.30949074 | F83: =IFERROR(__xludf.DUMMYFUNCTION("""COMPUTED_VALUE"""),"Negative") -> Negative | G83: =IFERROR(__xludf.DUMMYFUNCTION("""COMPUTED_VALUE"""),1.0) -> 1
A84: =IFERROR(__xludf.DUMMYFUNCTION("""COMPUTED_VALUE"""),"FM3665") -> FM3665 | B84: =IFERROR(__xludf.DUMMYFUNCTION("""COMPUTED_VALUE"""),"RUN-COMB_2022-03-23_RFR-006") -> RUN-COMB_2022-03-23_RFR-006 | C84: =VLOOKUP(B84,'Run Reconcile'!A$2:B3090,2,FALSE) -> 44643 | D84: =IFERROR(__xludf.DUMMYFUNCTION("""COMPUTED_VALUE"""),44643.0) -> 44643 | E84: =IFERROR(__xludf.DUMMYFUNCTION("""COMPUTED_VALUE"""),0.3101041666668607) -> 0.31010417 | F84: =IFERROR(__xludf.DUMMYFUNCTION("""COMPUTED_VALUE"""),"Negative") -> Negative | G84: =IFERROR(__xludf.DUMMYFUNCTION("""COMPUTED_VALUE"""),1.0) -> 1
A85: =IFERROR(__xludf.DUMMYFUNCTION("""COMPUTED_VALUE"""),"FM3404") -> FM3404 | B85: =IFERROR(__xludf.DUMMYFUNCTION("""COMPUTED_VALUE"""),"RUN-COMB_2022-03-23_RFR-006") -> RUN-COMB_2022-03-23_RFR-006 | C85: =VLOOKUP(B85,'Run Reconcile'!A$2:B3090,2,FALSE) -> 44643 | D85: =IFERROR(__xludf.DUMMYFUNCTION("""COMPUTED_VALUE"""),44643.0) -> 44643 | E85: =IFERROR(__xludf.DUMMYFUNCTION("""COMPUTED_VALUE"""),0.3106712962980964) -> 0.3106713 | F85: =IFERROR(__xludf.DUMMYFUNCTION("""COMPUTED_VALUE"""),"Negative") -> Negative | G85: =IFERROR(__xludf.DUMMYFUNCTION("""COMPUTED_VALUE"""),1.0) -> 1
A86: =IFERROR(__xludf.DUMMYFUNCTION("""COMPUTED_VALUE"""),"FM3435") -> FM3435 | B86: =IFERROR(__xludf.DUMMYFUNCTION("""COMPUTED_VALUE"""),"RUN-COMB_2022-03-23_RFR-006") -> RUN-COMB_2022-03-23_RFR-006 | C86: =VLOOKUP(B86,'Run Reconcile'!A$2:B3090,2,FALSE) -> 44643 | D86: =IFERROR(__xludf.DUMMYFUNCTION("""COMPUTED_VALUE"""),44643.0) -> 44643 | E86: =IFERROR(__xludf.DUMMYFUNCTION("""COMPUTED_VALUE"""),0.3111921296294895) -> 0.31119213 | F86: =IFERROR(__xludf.DUMMYFUNCTION("""COMPUTED_VALUE"""),"Negative") -> Negative | G86: =IFERROR(__xludf.DUMMYFUNCTION("""COMPUTED_VALUE"""),1.0) -> 1
A87: =IFERROR(__xludf.DUMMYFUNCTION("""COMPUTED_VALUE"""),"FM3472") -> FM3472 | B87: =IFERROR(__xludf.DUMMYFUNCTION("""COMPUTED_VALUE"""),"RUN-COMB_2022-03-23_RFR-006") -> RUN-COMB_2022-03-23_RFR-006 | C87: =VLOOKUP(B87,'Run Reconcile'!A$2:B3090,2,FALSE) -> 44643 | D87: =IFERROR(__xludf.DUMMYFUNCTION("""COMPUTED_VALUE"""),44643.0) -> 44643 | E87: =IFERROR(__xludf.DUMMYFUNCTION("""COMPUTED_VALUE"""),0.3117476851839456) -> 0.31174769 | F87: =IFERROR(__xludf.DUMMYFUNCTION("""COMPUTED_VALUE"""),"Negative") -> Negative | G87: =IFERROR(__xludf.DUMMYFUNCTION("""COMPUTED_VALUE"""),1.0) -> 1
A88: =IFERROR(__xludf.DUMMYFUNCTION("""COMPUTED_VALUE"""),"FM3408") -> FM3408 | B88: =IFERROR(__xludf.DUMMYFUNCTION("""COMPUTED_VALUE"""),"RUN-COMB_2022-03-23_RFR-006") -> RUN-COMB_2022-03-23_RFR-006 | C88: =VLOOKUP(B88,'Run Reconcile'!A$2:B3090,2,FALSE) -> 44643 | D88: =IFERROR(__xludf.DUMMYFUNCTION("""COMPUTED_VALUE"""),44643.0) -> 44643 | E88: =IFERROR(__xludf.DUMMYFUNCTION("""COMPUTED_VALUE"""),0.31223379629591363) -> 0.3122338 | F88: =IFERROR(__xludf.DUMMYFUNCTION("""COMPUTED_VALUE"""),"Negative") -> Negative | G88: =IFERROR(__xludf.DUMMYFUNCTION("""COMPUTED_VALUE"""),1.0) -> 1
A89: =IFERROR(__xludf.DUMMYFUNCTION("""COMPUTED_VALUE"""),"FM3666") -> FM3666 | B89: =IFERROR(__xludf.DUMMYFUNCTION("""COMPUTED_VALUE"""),"RUN-COMB_2022-03-23_RFR-006") -> RUN-COMB_2022-03-23_RFR-006 | C89: =VLOOKUP(B89,'Run Reconcile'!A$2:B3090,2,FALSE) -> 44643 | D89: =IFERROR(__xludf.DUMMYFUNCTION("""COMPUTED_VALUE"""),44643.0) -> 44643 | E89: =IFERROR(__xludf.DUMMYFUNCTION("""COMPUTED_VALUE"""),0.3128356481465744) -> 0.31283565 | F89: =IFERROR(__xludf.DUMMYFUNCTION("""COMPUTED_VALUE"""),"Negative") -> Negative | G89: =IFERROR(__xludf.DUMMYFUNCTION("""COMPUTED_VALUE"""),1.0) -> 1
A90: =IFERROR(__xludf.DUMMYFUNCTION("""COMPUTED_VALUE"""),"FM3414") -> FM3414 | B90: =IFERROR(__xludf.DUMMYFUNCTION("""COMPUTED_VALUE"""),"RUN-COMB_2022-03-23_RFR-006") -> RUN-COMB_2022-03-23_RFR-006 | C90: =VLOOKUP(B90,'Run Reconcile'!A$2:B3090,2,FALSE) -> 44643 | D90: =IFERROR(__xludf.DUMMYFUNCTION("""COMPUTED_VALUE"""),44643.0) -> 44643 | E90: =IFERROR(__xludf.DUMMYFUNCTION("""COMPUTED_VALUE"""),0.3132986111122591) -> 0.31329861 | F90: =IFERROR(__xludf.DUMMYFUNCTION("""COMPUTED_VALUE"""),"Negative") -> Negative | G90: =IFERROR(__xludf.DUMMYFUNCTION("""COMPUTED_VALUE"""),1.0) -> 1
A91: =IFERROR(__xludf.DUMMYFUNCTION("""COMPUTED_VALUE"""),"FM3468") -> FM3468 | B91: =IFERROR(__xludf.DUMMYFUNCTION("""COMPUTED_VALUE"""),"RUN-COMB_2022-03-23_RFR-006") -> RUN-COMB_2022-03-23_RFR-006 | C91: =VLOOKUP(B91,'Run Reconcile'!A$2:B3090,2,FALSE) -> 44643 | D91: =IFERROR(__xludf.DUMMYFUNCTION("""COMPUTED_VALUE"""),44643.0) -> 44643 | E91: =IFERROR(__xludf.DUMMYFUNCTION("""COMPUTED_VALUE"""),0.3137615740743058) -> 0.31376157 | F91: =IFERROR(__xludf.DUMMYFUNCTION("""COMPUTED_VALUE"""),"Negative") -> Negative | G91: =IFERROR(__xludf.DUMMYFUNCTION("""COMPUTED_VALUE"""),1.0) -> 1
A92: =IFERROR(__xludf.DUMMYFUNCTION("""COMPUTED_VALUE"""),"FM3412") -> FM3412 | B92: =IFERROR(__xludf.DUMMYFUNCTION("""COMPUTED_VALUE"""),"RUN-COMB_2022-03-23_RFR-006") -> RUN-COMB_2022-03-23_RFR-006 | C92: =VLOOKUP(B92,'Run Reconcile'!A$2:B3090,2,FALSE) -> 44643 | D92: =IFERROR(__xludf.DUMMYFUNCTION("""COMPUTED_VALUE"""),44643.0) -> 44643 | E92: =IFERROR(__xludf.DUMMYFUNCTION("""COMPUTED_VALUE"""),0.31422453703635256) -> 0.31422454 | F92: =IFERROR(__xludf.DUMMYFUNCTION("""COMPUTED_VALUE"""),"Negative") -> Negative | G92: =IFERROR(__xludf.DUMMYFUNCTION("""COMPUTED_VALUE"""),1.0) -> 1
A93: =IFERROR(__xludf.DUMMYFUNCTION("""COMPUTED_VALUE"""),"FM3473") -> FM3473 | B93: =IFERROR(__xludf.DUMMYFUNCTION("""COMPUTED_VALUE"""),"RUN-COMB_2022-03-23_RFR-006") -> RUN-COMB_2022-03-23_RFR-006 | C93: =VLOOKUP(B93,'Run Reconcile'!A$2:B3090,2,FALSE) -> 44643 | D93: =IFERROR(__xludf.DUMMYFUNCTION("""COMPUTED_VALUE"""),44643.0) -> 44643 | E93: =IFERROR(__xludf.DUMMYFUNCTION("""COMPUTED_VALUE"""),0.3144907407404389) -> 0.31449074 | F93: =IFERROR(__xludf.DUMMYFUNCTION("""COMPUTED_VALUE"""),"Negative") -> Negative | G93: =IFERROR(__xludf.DUMMYFUNCTION("""COMPUTED_VALUE"""),1.0) -> 1
A94: =IFERROR(__xludf.DUMMYFUNCTION("""COMPUTED_VALUE"""),"FM3427") -> FM3427 | B94: =IFERROR(__xludf.DUMMYFUNCTION("""COMPUTED_VALUE"""),"RUN-COMB_2022-03-23_RFR-006") -> RUN-COMB_2022-03-23_RFR-006 | C94: =VLOOKUP(B94,'Run Reconcile'!A$2:B3090,2,FALSE) -> 44643 | D94: =IFERROR(__xludf.DUMMYFUNCTION("""COMPUTED_VALUE"""),44643.0) -> 44643 | E94: =IFERROR(__xludf.DUMMYFUNCTION("""COMPUTED_VALUE"""),0.3215393518512428) -> 0.32153935 | F94: =IFERROR(__xludf.DUMMYFUNCTION("""COMPUTED_VALUE"""),"Negative") -> Negative | G94: =IFERROR(__xludf.DUMMYFUNCTION("""COMPUTED_VALUE"""),1.0) -> 1
A95: =IFERROR(__xludf.DUMMYFUNCTION("""COMPUTED_VALUE"""),"FM3674") -> FM3674 | B95: =IFERROR(__xludf.DUMMYFUNCTION("""COMPUTED_VALUE"""),"RUN-COMB_2022-03-23_RFR-006") -> RUN-COMB_2022-03-23_RFR-006 | C95: =VLOOKUP(B95,'Run Reconcile'!A$2:B3090,2,FALSE) -> 44643 | D95: =IFERROR(__xludf.DUMMYFUNCTION("""COMPUTED_VALUE"""),44643.0) -> 44643 | E95: =IFERROR(__xludf.DUMMYFUNCTION("""COMPUTED_VALUE"""),0.39100694444277906) -> 0.39100694 | F95: =IFERROR(__xludf.DUMMYFUNCTION("""COMPUTED_VALUE"""),"Negative") -> Negative | G95: =IFERROR(__xludf.DUMMYFUNCTION("""COMPUTED_VALUE"""),1.0) -> 1
A96: =IFERROR(__xludf.DUMMYFUNCTION("""COMPUTED_VALUE"""),"FM3446") -> FM3446 | B96: =IFERROR(__xludf.DUMMYFUNCTION("""COMPUTED_VALUE"""),"RUN-COMB_2022-03-24_RFR-007") -> RUN-COMB_2022-03-24_RFR-007 | C96: =VLOOKUP(B96,'Run Reconcile'!A$2:B3090,2,FALSE) -> 44644 | D96: =IFERROR(__xludf.DUMMYFUNCTION("""COMPUTED_VALUE"""),44644.0) -> 44644 | E96: =IFERROR(__xludf.DUMMYFUNCTION("""COMPUTED_VALUE"""),0.32730324074145756) -> 0.32730324 | F96: =IFERROR(__xludf.DUMMYFUNCTION("""COMPUTED_VALUE"""),"Negative") -> Negative | G96: =IFERROR(__xludf.DUMMYFUNCTION("""COMPUTED_VALUE"""),1.0) -> 1
A97: =IFERROR(__xludf.DUMMYFUNCTION("""COMPUTED_VALUE"""),"FM3480") -> FM3480 | B97: =IFERROR(__xludf.DUMMYFUNCTION("""COMPUTED_VALUE"""),"RUN-COMB_2022-03-24_RFR-007") -> RUN-COMB_2022-03-24_RFR-007 | C97: =VLOOKUP(B97,'Run Reconcile'!A$2:B3090,2,FALSE) -> 44644 | D97: =IFERROR(__xludf.DUMMYFUNCTION("""COMPUTED_VALUE"""),44644.0) -> 44644 | E97: =IFERROR(__xludf.DUMMYFUNCTION("""COMPUTED_VALUE"""),0.32836805555416504) -> 0.32836806 | F97: =IFERROR(__xludf.DUMMYFUNCTION("""COMPUTED_VALUE"""),"Negative") -> Negative | G97: =IFERROR(__xludf.DUMMYFUNCTION("""COMPUTED_VALUE"""),1.0) -> 1
A98: =IFERROR(__xludf.DUMMYFUNCTION("""COMPUTED_VALUE"""),"FM3466") -> FM3466 | B98: =IFERROR(__xludf.DUMMYFUNCTION("""COMPUTED_VALUE"""),"RUN-COMB_2022-03-24_RFR-007") -> RUN-COMB_2022-03-24_RFR-007 | C98: =VLOOKUP(B98,'Run Reconcile'!A$2:B3090,2,FALSE) -> 44644 | D98: =IFERROR(__xludf.DUMMYFUNCTION("""COMPUTED_VALUE"""),44644.0) -> 44644 | E98: =IFERROR(__xludf.DUMMYFUNCTION("""COMPUTED_VALUE"""),0.32984953703635256) -> 0.32984954 | F98: =IFERROR(__xludf.DUMMYFUNCTION("""COMPUTED_VALUE"""),"Negative") -> Negative | G98: =IFERROR(__xludf.DUMMYFUNCTION("""COMPUTED_VALUE"""),1.0) -> 1
A99: =IFERROR(__xludf.DUMMYFUNCTION("""COMPUTED_VALUE"""),"FM3458") -> FM3458 | B99: =IFERROR(__xludf.DUMMYFUNCTION("""COMPUTED_VALUE"""),"RUN-COMB_2022-03-24_RFR-007") -> RUN-COMB_2022-03-24_RFR-007 | C99: =VLOOKUP(B99,'Run Reconcile'!A$2:B3090,2,FALSE) -> 44644 | D99: =IFERROR(__xludf.DUMMYFUNCTION("""COMPUTED_VALUE"""),44644.0) -> 44644 | E99: =IFERROR(__xludf.DUMMYFUNCTION("""COMPUTED_VALUE"""),0.3305208333331393) -> 0.33052083 | F99: =IFERROR(__xludf.DUMMYFUNCTION("""COMPUTED_VALUE"""),"Negative") -> Negative | G99: =IFERROR(__xludf.DUMMYFUNCTION("""COMPUTED_VALUE"""),1.0) -> 1
A100: =IFERROR(__xludf.DUMMYFUNCTION("""COMPUTED_VALUE"""),"FM3441") -> FM3441 | B100: =IFERROR(__xludf.DUMMYFUNCTION("""COMPUTED_VALUE"""),"RUN-COMB_2022-03-24_RFR-007") -> RUN-COMB_2022-03-24_RFR-007 | C100: =VLOOKUP(B100,'Run Reconcile'!A$2:B3090,2,FALSE) -> 44644 | D100: =IFERROR(__xludf.DUMMYFUNCTION("""COMPUTED_VALUE"""),44644.0) -> 44644 | E100: =IFERROR(__xludf.DUMMYFUNCTION("""COMPUTED_VALUE"""),0.3309606481489027) -> 0.33096065 | F100: =IFERROR(__xludf.DUMMYFUNCTION("""COMPUTED_VALUE"""),"Negative") -> Negative | G100: =IFERROR(__xludf.DUMMYFUNCTION("""COMPUTED_VALUE"""),1.0) -> 1
...

Sheet Weekly
A1: Week Start Date | B1: Week End Date | C1: =CONCATENATE("Weekly Participants ",SUM(C2:C99)) -> Weekly Participants 1672 | D1: =CONCATENATE("Weekly Tubes Run ",SUM(D2:D99)) -> Weekly Tubes Run 1981 | E1: =CONCATENATE("Weekly Positive Tubes ",SUM(E2:E99)) -> Weekly Positive Tubes 18 | F1: =CONCATENATE("Weekly Inconclusive Tubes ",SUM(F2:F99)) -> Weekly Inconclusive Tubes 3 | G1: % Positive
A2: =MIN('ALL Tube Results'!C:C) - WEEKDAY(MIN('ALL Tube Results'!C:C), 3) -> 44634 | B2: =A2+6 -> 44640 | C2: =SUMIFS('ALL Tube Results'!$G$2:$G99, 'ALL Tube Results'!$C$2:$C99, ">="&A2, 'ALL Tube Results'!$C$2:$C99, "<="&B2) -> 18 | D2: =COUNTIFS('ALL Tube Results'!$C2:$C99, ">="&A2, 'ALL Tube Results'!$C2:$C99, "<="&B2) -> 18 | E2: =COUNTIFS('ALL Tube Results'!$C2:$C99, ">="&A2, 'ALL Tube Results'!$C2:$C99, "<="&B2, 'ALL Tube Results'!$F2:$F99, "Positive") -> 0 | F2: =COUNTIFS('ALL Tube Results'!$C2:$C99, ">="&A2, 'ALL Tube Results'!$C2:$C99, "<="&B2, 'ALL Tube Results'!$F2:$F99, "Inconclusive") -> 0 | G2: =IFERROR(E2/D2,IFERROR(0/0,"")) -> 0 | I2: =TEXT(A2,"ddd") -> Mon
A3: =B2+1 -> 44641 | B3: =A3+6 -> 44647 | C3: =SUMIFS('ALL Tube Results'!$G$2:$G99, 'ALL Tube Results'!$C$2:$C99, ">="&A3, 'ALL Tube Results'!$C$2:$C99, "<="&B3) -> 99 | D3: =COUNTIFS('ALL Tube Results'!$C3:$C99, ">="&A3, 'ALL Tube Results'!$C3:$C99, "<="&B3) -> 100 | E3: =COUNTIFS('ALL Tube Results'!$C3:$C99, ">="&A3, 'ALL Tube Results'!$C3:$C99, "<="&B3, 'ALL Tube Results'!$F3:$F99, "Positive") -> 1 | F3: =COUNTIFS('ALL Tube Results'!$C3:$C99, ">="&A3, 'ALL Tube Results'!$C3:$C99, "<="&B3, 'ALL Tube Results'!$F3:$F99, "Inconclusive") -> 0 | G3: =IFERROR(E3/D3,IFERROR(0/0,"")) -> 0.01
A4: =A3+7 -> 44648 | B4: =A4+6 -> 44654 | C4: =SUMIFS('ALL Tube Results'!$G$2:$G99, 'ALL Tube Results'!$C$2:$C99, ">="&A4, 'ALL Tube Results'!$C$2:$C99, "<="&B4) -> 2 | D4: =COUNTIFS('ALL Tube Results'!$C4:$C99, ">="&A4, 'ALL Tube Results'!$C4:$C99, "<="&B4) -> 2 | E4: =COUNTIFS('ALL Tube Results'!$C4:$C99, ">="&A4, 'ALL Tube Results'!$C4:$C99, "<="&B4, 'ALL Tube Results'!$F4:$F99, "Positive") -> 0 | F4: =COUNTIFS('ALL Tube Results'!$C4:$C99, ">="&A4, 'ALL Tube Results'!$C4:$C99, "<="&B4, 'ALL Tube Results'!$F4:$F99, "Inconclusive") -> 0 | G4: =IFERROR(E4/D4,IFERROR(0/0,"")) -> 0
A5: =A4+7 -> 44655 | B5: =A5+6 -> 44661 | C5: =SUMIFS('ALL Tube Results'!$G$2:$G99, 'ALL Tube Results'!$C$2:$C99, ">="&A5, 'ALL Tube Results'!$C$2:$C99, "<="&B5) -> 127 | D5: =COUNTIFS('ALL Tube Results'!$C5:$C99, ">="&A5, 'ALL Tube Results'!$C5:$C99, "<="&B5) -> 142 | E5: =COUNTIFS('ALL Tube Results'!$C5:$C99, ">="&A5, 'ALL Tube Results'!$C5:$C99, "<="&B5, 'ALL Tube Results'!$F5:$F99, "Positive") -> 0 | F5: =COUNTIFS('ALL Tube Results'!$C5:$C99, ">="&A5, 'ALL Tube Results'!$C5:$C99, "<="&B5, 'ALL Tube Results'!$F5:$F99, "Inconclusive") -> 0 | G5: =IFERROR(E5/D5,IFERROR(0/0,"")) -> 0
A6: =A5+7 -> 44662 | B6: =A6+6 -> 44668 | C6: =SUMIFS('ALL Tube Results'!$G$2:$G99, 'ALL Tube Results'!$C$2:$C99, ">="&A6, 'ALL Tube Results'!$C$2:$C99, "<="&B6) -> 120 | D6: =COUNTIFS('ALL Tube Results'!$C6:$C99, ">="&A6, 'ALL Tube Results'!$C6:$C99, "<="&B6) -> 120 | E6: =COUNTIFS('ALL Tube Results'!$C6:$C99, ">="&A6, 'ALL Tube Results'!$C6:$C99, "<="&B6, 'ALL Tube Results'!$F6:$F99, "Positive") -> 0 | F6: =COUNTIFS('ALL Tube Results'!$C6:$C99, ">="&A6, 'ALL Tube Results'!$C6:$C99, "<="&B6, 'ALL Tube Results'!$F6:$F99, "Inconclusive") -> 0 | G6: =IFERROR(E6/D6,IFERROR(0/0,"")) -> 0
A7: =A6+7 -> 44669 | B7: =A7+6 -> 44675 | C7: =SUMIFS('ALL Tube Results'!$G$2:$G99, 'ALL Tube Results'!$C$2:$C99, ">="&A7, 'ALL Tube Results'!$C$2:$C99, "<="&B7) -> 134 | D7: =COUNTIFS('ALL Tube Results'!$C7:$C99, ">="&A7, 'ALL Tube Results'!$C7:$C99, "<="&B7) -> 134 | E7: =COUNTIFS('ALL Tube Results'!$C7:$C99, ">="&A7, 'ALL Tube Results'!$C7:$C99, "<="&B7, 'ALL Tube Results'!$F7:$F99, "Positive") -> 1 | F7: =COUNTIFS('ALL Tube Results'!$C7:$C99, ">="&A7, 'ALL Tube Results'!$C7:$C99, "<="&B7, 'ALL Tube Results'!$F7:$F99, "Inconclusive") -> 0 | G7: =IFERROR(E7/D7,IFERROR(0/0,"")) -> 0.0074626866
A8: =A7+7 -> 44676 | B8: =A8+6 -> 44682 | C8: =SUMIFS('ALL Tube Results'!$G$2:$G99, 'ALL Tube Results'!$C$2:$C99, ">="&A8, 'ALL Tube Results'!$C$2:$C99, "<="&B8) -> 108 | D8: =COUNTIFS('ALL Tube Results'!$C8:$C99, ">="&A8, 'ALL Tube Results'!$C8:$C99, "<="&B8) -> 108 | E8: =COUNTIFS('ALL Tube Results'!$C8:$C99, ">="&A8, 'ALL Tube Results'!$C8:$C99, "<="&B8, 'ALL Tube Results'!$F8:$F99, "Positive") -> 2 | F8: =COUNTIFS('ALL Tube Results'!$C8:$C99, ">="&A8, 'ALL Tube Results'!$C8:$C99, "<="&B8, 'ALL Tube Results'!$F8:$F99, "Inconclusive") -> 0 | G8: =IFERROR(E8/D8,IFERROR(0/0,"")) -> 0.018518519
A9: =A8+7 -> 44683 | B9: =A9+6 -> 44689 | C9: =SUMIFS('ALL Tube Results'!$G$2:$G99, 'ALL Tube Results'!$C$2:$C99, ">="&A9, 'ALL Tube Results'!$C$2:$C99, "<="&B9) -> 0 | D9: =COUNTIFS('ALL Tube Results'!$C9:$C99, ">="&A9, 'ALL Tube Results'!$C9:$C99, "<="&B9) -> 0 | E9: =COUNTIFS('ALL Tube Results'!$C9:$C99, ">="&A9, 'ALL Tube Results'!$C9:$C99, "<="&B9, 'ALL Tube Results'!$F9:$F99, "Positive") -> 0 | F9: =COUNTIFS('ALL Tube Results'!$C9:$C99, ">="&A9, 'ALL Tube Results'!$C9:$C99, "<="&B9, 'ALL Tube Results'!$F9:$F99, "Inconclusive") -> 0 | G9: =IFERROR(E9/D9,IFERROR(0/0,""))
A10: =A9+7 -> 44690 | B10: =A10+6 -> 44696 | C10: =SUMIFS('ALL Tube Results'!$G$2:$G99, 'ALL Tube Results'!$C$2:$C99, ">="&A10, 'ALL Tube Results'!$C$2:$C99, "<="&B10) -> 112 | D10: =COUNTIFS('ALL Tube Results'!$C10:$C99, ">="&A10, 'ALL Tube Results'!$C10:$C99, "<="&B10) -> 112 | E10: =COUNTIFS('ALL Tube Results'!$C10:$C99, ">="&A10, 'ALL Tube Results'!$C10:$C99, "<="&B10, 'ALL Tube Results'!$F10:$F99, "Positive") -> 0 | F10: =COUNTIFS('ALL Tube Results'!$C10:$C99, ">="&A10, 'ALL Tube Results'!$C10:$C99, "<="&B10, 'ALL Tube Results'!$F10:$F99, "Inconclusive") -> 0 | G10: =IFERROR(E10/D10,IFERROR(0/0,"")) -> 0
A11: =A10+7 -> 44697 | B11: =A11+6 -> 44703 | C11: =SUMIFS('ALL Tube Results'!$G$2:$G99, 'ALL Tube Results'!$C$2:$C99, ">="&A11, 'ALL Tube Results'!$C$2:$C99, "<="&B11) -> 99 | D11: =COUNTIFS('ALL Tube Results'!$C11:$C99, ">="&A11, 'ALL Tube Results'!$C11:$C99, "<="&B11) -> 99 | E11: =COUNTIFS('ALL Tube Results'!$C11:$C99, ">="&A11, 'ALL Tube Results'!$C11:$C99, "<="&B11, 'ALL Tube Results'!$F11:$F99, "Positive") -> 0 | F11: =COUNTIFS('ALL Tube Results'!$C11:$C99, ">="&A11, 'ALL Tube Results'!$C11:$C99, "<="&B11, 'ALL Tube Results'!$F11:$F99, "Inconclusive") -> 0 | G11: =IFERROR(E11/D11,IFERROR(0/0,"")) -> 0
A12: =A11+7 -> 44704 | B12: =A12+6 -> 44710 | C12: =SUMIFS('ALL Tube Results'!$G$2:$G99, 'ALL Tube Results'!$C$2:$C99, ">="&A12, 'ALL Tube Results'!$C$2:$C99, "<="&B12) -> 128 | D12: =COUNTIFS('ALL Tube Results'!$C12:$C99, ">="&A12, 'ALL Tube Results'!$C12:$C99, "<="&B12) -> 137 | E12: =COUNTIFS('ALL Tube Results'!$C12:$C99, ">="&A12, 'ALL Tube Results'!$C12:$C99, "<="&B12, 'ALL Tube Results'!$F12:$F99, "Positive") -> 0 | F12: =COUNTIFS('ALL Tube Results'!$C12:$C99, ">="&A12, 'ALL Tube Results'!$C12:$C99, "<="&B12, 'ALL Tube Results'!$F12:$F99, "Inconclusive") -> 0 | G12: =IFERROR(E12/D12,IFERROR(0/0,"")) -> 0
A13: =A12+7 -> 44711 | B13: =A13+6 -> 44717 | C13: =SUMIFS('ALL Tube Results'!$G$2:$G99, 'ALL Tube Results'!$C$2:$C99, ">="&A13, 'ALL Tube Results'!$C$2:$C99, "<="&B13) -> 114 | D13: =COUNTIFS('ALL Tube Results'!$C13:$C99, ">="&A13, 'ALL Tube Results'!$C13:$C99, "<="&B13) -> 114 | E13: =COUNTIFS('ALL Tube Results'!$C13:$C99, ">="&A13, 'ALL Tube Results'!$C13:$C99, "<="&B13, 'ALL Tube Results'!$F13:$F99, "Positive") -> 1 | F13: =COUNTIFS('ALL Tube Results'!$C13:$C99, ">="&A13, 'ALL Tube Results'!$C13:$C99, "<="&B13, 'ALL Tube Results'!$F13:$F99, "Inconclusive") -> 0 | G13: =IFERROR(E13/D13,IFERROR(0/0,"")) -> 0.0087719298
A14: =A13+7 -> 44718 | B14: =A14+6 -> 44724 | C14: =SUMIFS('ALL Tube Results'!$G$2:$G99, 'ALL Tube Results'!$C$2:$C99, ">="&A14, 'ALL Tube Results'!$C$2:$C99, "<="&B14) -> 55 | D14: =COUNTIFS('ALL Tube Results'!$C14:$C99, ">="&A14, 'ALL Tube Results'!$C14:$C99, "<="&B14) -> 130 | E14: =COUNTIFS('ALL Tube Results'!$C14:$C99, ">="&A14, 'ALL Tube Results'!$C14:$C99, "<="&B14, 'ALL Tube Results'!$F14:$F99, "Positive") -> 3 | F14: =COUNTIFS('ALL Tube Results'!$C14:$C99, ">="&A14, 'ALL Tube Results'!$C14:$C99, "<="&B14, 'ALL Tube Results'!$F14:$F99, "Inconclusive") -> 0 | G14: =IFERROR(E14/D14,IFERROR(0/0,"")) -> 0.023076923
A15: =A14+7 -> 44725 | B15: =A15+6 -> 44731 | C15: =SUMIFS('ALL Tube Results'!$G$2:$G99, 'ALL Tube Results'!$C$2:$C99, ">="&A15, 'ALL Tube Results'!$C$2:$C99, "<="&B15) -> 0 | D15: =COUNTIFS('ALL Tube Results'!$C15:$C99, ">="&A15, 'ALL Tube Results'!$C15:$C99, "<="&B15) -> 0 | E15: =COUNTIFS('ALL Tube Results'!$C15:$C99, ">="&A15, 'ALL Tube Results'!$C15:$C99, "<="&B15, 'ALL Tube Results'!$F15:$F99, "Positive") -> 0 | F15: =COUNTIFS('ALL Tube Results'!$C15:$C99, ">="&A15, 'ALL Tube Results'!$C15:$C99, "<="&B15, 'ALL Tube Results'!$F15:$F99, "Inconclusive") -> 0 | G15: =IFERROR(E15/D15,IFERROR(0/0,""))
A16: =A15+7 -> 44732 | B16: =A16+6 -> 44738 | C16: =SUMIFS('ALL Tube Results'!$G$2:$G99, 'ALL Tube Results'!$C$2:$C99, ">="&A16, 'ALL Tube Results'!$C$2:$C99, "<="&B16) -> 0 | D16: =COUNTIFS('ALL Tube Results'!$C16:$C99, ">="&A16, 'ALL Tube Results'!$C16:$C99, "<="&B16) -> 0 | E16: =COUNTIFS('ALL Tube Results'!$C16:$C99, ">="&A16, 'ALL Tube Results'!$C16:$C99, "<="&B16, 'ALL Tube Results'!$F16:$F99, "Positive") -> 0 | F16: =COUNTIFS('ALL Tube Results'!$C16:$C99, ">="&A16, 'ALL Tube Results'!$C16:$C99, "<="&B16, 'ALL Tube Results'!$F16:$F99, "Inconclusive") -> 0 | G16: =IFERROR(E16/D16,IFERROR(0/0,""))
A17: =A16+7 -> 44739 | B17: =A17+6 -> 44745 | C17: =SUMIFS('ALL Tube Results'!$G$2:$G99, 'ALL Tube Results'!$C$2:$C99, ">="&A17, 'ALL Tube Results'!$C$2:$C99, "<="&B17) -> 90 | D17: =COUNTIFS('ALL Tube Results'!$C17:$C99, ">="&A17, 'ALL Tube Results'!$C17:$C99, "<="&B17) -> 125 | E17: =COUNTIFS('ALL Tube Results'!$C17:$C99, ">="&A17, 'ALL Tube Results'!$C17:$C99, "<="&B17, 'ALL Tube Results'!$F17:$F99, "Positive") -> 4 | F17: =COUNTIFS('ALL Tube Results'!$C17:$C99, ">="&A17, 'ALL Tube Results'!$C17:$C99, "<="&B17, 'ALL Tube Results'!$F17:$F99, "Inconclusive") -> 3 | G17: =IFERROR(E17/D17,IFERROR(0/0,"")) -> 0.032
A18: =A17+7 -> 44746 | B18: =A18+6 -> 44752 | C18: =SUMIFS('ALL Tube Results'!$G$2:$G99, 'ALL Tube Results'!$C$2:$C99, ">="&A18, 'ALL Tube Results'!$C$2:$C99, "<="&B18) -> 131 | D18: =COUNTIFS('ALL Tube Results'!$C18:$C99, ">="&A18, 'ALL Tube Results'!$C18:$C99, "<="&B18) -> 132 | E18: =COUNTIFS('ALL Tube Results'!$C18:$C99, ">="&A18, 'ALL Tube Results'!$C18:$C99, "<="&B18, 'ALL Tube Results'!$F18:$F99, "Positive") -> 1 | F18: =COUNTIFS('ALL Tube Results'!$C18:$C99, ">="&A18, 'ALL Tube Results'!$C18:$C99, "<="&B18, 'ALL Tube Results'!$F18:$F99, "Inconclusive") -> 0 | G18: =IFERROR(E18/D18,IFERROR(0/0,"")) -> 0.0075757576
A19: =A18+7 -> 44753 | B19: =A19+6 -> 44759 | C19: =SUMIFS('ALL Tube Results'!$G$2:$G99, 'ALL Tube Results'!$C$2:$C99, ">="&A19, 'ALL Tube Results'!$C$2:$C99, "<="&B19) -> 122 | D19: =COUNTIFS('ALL Tube Results'!$C19:$C99, ">="&A19, 'ALL Tube Results'!$C19:$C99, "<="&B19) -> 123 | E19: =COUNTIFS('ALL Tube Results'!$C19:$C99, ">="&A19, 'ALL Tube Results'!$C19:$C99, "<="&B19, 'ALL Tube Results'!$F19:$F99, "Positive") -> 0 | F19: =COUNTIFS('ALL Tube Results'!$C19:$C99, ">="&A19, 'ALL Tube Results'!$C19:$C99, "<="&B19, 'ALL Tube Results'!$F19:$F99, "Inconclusive") -> 0 | G19: =IFERROR(E19/D19,IFERROR(0/0,"")) -> 0
A20: =A19+7 -> 44760 | B20: =A20+6 -> 44766 | C20: =SUMIFS('ALL Tube Results'!$G$2:$G99, 'ALL Tube Results'!$C$2:$C99, ">="&A20, 'ALL Tube Results'!$C$2:$C99, "<="&B20) -> 97 | D20: =COUNTIFS('ALL Tube Results'!$C20:$C99, ">="&A20, 'ALL Tube Results'!$C20:$C99, "<="&B20) -> 200 | E20: =COUNTIFS('ALL Tube Results'!$C20:$C99, ">="&A20, 'ALL Tube Results'!$C20:$C99, "<="&B20, 'ALL Tube Results'!$F20:$F99, "Positive") -> 4 | F20: =COUNTIFS('ALL Tube Results'!$C20:$C99, ">="&A20, 'ALL Tube Results'!$C20:$C99, "<="&B20, 'ALL Tube Results'!$F20:$F99, "Inconclusive") -> 0 | G20: =IFERROR(E20/D20,IFERROR(0/0,"")) -> 0.02
A21: =A20+7 -> 44767 | B21: =A21+6 -> 44773 | C21: =SUMIFS('ALL Tube Results'!$G$2:$G99, 'ALL Tube Results'!$C$2:$C99, ">="&A21, 'ALL Tube Results'!$C$2:$C99, "<="&B21) -> 0 | D21: =COUNTIFS('ALL Tube Results'!$C21:$C99, ">="&A21, 'ALL Tube Results'!$C21:$C99, "<="&B21) -> 0 | E21: =COUNTIFS('ALL Tube Results'!$C21:$C99, ">="&A21, 'ALL Tube Results'!$C21:$C99, "<="&B21, 'ALL Tube Results'!$F21:$F99, "Positive") -> 0 | F21: =COUNTIFS('ALL Tube Results'!$C21:$C99, ">="&A21, 'ALL Tube Results'!$C21:$C99, "<="&B21, 'ALL Tube Results'!$F21:$F99, "Inconclusive") -> 0 | G21: =IFERROR(E21/D21,IFERROR(0/0,""))
A22: =A21+7 -> 44774 | B22: =A22+6 -> 44780 | C22: =SUMIFS('ALL Tube Results'!$G$2:$G99, 'ALL Tube Results'!$C$2:$C99, ">="&A22, 'ALL Tube Results'!$C$2:$C99, "<="&B22) -> 54 | D22: =COUNTIFS('ALL Tube Results'!$C22:$C99, ">="&A22, 'ALL Tube Results'!$C22:$C99, "<="&B22) -> 86 | E22: =COUNTIFS('ALL Tube Results'!$C22:$C99, ">="&A22, 'ALL Tube Results'!$C22:$C99, "<="&B22, 'ALL Tube Results'!$F22:$F99, "Positive") -> 0 | F22: =COUNTIFS('ALL Tube Results'!$C22:$C99, ">="&A22, 'ALL Tube Results'!$C22:$C99, "<="&B22, 'ALL Tube Results'!$F22:$F99, "Inconclusive") -> 0 | G22: =IFERROR(E22/D22,IFERROR(0/0,"")) -> 0
A23: =A22+7 -> 44781 | B23: =A23+6 -> 44787 | C23: =SUMIFS('ALL Tube Results'!$G$2:$G99, 'ALL Tube Results'!$C$2:$C99, ">="&A23, 'ALL Tube Results'!$C$2:$C99, "<="&B23) -> 62 | D23: =COUNTIFS('ALL Tube Results'!$C23:$C99, ">="&A23, 'ALL Tube Results'!$C23:$C99, "<="&B23) -> 62 | E23: =COUNTIFS('ALL Tube Results'!$C23:$C99, ">="&A23, 'ALL Tube Results'!$C23:$C99, "<="&B23, 'ALL Tube Results'!$F23:$F99, "Positive") -> 1 | F23: =COUNTIFS('ALL Tube Results'!$C23:$C99, ">="&A23, 'ALL Tube Results'!$C23:$C99, "<="&B23, 'ALL Tube Results'!$F23:$F99, "Inconclusive") -> 0 | G23: =IFERROR(E23/D23,IFERROR(0/0,"")) -> 0.016129032
A24: =A23+7 -> 44788 | B24: =A24+6 -> 44794 | C24: =SUMIFS('ALL Tube Results'!$G$2:$G99, 'ALL Tube Results'!$C$2:$C99, ">="&A24, 'ALL Tube Results'!$C$2:$C99, "<="&B24) -> 0 | D24: =COUNTIFS('ALL Tube Results'!$C24:$C99, ">="&A24, 'ALL Tube Results'!$C24:$C99, "<="&B24) -> 37 | E24: =COUNTIFS('ALL Tube Results'!$C24:$C99, ">="&A24, 'ALL Tube Results'!$C24:$C99, "<="&B24, 'ALL Tube Results'!$F24:$F99, "Positive") -> 0 | F24: =COUNTIFS('ALL Tube Results'!$C24:$C99, ">="&A24, 'ALL Tube Results'!$C24:$C99, "<="&B24, 'ALL Tube Results'!$F24:$F99, "Inconclusive") -> 0 | G24: =IFERROR(E24/D24,IFERROR(0/0,"")) -> 0

Sheet Runs Compare
A1: ALL Tube RESULTS by Run ID | B1: =COUNT(B3:B672) -> 80 | C1: =SUM(C2:C672) -> 1981 | D1: =SUM(D2:D672) -> 1960 | E1: =SUM(E2:E672) -> 18 | F1: =SUM(F2:F672) -> 3 | H1: =SUM(H2:H672) -> 0 | L1: =SUM(L2:L672) -> 84 | M1: =SUM(M2:M672) -> 0 | N1: =SUM(N2:N672) -> 0 | P1: =SUM(P2:P672) -> 309 | R1: Run Reconciled RESULTS | S1: =CONCATENATE("Delta Run Reconciled to ALL Tubes ",T1-C1) -> Delta Run Reconciled to ALL Tubes 0 | T1: =SUM(T2:T672) -> 1981 | U1: =COUNTIF(U3:U672,FALSE) -> 0 | V1: =SUM(V2:V672) -> 0 | W1: =SUM(W2:W672) -> 0 | Y1: RFR Data - PreExcl RESULTS | AA1: =SUM(AA2:AA672) -> 1897 | AB1: =SUM(AB2:AB672) -> 1876 | AC1: =SUM(AC2:AC672) -> 18 | AD1: =SUM(AD2:AD672) -> 3 | AG1: APS Final RESULTS by Reconciled Run ID | AI1: =SUM(AI3:AI672) -> 1672 | AJ1: =SUM(AJ3:AJ672) -> 1655 | AK1: =SUM(AK3:AK672) -> 14 | AL1: =SUM(AL3:AL672) -> 3 | AM1: =SUM(AM3:AM672) -> 0 | AO1: APS Final RESULTS by Collect Date | AP1: =SUM(AP2:AP672) -> 1666 | AQ1: =SUM(AQ2:AQ672) -> 1159 | AR1: =SUM(AR2:AR672) -> 10 | AS1: =SUM(AS2:AS672) -> 2 | AT1: =SUM(AT2:AT672) -> 0
A2: Run ID | B2: Run Date | C2: Number of Tubes | D2: Negative | E2: Positive | F2: Inconclusive | H2: Delta to Run Reconciled Results | I2: T | J2: P | K2: I | L2: Delta to RFR preExcl Audit Num Run Tubes | M2: Delta to RFR preExcl Audit Num Positives | N2: Delta to RFR preExcl Audit Num Inconclusives | P2: Delta to APS | R2: Run ID | S2: Run Date | T2: Reconciled Tube Run Count | U2: Exact Run ID Match to ALL Tube Results (Col A) | Y2: Run ID - RFR Initial Only | Z2: Run Date | AA2: ='RFR Data - preExcl'!AK1 -> RFR Audit Num Run Tubes | AB2: Calculated Negs | AC2: ='RFR Data - preExcl'!AI1 -> Audit Pos Session Calls | AD2: ='RFR Data - preExcl'!AF1 -> Audit Inc Session Calls | AE2: preExcl Match Row | AG2: Final Assigned Run ID | AH2: Run Date | AI2: Number of Tubes | AJ2: Negative | AK2: Positive | AL2: Inconclusive | AM2: Null | AO2: ='APS Tubes by Date Import'!B1 -> APS COLLECT DATE | AP2: Number of Tubes | AQ2: Negative | AR2: Positive | AS2: Inconclusive | AT2: Null
A3: {=SORT(UNIQUE('ALL Tube Results'!B2:B672))} -> RUN-COMB_2022-03-20_RFR-001 | B3: =VLOOKUP(A3,'Run Reconcile'!A$2:B672,2,FALSE) -> 44640 | C3: =COUNTIF('ALL Tube Results'!B2:B672, A3) -> 18 | D3: =COUNTIFS('ALL Tube Results'!$B2:$B672, $A3, 'ALL Tube Results'!$F2:$F672, "Negative") -> 18 | E3: =COUNTIFS('ALL Tube Results'!$B2:$B672, $A3, 'ALL Tube Results'!$F2:$F672, "Positive") -> 0 | F3: =COUNTIFS('ALL Tube Results'!$B2:$B672, $A3, 'ALL Tube Results'!$F2:$F672, "Inconclusive") -> 0 | G3: =IFERROR(VLOOKUP($A3,R$3:T672,3,FALSE),IFERROR(0/0,"") ) -> 18 | H3: =IF($C3=G3,IFERROR(0/0,""),$C3-G3) | I3: =IFERROR(VLOOKUP($A3,Y$3:AA672,3,FALSE),IFERROR(0/0,"") ) -> 18 | J3: =IFERROR(VLOOKUP($A3,Y$3:AD672,5,FALSE),IFERROR(0/0,"") ) -> 0 | K3: =IFERROR(VLOOKUP($A3,Y$3:AD672,6,FALSE),IFERROR(0/0,"")) -> 0 | L3: =IF($C3=I3,IFERROR(0/0,""),$C3-I3) | M3: =IF($E3=J3,IFERROR(0/0,""),$E3-J3) | N3: =IF($F3=K3,IFERROR(0/0,""),$F3-K3) | O3: =IFERROR(VLOOKUP($A3,AG$3:AI672,3,FALSE),IFERROR(0/0,"") ) -> 18 | P3: =IF($C3=O3,IFERROR(0/0,""),$C3-O3) | R3: {=SORT('Run Reconcile'!A2:B672,1,TRUE)} -> RUN-COMB_2022-03-20_RFR-001 | S3: 44640 | T3: =VLOOKUP(R3,'Run Reconcile'!$A$2:$M672,13,FALSE) -> 18 | U3: =IF(EXACT(A2,R2),IFERROR(0/0,""),FALSE) | Y3: =IFERROR(__xludf.DUMMYFUNCTION("SORT(FILTER('Run Reconcile'!A2:B672,'Run Reconcile'!A2:A672<>""*"",REGEXMATCH('Run Reconcile'!A2:A672,""RFR-"")),1,TRUE) "),"RUN-COMB_2022-03-20_RFR-001") -> RUN-COMB_2022-03-20_RFR-001 | Z3: =IFERROR(__xludf.DUMMYFUNCTION("""COMPUTED_VALUE"""),44640.0) -> 44640 | AA3: {=INDEX('RFR Data - preExcl'!AK$2:AK672,$AE3,1)} -> 18 | AB3: =AA3-AC3-AD3 -> 18 | AC3: {=INDEX('RFR Data - preExcl'!AI$2:AI672,$AE3,1)} -> 0 | AD3: {=INDEX('RFR Data - preExcl'!AF$2:AF672,$AE3,1)} -> 0 | AE3: =IFNA(MATCH(Y3,'RFR Data - preExcl'!A$2:A672,0),"") -> 1 | AG3: {=SORT(UNIQUE('APS Tubes Import'!V2:V672))} -> RUN-COMB_2022-03-20_RFR-001 | AH3: =VLOOKUP(AG3,'Run Reconcile'!A$2:B672,2,FALSE) -> 44640 | AI3: =COUNTIF('APS Tubes Import'!$V$2:$V672, AG3) -> 18 | AJ3: =COUNTIFS('APS Tubes Import'!V$2:V672, AG3, 'APS Tubes Import'!H$2:H672, "Negative") -> 18 | AK3: =COUNTIFS('APS Tubes Import'!V$2:V672, AG3, 'APS Tubes Import'!H$2:H672, "Positive") -> 0 | AL3: =COUNTIFS('APS Tubes Import'!V$2:V672, AG3, 'APS Tubes Import'!H$2:H672, "Inconclusive") -> 0 | AM3: =COUNTIFS('APS Tubes Import'!V$2:V672, AG3, 'APS Tubes Import'!H$2:H672, "Null") -> 0 | AO3: ='APS Tubes by Date Import'!B2 -> 44640 | AP3: ='APS Tubes by Date Import'!C2 -> 18 | AQ3: ='APS Tubes by Date Import'!D2 -> 18 | AR3: ='APS Tubes by Date Import'!E2 -> 0 | AS3: ='APS Tubes by Date Import'!F2 -> 0 | AT3: ='APS Tubes by Date Import'!G2 -> 0
A4: RUN-COMB_2022-03-21_RFR-002 | B4: =VLOOKUP(A4,'Run Reconcile'!A$2:B672,2,FALSE) -> 44641 | C4: =COUNTIF('ALL Tube Results'!B3:B672, A4) -> 27 | D4: =COUNTIFS('ALL Tube Results'!$B3:$B672, $A4, 'ALL Tube Results'!$F3:$F672, "Negative") -> 26 | E4: =COUNTIFS('ALL Tube Results'!$B3:$B672, $A4, 'ALL Tube Results'!$F3:$F672, "Positive") -> 1 | F4: =COUNTIFS('ALL Tube Results'!$B3:$B672, $A4, 'ALL Tube Results'!$F3:$F672, "Inconclusive") -> 0 | G4: =IFERROR(VLOOKUP($A4,R$3:T673,3,FALSE),IFERROR(0/0,"") ) -> 27 | H4: =IF($C4=G4,IFERROR(0/0,""),$C4-G4) | I4: =IFERROR(VLOOKUP($A4,Y$3:AA673,3,FALSE),IFERROR(0/0,"") ) -> 27 | J4: =IFERROR(VLOOKUP($A4,Y$3:AD673,5,FALSE),IFERROR(0/0,"") ) -> 1 | K4: =IFERROR(VLOOKUP($A4,Y$3:AD673,6,FALSE),IFERROR(0/0,"")) -> 0 | L4: =IF($C4=I4,IFERROR(0/0,""),$C4-I4) | M4: =IF($E4=J4,IFERROR(0/0,""),$E4-J4) | N4: =IF($F4=K4,IFERROR(0/0,""),$F4-K4) | O4: =IFERROR(VLOOKUP($A4,AG$3:AI673,3,FALSE),IFERROR(0/0,"") ) -> 26 | P4: =IF($C4=O4,IFERROR(0/0,""),$C4-O4) -> 1 | R4: RUN-COMB_2022-03-21_RFR-002 | S4: 44641 | T4: =VLOOKUP(R4,'Run Reconcile'!$A$2:$M672,13,FALSE) -> 27 | U4: =IF(EXACT(A3,R3),IFERROR(0/0,""),FALSE) | Y4: =IFERROR(__xludf.DUMMYFUNCTION("""COMPUTED_VALUE"""),"RUN-COMB_2022-03-21_RFR-002") -> RUN-COMB_2022-03-21_RFR-002 | Z4: =IFERROR(__xludf.DUMMYFUNCTION("""COMPUTED_VALUE"""),44641.0) -> 44641 | AA4: {=INDEX('RFR Data - preExcl'!AK$2:AK672,$AE4,1)} -> 27 | AB4: =AA4-AC4-AD4 -> 26 | AC4: {=INDEX('RFR Data - preExcl'!AI$2:AI672,$AE4,1)} -> 1 | AD4: {=INDEX('RFR Data - preExcl'!AF$2:AF672,$AE4,1)} -> 0 | AE4: =IFNA(MATCH(Y4,'RFR Data - preExcl'!A$2:A672,0),"") -> 2 | AG4: RUN-COMB_2022-03-21_RFR-002 | AH4: =VLOOKUP(AG4,'Run Reconcile'!A$2:B672,2,FALSE) -> 44641 | AI4: =COUNTIF('APS Tubes Import'!$V$2:$V672, AG4) -> 26 | AJ4: =COUNTIFS('APS Tubes Import'!V$2:V672, AG4, 'APS Tubes Import'!H$2:H672, "Negative") -> 25 | AK4: =COUNTIFS('APS Tubes Import'!V$2:V672, AG4, 'APS Tubes Import'!H$2:H672, "Positive") -> 1 | AL4: =COUNTIFS('APS Tubes Import'!V$2:V672, AG4, 'APS Tubes Import'!H$2:H672, "Inconclusive") -> 0 | AM4: =COUNTIFS('APS Tubes Import'!V$2:V672, AG4, 'APS Tubes Import'!H$2:H672, "Null") -> 0 | AO4: ='APS Tubes by Date Import'!B3 -> 44641 | AP4: ='APS Tubes by Date Import'!C3 -> 26 | AQ4: ='APS Tubes by Date Import'!D3 -> 25 | AR4: ='APS Tubes by Date Import'!E3 -> 1 | AS4: ='APS Tubes by Date Import'!F3 -> 0 | AT4: ='APS Tubes by Date Import'!G3 -> 0
A5: RUN-COMB_2022-03-22_RFR-004 | B5: =VLOOKUP(A5,'Run Reconcile'!A$2:B672,2,FALSE) -> 44642 | C5: =COUNTIF('ALL Tube Results'!B4:B672, A5) -> 18 | D5: =COUNTIFS('ALL Tube Results'!$B4:$B672, $A5, 'ALL Tube Results'!$F4:$F672, "Negative") -> 18 | E5: =COUNTIFS('ALL Tube Results'!$B4:$B672, $A5, 'ALL Tube Results'!$F4:$F672, "Positive") -> 0 | F5: =COUNTIFS('ALL Tube Results'!$B4:$B672, $A5, 'ALL Tube Results'!$F4:$F672, "Inconclusive") -> 0 | G5: =IFERROR(VLOOKUP($A5,R$3:T674,3,FALSE),IFERROR(0/0,"") ) -> 18 | H5: =IF($C5=G5,IFERROR(0/0,""),$C5-G5) | I5: =IFERROR(VLOOKUP($A5,Y$3:AA674,3,FALSE),IFERROR(0/0,"") ) -> 18 | J5: =IFERROR(VLOOKUP($A5,Y$3:AD674,5,FALSE),IFERROR(0/0,"") ) -> 0 | K5: =IFERROR(VLOOKUP($A5,Y$3:AD674,6,FALSE),IFERROR(0/0,"")) -> 0 | L5: =IF($C5=I5,IFERROR(0/0,""),$C5-I5) | M5: =IF($E5=J5,IFERROR(0/0,""),$E5-J5) | N5: =IF($F5=K5,IFERROR(0/0,""),$F5-K5) | O5: =IFERROR(VLOOKUP($A5,AG$3:AI674,3,FALSE),IFERROR(0/0,"") ) -> 18 | P5: =IF($C5=O5,IFERROR(0/0,""),$C5-O5) | R5: RUN-COMB_2022-03-22_RFR-004 | S5: 44642 | T5: =VLOOKUP(R5,'Run Reconcile'!$A$2:$M672,13,FALSE) -> 18 | U5: =IF(EXACT(A4,R4),IFERROR(0/0,""),FALSE) | Y5: =IFERROR(__xludf.DUMMYFUNCTION("""COMPUTED_VALUE"""),"RUN-COMB_2022-03-22_RFR-004") -> RUN-COMB_2022-03-22_RFR-004 | Z5: =IFERROR(__xludf.DUMMYFUNCTION("""COMPUTED_VALUE"""),44642.0) -> 44642 | AA5: {=INDEX('RFR Data - preExcl'!AK$2:AK672,$AE5,1)} -> 18 | AB5: =AA5-AC5-AD5 -> 18 | AC5: {=INDEX('RFR Data - preExcl'!AI$2:AI672,$AE5,1)} -> 0 | AD5: {=INDEX('RFR Data - preExcl'!AF$2:AF672,$AE5,1)} -> 0 | AE5: =IFNA(MATCH(Y5,'RFR Data - preExcl'!A$2:A672,0),"") -> 4 | AG5: RUN-COMB_2022-03-22_RFR-004 | AH5: =VLOOKUP(AG5,'Run Reconcile'!A$2:B672,2,FALSE) -> 44642 | AI5: =COUNTIF('APS Tubes Import'!$V$2:$V672, AG5) -> 18 | AJ5: =COUNTIFS('APS Tubes Import'!V$2:V672, AG5, 'APS Tubes Import'!H$2:H672, "Negative") -> 18 | AK5: =COUNTIFS('APS Tubes Import'!V$2:V672, AG5, 'APS Tubes Import'!H$2:H672, "Positive") -> 0 | AL5: =COUNTIFS('APS Tubes Import'!V$2:V672, AG5, 'APS Tubes Import'!H$2:H672, "Inconclusive") -> 0 | AM5: =COUNTIFS('APS Tubes Import'!V$2:V672, AG5, 'APS Tubes Import'!H$2:H672, "Null") -> 0 | AO5: ='APS Tubes by Date Import'!B4 -> 44642 | AP5: ='APS Tubes by Date Import'!C4 -> 18 | AQ5: ='APS Tubes by Date Import'!D4 -> 18 | AR5: ='APS Tubes by Date Import'!E4 -> 0 | AS5: ='APS Tubes by Date Import'!F4 -> 0 | AT5: ='APS Tubes by Date Import'!G4 -> 0
A6: RUN-COMB_2022-03-23_RFR-006 | B6: =VLOOKUP(A6,'Run Reconcile'!A$2:B672,2,FALSE) -> 44643 | C6: =COUNTIF('ALL Tube Results'!B5:B672, A6) -> 32 | D6: =COUNTIFS('ALL Tube Results'!$B5:$B672, $A6, 'ALL Tube Results'!$F5:$F672, "Negative") -> 32 | E6: =COUNTIFS('ALL Tube Results'!$B5:$B672, $A6, 'ALL Tube Results'!$F5:$F672, "Positive") -> 0 | F6: =COUNTIFS('ALL Tube Results'!$B5:$B672, $A6, 'ALL Tube Results'!$F5:$F672, "Inconclusive") -> 0 | G6: =IFERROR(VLOOKUP($A6,R$3:T675,3,FALSE),IFERROR(0/0,"") ) -> 32 | H6: =IF($C6=G6,IFERROR(0/0,""),$C6-G6) | I6: =IFERROR(VLOOKUP($A6,Y$3:AA675,3,FALSE),IFERROR(0/0,"") ) -> 32 | J6: =IFERROR(VLOOKUP($A6,Y$3:AD675,5,FALSE),IFERROR(0/0,"") ) -> 0 | K6: =IFERROR(VLOOKUP($A6,Y$3:AD675,6,FALSE),IFERROR(0/0,"")) -> 0 | L6: =IF($C6=I6,IFERROR(0/0,""),$C6-I6) | M6: =IF($E6=J6,IFERROR(0/0,""),$E6-J6) | N6: =IF($F6=K6,IFERROR(0/0,""),$F6-K6) | O6: =IFERROR(VLOOKUP($A6,AG$3:AI675,3,FALSE),IFERROR(0/0,"") ) -> 32 | P6: =IF($C6=O6,IFERROR(0/0,""),$C6-O6) | R6: RUN-COMB_2022-03-23_RFR-006 | S6: 44643 | T6: =VLOOKUP(R6,'Run Reconcile'!$A$2:$M672,13,FALSE) -> 32 | U6: =IF(EXACT(A5,R5),IFERROR(0/0,""),FALSE) | Y6: =IFERROR(__xludf.DUMMYFUNCTION("""COMPUTED_VALUE"""),"RUN-COMB_2022-03-23_RFR-006") -> RUN-COMB_2022-03-23_RFR-006 | Z6: =IFERROR(__xludf.DUMMYFUNCTION("""COMPUTED_VALUE"""),44643.0) -> 44643 | AA6: {=INDEX('RFR Data - preExcl'!AK$2:AK672,$AE6,1)} -> 32 | AB6: =AA6-AC6-AD6 -> 32 | AC6: {=INDEX('RFR Data - preExcl'!AI$2:AI672,$AE6,1)} -> 0 | AD6: {=INDEX('RFR Data - preExcl'!AF$2:AF672,$AE6,1)} -> 0 | AE6: =IFNA(MATCH(Y6,'RFR Data - preExcl'!A$2:A672,0),"") -> 6 | AG6: RUN-COMB_2022-03-23_RFR-006 | AH6: =VLOOKUP(AG6,'Run Reconcile'!A$2:B672,2,FALSE) -> 44643 | AI6: =COUNTIF('APS Tubes Import'!$V$2:$V672, AG6) -> 32 | AJ6: =COUNTIFS('APS Tubes Import'!V$2:V672, AG6, 'APS Tubes Import'!H$2:H672, "Negative") -> 32 | AK6: =COUNTIFS('APS Tubes Import'!V$2:V672, AG6, 'APS Tubes Import'!H$2:H672, "Positive") -> 0 | AL6: =COUNTIFS('APS Tubes Import'!V$2:V672, AG6, 'APS Tubes Import'!H$2:H672, "Inconclusive") -> 0 | AM6: =COUNTIFS('APS Tubes Import'!V$2:V672, AG6, 'APS Tubes Import'!H$2:H672, "Null") -> 0 | AO6: ='APS Tubes by Date Import'!B5 -> 44643 | AP6: ='APS Tubes by Date Import'!C5 -> 32 | AQ6: ='APS Tubes by Date Import'!D5 -> 32 | AR6: ='APS Tubes by Date Import'!E5 -> 0 | AS6: ='APS Tubes by Date Import'!F5 -> 0 | AT6: ='APS Tubes by Date Import'!G5 -> 0
A7: RUN-COMB_2022-03-24_RFR-007 | B7: =VLOOKUP(A7,'Run Reconcile'!A$2:B672,2,FALSE) -> 44644 | C7: =COUNTIF('ALL Tube Results'!B6:B672, A7) -> 23 | D7: =COUNTIFS('ALL Tube Results'!$B6:$B672, $A7, 'ALL Tube Results'!$F6:$F672, "Negative") -> 23 | E7: =COUNTIFS('ALL Tube Results'!$B6:$B672, $A7, 'ALL Tube Results'!$F6:$F672, "Positive") -> 0 | F7: =COUNTIFS('ALL Tube Results'!$B6:$B672, $A7, 'ALL Tube Results'!$F6:$F672, "Inconclusive") -> 0 | G7: =IFERROR(VLOOKUP($A7,R$3:T676,3,FALSE),IFERROR(0/0,"") ) -> 23 | H7: =IF($C7=G7,IFERROR(0/0,""),$C7-G7) | I7: =IFERROR(VLOOKUP($A7,Y$3:AA676,3,FALSE),IFERROR(0/0,"") ) -> 23 | J7: =IFERROR(VLOOKUP($A7,Y$3:AD676,5,FALSE),IFERROR(0/0,"") ) -> 0 | K7: =IFERROR(VLOOKUP($A7,Y$3:AD676,6,FALSE),IFERROR(0/0,"")) -> 0 | L7: =IF($C7=I7,IFERROR(0/0,""),$C7-I7) | M7: =IF($E7=J7,IFERROR(0/0,""),$E7-J7) | N7: =IF($F7=K7,IFERROR(0/0,""),$F7-K7) | O7: =IFERROR(VLOOKUP($A7,AG$3:AI676,3,FALSE),IFERROR(0/0,"") ) -> 23 | P7: =IF($C7=O7,IFERROR(0/0,""),$C7-O7) | R7: RUN-COMB_2022-03-24_RFR-007 | S7: 44644 | T7: =VLOOKUP(R7,'Run Reconcile'!$A$2:$M672,13,FALSE) -> 23 | U7: =IF(EXACT(A6,R6),IFERROR(0/0,""),FALSE) | Y7: =IFERROR(__xludf.DUMMYFUNCTION("""COMPUTED_VALUE"""),"RUN-COMB_2022-03-24_RFR-007") -> RUN-COMB_2022-03-24_RFR-007 | Z7: =IFERROR(__xludf.DUMMYFUNCTION("""COMPUTED_VALUE"""),44644.0) -> 44644 | AA7: {=INDEX('RFR Data - preExcl'!AK$2:AK672,$AE7,1)} -> 23 | AB7: =AA7-AC7-AD7 -> 23 | AC7: {=INDEX('RFR Data - preExcl'!AI$2:AI672,$AE7,1)} -> 0 | AD7: {=INDEX('RFR Data - preExcl'!AF$2:AF672,$AE7,1)} -> 0 | AE7: =IFNA(MATCH(Y7,'RFR Data - preExcl'!A$2:A672,0),"") -> 7 | AG7: RUN-COMB_2022-03-24_RFR-007 | AH7: =VLOOKUP(AG7,'Run Reconcile'!A$2:B672,2,FALSE) -> 44644 | AI7: =COUNTIF('APS Tubes Import'!$V$2:$V672, AG7) -> 23 | AJ7: =COUNTIFS('APS Tubes Import'!V$2:V672, AG7, 'APS Tubes Import'!H$2:H672, "Negative") -> 23 | AK7: =COUNTIFS('APS Tubes Import'!V$2:V672, AG7, 'APS Tubes Import'!H$2:H672, "Positive") -> 0 | AL7: =COUNTIFS('APS Tubes Import'!V$2:V672, AG7, 'APS Tubes Import'!H$2:H672, "Inconclusive") -> 0 | AM7: =COUNTIFS('APS Tubes Import'!V$2:V672, AG7, 'APS Tubes Import'!H$2:H672, "Null") -> 0 | AO7: ='APS Tubes by Date Import'!B6 -> 44644 | AP7: ='APS Tubes by Date Import'!C6 -> 23 | AQ7: ='APS Tubes by Date Import'!D6 -> 23 | AR7: ='APS Tubes by Date Import'!E6 -> 0 | AS7: ='APS Tubes by Date Import'!F6 -> 0 | AT7: ='APS Tubes by Date Import'!G6 -> 0
A8: RUN-COMB_2022-04-02_RFR-008 | B8: =VLOOKUP(A8,'Run Reconcile'!A$2:B672,2,FALSE) -> 44653 | C8: =COUNTIF('ALL Tube Results'!B7:B672, A8) -> 2 | D8: =COUNTIFS('ALL Tube Results'!$B7:$B672, $A8, 'ALL Tube Results'!$F7:$F672, "Negative") -> 2 | E8: =COUNTIFS('ALL Tube Results'!$B7:$B672, $A8, 'ALL Tube Results'!$F7:$F672, "Positive") -> 0 | F8: =COUNTIFS('ALL Tube Results'!$B7:$B672, $A8, 'ALL Tube Results'!$F7:$F672, "Inconclusive") -> 0 | G8: =IFERROR(VLOOKUP($A8,R$3:T677,3,FALSE),IFERROR(0/0,"") ) -> 2 | H8: =IF($C8=G8,IFERROR(0/0,""),$C8-G8) | I8: =IFERROR(VLOOKUP($A8,Y$3:AA677,3,FALSE),IFERROR(0/0,"") ) -> 6 | J8: =IFERROR(VLOOKUP($A8,Y$3:AD677,5,FALSE),IFERROR(0/0,"") ) -> 0 | K8: =IFERROR(VLOOKUP($A8,Y$3:AD677,6,FALSE),IFERROR(0/0,"")) -> 0 | L8: =IF($C8=I8,IFERROR(0/0,""),$C8-I8) -> -4 | M8: =IF($E8=J8,IFERROR(0/0,""),$E8-J8) | N8: =IF($F8=K8,IFERROR(0/0,""),$F8-K8) | O8: =IFERROR(VLOOKUP($A8,AG$3:AI677,3,FALSE),IFERROR(0/0,"") ) -> 2 | P8: =IF($C8=O8,IFERROR(0/0,""),$C8-O8) | R8: RUN-COMB_2022-04-02_RFR-008 | S8: 44653 | T8: =VLOOKUP(R8,'Run Reconcile'!$A$2:$M672,13,FALSE) -> 2 | U8: =IF(EXACT(A7,R7),IFERROR(0/0,""),FALSE) | Y8: =IFERROR(__xludf.DUMMYFUNCTION("""COMPUTED_VALUE"""),"RUN-COMB_2022-04-02_RFR-008") -> RUN-COMB_2022-04-02_RFR-008 | Z8: =IFERROR(__xludf.DUMMYFUNCTION("""COMPUTED_VALUE"""),44653.0) -> 44653 | AA8: {=INDEX('RFR Data - preExcl'!AK$2:AK672,$AE8,1)} -> 6 | AB8: =AA8-AC8-AD8 -> 6 | AC8: {=INDEX('RFR Data - preExcl'!AI$2:AI672,$AE8,1)} -> 0 | AD8: {=INDEX('RFR Data - preExcl'!AF$2:AF672,$AE8,1)} -> 0 | AE8: =IFNA(MATCH(Y8,'RFR Data - preExcl'!A$2:A672,0),"") -> 8 | AG8: RUN-COMB_2022-04-02_RFR-008 | AH8: =VLOOKUP(AG8,'Run Reconcile'!A$2:B672,2,FALSE) -> 44653 | AI8: =COUNTIF('APS Tubes Import'!$V$2:$V672, AG8) -> 2 | AJ8: =COUNTIFS('APS Tubes Import'!V$2:V672, AG8, 'APS Tubes Import'!H$2:H672, "Negative") -> 2 | AK8: =COUNTIFS('APS Tubes Import'!V$2:V672, AG8, 'APS Tubes Import'!H$2:H672, "Positive") -> 0 | AL8: =COUNTIFS('APS Tubes Import'!V$2:V672, AG8, 'APS Tubes Import'!H$2:H672, "Inconclusive") -> 0 | AM8: =COUNTIFS('APS Tubes Import'!V$2:V672, AG8, 'APS Tubes Import'!H$2:H672, "Null") -> 0 | AO8: ='APS Tubes by Date Import'!B7 -> 44653 | AP8: ='APS Tubes by Date Import'!C7 -> 2 | AQ8: ='APS Tubes by Date Import'!D7 -> 2 | AR8: ='APS Tubes by Date Import'!E7 -> 0 | AS8: ='APS Tubes by Date Import'!F7 -> 0 | AT8: ='APS Tubes by Date Import'!G7 -> 0
A9: RUN-COMB_2022-04-04_RFR-009 | B9: =VLOOKUP(A9,'Run Reconcile'!A$2:B672,2,FALSE) -> 44655 | C9: =COUNTIF('ALL Tube Results'!B8:B672, A9) -> 27 | D9: =COUNTIFS('ALL Tube Results'!$B8:$B672, $A9, 'ALL Tube Results'!$F8:$F672, "Negative") -> 27 | E9: =COUNTIFS('ALL Tube Results'!$B8:$B672, $A9, 'ALL Tube Results'!$F8:$F672, "Positive") -> 0 | F9: =COUNTIFS('ALL Tube Results'!$B8:$B672, $A9, 'ALL Tube Results'!$F8:$F672, "Inconclusive") -> 0 | G9: =IFERROR(VLOOKUP($A9,R$3:T678,3,FALSE),IFERROR(0/0,"") ) -> 27 | H9: =IF($C9=G9,IFERROR(0/0,""),$C9-G9) | I9: =IFERROR(VLOOKUP($A9,Y$3:AA678,3,FALSE),IFERROR(0/0,"") ) -> 27 | J9: =IFERROR(VLOOKUP($A9,Y$3:AD678,5,FALSE),IFERROR(0/0,"") ) -> 0 | K9: =IFERROR(VLOOKUP($A9,Y$3:AD678,6,FALSE),IFERROR(0/0,"")) -> 0 | L9: =IF($C9=I9,IFERROR(0/0,""),$C9-I9) | M9: =IF($E9=J9,IFERROR(0/0,""),$E9-J9) | N9: =IF($F9=K9,IFERROR(0/0,""),$F9-K9) | O9: =IFERROR(VLOOKUP($A9,AG$3:AI678,3,FALSE),IFERROR(0/0,"") ) -> 24 | P9: =IF($C9=O9,IFERROR(0/0,""),$C9-O9) -> 3 | R9: RUN-COMB_2022-04-04_RFR-009 | S9: 44655 | T9: =VLOOKUP(R9,'Run Reconcile'!$A$2:$M672,13,FALSE) -> 27 | U9: =IF(EXACT(A8,R8),IFERROR(0/0,""),FALSE) | Y9: =IFERROR(__xludf.DUMMYFUNCTION("""COMPUTED_VALUE"""),"RUN-COMB_2022-04-04_RFR-009") -> RUN-COMB_2022-04-04_RFR-009 | Z9: =IFERROR(__xludf.DUMMYFUNCTION("""COMPUTED_VALUE"""),44655.0) -> 44655 | AA9: {=INDEX('RFR Data - preExcl'!AK$2:AK672,$AE9,1)} -> 27 | AB9: =AA9-AC9-AD9 -> 27 | AC9: {=INDEX('RFR Data - preExcl'!AI$2:AI672,$AE9,1)} -> 0 | AD9: {=INDEX('RFR Data - preExcl'!AF$2:AF672,$AE9,1)} -> 0 | AE9: =IFNA(MATCH(Y9,'RFR Data - preExcl'!A$2:A672,0),"") -> 9 | AG9: RUN-COMB_2022-04-04_RFR-009 | AH9: =VLOOKUP(AG9,'Run Reconcile'!A$2:B672,2,FALSE) -> 44655 | AI9: =COUNTIF('APS Tubes Import'!$V$2:$V672, AG9) -> 24 | AJ9: =COUNTIFS('APS Tubes Import'!V$2:V672, AG9, 'APS Tubes Import'!H$2:H672, "Negative") -> 24 | AK9: =COUNTIFS('APS Tubes Import'!V$2:V672, AG9, 'APS Tubes Import'!H$2:H672, "Positive") -> 0 | AL9: =COUNTIFS('APS Tubes Import'!V$2:V672, AG9, 'APS Tubes Import'!H$2:H672, "Inconclusive") -> 0 | AM9: =COUNTIFS('APS Tubes Import'!V$2:V672, AG9, 'APS Tubes Import'!H$2:H672, "Null") -> 0 | AO9: ='APS Tubes by Date Import'!B8 -> 44655 | AP9: ='APS Tubes by Date Import'!C8 -> 24 | AQ9: ='APS Tubes by Date Import'!D8 -> 24 | AR9: ='APS Tubes by Date Import'!E8 -> 0 | AS9: ='APS Tubes by Date Import'!F8 -> 0 | AT9: ='APS Tubes by Date Import'!G8 -> 0
A10: RUN-COMB_2022-04-05_RFR-010 | B10: =VLOOKUP(A10,'Run Reconcile'!A$2:B672,2,FALSE) -> 44656 | C10: =COUNTIF('ALL Tube Results'!B9:B672, A10) -> 24 | D10: =COUNTIFS('ALL Tube Results'!$B9:$B672, $A10, 'ALL Tube Results'!$F9:$F672, "Negative") -> 24 | E10: =COUNTIFS('ALL Tube Results'!$B9:$B672, $A10, 'ALL Tube Results'!$F9:$F672, "Positive") -> 0 | F10: =COUNTIFS('ALL Tube Results'!$B9:$B672, $A10, 'ALL Tube Results'!$F9:$F672, "Inconclusive") -> 0 | G10: =IFERROR(VLOOKUP($A10,R$3:T679,3,FALSE),IFERROR(0/0,"") ) -> 24 | H10: =IF($C10=G10,IFERROR(0/0,""),$C10-G10) | I10: =IFERROR(VLOOKUP($A10,Y$3:AA679,3,FALSE),IFERROR(0/0,"") ) -> 24 | J10: =IFERROR(VLOOKUP($A10,Y$3:AD679,5,FALSE),IFERROR(0/0,"") ) -> 0 | K10: =IFERROR(VLOOKUP($A10,Y$3:AD679,6,FALSE),IFERROR(0/0,"")) -> 0 | L10: =IF($C10=I10,IFERROR(0/0,""),$C10-I10) | M10: =IF($E10=J10,IFERROR(0/0,""),$E10-J10) | N10: =IF($F10=K10,IFERROR(0/0,""),$F10-K10) | O10: =IFERROR(VLOOKUP($A10,AG$3:AI679,3,FALSE),IFERROR(0/0,"") ) -> 20 | P10: =IF($C10=O10,IFERROR(0/0,""),$C10-O10) -> 4 | R10: RUN-COMB_2022-04-05_RFR-010 | S10: 44656 | T10: =VLOOKUP(R10,'Run Reconcile'!$A$2:$M672,13,FALSE) -> 24 | U10: =IF(EXACT(A9,R9),IFERROR(0/0,""),FALSE) | Y10: =IFERROR(__xludf.DUMMYFUNCTION("""COMPUTED_VALUE"""),"RUN-COMB_2022-04-05_RFR-010") -> RUN-COMB_2022-04-05_RFR-010 | Z10: =IFERROR(__xludf.DUMMYFUNCTION("""COMPUTED_VALUE"""),44656.0) -> 44656 | AA10: {=INDEX('RFR Data - preExcl'!AK$2:AK672,$AE10,1)} -> 24 | AB10: =AA10-AC10-AD10 -> 24 | AC10: {=INDEX('RFR Data - preExcl'!AI$2:AI672,$AE10,1)} -> 0 | AD10: {=INDEX('RFR Data - preExcl'!AF$2:AF672,$AE10,1)} -> 0 | AE10: =IFNA(MATCH(Y10,'RFR Data - preExcl'!A$2:A672,0),"") -> 10 | AG10: RUN-COMB_2022-04-05_RFR-010 | AH10: =VLOOKUP(AG10,'Run Reconcile'!A$2:B672,2,FALSE) -> 44656 | AI10: =COUNTIF('APS Tubes Import'!$V$2:$V672, AG10) -> 20 | AJ10: =COUNTIFS('APS Tubes Import'!V$2:V672, AG10, 'APS Tubes Import'!H$2:H672, "Negative") -> 20 | AK10: =COUNTIFS('APS Tubes Import'!V$2:V672, AG10, 'APS Tubes Import'!H$2:H672, "Positive") -> 0 | AL10: =COUNTIFS('APS Tubes Import'!V$2:V672, AG10, 'APS Tubes Import'!H$2:H672, "Inconclusive") -> 0 | AM10: =COUNTIFS('APS Tubes Import'!V$2:V672, AG10, 'APS Tubes Import'!H$2:H672, "Null") -> 0 | AO10: ='APS Tubes by Date Import'!B9 -> 44656 | AP10: ='APS Tubes by Date Import'!C9 -> 20 | AQ10: ='APS Tubes by Date Import'!D9 -> 20 | AR10: ='APS Tubes by Date Import'!E9 -> 0 | AS10: ='APS Tubes by Date Import'!F9 -> 0 | AT10: ='APS Tubes by Date Import'!G9 -> 0
A11: RUN-COMB_2022-04-06_RFR-011 | B11: =VLOOKUP(A11,'Run Reconcile'!A$2:B672,2,FALSE) -> 44657 | C11: =COUNTIF('ALL Tube Results'!B10:B672, A11) -> 24 | D11: =COUNTIFS('ALL Tube Results'!$B10:$B672, $A11, 'ALL Tube Results'!$F10:$F672, "Negative") -> 24 | E11: =COUNTIFS('ALL Tube Results'!$B10:$B672, $A11, 'ALL Tube Results'!$F10:$F672, "Positive") -> 0 | F11: =COUNTIFS('ALL Tube Results'!$B10:$B672, $A11, 'ALL Tube Results'!$F10:$F672, "Inconclusive") -> 0 | G11: =IFERROR(VLOOKUP($A11,R$3:T680,3,FALSE),IFERROR(0/0,"") ) -> 24 | H11: =IF($C11=G11,IFERROR(0/0,""),$C11-G11) | I11: =IFERROR(VLOOKUP($A11,Y$3:AA680,3,FALSE),IFERROR(0/0,"") ) -> 24 | J11: =IFERROR(VLOOKUP($A11,Y$3:AD680,5,FALSE),IFERROR(0/0,"") ) -> 0 | K11: =IFERROR(VLOOKUP($A11,Y$3:AD680,6,FALSE),IFERROR(0/0,"")) -> 0 | L11: =IF($C11=I11,IFERROR(0/0,""),$C11-I11) | M11: =IF($E11=J11,IFERROR(0/0,""),$E11-J11) | N11: =IF($F11=K11,IFERROR(0/0,""),$F11-K11) | O11: =IFERROR(VLOOKUP($A11,AG$3:AI680,3,FALSE),IFERROR(0/0,"") ) -> 18 | P11: =IF($C11=O11,IFERROR(0/0,""),$C11-O11) -> 6 | R11: RUN-COMB_2022-04-06_RFR-011 | S11: 44657 | T11: =VLOOKUP(R11,'Run Reconcile'!$A$2:$M672,13,FALSE) -> 24 | U11: =IF(EXACT(A10,R10),IFERROR(0/0,""),FALSE) | Y11: =IFERROR(__xludf.DUMMYFUNCTION("""COMPUTED_VALUE"""),"RUN-COMB_2022-04-06_RFR-011") -> RUN-COMB_2022-04-06_RFR-011 | Z11: =IFERROR(__xludf.DUMMYFUNCTION("""COMPUTED_VALUE"""),44657.0) -> 44657 | AA11: {=INDEX('RFR Data - preExcl'!AK$2:AK672,$AE11,1)} -> 24 | AB11: =AA11-AC11-AD11 -> 24 | AC11: {=INDEX('RFR Data - preExcl'!AI$2:AI672,$AE11,1)} -> 0 | AD11: {=INDEX('RFR Data - preExcl'!AF$2:AF672,$AE11,1)} -> 0 | AE11: =IFNA(MATCH(Y11,'RFR Data - preExcl'!A$2:A672,0),"") -> 11 | AG11: RUN-COMB_2022-04-06_RFR-011 | AH11: =VLOOKUP(AG11,'Run Reconcile'!A$2:B672,2,FALSE) -> 44657 | AI11: =COUNTIF('APS Tubes Import'!$V$2:$V672, AG11) -> 18 | AJ11: =COUNTIFS('APS Tubes Import'!V$2:V672, AG11, 'APS Tubes Import'!H$2:H672, "Negative") -> 18 | AK11: =COUNTIFS('APS Tubes Import'!V$2:V672, AG11, 'APS Tubes Import'!H$2:H672, "Positive") -> 0 | AL11: =COUNTIFS('APS Tubes Import'!V$2:V672, AG11, 'APS Tubes Import'!H$2:H672, "Inconclusive") -> 0 | AM11: =COUNTIFS('APS Tubes Import'!V$2:V672, AG11, 'APS Tubes Import'!H$2:H672, "Null") -> 0 | AO11: ='APS Tubes by Date Import'!B10 -> 44657 | AP11: ='APS Tubes by Date Import'!C10 -> 18 | AQ11: ='APS Tubes by Date Import'!D10 -> 18 | AR11: ='APS Tubes by Date Import'!E10 -> 0 | AS11: ='APS Tubes by Date Import'!F10 -> 0 | AT11: ='APS Tubes by Date Import'!G10 -> 0
A12: RUN-COMB_2022-04-07_RFR-012 | B12: =VLOOKUP(A12,'Run Reconcile'!A$2:B672,2,FALSE) -> 44658 | C12: =COUNTIF('ALL Tube Results'!B11:B672, A12) -> 37 | D12: =COUNTIFS('ALL Tube Results'!$B11:$B672, $A12, 'ALL Tube Results'!$F11:$F672, "Negative") -> 37 | E12: =COUNTIFS('ALL Tube Results'!$B11:$B672, $A12, 'ALL Tube Results'!$F11:$F672, "Positive") -> 0 | F12: =COUNTIFS('ALL Tube Results'!$B11:$B672, $A12, 'ALL Tube Results'!$F11:$F672, "Inconclusive") -> 0 | G12: =IFERROR(VLOOKUP($A12,R$3:T681,3,FALSE),IFERROR(0/0,"") ) -> 37 | H12: =IF($C12=G12,IFERROR(0/0,""),$C12-G12) | I12: =IFERROR(VLOOKUP($A12,Y$3:AA681,3,FALSE),IFERROR(0/0,"") ) -> 37 | J12: =IFERROR(VLOOKUP($A12,Y$3:AD681,5,FALSE),IFERROR(0/0,"") ) -> 0 | K12: =IFERROR(VLOOKUP($A12,Y$3:AD681,6,FALSE),IFERROR(0/0,"")) -> 0 | L12: =IF($C12=I12,IFERROR(0/0,""),$C12-I12) | M12: =IF($E12=J12,IFERROR(0/0,""),$E12-J12) | N12: =IF($F12=K12,IFERROR(0/0,""),$F12-K12) | O12: =IFERROR(VLOOKUP($A12,AG$3:AI681,3,FALSE),IFERROR(0/0,"") ) -> 35 | P12: =IF($C12=O12,IFERROR(0/0,""),$C12-O12) -> 2 | R12: RUN-COMB_2022-04-07_RFR-012 | S12: 44658 | T12: =VLOOKUP(R12,'Run Reconcile'!$A$2:$M672,13,FALSE) -> 37 | U12: =IF(EXACT(A11,R11),IFERROR(0/0,""),FALSE) | Y12: =IFERROR(__xludf.DUMMYFUNCTION("""COMPUTED_VALUE"""),"RUN-COMB_2022-04-07_RFR-012") -> RUN-COMB_2022-04-07_RFR-012 | Z12: =IFERROR(__xludf.DUMMYFUNCTION("""COMPUTED_VALUE"""),44658.0) -> 44658 | AA12: {=INDEX('RFR Data - preExcl'!AK$2:AK672,$AE12,1)} -> 37 | AB12: =AA12-AC12-AD12 -> 37 | AC12: {=INDEX('RFR Data - preExcl'!AI$2:AI672,$AE12,1)} -> 0 | AD12: {=INDEX('RFR Data - preExcl'!AF$2:AF672,$AE12,1)} -> 0 | AE12: =IFNA(MATCH(Y12,'RFR Data - preExcl'!A$2:A672,0),"") -> 12 | AG12: RUN-COMB_2022-04-07_RFR-012 | AH12: =VLOOKUP(AG12,'Run Reconcile'!A$2:B672,2,FALSE) -> 44658 | AI12: =COUNTIF('APS Tubes Import'!$V$2:$V672, AG12) -> 35 | AJ12: =COUNTIFS('APS Tubes Import'!V$2:V672, AG12, 'APS Tubes Import'!H$2:H672, "Negative") -> 35 | AK12: =COUNTIFS('APS Tubes Import'!V$2:V672, AG12, 'APS Tubes Import'!H$2:H672, "Positive") -> 0 | AL12: =COUNTIFS('APS Tubes Import'!V$2:V672, AG12, 'APS Tubes Import'!H$2:H672, "Inconclusive") -> 0 | AM12: =COUNTIFS('APS Tubes Import'!V$2:V672, AG12, 'APS Tubes Import'!H$2:H672, "Null") -> 0 | AO12: ='APS Tubes by Date Import'!B11 -> 44658 | AP12: ='APS Tubes by Date Import'!C11 -> 35 | AQ12: ='APS Tubes by Date Import'!D11 -> 35 | AR12: ='APS Tubes by Date Import'!E11 -> 0 | AS12: ='APS Tubes by Date Import'!F11 -> 0 | AT12: ='APS Tubes by Date Import'!G11 -> 0
A13: RUN-COMB_2022-04-08_RFR-013 | B13: =VLOOKUP(A13,'Run Reconcile'!A$2:B672,2,FALSE) -> 44659 | C13: =COUNTIF('ALL Tube Results'!B12:B672, A13) -> 30 | D13: =COUNTIFS('ALL Tube Results'!$B12:$B672, $A13, 'ALL Tube Results'!$F12:$F672, "Negative") -> 30 | E13: =COUNTIFS('ALL Tube Results'!$B12:$B672, $A13, 'ALL Tube Results'!$F12:$F672, "Positive") -> 0 | F13: =COUNTIFS('ALL Tube Results'!$B12:$B672, $A13, 'ALL Tube Results'!$F12:$F672, "Inconclusive") -> 0 | G13: =IFERROR(VLOOKUP($A13,R$3:T682,3,FALSE),IFERROR(0/0,"") ) -> 30 | H13: =IF($C13=G13,IFERROR(0/0,""),$C13-G13) | I13: =IFERROR(VLOOKUP($A13,Y$3:AA682,3,FALSE),IFERROR(0/0,"") ) -> 30 | J13: =IFERROR(VLOOKUP($A13,Y$3:AD682,5,FALSE),IFERROR(0/0,"") ) -> 0 | K13: =IFERROR(VLOOKUP($A13,Y$3:AD682,6,FALSE),IFERROR(0/0,"")) -> 0 | L13: =IF($C13=I13,IFERROR(0/0,""),$C13-I13) | M13: =IF($E13=J13,IFERROR(0/0,""),$E13-J13) | N13: =IF($F13=K13,IFERROR(0/0,""),$F13-K13) | O13: =IFERROR(VLOOKUP($A13,AG$3:AI682,3,FALSE),IFERROR(0/0,"") ) -> 30 | P13: =IF($C13=O13,IFERROR(0/0,""),$C13-O13) | R13: RUN-COMB_2022-04-08_RFR-013 | S13: 44659 | T13: =VLOOKUP(R13,'Run Reconcile'!$A$2:$M672,13,FALSE) -> 30 | U13: =IF(EXACT(A12,R12),IFERROR(0/0,""),FALSE) | Y13: =IFERROR(__xludf.DUMMYFUNCTION("""COMPUTED_VALUE"""),"RUN-COMB_2022-04-08_RFR-013") -> RUN-COMB_2022-04-08_RFR-013 | Z13: =IFERROR(__xludf.DUMMYFUNCTION("""COMPUTED_VALUE"""),44659.0) -> 44659 | AA13: {=INDEX('RFR Data - preExcl'!AK$2:AK672,$AE13,1)} -> 30 | AB13: =AA13-AC13-AD13 -> 30 | AC13: {=INDEX('RFR Data - preExcl'!AI$2:AI672,$AE13,1)} -> 0 | AD13: {=INDEX('RFR Data - preExcl'!AF$2:AF672,$AE13,1)} -> 0 | AE13: =IFNA(MATCH(Y13,'RFR Data - preExcl'!A$2:A672,0),"") -> 13 | AG13: RUN-COMB_2022-04-08_RFR-013 | AH13: =VLOOKUP(AG13,'Run Reconcile'!A$2:B672,2,FALSE) -> 44659 | AI13: =COUNTIF('APS Tubes Import'!$V$2:$V672, AG13) -> 30 | AJ13: =COUNTIFS('APS Tubes Import'!V$2:V672, AG13, 'APS Tubes Import'!H$2:H672, "Negative") -> 30 | AK13: =COUNTIFS('APS Tubes Import'!V$2:V672, AG13, 'APS Tubes Import'!H$2:H672, "Positive") -> 0 | AL13: =COUNTIFS('APS Tubes Import'!V$2:V672, AG13, 'APS Tubes Import'!H$2:H672, "Inconclusive") -> 0 | AM13: =COUNTIFS('APS Tubes Import'!V$2:V672, AG13, 'APS Tubes Import'!H$2:H672, "Null") -> 0 | AO13: ='APS Tubes by Date Import'!B12 -> 44659 | AP13: ='APS Tubes by Date Import'!C12 -> 30 | AQ13: ='APS Tubes by Date Import'!D12 -> 30 | AR13: ='APS Tubes by Date Import'!E12 -> 0 | AS13: ='APS Tubes by Date Import'!F12 -> 0 | AT13: ='APS Tubes by Date Import'!G12 -> 0
A14: RUN-COMB_2022-04-11_RFR-014 | B14: =VLOOKUP(A14,'Run Reconcile'!A$2:B672,2,FALSE) -> 44662 | C14: =COUNTIF('ALL Tube Results'!B13:B672, A14) -> 24 | D14: =COUNTIFS('ALL Tube Results'!$B13:$B672, $A14, 'ALL Tube Results'!$F13:$F672, "Negative") -> 24 | E14: =COUNTIFS('ALL Tube Results'!$B13:$B672, $A14, 'ALL Tube Results'!$F13:$F672, "Positive") -> 0 | F14: =COUNTIFS('ALL Tube Results'!$B13:$B672, $A14, 'ALL Tube Results'!$F13:$F672, "Inconclusive") -> 0 | G14: =IFERROR(VLOOKUP($A14,R$3:T683,3,FALSE),IFERROR(0/0,"") ) -> 24 | H14: =IF($C14=G14,IFERROR(0/0,""),$C14-G14) | I14: =IFERROR(VLOOKUP($A14,Y$3:AA683,3,FALSE),IFERROR(0/0,"") ) -> 24 | J14: =IFERROR(VLOOKUP($A14,Y$3:AD683,5,FALSE),IFERROR(0/0,"") ) -> 0 | K14: =IFERROR(VLOOKUP($A14,Y$3:AD683,6,FALSE),IFERROR(0/0,"")) -> 0 | L14: =IF($C14=I14,IFERROR(0/0,""),$C14-I14) | M14: =IF($E14=J14,IFERROR(0/0,""),$E14-J14) | N14: =IF($F14=K14,IFERROR(0/0,""),$F14-K14) | O14: =IFERROR(VLOOKUP($A14,AG$3:AI683,3,FALSE),IFERROR(0/0,"") ) -> 24 | P14: =IF($C14=O14,IFERROR(0/0,""),$C14-O14) | R14: RUN-COMB_2022-04-11_RFR-014 | S14: 44662 | T14: =VLOOKUP(R14,'Run Reconcile'!$A$2:$M672,13,FALSE) -> 24 | U14: =IF(EXACT(A13,R13),IFERROR(0/0,""),FALSE) | Y14: =IFERROR(__xludf.DUMMYFUNCTION("""COMPUTED_VALUE"""),"RUN-COMB_2022-04-11_RFR-014") -> RUN-COMB_2022-04-11_RFR-014 | Z14: =IFERROR(__xludf.DUMMYFUNCTION("""COMPUTED_VALUE"""),44662.0) -> 44662 | AA14: {=INDEX('RFR Data - preExcl'!AK$2:AK672,$AE14,1)} -> 24 | AB14: =AA14-AC14-AD14 -> 24 | AC14: {=INDEX('RFR Data - preExcl'!AI$2:AI672,$AE14,1)} -> 0 | AD14: {=INDEX('RFR Data - preExcl'!AF$2:AF672,$AE14,1)} -> 0 | AE14: =IFNA(MATCH(Y14,'RFR Data - preExcl'!A$2:A672,0),"") -> 14 | AG14: RUN-COMB_2022-04-11_RFR-014 | AH14: =VLOOKUP(AG14,'Run Reconcile'!A$2:B672,2,FALSE) -> 44662 | AI14: =COUNTIF('APS Tubes Import'!$V$2:$V672, AG14) -> 24 | AJ14: =COUNTIFS('APS Tubes Import'!V$2:V672, AG14, 'APS Tubes Import'!H$2:H672, "Negative") -> 24 | AK14: =COUNTIFS('APS Tubes Import'!V$2:V672, AG14, 'APS Tubes Import'!H$2:H672, "Positive") -> 0 | AL14: =COUNTIFS('APS Tubes Import'!V$2:V672, AG14, 'APS Tubes Import'!H$2:H672, "Inconclusive") -> 0 | AM14: =COUNTIFS('APS Tubes Import'!V$2:V672, AG14, 'APS Tubes Import'!H$2:H672, "Null") -> 0 | AO14: ='APS Tubes by Date Import'!B13 -> 44662 | AP14: ='APS Tubes by Date Import'!C13 -> 24 | AQ14: ='APS Tubes by Date Import'!D13 -> 24 | AR14: ='APS Tubes by Date Import'!E13 -> 0 | AS14: ='APS Tubes by Date Import'!F13 -> 0 | AT14: ='APS Tubes by Date Import'!G13 -> 0
A15: RUN-COMB_2022-04-12_RFR-015 | B15: =VLOOKUP(A15,'Run Reconcile'!A$2:B672,2,FALSE) -> 44663 | C15: =COUNTIF('ALL Tube Results'!B14:B672, A15) -> 23 | D15: =COUNTIFS('ALL Tube Results'!$B14:$B672, $A15, 'ALL Tube Results'!$F14:$F672, "Negative") -> 23 | E15: =COUNTIFS('ALL Tube Results'!$B14:$B672, $A15, 'ALL Tube Results'!$F14:$F672, "Positive") -> 0 | F15: =COUNTIFS('ALL Tube Results'!$B14:$B672, $A15, 'ALL Tube Results'!$F14:$F672, "Inconclusive") -> 0 | G15: =IFERROR(VLOOKUP($A15,R$3:T684,3,FALSE),IFERROR(0/0,"") ) -> 23 | H15: =IF($C15=G15,IFERROR(0/0,""),$C15-G15) | I15: =IFERROR(VLOOKUP($A15,Y$3:AA684,3,FALSE),IFERROR(0/0,"") ) -> 23 | J15: =IFERROR(VLOOKUP($A15,Y$3:AD684,5,FALSE),IFERROR(0/0,"") ) -> 0 | K15: =IFERROR(VLOOKUP($A15,Y$3:AD684,6,FALSE),IFERROR(0/0,"")) -> 0 | L15: =IF($C15=I15,IFERROR(0/0,""),$C15-I15) | M15: =IF($E15=J15,IFERROR(0/0,""),$E15-J15) | N15: =IF($F15=K15,IFERROR(0/0,""),$F15-K15) | O15: =IFERROR(VLOOKUP($A15,AG$3:AI684,3,FALSE),IFERROR(0/0,"") ) -> 23 | P15: =IF($C15=O15,IFERROR(0/0,""),$C15-O15) | R15: RUN-COMB_2022-04-12_RFR-015 | S15: 44663 | T15: =VLOOKUP(R15,'Run Reconcile'!$A$2:$M672,13,FALSE) -> 23 | U15: =IF(EXACT(A14,R14),IFERROR(0/0,""),FALSE) | Y15: =IFERROR(__xludf.DUMMYFUNCTION("""COMPUTED_VALUE"""),"RUN-COMB_2022-04-12_RFR-015") -> RUN-COMB_2022-04-12_RFR-015 | Z15: =IFERROR(__xludf.DUMMYFUNCTION("""COMPUTED_VALUE"""),44663.0) -> 44663 | AA15: {=INDEX('RFR Data - preExcl'!AK$2:AK672,$AE15,1)} -> 23 | AB15: =AA15-AC15-AD15 -> 23 | AC15: {=INDEX('RFR Data - preExcl'!AI$2:AI672,$AE15,1)} -> 0 | AD15: {=INDEX('RFR Data - preExcl'!AF$2:AF672,$AE15,1)} -> 0 | AE15: =IFNA(MATCH(Y15,'RFR Data - preExcl'!A$2:A672,0),"") -> 15 | AG15: RUN-COMB_2022-04-12_RFR-015 | AH15: =VLOOKUP(AG15,'Run Reconcile'!A$2:B672,2,FALSE) -> 44663 | AI15: =COUNTIF('APS Tubes Import'!$V$2:$V672, AG15) -> 23 | AJ15: =COUNTIFS('APS Tubes Import'!V$2:V672, AG15, 'APS Tubes Import'!H$2:H672, "Negative") -> 23 | AK15: =COUNTIFS('APS Tubes Import'!V$2:V672, AG15, 'APS Tubes Import'!H$2:H672, "Positive") -> 0 | AL15: =COUNTIFS('APS Tubes Import'!V$2:V672, AG15, 'APS Tubes Import'!H$2:H672, "Inconclusive") -> 0 | AM15: =COUNTIFS('APS Tubes Import'!V$2:V672, AG15, 'APS Tubes Import'!H$2:H672, "Null") -> 0 | AO15: ='APS Tubes by Date Import'!B14 -> 44663 | AP15: ='APS Tubes by Date Import'!C14 -> 23 | AQ15: ='APS Tubes by Date Import'!D14 -> 23 | AR15: ='APS Tubes by Date Import'!E14 -> 0 | AS15: ='APS Tubes by Date Import'!F14 -> 0 | AT15: ='APS Tubes by Date Import'!G14 -> 0
A16: RUN-COMB_2022-04-13_RFR-016 | B16: =VLOOKUP(A16,'Run Reconcile'!A$2:B672,2,FALSE) -> 44664 | C16: =COUNTIF('ALL Tube Results'!B15:B672, A16) -> 21 | D16: =COUNTIFS('ALL Tube Results'!$B15:$B672, $A16, 'ALL Tube Results'!$F15:$F672, "Negative") -> 21 | E16: =COUNTIFS('ALL Tube Results'!$B15:$B672, $A16, 'ALL Tube Results'!$F15:$F672, "Positive") -> 0 | F16: =COUNTIFS('ALL Tube Results'!$B15:$B672, $A16, 'ALL Tube Results'!$F15:$F672, "Inconclusive") -> 0 | G16: =IFERROR(VLOOKUP($A16,R$3:T685,3,FALSE),IFERROR(0/0,"") ) -> 21 | H16: =IF($C16=G16,IFERROR(0/0,""),$C16-G16) | I16: =IFERROR(VLOOKUP($A16,Y$3:AA685,3,FALSE),IFERROR(0/0,"") ) -> 21 | J16: =IFERROR(VLOOKUP($A16,Y$3:AD685,5,FALSE),IFERROR(0/0,"") ) -> 0 | K16: =IFERROR(VLOOKUP($A16,Y$3:AD685,6,FALSE),IFERROR(0/0,"")) -> 0 | L16: =IF($C16=I16,IFERROR(0/0,""),$C16-I16) | M16: =IF($E16=J16,IFERROR(0/0,""),$E16-J16) | N16: =IF($F16=K16,IFERROR(0/0,""),$F16-K16) | O16: =IFERROR(VLOOKUP($A16,AG$3:AI685,3,FALSE),IFERROR(0/0,"") ) -> 21 | P16: =IF($C16=O16,IFERROR(0/0,""),$C16-O16) | R16: RUN-COMB_2022-04-13_RFR-016 | S16: 44664 | T16: =VLOOKUP(R16,'Run Reconcile'!$A$2:$M672,13,FALSE) -> 21 | U16: =IF(EXACT(A15,R15),IFERROR(0/0,""),FALSE) | Y16: =IFERROR(__xludf.DUMMYFUNCTION("""COMPUTED_VALUE"""),"RUN-COMB_2022-04-13_RFR-016") -> RUN-COMB_2022-04-13_RFR-016 | Z16: =IFERROR(__xludf.DUMMYFUNCTION("""COMPUTED_VALUE"""),44664.0) -> 44664 | AA16: {=INDEX('RFR Data - preExcl'!AK$2:AK672,$AE16,1)} -> 21 | AB16: =AA16-AC16-AD16 -> 21 | AC16: {=INDEX('RFR Data - preExcl'!AI$2:AI672,$AE16,1)} -> 0 | AD16: {=INDEX('RFR Data - preExcl'!AF$2:AF672,$AE16,1)} -> 0 | AE16: =IFNA(MATCH(Y16,'RFR Data - preExcl'!A$2:A672,0),"") -> 16 | AG16: RUN-COMB_2022-04-13_RFR-016 | AH16: =VLOOKUP(AG16,'Run Reconcile'!A$2:B672,2,FALSE) -> 44664 | AI16: =COUNTIF('APS Tubes Import'!$V$2:$V672, AG16) -> 21 | AJ16: =COUNTIFS('APS Tubes Import'!V$2:V672, AG16, 'APS Tubes Import'!H$2:H672, "Negative") -> 21 | AK16: =COUNTIFS('APS Tubes Import'!V$2:V672, AG16, 'APS Tubes Import'!H$2:H672, "Positive") -> 0 | AL16: =COUNTIFS('APS Tubes Import'!V$2:V672, AG16, 'APS Tubes Import'!H$2:H672, "Inconclusive") -> 0 | AM16: =COUNTIFS('APS Tubes Import'!V$2:V672, AG16, 'APS Tubes Import'!H$2:H672, "Null") -> 0 | AO16: ='APS Tubes by Date Import'!B15 -> 44664 | AP16: ='APS Tubes by Date Import'!C15 -> 21 | AQ16: ='APS Tubes by Date Import'!D15 -> 21 | AR16: ='APS Tubes by Date Import'!E15 -> 0 | AS16: ='APS Tubes by Date Import'!F15 -> 0 | AT16: ='APS Tubes by Date Import'!G15 -> 0
A17: RUN-COMB_2022-04-14_RFR-017 | B17: =VLOOKUP(A17,'Run Reconcile'!A$2:B672,2,FALSE) -> 44665 | C17: =COUNTIF('ALL Tube Results'!B16:B672, A17) -> 29 | D17: =COUNTIFS('ALL Tube Results'!$B16:$B672, $A17, 'ALL Tube Results'!$F16:$F672, "Negative") -> 29 | E17: =COUNTIFS('ALL Tube Results'!$B16:$B672, $A17, 'ALL Tube Results'!$F16:$F672, "Positive") -> 0 | F17: =COUNTIFS('ALL Tube Results'!$B16:$B672, $A17, 'ALL Tube Results'!$F16:$F672, "Inconclusive") -> 0 | G17: =IFERROR(VLOOKUP($A17,R$3:T686,3,FALSE),IFERROR(0/0,"") ) -> 29 | H17: =IF($C17=G17,IFERROR(0/0,""),$C17-G17) | I17: =IFERROR(VLOOKUP($A17,Y$3:AA686,3,FALSE),IFERROR(0/0,"") ) -> 29 | J17: =IFERROR(VLOOKUP($A17,Y$3:AD686,5,FALSE),IFERROR(0/0,"") ) -> 0 | K17: =IFERROR(VLOOKUP($A17,Y$3:AD686,6,FALSE),IFERROR(0/0,"")) -> 0 | L17: =IF($C17=I17,IFERROR(0/0,""),$C17-I17) | M17: =IF($E17=J17,IFERROR(0/0,""),$E17-J17) | N17: =IF($F17=K17,IFERROR(0/0,""),$F17-K17) | O17: =IFERROR(VLOOKUP($A17,AG$3:AI686,3,FALSE),IFERROR(0/0,"") ) -> 29 | P17: =IF($C17=O17,IFERROR(0/0,""),$C17-O17) | R17: RUN-COMB_2022-04-14_RFR-017 | S17: 44665 | T17: =VLOOKUP(R17,'Run Reconcile'!$A$2:$M672,13,FALSE) -> 29 | U17: =IF(EXACT(A16,R16),IFERROR(0/0,""),FALSE) | Y17: =IFERROR(__xludf.DUMMYFUNCTION("""COMPUTED_VALUE"""),"RUN-COMB_2022-04-14_RFR-017") -> RUN-COMB_2022-04-14_RFR-017 | Z17: =IFERROR(__xludf.DUMMYFUNCTION("""COMPUTED_VALUE"""),44665.0) -> 44665 | AA17: {=INDEX('RFR Data - preExcl'!AK$2:AK672,$AE17,1)} -> 29 | AB17: =AA17-AC17-AD17 -> 29 | AC17: {=INDEX('RFR Data - preExcl'!AI$2:AI672,$AE17,1)} -> 0 | AD17: {=INDEX('RFR Data - preExcl'!AF$2:AF672,$AE17,1)} -> 0 | AE17: =IFNA(MATCH(Y17,'RFR Data - preExcl'!A$2:A672,0),"") -> 17 | AG17: RUN-COMB_2022-04-14_RFR-017 | AH17: =VLOOKUP(AG17,'Run Reconcile'!A$2:B672,2,FALSE) -> 44665 | AI17: =COUNTIF('APS Tubes Import'!$V$2:$V672, AG17) -> 29 | AJ17: =COUNTIFS('APS Tubes Import'!V$2:V672, AG17, 'APS Tubes Import'!H$2:H672, "Negative") -> 29 | AK17: =COUNTIFS('APS Tubes Import'!V$2:V672, AG17, 'APS Tubes Import'!H$2:H672, "Positive") -> 0 | AL17: =COUNTIFS('APS Tubes Import'!V$2:V672, AG17, 'APS Tubes Import'!H$2:H672, "Inconclusive") -> 0 | AM17: =COUNTIFS('APS Tubes Import'!V$2:V672, AG17, 'APS Tubes Import'!H$2:H672, "Null") -> 0 | AO17: ='APS Tubes by Date Import'!B16 -> 44665 | AP17: ='APS Tubes by Date Import'!C16 -> 29 | AQ17: ='APS Tubes by Date Import'!D16 -> 29 | AR17: ='APS Tubes by Date Import'!E16 -> 0 | AS17: ='APS Tubes by Date Import'!F16 -> 0 | AT17: ='APS Tubes by Date Import'!G16 -> 0
A18: RUN-COMB_2022-04-15_RFR-018 | B18: =VLOOKUP(A18,'Run Reconcile'!A$2:B672,2,FALSE) -> 44666 | C18: =COUNTIF('ALL Tube Results'!B17:B672, A18) -> 23 | D18: =COUNTIFS('ALL Tube Results'!$B17:$B672, $A18, 'ALL Tube Results'!$F17:$F672, "Negative") -> 23 | E18: =COUNTIFS('ALL Tube Results'!$B17:$B672, $A18, 'ALL Tube Results'!$F17:$F672, "Positive") -> 0 | F18: =COUNTIFS('ALL Tube Results'!$B17:$B672, $A18, 'ALL Tube Results'!$F17:$F672, "Inconclusive") -> 0 | G18: =IFERROR(VLOOKUP($A18,R$3:T687,3,FALSE),IFERROR(0/0,"") ) -> 23 | H18: =IF($C18=G18,IFERROR(0/0,""),$C18-G18) | I18: =IFERROR(VLOOKUP($A18,Y$3:AA687,3,FALSE),IFERROR(0/0,"") ) -> 23 | J18: =IFERROR(VLOOKUP($A18,Y$3:AD687,5,FALSE),IFERROR(0/0,"") ) -> 0 | K18: =IFERROR(VLOOKUP($A18,Y$3:AD687,6,FALSE),IFERROR(0/0,"")) -> 0 | L18: =IF($C18=I18,IFERROR(0/0,""),$C18-I18) | M18: =IF($E18=J18,IFERROR(0/0,""),$E18-J18) | N18: =IF($F18=K18,IFERROR(0/0,""),$F18-K18) | O18: =IFERROR(VLOOKUP($A18,AG$3:AI687,3,FALSE),IFERROR(0/0,"") ) -> 23 | P18: =IF($C18=O18,IFERROR(0/0,""),$C18-O18) | R18: RUN-COMB_2022-04-15_RFR-018 | S18: 44666 | T18: =VLOOKUP(R18,'Run Reconcile'!$A$2:$M672,13,FALSE) -> 23 | U18: =IF(EXACT(A17,R17),IFERROR(0/0,""),FALSE) | Y18: =IFERROR(__xludf.DUMMYFUNCTION("""COMPUTED_VALUE"""),"RUN-COMB_2022-04-15_RFR-018") -> RUN-COMB_2022-04-15_RFR-018 | Z18: =IFERROR(__xludf.DUMMYFUNCTION("""COMPUTED_VALUE"""),44666.0) -> 44666 | AA18: {=INDEX('RFR Data - preExcl'!AK$2:AK672,$AE18,1)} -> 23 | AB18: =AA18-AC18-AD18 -> 23 | AC18: {=INDEX('RFR Data - preExcl'!AI$2:AI672,$AE18,1)} -> 0 | AD18: {=INDEX('RFR Data - preExcl'!AF$2:AF672,$AE18,1)} -> 0 | AE18: =IFNA(MATCH(Y18,'RFR Data - preExcl'!A$2:A672,0),"") -> 18 | AG18: RUN-COMB_2022-04-15_RFR-018 | AH18: =VLOOKUP(AG18,'Run Reconcile'!A$2:B672,2,FALSE) -> 44666 | AI18: =COUNTIF('APS Tubes Import'!$V$2:$V672, AG18) -> 23 | AJ18: =COUNTIFS('APS Tubes Import'!V$2:V672, AG18, 'APS Tubes Import'!H$2:H672, "Negative") -> 23 | AK18: =COUNTIFS('APS Tubes Import'!V$2:V672, AG18, 'APS Tubes Import'!H$2:H672, "Positive") -> 0 | AL18: =COUNTIFS('APS Tubes Import'!V$2:V672, AG18, 'APS Tubes Import'!H$2:H672, "Inconclusive") -> 0 | AM18: =COUNTIFS('APS Tubes Import'!V$2:V672, AG18, 'APS Tubes Import'!H$2:H672, "Null") -> 0 | AO18: ='APS Tubes by Date Import'!B17 -> 44666 | AP18: ='APS Tubes by Date Import'!C17 -> 23 | AQ18: ='APS Tubes by Date Import'!D17 -> 23 | AR18: ='APS Tubes by Date Import'!E17 -> 0 | AS18: ='APS Tubes by Date Import'!F17 -> 0 | AT18: ='APS Tubes by Date Import'!G17 -> 0
A19: RUN-COMB_2022-04-18_RFR-020 | B19: =VLOOKUP(A19,'Run Reconcile'!A$2:B672,2,FALSE) -> 44669 | C19: =COUNTIF('ALL Tube Results'!B18:B672, A19) -> 4 | D19: =COUNTIFS('ALL Tube Results'!$B18:$B672, $A19, 'ALL Tube Results'!$F18:$F672, "Negative") -> 4 | E19: =COUNTIFS('ALL Tube Results'!$B18:$B672, $A19, 'ALL Tube Results'!$F18:$F672, "Positive") -> 0 | F19: =COUNTIFS('ALL Tube Results'!$B18:$B672, $A19, 'ALL Tube Results'!$F18:$F672, "Inconclusive") -> 0 | G19: =IFERROR(VLOOKUP($A19,R$3:T688,3,FALSE),IFERROR(0/0,"") ) -> 4 | H19: =IF($C19=G19,IFERROR(0/0,""),$C19-G19) | I19: =IFERROR(VLOOKUP($A19,Y$3:AA688,3,FALSE),IFERROR(0/0,"") ) -> 4 | J19: =IFERROR(VLOOKUP($A19,Y$3:AD688,5,FALSE),IFERROR(0/0,"") ) -> 0 | K19: =IFERROR(VLOOKUP($A19,Y$3:AD688,6,FALSE),IFERROR(0/0,"")) -> 0 | L19: =IF($C19=I19,IFERROR(0/0,""),$C19-I19) | M19: =IF($E19=J19,IFERROR(0/0,""),$E19-J19) | N19: =IF($F19=K19,IFERROR(0/0,""),$F19-K19) | O19: =IFERROR(VLOOKUP($A19,AG$3:AI688,3,FALSE),IFERROR(0/0,"") ) -> 4 | P19: =IF($C19=O19,IFERROR(0/0,""),$C19-O19) | R19: RUN-COMB_2022-04-18_RFR-020 | S19: 44669 | T19: =VLOOKUP(R19,'Run Reconcile'!$A$2:$M672,13,FALSE) -> 4 | U19: =IF(EXACT(A18,R18),IFERROR(0/0,""),FALSE) | Y19: =IFERROR(__xludf.DUMMYFUNCTION("""COMPUTED_VALUE"""),"RUN-COMB_2022-04-18_RFR-020") -> RUN-COMB_2022-04-18_RFR-020 | Z19: =IFERROR(__xludf.DUMMYFUNCTION("""COMPUTED_VALUE"""),44669.0) -> 44669 | AA19: {=INDEX('RFR Data - preExcl'!AK$2:AK672,$AE19,1)} -> 4 | AB19: =AA19-AC19-AD19 -> 4 | AC19: {=INDEX('RFR Data - preExcl'!AI$2:AI672,$AE19,1)} -> 0 | AD19: {=INDEX('RFR Data - preExcl'!AF$2:AF672,$AE19,1)} -> 0 | AE19: =IFNA(MATCH(Y19,'RFR Data - preExcl'!A$2:A672,0),"") -> 20 | AG19: RUN-COMB_2022-04-18_RFR-020 | AH19: =VLOOKUP(AG19,'Run Reconcile'!A$2:B672,2,FALSE) -> 44669 | AI19: =COUNTIF('APS Tubes Import'!$V$2:$V672, AG19) -> 4 | AJ19: =COUNTIFS('APS Tubes Import'!V$2:V672, AG19, 'APS Tubes Import'!H$2:H672, "Negative") -> 4 | AK19: =COUNTIFS('APS Tubes Import'!V$2:V672, AG19, 'APS Tubes Import'!H$2:H672, "Positive") -> 0 | AL19: =COUNTIFS('APS Tubes Import'!V$2:V672, AG19, 'APS Tubes Import'!H$2:H672, "Inconclusive") -> 0 | AM19: =COUNTIFS('APS Tubes Import'!V$2:V672, AG19, 'APS Tubes Import'!H$2:H672, "Null") -> 0 | AO19: ='APS Tubes by Date Import'!B18 -> 44669 | AP19: ='APS Tubes by Date Import'!C18 -> 36 | AQ19: ='APS Tubes by Date Import'!D18 -> 36 | AR19: ='APS Tubes by Date Import'!E18 -> 0 | AS19: ='APS Tubes by Date Import'!F18 -> 0 | AT19: ='APS Tubes by Date Import'!G18 -> 0
A20: RUN-COMB_2022-04-18_RFR-021 | B20: =VLOOKUP(A20,'Run Reconcile'!A$2:B672,2,FALSE) -> 44669 | C20: =COUNTIF('ALL Tube Results'!B19:B672, A20) -> 32 | D20: =COUNTIFS('ALL Tube Results'!$B19:$B672, $A20, 'ALL Tube Results'!$F19:$F672, "Negative") -> 32 | E20: =COUNTIFS('ALL Tube Results'!$B19:$B672, $A20, 'ALL Tube Results'!$F19:$F672, "Positive") -> 0 | F20: =COUNTIFS('ALL Tube Results'!$B19:$B672, $A20, 'ALL Tube Results'!$F19:$F672, "Inconclusive") -> 0 | G20: =IFERROR(VLOOKUP($A20,R$3:T689,3,FALSE),IFERROR(0/0,"") ) -> 32 | H20: =IF($C20=G20,IFERROR(0/0,""),$C20-G20) | I20: =IFERROR(VLOOKUP($A20,Y$3:AA689,3,FALSE),IFERROR(0/0,"") ) -> 32 | J20: =IFERROR(VLOOKUP($A20,Y$3:AD689,5,FALSE),IFERROR(0/0,"") ) -> 0 | K20: =IFERROR(VLOOKUP($A20,Y$3:AD689,6,FALSE),IFERROR(0/0,"")) -> 0 | L20: =IF($C20=I20,IFERROR(0/0,""),$C20-I20) | M20: =IF($E20=J20,IFERROR(0/0,""),$E20-J20) | N20: =IF($F20=K20,IFERROR(0/0,""),$F20-K20) | O20: =IFERROR(VLOOKUP($A20,AG$3:AI689,3,FALSE),IFERROR(0/0,"") ) -> 32 | P20: =IF($C20=O20,IFERROR(0/0,""),$C20-O20) | R20: RUN-COMB_2022-04-18_RFR-021 | S20: 44669 | T20: =VLOOKUP(R20,'Run Reconcile'!$A$2:$M672,13,FALSE) -> 32 | U20: =IF(EXACT(A19,R19),IFERROR(0/0,""),FALSE) | Y20: =IFERROR(__xludf.DUMMYFUNCTION("""COMPUTED_VALUE"""),"RUN-COMB_2022-04-18_RFR-021") -> RUN-COMB_2022-04-18_RFR-021 | Z20: =IFERROR(__xludf.DUMMYFUNCTION("""COMPUTED_VALUE"""),44669.0) -> 44669 | AA20: {=INDEX('RFR Data - preExcl'!AK$2:AK672,$AE20,1)} -> 32 | AB20: =AA20-AC20-AD20 -> 32 | AC20: {=INDEX('RFR Data - preExcl'!AI$2:AI672,$AE20,1)} -> 0 | AD20: {=INDEX('RFR Data - preExcl'!AF$2:AF672,$AE20,1)} -> 0 | AE20: =IFNA(MATCH(Y20,'RFR Data - preExcl'!A$2:A672,0),"") -> 21 | AG20: RUN-COMB_2022-04-18_RFR-021 | AH20: =VLOOKUP(AG20,'Run Reconcile'!A$2:B672,2,FALSE) -> 44669 | AI20: =COUNTIF('APS Tubes Import'!$V$2:$V672, AG20) -> 32 | AJ20: =COUNTIFS('APS Tubes Import'!V$2:V672, AG20, 'APS Tubes Import'!H$2:H672, "Negative") -> 32 | AK20: =COUNTIFS('APS Tubes Import'!V$2:V672, AG20, 'APS Tubes Import'!H$2:H672, "Positive") -> 0 | AL20: =COUNTIFS('APS Tubes Import'!V$2:V672, AG20, 'APS Tubes Import'!H$2:H672, "Inconclusive") -> 0 | AM20: =COUNTIFS('APS Tubes Import'!V$2:V672, AG20, 'APS Tubes Import'!H$2:H672, "Null") -> 0 | AO20: ='APS Tubes by Date Import'!B19 -> 44670 | AP20: ='APS Tubes by Date Import'!C19 -> 18 | AQ20: ='APS Tubes by Date Import'!D19 -> 18 | AR20: ='APS Tubes by Date Import'!E19 -> 0 | AS20: ='APS Tubes by Date Import'!F19 -> 0 | AT20: ='APS Tubes by Date Import'!G19 -> 0
A21: RUN-COMB_2022-04-19_RFR-022 | B21: =VLOOKUP(A21,'Run Reconcile'!A$2:B672,2,FALSE) -> 44670 | C21: =COUNTIF('ALL Tube Results'!B20:B672, A21) -> 18 | D21: =COUNTIFS('ALL Tube Results'!$B20:$B672, $A21, 'ALL Tube Results'!$F20:$F672, "Negative") -> 18 | E21: =COUNTIFS('ALL Tube Results'!$B20:$B672, $A21, 'ALL Tube Results'!$F20:$F672, "Positive") -> 0 | F21: =COUNTIFS('ALL Tube Results'!$B20:$B672, $A21, 'ALL Tube Results'!$F20:$F672, "Inconclusive") -> 0 | G21: =IFERROR(VLOOKUP($A21,R$3:T690,3,FALSE),IFERROR(0/0,"") ) -> 18 | H21: =IF($C21=G21,IFERROR(0/0,""),$C21-G21) | I21: =IFERROR(VLOOKUP($A21,Y$3:AA690,3,FALSE),IFERROR(0/0,"") ) -> 18 | J21: =IFERROR(VLOOKUP($A21,Y$3:AD690,5,FALSE),IFERROR(0/0,"") ) -> 0 | K21: =IFERROR(VLOOKUP($A21,Y$3:AD690,6,FALSE),IFERROR(0/0,"")) -> 0 | L21: =IF($C21=I21,IFERROR(0/0,""),$C21-I21) | M21: =IF($E21=J21,IFERROR(0/0,""),$E21-J21) | N21: =IF($F21=K21,IFERROR(0/0,""),$F21-K21) | O21: =IFERROR(VLOOKUP($A21,AG$3:AI690,3,FALSE),IFERROR(0/0,"") ) -> 18 | P21: =IF($C21=O21,IFERROR(0/0,""),$C21-O21) | R21: RUN-COMB_2022-04-19_RFR-022 | S21: 44670 | T21: =VLOOKUP(R21,'Run Reconcile'!$A$2:$M672,13,FALSE) -> 18 | U21: =IF(EXACT(A20,R20),IFERROR(0/0,""),FALSE) | Y21: =IFERROR(__xludf.DUMMYFUNCTION("""COMPUTED_VALUE"""),"RUN-COMB_2022-04-19_RFR-022") -> RUN-COMB_2022-04-19_RFR-022 | Z21: =IFERROR(__xludf.DUMMYFUNCTION("""COMPUTED_VALUE"""),44670.0) -> 44670 | AA21: {=INDEX('RFR Data - preExcl'!AK$2:AK672,$AE21,1)} -> 18 | AB21: =AA21-AC21-AD21 -> 18 | AC21: {=INDEX('RFR Data - preExcl'!AI$2:AI672,$AE21,1)} -> 0 | AD21: {=INDEX('RFR Data - preExcl'!AF$2:AF672,$AE21,1)} -> 0 | AE21: =IFNA(MATCH(Y21,'RFR Data - preExcl'!A$2:A672,0),"") -> 22 | AG21: RUN-COMB_2022-04-19_RFR-022 | AH21: =VLOOKUP(AG21,'Run Reconcile'!A$2:B672,2,FALSE) -> 44670 | AI21: =COUNTIF('APS Tubes Import'!$V$2:$V672, AG21) -> 18 | AJ21: =COUNTIFS('APS Tubes Import'!V$2:V672, AG21, 'APS Tubes Import'!H$2:H672, "Negative") -> 18 | AK21: =COUNTIFS('APS Tubes Import'!V$2:V672, AG21, 'APS Tubes Import'!H$2:H672, "Positive") -> 0 | AL21: =COUNTIFS('APS Tubes Import'!V$2:V672, AG21, 'APS Tubes Import'!H$2:H672, "Inconclusive") -> 0 | AM21: =COUNTIFS('APS Tubes Import'!V$2:V672, AG21, 'APS Tubes Import'!H$2:H672, "Null") -> 0 | AO21: ='APS Tubes by Date Import'!B20 -> 44671 | AP21: ='APS Tubes by Date Import'!C20 -> 14 | AQ21: ='APS Tubes by Date Import'!D20 -> 14 | AR21: ='APS Tubes by Date Import'!E20 -> 0 | AS21: ='APS Tubes by Date Import'!F20 -> 0 | AT21: ='APS Tubes by Date Import'!G20 -> 0
A22: RUN-COMB_2022-04-20_RFR-024 | B22: =VLOOKUP(A22,'Run Reconcile'!A$2:B672,2,FALSE) -> 44671 | C22: =COUNTIF('ALL Tube Results'!B21:B672, A22) -> 14 | D22: =COUNTIFS('ALL Tube Results'!$B21:$B672, $A22, 'ALL Tube Results'!$F21:$F672, "Negative") -> 14 | E22: =COUNTIFS('ALL Tube Results'!$B21:$B672, $A22, 'ALL Tube Results'!$F21:$F672, "Positive") -> 0 | F22: =COUNTIFS('ALL Tube Results'!$B21:$B672, $A22, 'ALL Tube Results'!$F21:$F672, "Inconclusive") -> 0 | G22: =IFERROR(VLOOKUP($A22,R$3:T691,3,FALSE),IFERROR(0/0,"") ) -> 14 | H22: =IF($C22=G22,IFERROR(0/0,""),$C22-G22) | I22: =IFERROR(VLOOKUP($A22,Y$3:AA691,3,FALSE),IFERROR(0/0,"") ) -> 14 | J22: =IFERROR(VLOOKUP($A22,Y$3:AD691,5,FALSE),IFERROR(0/0,"") ) -> 0 | K22: =IFERROR(VLOOKUP($A22,Y$3:AD691,6,FALSE),IFERROR(0/0,"")) -> 0 | L22: =IF($C22=I22,IFERROR(0/0,""),$C22-I22) | M22: =IF($E22=J22,IFERROR(0/0,""),$E22-J22) | N22: =IF($F22=K22,IFERROR(0/0,""),$F22-K22) | O22: =IFERROR(VLOOKUP($A22,AG$3:AI691,3,FALSE),IFERROR(0/0,"") ) -> 14 | P22: =IF($C22=O22,IFERROR(0/0,""),$C22-O22) | R22: RUN-COMB_2022-04-20_RFR-024 | S22: 44671 | T22: =VLOOKUP(R22,'Run Reconcile'!$A$2:$M672,13,FALSE) -> 14 | U22: =IF(EXACT(A21,R21),IFERROR(0/0,""),FALSE) | Y22: =IFERROR(__xludf.DUMMYFUNCTION("""COMPUTED_VALUE"""),"RUN-COMB_2022-04-20_RFR-024") -> RUN-COMB_2022-04-20_RFR-024 | Z22: =IFERROR(__xludf.DUMMYFUNCTION("""COMPUTED_VALUE"""),44671.0) -> 44671 | AA22: {=INDEX('RFR Data - preExcl'!AK$2:AK672,$AE22,1)} -> 14 | AB22: =AA22-AC22-AD22 -> 14 | AC22: {=INDEX('RFR Data - preExcl'!AI$2:AI672,$AE22,1)} -> 0 | AD22: {=INDEX('RFR Data - preExcl'!AF$2:AF672,$AE22,1)} -> 0 | AE22: =IFNA(MATCH(Y22,'RFR Data - preExcl'!A$2:A672,0),"") -> 24 | AG22: RUN-COMB_2022-04-20_RFR-024 | AH22: =VLOOKUP(AG22,'Run Reconcile'!A$2:B672,2,FALSE) -> 44671 | AI22: =COUNTIF('APS Tubes Import'!$V$2:$V672, AG22) -> 14 | AJ22: =COUNTIFS('APS Tubes Import'!V$2:V672, AG22, 'APS Tubes Import'!H$2:H672, "Negative") -> 14 | AK22: =COUNTIFS('APS Tubes Import'!V$2:V672, AG22, 'APS Tubes Import'!H$2:H672, "Positive") -> 0 | AL22: =COUNTIFS('APS Tubes Import'!V$2:V672, AG22, 'APS Tubes Import'!H$2:H672, "Inconclusive") -> 0 | AM22: =COUNTIFS('APS Tubes Import'!V$2:V672, AG22, 'APS Tubes Import'!H$2:H672, "Null") -> 0 | AO22: ='APS Tubes by Date Import'!B21 -> 44672 | AP22: ='APS Tubes by Date Import'!C21 -> 40 | AQ22: ='APS Tubes by Date Import'!D21 -> 39 | AR22: ='APS Tubes by Date Import'!E21 -> 1 | AS22: ='APS Tubes by Date Import'!F21 -> 0 | AT22: ='APS Tubes by Date Import'!G21 -> 0
A23: RUN-COMB_2022-04-21_RFR-025 | B23: =VLOOKUP(A23,'Run Reconcile'!A$2:B672,2,FALSE) -> 44672 | C23: =COUNTIF('ALL Tube Results'!B22:B672, A23) -> 40 | D23: =COUNTIFS('ALL Tube Results'!$B22:$B672, $A23, 'ALL Tube Results'!$F22:$F672, "Negative") -> 39 | E23: =COUNTIFS('ALL Tube Results'!$B22:$B672, $A23, 'ALL Tube Results'!$F22:$F672, "Positive") -> 1 | F23: =COUNTIFS('ALL Tube Results'!$B22:$B672, $A23, 'ALL Tube Results'!$F22:$F672, "Inconclusive") -> 0 | G23: =IFERROR(VLOOKUP($A23,R$3:T692,3,FALSE),IFERROR(0/0,"") ) -> 40 | H23: =IF($C23=G23,IFERROR(0/0,""),$C23-G23) | I23: =IFERROR(VLOOKUP($A23,Y$3:AA692,3,FALSE),IFERROR(0/0,"") ) -> 40 | J23: =IFERROR(VLOOKUP($A23,Y$3:AD692,5,FALSE),IFERROR(0/0,"") ) -> 1 | K23: =IFERROR(VLOOKUP($A23,Y$3:AD692,6,FALSE),IFERROR(0/0,"")) -> 0 | L23: =IF($C23=I23,IFERROR(0/0,""),$C23-I23) | M23: =IF($E23=J23,IFERROR(0/0,""),$E23-J23) | N23: =IF($F23=K23,IFERROR(0/0,""),$F23-K23) | O23: =IFERROR(VLOOKUP($A23,AG$3:AI692,3,FALSE),IFERROR(0/0,"") ) -> 40 | P23: =IF($C23=O23,IFERROR(0/0,""),$C23-O23) | R23: RUN-COMB_2022-04-21_RFR-025 | S23: 44672 | T23: =VLOOKUP(R23,'Run Reconcile'!$A$2:$M672,13,FALSE) -> 40 | U23: =IF(EXACT(A22,R22),IFERROR(0/0,""),FALSE) | Y23: =IFERROR(__xludf.DUMMYFUNCTION("""COMPUTED_VALUE"""),"RUN-COMB_2022-04-21_RFR-025") -> RUN-COMB_2022-04-21_RFR-025 | Z23: =IFERROR(__xludf.DUMMYFUNCTION("""COMPUTED_VALUE"""),44672.0) -> 44672 | AA23: {=INDEX('RFR Data - preExcl'!AK$2:AK672,$AE23,1)} -> 40 | AB23: =AA23-AC23-AD23 -> 39 | AC23: {=INDEX('RFR Data - preExcl'!AI$2:AI672,$AE23,1)} -> 1 | AD23: {=INDEX('RFR Data - preExcl'!AF$2:AF672,$AE23,1)} -> 0 | AE23: =IFNA(MATCH(Y23,'RFR Data - preExcl'!A$2:A672,0),"") -> 25 | AG23: RUN-COMB_2022-04-21_RFR-025 | AH23: =VLOOKUP(AG23,'Run Reconcile'!A$2:B672,2,FALSE) -> 44672 | AI23: =COUNTIF('APS Tubes Import'!$V$2:$V672, AG23) -> 40 | AJ23: =COUNTIFS('APS Tubes Import'!V$2:V672, AG23, 'APS Tubes Import'!H$2:H672, "Negative") -> 39 | AK23: =COUNTIFS('APS Tubes Import'!V$2:V672, AG23, 'APS Tubes Import'!H$2:H672, "Positive") -> 1 | AL23: =COUNTIFS('APS Tubes Import'!V$2:V672, AG23, 'APS Tubes Import'!H$2:H672, "Inconclusive") -> 0 | AM23: =COUNTIFS('APS Tubes Import'!V$2:V672, AG23, 'APS Tubes Import'!H$2:H672, "Null") -> 0 | AO23: ='APS Tubes by Date Import'!B22 -> 44673 | AP23: ='APS Tubes by Date Import'!C22 -> 26 | AQ23: ='APS Tubes by Date Import'!D22 -> 26 | AR23: ='APS Tubes by Date Import'!E22 -> 0 | AS23: ='APS Tubes by Date Import'!F22 -> 0 | AT23: ='APS Tubes by Date Import'!G22 -> 0
A24: RUN-COMB_2022-04-22_RFR-027 | B24: =VLOOKUP(A24,'Run Reconcile'!A$2:B672,2,FALSE) -> 44673 | C24: =COUNTIF('ALL Tube Results'!B23:B672, A24) -> 26 | D24: =COUNTIFS('ALL Tube Results'!$B23:$B672, $A24, 'ALL Tube Results'!$F23:$F672, "Negative") -> 26 | E24: =COUNTIFS('ALL Tube Results'!$B23:$B672, $A24, 'ALL Tube Results'!$F23:$F672, "Positive") -> 0 | F24: =COUNTIFS('ALL Tube Results'!$B23:$B672, $A24, 'ALL Tube Results'!$F23:$F672, "Inconclusive") -> 0 | G24: =IFERROR(VLOOKUP($A24,R$3:T693,3,FALSE),IFERROR(0/0,"") ) -> 26 | H24: =IF($C24=G24,IFERROR(0/0,""),$C24-G24) | I24: =IFERROR(VLOOKUP($A24,Y$3:AA693,3,FALSE),IFERROR(0/0,"") ) -> 26 | J24: =IFERROR(VLOOKUP($A24,Y$3:AD693,5,FALSE),IFERROR(0/0,"") ) -> 0 | K24: =IFERROR(VLOOKUP($A24,Y$3:AD693,6,FALSE),IFERROR(0/0,"")) -> 0 | L24: =IF($C24=I24,IFERROR(0/0,""),$C24-I24) | M24: =IF($E24=J24,IFERROR(0/0,""),$E24-J24) | N24: =IF($F24=K24,IFERROR(0/0,""),$F24-K24) | O24: =IFERROR(VLOOKUP($A24,AG$3:AI693,3,FALSE),IFERROR(0/0,"") ) -> 26 | P24: =IF($C24=O24,IFERROR(0/0,""),$C24-O24) | R24: RUN-COMB_2022-04-22_RFR-027 | S24: 44673 | T24: =VLOOKUP(R24,'Run Reconcile'!$A$2:$M672,13,FALSE) -> 26 | U24: =IF(EXACT(A23,R23),IFERROR(0/0,""),FALSE) | Y24: =IFERROR(__xludf.DUMMYFUNCTION("""COMPUTED_VALUE"""),"RUN-COMB_2022-04-22_RFR-027") -> RUN-COMB_2022-04-22_RFR-027 | Z24: =IFERROR(__xludf.DUMMYFUNCTION("""COMPUTED_VALUE"""),44673.0) -> 44673 | AA24: {=INDEX('RFR Data - preExcl'!AK$2:AK672,$AE24,1)} -> 26 | AB24: =AA24-AC24-AD24 -> 26 | AC24: {=INDEX('RFR Data - preExcl'!AI$2:AI672,$AE24,1)} -> 0 | AD24: {=INDEX('RFR Data - preExcl'!AF$2:AF672,$AE24,1)} -> 0 | AE24: =IFNA(MATCH(Y24,'RFR Data - preExcl'!A$2:A672,0),"") -> 27 | AG24: RUN-COMB_2022-04-22_RFR-027 | AH24: =VLOOKUP(AG24,'Run Reconcile'!A$2:B672,2,FALSE) -> 44673 | AI24: =COUNTIF('APS Tubes Import'!$V$2:$V672, AG24) -> 26 | AJ24: =COUNTIFS('APS Tubes Import'!V$2:V672, AG24, 'APS Tubes Import'!H$2:H672, "Negative") -> 26 | AK24: =COUNTIFS('APS Tubes Import'!V$2:V672, AG24, 'APS Tubes Import'!H$2:H672, "Positive") -> 0 | AL24: =COUNTIFS('APS Tubes Import'!V$2:V672, AG24, 'APS Tubes Import'!H$2:H672, "Inconclusive") -> 0 | AM24: =COUNTIFS('APS Tubes Import'!V$2:V672, AG24, 'APS Tubes Import'!H$2:H672, "Null") -> 0 | AO24: ='APS Tubes by Date Import'!B23 -> 44676 | AP24: ='APS Tubes by Date Import'!C23 -> 26 | AQ24: ='APS Tubes by Date Import'!D23 -> 25 | AR24: ='APS Tubes by Date Import'!E23 -> 1 | AS24: ='APS Tubes by Date Import'!F23 -> 0 | AT24: ='APS Tubes by Date Import'!G23 -> 0
A25: RUN-COMB_2022-04-25_RFR-028 | B25: =VLOOKUP(A25,'Run Reconcile'!A$2:B672,2,FALSE) -> 44676 | C25: =COUNTIF('ALL Tube Results'!B24:B672, A25) -> 26 | D25: =COUNTIFS('ALL Tube Results'!$B24:$B672, $A25, 'ALL Tube Results'!$F24:$F672, "Negative") -> 25 | E25: =COUNTIFS('ALL Tube Results'!$B24:$B672, $A25, 'ALL Tube Results'!$F24:$F672, "Positive") -> 1 | F25: =COUNTIFS('ALL Tube Results'!$B24:$B672, $A25, 'ALL Tube Results'!$F24:$F672, "Inconclusive") -> 0 | G25: =IFERROR(VLOOKUP($A25,R$3:T694,3,FALSE),IFERROR(0/0,"") ) -> 26 | H25: =IF($C25=G25,IFERROR(0/0,""),$C25-G25) | I25: =IFERROR(VLOOKUP($A25,Y$3:AA694,3,FALSE),IFERROR(0/0,"") ) -> 26 | J25: =IFERROR(VLOOKUP($A25,Y$3:AD694,5,FALSE),IFERROR(0/0,"") ) -> 1 | K25: =IFERROR(VLOOKUP($A25,Y$3:AD694,6,FALSE),IFERROR(0/0,"")) -> 0 | L25: =IF($C25=I25,IFERROR(0/0,""),$C25-I25) | M25: =IF($E25=J25,IFERROR(0/0,""),$E25-J25) | N25: =IF($F25=K25,IFERROR(0/0,""),$F25-K25) | O25: =IFERROR(VLOOKUP($A25,AG$3:AI694,3,FALSE),IFERROR(0/0,"") ) -> 26 | P25: =IF($C25=O25,IFERROR(0/0,""),$C25-O25) | R25: RUN-COMB_2022-04-25_RFR-028 | S25: 44676 | T25: =VLOOKUP(R25,'Run Reconcile'!$A$2:$M672,13,FALSE) -> 26 | U25: =IF(EXACT(A24,R24),IFERROR(0/0,""),FALSE) | Y25: =IFERROR(__xludf.DUMMYFUNCTION("""COMPUTED_VALUE"""),"RUN-COMB_2022-04-25_RFR-028") -> RUN-COMB_2022-04-25_RFR-028 | Z25: =IFERROR(__xludf.DUMMYFUNCTION("""COMPUTED_VALUE"""),44676.0) -> 44676 | AA25: {=INDEX('RFR Data - preExcl'!AK$2:AK672,$AE25,1)} -> 26 | AB25: =AA25-AC25-AD25 -> 25 | AC25: {=INDEX('RFR Data - preExcl'!AI$2:AI672,$AE25,1)} -> 1 | AD25: {=INDEX('RFR Data - preExcl'!AF$2:AF672,$AE25,1)} -> 0 | AE25: =IFNA(MATCH(Y25,'RFR Data - preExcl'!A$2:A672,0),"") -> 28 | AG25: RUN-COMB_2022-04-25_RFR-028 | AH25: =VLOOKUP(AG25,'Run Reconcile'!A$2:B672,2,FALSE) -> 44676 | AI25: =COUNTIF('APS Tubes Import'!$V$2:$V672, AG25) -> 26 | AJ25: =COUNTIFS('APS Tubes Import'!V$2:V672, AG25, 'APS Tubes Import'!H$2:H672, "Negative") -> 25 | AK25: =COUNTIFS('APS Tubes Import'!V$2:V672, AG25, 'APS Tubes Import'!H$2:H672, "Positive") -> 1 | AL25: =COUNTIFS('APS Tubes Import'!V$2:V672, AG25, 'APS Tubes Import'!H$2:H672, "Inconclusive") -> 0 | AM25: =COUNTIFS('APS Tubes Import'!V$2:V672, AG25, 'APS Tubes Import'!H$2:H672, "Null") -> 0 | AO25: ='APS Tubes by Date Import'!B24 -> 44677 | AP25: ='APS Tubes by Date Import'!C24 -> 13 | AQ25: ='APS Tubes by Date Import'!D24 -> 13 | AR25: ='APS Tubes by Date Import'!E24 -> 0 | AS25: ='APS Tubes by Date Import'!F24 -> 0 | AT25: ='APS Tubes by Date Import'!G24 -> 0
A26: RUN-COMB_2022-04-26_RFR-030 | B26: =VLOOKUP(A26,'Run Reconcile'!A$2:B672,2,FALSE) -> 44677 | C26: =COUNTIF('ALL Tube Results'!B25:B672, A26) -> 13 | D26: =COUNTIFS('ALL Tube Results'!$B25:$B672, $A26, 'ALL Tube Results'!$F25:$F672, "Negative") -> 13 | E26: =COUNTIFS('ALL Tube Results'!$B25:$B672, $A26, 'ALL Tube Results'!$F25:$F672, "Positive") -> 0 | F26: =COUNTIFS('ALL Tube Results'!$B25:$B672, $A26, 'ALL Tube Results'!$F25:$F672, "Inconclusive") -> 0 | G26: =IFERROR(VLOOKUP($A26,R$3:T695,3,FALSE),IFERROR(0/0,"") ) -> 13 | H26: =IF($C26=G26,IFERROR(0/0,""),$C26-G26) | I26: =IFERROR(VLOOKUP($A26,Y$3:AA695,3,FALSE),IFERROR(0/0,"") ) -> 13 | J26: =IFERROR(VLOOKUP($A26,Y$3:AD695,5,FALSE),IFERROR(0/0,"") ) -> 0 | K26: =IFERROR(VLOOKUP($A26,Y$3:AD695,6,FALSE),IFERROR(0/0,"")) -> 0 | L26: =IF($C26=I26,IFERROR(0/0,""),$C26-I26) | M26: =IF($E26=J26,IFERROR(0/0,""),$E26-J26) | N26: =IF($F26=K26,IFERROR(0/0,""),$F26-K26) | O26: =IFERROR(VLOOKUP($A26,AG$3:AI695,3,FALSE),IFERROR(0/0,"") ) -> 13 | P26: =IF($C26=O26,IFERROR(0/0,""),$C26-O26) | R26: RUN-COMB_2022-04-26_RFR-030 | S26: 44677 | T26: =VLOOKUP(R26,'Run Reconcile'!$A$2:$M672,13,FALSE) -> 13 | U26: =IF(EXACT(A25,R25),IFERROR(0/0,""),FALSE) | Y26: =IFERROR(__xludf.DUMMYFUNCTION("""COMPUTED_VALUE"""),"RUN-COMB_2022-04-26_RFR-030") -> RUN-COMB_2022-04-26_RFR-030 | Z26: =IFERROR(__xludf.DUMMYFUNCTION("""COMPUTED_VALUE"""),44677.0) -> 44677 | AA26: {=INDEX('RFR Data - preExcl'!AK$2:AK672,$AE26,1)} -> 13 | AB26: =AA26-AC26-AD26 -> 13 | AC26: {=INDEX('RFR Data - preExcl'!AI$2:AI672,$AE26,1)} -> 0 | AD26: {=INDEX('RFR Data - preExcl'!AF$2:AF672,$AE26,1)} -> 0 | AE26: =IFNA(MATCH(Y26,'RFR Data - preExcl'!A$2:A672,0),"") -> 30 | AG26: RUN-COMB_2022-04-26_RFR-030 | AH26: =VLOOKUP(AG26,'Run Reconcile'!A$2:B672,2,FALSE) -> 44677 | AI26: =COUNTIF('APS Tubes Import'!$V$2:$V672, AG26) -> 13 | AJ26: =COUNTIFS('APS Tubes Import'!V$2:V672, AG26, 'APS Tubes Import'!H$2:H672, "Negative") -> 13 | AK26: =COUNTIFS('APS Tubes Import'!V$2:V672, AG26, 'APS Tubes Import'!H$2:H672, "Positive") -> 0 | AL26: =COUNTIFS('APS Tubes Import'!V$2:V672, AG26, 'APS Tubes Import'!H$2:H672, "Inconclusive") -> 0 | AM26: =COUNTIFS('APS Tubes Import'!V$2:V672, AG26, 'APS Tubes Import'!H$2:H672, "Null") -> 0 | AO26: ='APS Tubes by Date Import'!B25 -> 44678 | AP26: ='APS Tubes by Date Import'!C25 -> 15 | AQ26: ='APS Tubes by Date Import'!D25 -> 15 | AR26: ='APS Tubes by Date Import'!E25 -> 0 | AS26: ='APS Tubes by Date Import'!F25 -> 0 | AT26: ='APS Tubes by Date Import'!G25 -> 0
A27: RUN-COMB_2022-04-27_RFR-031 | B27: =VLOOKUP(A27,'Run Reconcile'!A$2:B672,2,FALSE) -> 44678 | C27: =COUNTIF('ALL Tube Results'!B26:B672, A27) -> 15 | D27: =COUNTIFS('ALL Tube Results'!$B26:$B672, $A27, 'ALL Tube Results'!$F26:$F672, "Negative") -> 15 | E27: =COUNTIFS('ALL Tube Results'!$B26:$B672, $A27, 'ALL Tube Results'!$F26:$F672, "Positive") -> 0 | F27: =COUNTIFS('ALL Tube Results'!$B26:$B672, $A27, 'ALL Tube Results'!$F26:$F672, "Inconclusive") -> 0 | G27: =IFERROR(VLOOKUP($A27,R$3:T696,3,FALSE),IFERROR(0/0,"") ) -> 15 | H27: =IF($C27=G27,IFERROR(0/0,""),$C27-G27) | I27: =IFERROR(VLOOKUP($A27,Y$3:AA696,3,FALSE),IFERROR(0/0,"") ) -> 15 | J27: =IFERROR(VLOOKUP($A27,Y$3:AD696,5,FALSE),IFERROR(0/0,"") ) -> 0 | K27: =IFERROR(VLOOKUP($A27,Y$3:AD696,6,FALSE),IFERROR(0/0,"")) -> 0 | L27: =IF($C27=I27,IFERROR(0/0,""),$C27-I27) | M27: =IF($E27=J27,IFERROR(0/0,""),$E27-J27) | N27: =IF($F27=K27,IFERROR(0/0,""),$F27-K27) | O27: =IFERROR(VLOOKUP($A27,AG$3:AI696,3,FALSE),IFERROR(0/0,"") ) -> 15 | P27: =IF($C27=O27,IFERROR(0/0,""),$C27-O27) | R27: RUN-COMB_2022-04-27_RFR-031 | S27: 44678 | T27: =VLOOKUP(R27,'Run Reconcile'!$A$2:$M672,13,FALSE) -> 15 | U27: =IF(EXACT(A26,R26),IFERROR(0/0,""),FALSE) | Y27: =IFERROR(__xludf.DUMMYFUNCTION("""COMPUTED_VALUE"""),"RUN-COMB_2022-04-27_RFR-031") -> RUN-COMB_2022-04-27_RFR-031 | Z27: =IFERROR(__xludf.DUMMYFUNCTION("""COMPUTED_VALUE"""),44678.0) -> 44678 | AA27: {=INDEX('RFR Data - preExcl'!AK$2:AK672,$AE27,1)} -> 15 | AB27: =AA27-AC27-AD27 -> 15 | AC27: {=INDEX('RFR Data - preExcl'!AI$2:AI672,$AE27,1)} -> 0 | AD27: {=INDEX('RFR Data - preExcl'!AF$2:AF672,$AE27,1)} -> 0 | AE27: =IFNA(MATCH(Y27,'RFR Data - preExcl'!A$2:A672,0),"") -> 31 | AG27: RUN-COMB_2022-04-27_RFR-031 | AH27: =VLOOKUP(AG27,'Run Reconcile'!A$2:B672,2,FALSE) -> 44678 | AI27: =COUNTIF('APS Tubes Import'!$V$2:$V672, AG27) -> 15 | AJ27: =COUNTIFS('APS Tubes Import'!V$2:V672, AG27, 'APS Tubes Import'!H$2:H672, "Negative") -> 15 | AK27: =COUNTIFS('APS Tubes Import'!V$2:V672, AG27, 'APS Tubes Import'!H$2:H672, "Positive") -> 0 | AL27: =COUNTIFS('APS Tubes Import'!V$2:V672, AG27, 'APS Tubes Import'!H$2:H672, "Inconclusive") -> 0 | AM27: =COUNTIFS('APS Tubes Import'!V$2:V672, AG27, 'APS Tubes Import'!H$2:H672, "Null") -> 0 | AO27: ='APS Tubes by Date Import'!B26 -> 44679 | AP27: ='APS Tubes by Date Import'!C26 -> 33 | AQ27: ='APS Tubes by Date Import'!D26 -> 33 | AR27: ='APS Tubes by Date Import'!E26 -> 0 | AS27: ='APS Tubes by Date Import'!F26 -> 0 | AT27: ='APS Tubes by Date Import'!G26 -> 0
A28: RUN-COMB_2022-04-28_RFR-032 | B28: =VLOOKUP(A28,'Run Reconcile'!A$2:B672,2,FALSE) -> 44679 | C28: =COUNTIF('ALL Tube Results'!B27:B672, A28) -> 33 | D28: =COUNTIFS('ALL Tube Results'!$B27:$B672, $A28, 'ALL Tube Results'!$F27:$F672, "Negative") -> 33 | E28: =COUNTIFS('ALL Tube Results'!$B27:$B672, $A28, 'ALL Tube Results'!$F27:$F672, "Positive") -> 0 | F28: =COUNTIFS('ALL Tube Results'!$B27:$B672, $A28, 'ALL Tube Results'!$F27:$F672, "Inconclusive") -> 0 | G28: =IFERROR(VLOOKUP($A28,R$3:T697,3,FALSE),IFERROR(0/0,"") ) -> 33 | H28: =IF($C28=G28,IFERROR(0/0,""),$C28-G28) | I28: =IFERROR(VLOOKUP($A28,Y$3:AA697,3,FALSE),IFERROR(0/0,"") ) -> 33 | J28: =IFERROR(VLOOKUP($A28,Y$3:AD697,5,FALSE),IFERROR(0/0,"") ) -> 0 | K28: =IFERROR(VLOOKUP($A28,Y$3:AD697,6,FALSE),IFERROR(0/0,"")) -> 0 | L28: =IF($C28=I28,IFERROR(0/0,""),$C28-I28) | M28: =IF($E28=J28,IFERROR(0/0,""),$E28-J28) | N28: =IF($F28=K28,IFERROR(0/0,""),$F28-K28) | O28: =IFERROR(VLOOKUP($A28,AG$3:AI697,3,FALSE),IFERROR(0/0,"") ) -> 33 | P28: =IF($C28=O28,IFERROR(0/0,""),$C28-O28) | R28: RUN-COMB_2022-04-28_RFR-032 | S28: 44679 | T28: =VLOOKUP(R28,'Run Reconcile'!$A$2:$M672,13,FALSE) -> 33 | U28: =IF(EXACT(A27,R27),IFERROR(0/0,""),FALSE) | Y28: =IFERROR(__xludf.DUMMYFUNCTION("""COMPUTED_VALUE"""),"RUN-COMB_2022-04-28_RFR-032") -> RUN-COMB_2022-04-28_RFR-032 | Z28: =IFERROR(__xludf.DUMMYFUNCTION("""COMPUTED_VALUE"""),44679.0) -> 44679 | AA28: {=INDEX('RFR Data - preExcl'!AK$2:AK672,$AE28,1)} -> 33 | AB28: =AA28-AC28-AD28 -> 33 | AC28: {=INDEX('RFR Data - preExcl'!AI$2:AI672,$AE28,1)} -> 0 | AD28: {=INDEX('RFR Data - preExcl'!AF$2:AF672,$AE28,1)} -> 0 | AE28: =IFNA(MATCH(Y28,'RFR Data - preExcl'!A$2:A672,0),"") -> 32 | AG28: RUN-COMB_2022-04-28_RFR-032 | AH28: =VLOOKUP(AG28,'Run Reconcile'!A$2:B672,2,FALSE) -> 44679 | AI28: =COUNTIF('APS Tubes Import'!$V$2:$V672, AG28) -> 33 | AJ28: =COUNTIFS('APS Tubes Import'!V$2:V672, AG28, 'APS Tubes Import'!H$2:H672, "Negative") -> 33 | AK28: =COUNTIFS('APS Tubes Import'!V$2:V672, AG28, 'APS Tubes Import'!H$2:H672, "Positive") -> 0 | AL28: =COUNTIFS('APS Tubes Import'!V$2:V672, AG28, 'APS Tubes Import'!H$2:H672, "Inconclusive") -> 0 | AM28: =COUNTIFS('APS Tubes Import'!V$2:V672, AG28, 'APS Tubes Import'!H$2:H672, "Null") -> 0 | AO28: ='APS Tubes by Date Import'!B27 -> 44680 | AP28: ='APS Tubes by Date Import'!C27 -> 21 | AQ28: ='APS Tubes by Date Import'!D27 -> 20 | AR28: ='APS Tubes by Date Import'!E27 -> 1 | AS28: ='APS Tubes by Date Import'!F27 -> 0 | AT28: ='APS Tubes by Date Import'!G27 -> 0
A29: RUN-COMB_2022-04-29_RFR-034 | B29: =VLOOKUP(A29,'Run Reconcile'!A$2:B672,2,FALSE) -> 44680 | C29: =COUNTIF('ALL Tube Results'!B28:B672, A29) -> 21 | D29: =COUNTIFS('ALL Tube Results'!$B28:$B672, $A29, 'ALL Tube Results'!$F28:$F672, "Negative") -> 20 | E29: =COUNTIFS('ALL Tube Results'!$B28:$B672, $A29, 'ALL Tube Results'!$F28:$F672, "Positive") -> 1 | F29: =COUNTIFS('ALL Tube Results'!$B28:$B672, $A29, 'ALL Tube Results'!$F28:$F672, "Inconclusive") -> 0 | G29: =IFERROR(VLOOKUP($A29,R$3:T698,3,FALSE),IFERROR(0/0,"") ) -> 21 | H29: =IF($C29=G29,IFERROR(0/0,""),$C29-G29) | I29: =IFERROR(VLOOKUP($A29,Y$3:AA698,3,FALSE),IFERROR(0/0,"") ) -> 21 | J29: =IFERROR(VLOOKUP($A29,Y$3:AD698,5,FALSE),IFERROR(0/0,"") ) -> 1 | K29: =IFERROR(VLOOKUP($A29,Y$3:AD698,6,FALSE),IFERROR(0/0,"")) -> 0 | L29: =IF($C29=I29,IFERROR(0/0,""),$C29-I29) | M29: =IF($E29=J29,IFERROR(0/0,""),$E29-J29) | N29: =IF($F29=K29,IFERROR(0/0,""),$F29-K29) | O29: =IFERROR(VLOOKUP($A29,AG$3:AI698,3,FALSE),IFERROR(0/0,"") ) -> 21 | P29: =IF($C29=O29,IFERROR(0/0,""),$C29-O29) | R29: RUN-COMB_2022-04-29_RFR-034 | S29: 44680 | T29: =VLOOKUP(R29,'Run Reconcile'!$A$2:$M672,13,FALSE) -> 21 | U29: =IF(EXACT(A28,R28),IFERROR(0/0,""),FALSE) | Y29: =IFERROR(__xludf.DUMMYFUNCTION("""COMPUTED_VALUE"""),"RUN-COMB_2022-04-29_RFR-034") -> RUN-COMB_2022-04-29_RFR-034 | Z29: =IFERROR(__xludf.DUMMYFUNCTION("""COMPUTED_VALUE"""),44680.0) -> 44680 | AA29: {=INDEX('RFR Data - preExcl'!AK$2:AK672,$AE29,1)} -> 21 | AB29: =AA29-AC29-AD29 -> 20 | AC29: {=INDEX('RFR Data - preExcl'!AI$2:AI672,$AE29,1)} -> 1 | AD29: {=INDEX('RFR Data - preExcl'!AF$2:AF672,$AE29,1)} -> 0 | AE29: =IFNA(MATCH(Y29,'RFR Data - preExcl'!A$2:A672,0),"") -> 34 | AG29: RUN-COMB_2022-04-29_RFR-034 | AH29: =VLOOKUP(AG29,'Run Reconcile'!A$2:B672,2,FALSE) -> 44680 | AI29: =COUNTIF('APS Tubes Import'!$V$2:$V672, AG29) -> 21 | AJ29: =COUNTIFS('APS Tubes Import'!V$2:V672, AG29, 'APS Tubes Import'!H$2:H672, "Negative") -> 20 | AK29: =COUNTIFS('APS Tubes Import'!V$2:V672, AG29, 'APS Tubes Import'!H$2:H672, "Positive") -> 1 | AL29: =COUNTIFS('APS Tubes Import'!V$2:V672, AG29, 'APS Tubes Import'!H$2:H672, "Inconclusive") -> 0 | AM29: =COUNTIFS('APS Tubes Import'!V$2:V672, AG29, 'APS Tubes Import'!H$2:H672, "Null") -> 0 | AO29: ='APS Tubes by Date Import'!B28 -> 44690 | AP29: ='APS Tubes by Date Import'!C28 -> 30 | AQ29: ='APS Tubes by Date Import'!D28 -> 30 | AR29: ='APS Tubes by Date Import'!E28 -> 0 | AS29: ='APS Tubes by Date Import'!F28 -> 0 | AT29: ='APS Tubes by Date Import'!G28 -> 0
A30: RUN-COMB_2022-05-09_RFR-035 | B30: =VLOOKUP(A30,'Run Reconcile'!A$2:B672,2,FALSE) -> 44690 | C30: =COUNTIF('ALL Tube Results'!B29:B672, A30) -> 30 | D30: =COUNTIFS('ALL Tube Results'!$B29:$B672, $A30, 'ALL Tube Results'!$F29:$F672, "Negative") -> 30 | E30: =COUNTIFS('ALL Tube Results'!$B29:$B672, $A30, 'ALL Tube Results'!$F29:$F672, "Positive") -> 0 | F30: =COUNTIFS('ALL Tube Results'!$B29:$B672, $A30, 'ALL Tube Results'!$F29:$F672, "Inconclusive") -> 0 | G30: =IFERROR(VLOOKUP($A30,R$3:T699,3,FALSE),IFERROR(0/0,"") ) -> 30 | H30: =IF($C30=G30,IFERROR(0/0,""),$C30-G30) | I30: =IFERROR(VLOOKUP($A30,Y$3:AA699,3,FALSE),IFERROR(0/0,"") ) -> 30 | J30: =IFERROR(VLOOKUP($A30,Y$3:AD699,5,FALSE),IFERROR(0/0,"") ) -> 0 | K30: =IFERROR(VLOOKUP($A30,Y$3:AD699,6,FALSE),IFERROR(0/0,"")) -> 0 | L30: =IF($C30=I30,IFERROR(0/0,""),$C30-I30) | M30: =IF($E30=J30,IFERROR(0/0,""),$E30-J30) | N30: =IF($F30=K30,IFERROR(0/0,""),$F30-K30) | O30: =IFERROR(VLOOKUP($A30,AG$3:AI699,3,FALSE),IFERROR(0/0,"") ) -> 30 | P30: =IF($C30=O30,IFERROR(0/0,""),$C30-O30) | R30: RUN-COMB_2022-05-09_RFR-035 | S30: 44690 | T30: =VLOOKUP(R30,'Run Reconcile'!$A$2:$M672,13,FALSE) -> 30 | U30: =IF(EXACT(A29,R29),IFERROR(0/0,""),FALSE) | Y30: =IFERROR(__xludf.DUMMYFUNCTION("""COMPUTED_VALUE"""),"RUN-COMB_2022-05-09_RFR-035") -> RUN-COMB_2022-05-09_RFR-035 | Z30: =IFERROR(__xludf.DUMMYFUNCTION("""COMPUTED_VALUE"""),44690.0) -> 44690 | AA30: {=INDEX('RFR Data - preExcl'!AK$2:AK672,$AE30,1)} -> 30 | AB30: =AA30-AC30-AD30 -> 30 | AC30: {=INDEX('RFR Data - preExcl'!AI$2:AI672,$AE30,1)} -> 0 | AD30: {=INDEX('RFR Data - preExcl'!AF$2:AF672,$AE30,1)} -> 0 | AE30: =IFNA(MATCH(Y30,'RFR Data - preExcl'!A$2:A672,0),"") -> 35 | AG30: RUN-COMB_2022-05-09_RFR-035 | AH30: =VLOOKUP(AG30,'Run Reconcile'!A$2:B672,2,FALSE) -> 44690 | AI30: =COUNTIF('APS Tubes Import'!$V$2:$V672, AG30) -> 30 | AJ30: =COUNTIFS('APS Tubes Import'!V$2:V672, AG30, 'APS Tubes Import'!H$2:H672, "Negative") -> 30 | AK30: =COUNTIFS('APS Tubes Import'!V$2:V672, AG30, 'APS Tubes Import'!H$2:H672, "Positive") -> 0 | AL30: =COUNTIFS('APS Tubes Import'!V$2:V672, AG30, 'APS Tubes Import'!H$2:H672, "Inconclusive") -> 0 | AM30: =COUNTIFS('APS Tubes Import'!V$2:V672, AG30, 'APS Tubes Import'!H$2:H672, "Null") -> 0 | AO30: ='APS Tubes by Date Import'!B29 -> 44691 | AP30: ='APS Tubes by Date Import'!C29 -> 14 | AQ30: ='APS Tubes by Date Import'!D29 -> 14 | AR30: ='APS Tubes by Date Import'!E29 -> 0 | AS30: ='APS Tubes by Date Import'!F29 -> 0 | AT30: ='APS Tubes by Date Import'!G29 -> 0
A31: RUN-COMB_2022-05-10_RFR-036 | B31: =VLOOKUP(A31,'Run Reconcile'!A$2:B672,2,FALSE) -> 44691 | C31: =COUNTIF('ALL Tube Results'!B30:B672, A31) -> 14 | D31: =COUNTIFS('ALL Tube Results'!$B30:$B672, $A31, 'ALL Tube Results'!$F30:$F672, "Negative") -> 14 | E31: =COUNTIFS('ALL Tube Results'!$B30:$B672, $A31, 'ALL Tube Results'!$F30:$F672, "Positive") -> 0 | F31: =COUNTIFS('ALL Tube Results'!$B30:$B672, $A31, 'ALL Tube Results'!$F30:$F672, "Inconclusive") -> 0 | G31: =IFERROR(VLOOKUP($A31,R$3:T700,3,FALSE),IFERROR(0/0,"") ) -> 14 | H31: =IF($C31=G31,IFERROR(0/0,""),$C31-G31) | I31: =IFERROR(VLOOKUP($A31,Y$3:AA700,3,FALSE),IFERROR(0/0,"") ) -> 14 | J31: =IFERROR(VLOOKUP($A31,Y$3:AD700,5,FALSE),IFERROR(0/0,"") ) -> 0 | K31: =IFERROR(VLOOKUP($A31,Y$3:AD700,6,FALSE),IFERROR(0/0,"")) -> 0 | L31: =IF($C31=I31,IFERROR(0/0,""),$C31-I31) | M31: =IF($E31=J31,IFERROR(0/0,""),$E31-J31) | N31: =IF($F31=K31,IFERROR(0/0,""),$F31-K31) | O31: =IFERROR(VLOOKUP($A31,AG$3:AI700,3,FALSE),IFERROR(0/0,"") ) -> 14 | P31: =IF($C31=O31,IFERROR(0/0,""),$C31-O31) | R31: RUN-COMB_2022-05-10_RFR-036 | S31: 44691 | T31: =VLOOKUP(R31,'Run Reconcile'!$A$2:$M672,13,FALSE) -> 14 | U31: =IF(EXACT(A30,R30),IFERROR(0/0,""),FALSE) | Y31: =IFERROR(__xludf.DUMMYFUNCTION("""COMPUTED_VALUE"""),"RUN-COMB_2022-05-10_RFR-036") -> RUN-COMB_2022-05-10_RFR-036 | Z31: =IFERROR(__xludf.DUMMYFUNCTION("""COMPUTED_VALUE"""),44691.0) -> 44691 | AA31: {=INDEX('RFR Data - preExcl'!AK$2:AK672,$AE31,1)} -> 14 | AB31: =AA31-AC31-AD31 -> 14 | AC31: {=INDEX('RFR Data - preExcl'!AI$2:AI672,$AE31,1)} -> 0 | AD31: {=INDEX('RFR Data - preExcl'!AF$2:AF672,$AE31,1)} -> 0 | AE31: =IFNA(MATCH(Y31,'RFR Data - preExcl'!A$2:A672,0),"") -> 36 | AG31: RUN-COMB_2022-05-10_RFR-036 | AH31: =VLOOKUP(AG31,'Run Reconcile'!A$2:B672,2,FALSE) -> 44691 | AI31: =COUNTIF('APS Tubes Import'!$V$2:$V672, AG31) -> 14 | AJ31: =COUNTIFS('APS Tubes Import'!V$2:V672, AG31, 'APS Tubes Import'!H$2:H672, "Negative") -> 14 | AK31: =COUNTIFS('APS Tubes Import'!V$2:V672, AG31, 'APS Tubes Import'!H$2:H672, "Positive") -> 0 | AL31: =COUNTIFS('APS Tubes Import'!V$2:V672, AG31, 'APS Tubes Import'!H$2:H672, "Inconclusive") -> 0 | AM31: =COUNTIFS('APS Tubes Import'!V$2:V672, AG31, 'APS Tubes Import'!H$2:H672, "Null") -> 0 | AO31: ='APS Tubes by Date Import'!B30 -> 44692 | AP31: ='APS Tubes by Date Import'!C30 -> 18 | AQ31: ='APS Tubes by Date Import'!D30 -> 18 | AR31: ='APS Tubes by Date Import'!E30 -> 0 | AS31: ='APS Tubes by Date Import'!F30 -> 0 | AT31: ='APS Tubes by Date Import'!G30 -> 0
A32: RUN-COMB_2022-05-11_RFR-037 | B32: =VLOOKUP(A32,'Run Reconcile'!A$2:B672,2,FALSE) -> 44692 | C32: =COUNTIF('ALL Tube Results'!B31:B672, A32) -> 18 | D32: =COUNTIFS('ALL Tube Results'!$B31:$B672, $A32, 'ALL Tube Results'!$F31:$F672, "Negative") -> 18 | E32: =COUNTIFS('ALL Tube Results'!$B31:$B672, $A32, 'ALL Tube Results'!$F31:$F672, "Positive") -> 0 | F32: =COUNTIFS('ALL Tube Results'!$B31:$B672, $A32, 'ALL Tube Results'!$F31:$F672, "Inconclusive") -> 0 | G32: =IFERROR(VLOOKUP($A32,R$3:T701,3,FALSE),IFERROR(0/0,"") ) -> 18 | H32: =IF($C32=G32,IFERROR(0/0,""),$C32-G32) | I32: =IFERROR(VLOOKUP($A32,Y$3:AA701,3,FALSE),IFERROR(0/0,"") ) -> 18 | J32: =IFERROR(VLOOKUP($A32,Y$3:AD701,5,FALSE),IFERROR(0/0,"") ) -> 0 | K32: =IFERROR(VLOOKUP($A32,Y$3:AD701,6,FALSE),IFERROR(0/0,"")) -> 0 | L32: =IF($C32=I32,IFERROR(0/0,""),$C32-I32) | M32: =IF($E32=J32,IFERROR(0/0,""),$E32-J32) | N32: =IF($F32=K32,IFERROR(0/0,""),$F32-K32) | O32: =IFERROR(VLOOKUP($A32,AG$3:AI701,3,FALSE),IFERROR(0/0,"") ) -> 18 | P32: =IF($C32=O32,IFERROR(0/0,""),$C32-O32) | R32: RUN-COMB_2022-05-11_RFR-037 | S32: 44692 | T32: =VLOOKUP(R32,'Run Reconcile'!$A$2:$M672,13,FALSE) -> 18 | U32: =IF(EXACT(A31,R31),IFERROR(0/0,""),FALSE) | Y32: =IFERROR(__xludf.DUMMYFUNCTION("""COMPUTED_VALUE"""),"RUN-COMB_2022-05-11_RFR-037") -> RUN-COMB_2022-05-11_RFR-037 | Z32: =IFERROR(__xludf.DUMMYFUNCTION("""COMPUTED_VALUE"""),44692.0) -> 44692 | AA32: {=INDEX('RFR Data - preExcl'!AK$2:AK672,$AE32,1)} -> 18 | AB32: =AA32-AC32-AD32 -> 18 | AC32: {=INDEX('RFR Data - preExcl'!AI$2:AI672,$AE32,1)} -> 0 | AD32: {=INDEX('RFR Data - preExcl'!AF$2:AF672,$AE32,1)} -> 0 | AE32: =IFNA(MATCH(Y32,'RFR Data - preExcl'!A$2:A672,0),"") -> 37 | AG32: RUN-COMB_2022-05-11_RFR-037 | AH32: =VLOOKUP(AG32,'Run Reconcile'!A$2:B672,2,FALSE) -> 44692 | AI32: =COUNTIF('APS Tubes Import'!$V$2:$V672, AG32) -> 18 | AJ32: =COUNTIFS('APS Tubes Import'!V$2:V672, AG32, 'APS Tubes Import'!H$2:H672, "Negative") -> 18 | AK32: =COUNTIFS('APS Tubes Import'!V$2:V672, AG32, 'APS Tubes Import'!H$2:H672, "Positive") -> 0 | AL32: =COUNTIFS('APS Tubes Import'!V$2:V672, AG32, 'APS Tubes Import'!H$2:H672, "Inconclusive") -> 0 | AM32: =COUNTIFS('APS Tubes Import'!V$2:V672, AG32, 'APS Tubes Import'!H$2:H672, "Null") -> 0 | AO32: ='APS Tubes by Date Import'!B31 -> 44693 | AP32: ='APS Tubes by Date Import'!C31 -> 33 | AQ32: ='APS Tubes by Date Import'!D31 -> 33 | AR32: ='APS Tubes by Date Import'!E31 -> 0 | AS32: ='APS Tubes by Date Import'!F31 -> 0 | AT32: ='APS Tubes by Date Import'!G31 -> 0
A33: RUN-COMB_2022-05-12_RFR-038 | B33: =VLOOKUP(A33,'Run Reconcile'!A$2:B672,2,FALSE) -> 44693 | C33: =COUNTIF('ALL Tube Results'!B32:B672, A33) -> 33 | D33: =COUNTIFS('ALL Tube Results'!$B32:$B672, $A33, 'ALL Tube Results'!$F32:$F672, "Negative") -> 33 | E33: =COUNTIFS('ALL Tube Results'!$B32:$B672, $A33, 'ALL Tube Results'!$F32:$F672, "Positive") -> 0 | F33: =COUNTIFS('ALL Tube Results'!$B32:$B672, $A33, 'ALL Tube Results'!$F32:$F672, "Inconclusive") -> 0 | G33: =IFERROR(VLOOKUP($A33,R$3:T702,3,FALSE),IFERROR(0/0,"") ) -> 33 | H33: =IF($C33=G33,IFERROR(0/0,""),$C33-G33) | I33: =IFERROR(VLOOKUP($A33,Y$3:AA702,3,FALSE),IFERROR(0/0,"") ) -> 33 | J33: =IFERROR(VLOOKUP($A33,Y$3:AD702,5,FALSE),IFERROR(0/0,"") ) -> 0 | K33: =IFERROR(VLOOKUP($A33,Y$3:AD702,6,FALSE),IFERROR(0/0,"")) -> 0 | L33: =IF($C33=I33,IFERROR(0/0,""),$C33-I33) | M33: =IF($E33=J33,IFERROR(0/0,""),$E33-J33) | N33: =IF($F33=K33,IFERROR(0/0,""),$F33-K33) | O33: =IFERROR(VLOOKUP($A33,AG$3:AI702,3,FALSE),IFERROR(0/0,"") ) -> 33 | P33: =IF($C33=O33,IFERROR(0/0,""),$C33-O33) | R33: RUN-COMB_2022-05-12_RFR-038 | S33: 44693 | T33: =VLOOKUP(R33,'Run Reconcile'!$A$2:$M672,13,FALSE) -> 33 | U33: =IF(EXACT(A32,R32),IFERROR(0/0,""),FALSE) | Y33: =IFERROR(__xludf.DUMMYFUNCTION("""COMPUTED_VALUE"""),"RUN-COMB_2022-05-12_RFR-038") -> RUN-COMB_2022-05-12_RFR-038 | Z33: =IFERROR(__xludf.DUMMYFUNCTION("""COMPUTED_VALUE"""),44693.0) -> 44693 | AA33: {=INDEX('RFR Data - preExcl'!AK$2:AK672,$AE33,1)} -> 33 | AB33: =AA33-AC33-AD33 -> 33 | AC33: {=INDEX('RFR Data - preExcl'!AI$2:AI672,$AE33,1)} -> 0 | AD33: {=INDEX('RFR Data - preExcl'!AF$2:AF672,$AE33,1)} -> 0 | AE33: =IFNA(MATCH(Y33,'RFR Data - preExcl'!A$2:A672,0),"") -> 38 | AG33: RUN-COMB_2022-05-12_RFR-038 | AH33: =VLOOKUP(AG33,'Run Reconcile'!A$2:B672,2,FALSE) -> 44693 | AI33: =COUNTIF('APS Tubes Import'!$V$2:$V672, AG33) -> 33 | AJ33: =COUNTIFS('APS Tubes Import'!V$2:V672, AG33, 'APS Tubes Import'!H$2:H672, "Negative") -> 33 | AK33: =COUNTIFS('APS Tubes Import'!V$2:V672, AG33, 'APS Tubes Import'!H$2:H672, "Positive") -> 0 | AL33: =COUNTIFS('APS Tubes Import'!V$2:V672, AG33, 'APS Tubes Import'!H$2:H672, "Inconclusive") -> 0 | AM33: =COUNTIFS('APS Tubes Import'!V$2:V672, AG33, 'APS Tubes Import'!H$2:H672, "Null") -> 0 | AO33: ='APS Tubes by Date Import'!B32 -> 44694 | AP33: ='APS Tubes by Date Import'!C32 -> 17 | AQ33: ='APS Tubes by Date Import'!D32 -> 17 | AR33: ='APS Tubes by Date Import'!E32 -> 0 | AS33: ='APS Tubes by Date Import'!F32 -> 0 | AT33: ='APS Tubes by Date Import'!G32 -> 0
A34: RUN-COMB_2022-05-13_RFR-039 | B34: =VLOOKUP(A34,'Run Reconcile'!A$2:B672,2,FALSE) -> 44694 | C34: =COUNTIF('ALL Tube Results'!B33:B672, A34) -> 17 | D34: =COUNTIFS('ALL Tube Results'!$B33:$B672, $A34, 'ALL Tube Results'!$F33:$F672, "Negative") -> 17 | E34: =COUNTIFS('ALL Tube Results'!$B33:$B672, $A34, 'ALL Tube Results'!$F33:$F672, "Positive") -> 0 | F34: =COUNTIFS('ALL Tube Results'!$B33:$B672, $A34, 'ALL Tube Results'!$F33:$F672, "Inconclusive") -> 0 | G34: =IFERROR(VLOOKUP($A34,R$3:T703,3,FALSE),IFERROR(0/0,"") ) -> 17 | H34: =IF($C34=G34,IFERROR(0/0,""),$C34-G34) | I34: =IFERROR(VLOOKUP($A34,Y$3:AA703,3,FALSE),IFERROR(0/0,"") ) -> 17 | J34: =IFERROR(VLOOKUP($A34,Y$3:AD703,5,FALSE),IFERROR(0/0,"") ) -> 0 | K34: =IFERROR(VLOOKUP($A34,Y$3:AD703,6,FALSE),IFERROR(0/0,"")) -> 0 | L34: =IF($C34=I34,IFERROR(0/0,""),$C34-I34) | M34: =IF($E34=J34,IFERROR(0/0,""),$E34-J34) | N34: =IF($F34=K34,IFERROR(0/0,""),$F34-K34) | O34: =IFERROR(VLOOKUP($A34,AG$3:AI703,3,FALSE),IFERROR(0/0,"") ) -> 17 | P34: =IF($C34=O34,IFERROR(0/0,""),$C34-O34) | R34: RUN-COMB_2022-05-13_RFR-039 | S34: 44694 | T34: =VLOOKUP(R34,'Run Reconcile'!$A$2:$M672,13,FALSE) -> 17 | U34: =IF(EXACT(A33,R33),IFERROR(0/0,""),FALSE) | Y34: =IFERROR(__xludf.DUMMYFUNCTION("""COMPUTED_VALUE"""),"RUN-COMB_2022-05-13_RFR-039") -> RUN-COMB_2022-05-13_RFR-039 | Z34: =IFERROR(__xludf.DUMMYFUNCTION("""COMPUTED_VALUE"""),44694.0) -> 44694 | AA34: {=INDEX('RFR Data - preExcl'!AK$2:AK672,$AE34,1)} -> 17 | AB34: =AA34-AC34-AD34 -> 17 | AC34: {=INDEX('RFR Data - preExcl'!AI$2:AI672,$AE34,1)} -> 0 | AD34: {=INDEX('RFR Data - preExcl'!AF$2:AF672,$AE34,1)} -> 0 | AE34: =IFNA(MATCH(Y34,'RFR Data - preExcl'!A$2:A672,0),"") -> 39 | AG34: RUN-COMB_2022-05-13_RFR-039 | AH34: =VLOOKUP(AG34,'Run Reconcile'!A$2:B672,2,FALSE) -> 44694 | AI34: =COUNTIF('APS Tubes Import'!$V$2:$V672, AG34) -> 17 | AJ34: =COUNTIFS('APS Tubes Import'!V$2:V672, AG34, 'APS Tubes Import'!H$2:H672, "Negative") -> 17 | AK34: =COUNTIFS('APS Tubes Import'!V$2:V672, AG34, 'APS Tubes Import'!H$2:H672, "Positive") -> 0 | AL34: =COUNTIFS('APS Tubes Import'!V$2:V672, AG34, 'APS Tubes Import'!H$2:H672, "Inconclusive") -> 0 | AM34: =COUNTIFS('APS Tubes Import'!V$2:V672, AG34, 'APS Tubes Import'!H$2:H672, "Null") -> 0 | AO34: ='APS Tubes by Date Import'!B33 -> 44697 | AP34: ='APS Tubes by Date Import'!C33 -> 26 | AQ34: ='APS Tubes by Date Import'!D33 -> 26 | AR34: ='APS Tubes by Date Import'!E33 -> 0 | AS34: ='APS Tubes by Date Import'!F33 -> 0 | AT34: ='APS Tubes by Date Import'!G33 -> 0
A35: RUN-COMB_2022-05-16_RFR-040 | B35: =VLOOKUP(A35,'Run Reconcile'!A$2:B672,2,FALSE) -> 44697 | C35: =COUNTIF('ALL Tube Results'!B34:B672, A35) -> 26 | D35: =COUNTIFS('ALL Tube Results'!$B34:$B672, $A35, 'ALL Tube Results'!$F34:$F672, "Negative") -> 26 | E35: =COUNTIFS('ALL Tube Results'!$B34:$B672, $A35, 'ALL Tube Results'!$F34:$F672, "Positive") -> 0 | F35: =COUNTIFS('ALL Tube Results'!$B34:$B672, $A35, 'ALL Tube Results'!$F34:$F672, "Inconclusive") -> 0 | G35: =IFERROR(VLOOKUP($A35,R$3:T704,3,FALSE),IFERROR(0/0,"") ) -> 26 | H35: =IF($C35=G35,IFERROR(0/0,""),$C35-G35) | I35: =IFERROR(VLOOKUP($A35,Y$3:AA704,3,FALSE),IFERROR(0/0,"") ) -> 26 | J35: =IFERROR(VLOOKUP($A35,Y$3:AD704,5,FALSE),IFERROR(0/0,"") ) -> 0 | K35: =IFERROR(VLOOKUP($A35,Y$3:AD704,6,FALSE),IFERROR(0/0,"")) -> 0 | L35: =IF($C35=I35,IFERROR(0/0,""),$C35-I35) | M35: =IF($E35=J35,IFERROR(0/0,""),$E35-J35) | N35: =IF($F35=K35,IFERROR(0/0,""),$F35-K35) | O35: =IFERROR(VLOOKUP($A35,AG$3:AI704,3,FALSE),IFERROR(0/0,"") ) -> 26 | P35: =IF($C35=O35,IFERROR(0/0,""),$C35-O35) | R35: RUN-COMB_2022-05-16_RFR-040 | S35: 44697 | T35: =VLOOKUP(R35,'Run Reconcile'!$A$2:$M672,13,FALSE) -> 26 | U35: =IF(EXACT(A34,R34),IFERROR(0/0,""),FALSE) | Y35: =IFERROR(__xludf.DUMMYFUNCTION("""COMPUTED_VALUE"""),"RUN-COMB_2022-05-16_RFR-040") -> RUN-COMB_2022-05-16_RFR-040 | Z35: =IFERROR(__xludf.DUMMYFUNCTION("""COMPUTED_VALUE"""),44697.0) -> 44697 | AA35: {=INDEX('RFR Data - preExcl'!AK$2:AK672,$AE35,1)} -> 26 | AB35: =AA35-AC35-AD35 -> 26 | AC35: {=INDEX('RFR Data - preExcl'!AI$2:AI672,$AE35,1)} -> 0 | AD35: {=INDEX('RFR Data - preExcl'!AF$2:AF672,$AE35,1)} -> 0 | AE35: =IFNA(MATCH(Y35,'RFR Data - preExcl'!A$2:A672,0),"") -> 40 | AG35: RUN-COMB_2022-05-16_RFR-040 | AH35: =VLOOKUP(AG35,'Run Reconcile'!A$2:B672,2,FALSE) -> 44697 | AI35: =COUNTIF('APS Tubes Import'!$V$2:$V672, AG35) -> 26 | AJ35: =COUNTIFS('APS Tubes Import'!V$2:V672, AG35, 'APS Tubes Import'!H$2:H672, "Negative") -> 26 | AK35: =COUNTIFS('APS Tubes Import'!V$2:V672, AG35, 'APS Tubes Import'!H$2:H672, "Positive") -> 0 | AL35: =COUNTIFS('APS Tubes Import'!V$2:V672, AG35, 'APS Tubes Import'!H$2:H672, "Inconclusive") -> 0 | AM35: =COUNTIFS('APS Tubes Import'!V$2:V672, AG35, 'APS Tubes Import'!H$2:H672, "Null") -> 0 | AO35: ='APS Tubes by Date Import'!B34 -> 44698 | AP35: ='APS Tubes by Date Import'!C34 -> 13 | AQ35: ='APS Tubes by Date Import'!D34 -> 13 | AR35: ='APS Tubes by Date Import'!E34 -> 0 | AS35: ='APS Tubes by Date Import'!F34 -> 0 | AT35: ='APS Tubes by Date Import'!G34 -> 0
A36: RUN-COMB_2022-05-17_RFR-041 | B36: =VLOOKUP(A36,'Run Reconcile'!A$2:B672,2,FALSE) -> 44698 | C36: =COUNTIF('ALL Tube Results'!B35:B672, A36) -> 13 | D36: =COUNTIFS('ALL Tube Results'!$B35:$B672, $A36, 'ALL Tube Results'!$F35:$F672, "Negative") -> 13 | E36: =COUNTIFS('ALL Tube Results'!$B35:$B672, $A36, 'ALL Tube Results'!$F35:$F672, "Positive") -> 0 | F36: =COUNTIFS('ALL Tube Results'!$B35:$B672, $A36, 'ALL Tube Results'!$F35:$F672, "Inconclusive") -> 0 | G36: =IFERROR(VLOOKUP($A36,R$3:T705,3,FALSE),IFERROR(0/0,"") ) -> 13 | H36: =IF($C36=G36,IFERROR(0/0,""),$C36-G36) | I36: =IFERROR(VLOOKUP($A36,Y$3:AA705,3,FALSE),IFERROR(0/0,"") ) -> 13 | J36: =IFERROR(VLOOKUP($A36,Y$3:AD705,5,FALSE),IFERROR(0/0,"") ) -> 0 | K36: =IFERROR(VLOOKUP($A36,Y$3:AD705,6,FALSE),IFERROR(0/0,"")) -> 0 | L36: =IF($C36=I36,IFERROR(0/0,""),$C36-I36) | M36: =IF($E36=J36,IFERROR(0/0,""),$E36-J36) | N36: =IF($F36=K36,IFERROR(0/0,""),$F36-K36) | O36: =IFERROR(VLOOKUP($A36,AG$3:AI705,3,FALSE),IFERROR(0/0,"") ) -> 13 | P36: =IF($C36=O36,IFERROR(0/0,""),$C36-O36) | R36: RUN-COMB_2022-05-17_RFR-041 | S36: 44698 | T36: =VLOOKUP(R36,'Run Reconcile'!$A$2:$M672,13,FALSE) -> 13 | U36: =IF(EXACT(A35,R35),IFERROR(0/0,""),FALSE) | Y36: =IFERROR(__xludf.DUMMYFUNCTION("""COMPUTED_VALUE"""),"RUN-COMB_2022-05-17_RFR-041") -> RUN-COMB_2022-05-17_RFR-041 | Z36: =IFERROR(__xludf.DUMMYFUNCTION("""COMPUTED_VALUE"""),44698.0) -> 44698 | AA36: {=INDEX('RFR Data - preExcl'!AK$2:AK672,$AE36,1)} -> 13 | AB36: =AA36-AC36-AD36 -> 13 | AC36: {=INDEX('RFR Data - preExcl'!AI$2:AI672,$AE36,1)} -> 0 | AD36: {=INDEX('RFR Data - preExcl'!AF$2:AF672,$AE36,1)} -> 0 | AE36: =IFNA(MATCH(Y36,'RFR Data - preExcl'!A$2:A672,0),"") -> 41 | AG36: RUN-COMB_2022-05-17_RFR-041 | AH36: =VLOOKUP(AG36,'Run Reconcile'!A$2:B672,2,FALSE) -> 44698 | AI36: =COUNTIF('APS Tubes Import'!$V$2:$V672, AG36) -> 13 | AJ36: =COUNTIFS('APS Tubes Import'!V$2:V672, AG36, 'APS Tubes Import'!H$2:H672, "Negative") -> 13 | AK36: =COUNTIFS('APS Tubes Import'!V$2:V672, AG36, 'APS Tubes Import'!H$2:H672, "Positive") -> 0 | AL36: =COUNTIFS('APS Tubes Import'!V$2:V672, AG36, 'APS Tubes Import'!H$2:H672, "Inconclusive") -> 0 | AM36: =COUNTIFS('APS Tubes Import'!V$2:V672, AG36, 'APS Tubes Import'!H$2:H672, "Null") -> 0 | AO36: ='APS Tubes by Date Import'!B35 -> 44699 | AP36: ='APS Tubes by Date Import'!C35 -> 10 | AQ36: ='APS Tubes by Date Import'!D35 -> 10 | AR36: ='APS Tubes by Date Import'!E35 -> 0 | AS36: ='APS Tubes by Date Import'!F35 -> 0 | AT36: ='APS Tubes by Date Import'!G35 -> 0
A37: RUN-COMB_2022-05-18_RFR-042 | B37: =VLOOKUP(A37,'Run Reconcile'!A$2:B672,2,FALSE) -> 44699 | C37: =COUNTIF('ALL Tube Results'!B36:B672, A37) -> 10 | D37: =COUNTIFS('ALL Tube Results'!$B36:$B672, $A37, 'ALL Tube Results'!$F36:$F672, "Negative") -> 10 | E37: =COUNTIFS('ALL Tube Results'!$B36:$B672, $A37, 'ALL Tube Results'!$F36:$F672, "Positive") -> 0 | F37: =COUNTIFS('ALL Tube Results'!$B36:$B672, $A37, 'ALL Tube Results'!$F36:$F672, "Inconclusive") -> 0 | G37: =IFERROR(VLOOKUP($A37,R$3:T706,3,FALSE),IFERROR(0/0,"") ) -> 10 | H37: =IF($C37=G37,IFERROR(0/0,""),$C37-G37) | I37: =IFERROR(VLOOKUP($A37,Y$3:AA706,3,FALSE),IFERROR(0/0,"") ) -> 10 | J37: =IFERROR(VLOOKUP($A37,Y$3:AD706,5,FALSE),IFERROR(0/0,"") ) -> 0 | K37: =IFERROR(VLOOKUP($A37,Y$3:AD706,6,FALSE),IFERROR(0/0,"")) -> 0 | L37: =IF($C37=I37,IFERROR(0/0,""),$C37-I37) | M37: =IF($E37=J37,IFERROR(0/0,""),$E37-J37) | N37: =IF($F37=K37,IFERROR(0/0,""),$F37-K37) | O37: =IFERROR(VLOOKUP($A37,AG$3:AI706,3,FALSE),IFERROR(0/0,"") ) -> 10 | P37: =IF($C37=O37,IFERROR(0/0,""),$C37-O37) | R37: RUN-COMB_2022-05-18_RFR-042 | S37: 44699 | T37: =VLOOKUP(R37,'Run Reconcile'!$A$2:$M672,13,FALSE) -> 10 | U37: =IF(EXACT(A36,R36),IFERROR(0/0,""),FALSE) | Y37: =IFERROR(__xludf.DUMMYFUNCTION("""COMPUTED_VALUE"""),"RUN-COMB_2022-05-18_RFR-042") -> RUN-COMB_2022-05-18_RFR-042 | Z37: =IFERROR(__xludf.DUMMYFUNCTION("""COMPUTED_VALUE"""),44699.0) -> 44699 | AA37: {=INDEX('RFR Data - preExcl'!AK$2:AK672,$AE37,1)} -> 10 | AB37: =AA37-AC37-AD37 -> 10 | AC37: {=INDEX('RFR Data - preExcl'!AI$2:AI672,$AE37,1)} -> 0 | AD37: {=INDEX('RFR Data - preExcl'!AF$2:AF672,$AE37,1)} -> 0 | AE37: =IFNA(MATCH(Y37,'RFR Data - preExcl'!A$2:A672,0),"") -> 42 | AG37: RUN-COMB_2022-05-18_RFR-042 | AH37: =VLOOKUP(AG37,'Run Reconcile'!A$2:B672,2,FALSE) -> 44699 | AI37: =COUNTIF('APS Tubes Import'!$V$2:$V672, AG37) -> 10 | AJ37: =COUNTIFS('APS Tubes Import'!V$2:V672, AG37, 'APS Tubes Import'!H$2:H672, "Negative") -> 10 | AK37: =COUNTIFS('APS Tubes Import'!V$2:V672, AG37, 'APS Tubes Import'!H$2:H672, "Positive") -> 0 | AL37: =COUNTIFS('APS Tubes Import'!V$2:V672, AG37, 'APS Tubes Import'!H$2:H672, "Inconclusive") -> 0 | AM37: =COUNTIFS('APS Tubes Import'!V$2:V672, AG37, 'APS Tubes Import'!H$2:H672, "Null") -> 0 | AO37: ='APS Tubes by Date Import'!B36 -> 44700 | AP37: ='APS Tubes by Date Import'!C36 -> 37 | AQ37: ='APS Tubes by Date Import'!D36 -> 37 | AR37: ='APS Tubes by Date Import'!E36 -> 0 | AS37: ='APS Tubes by Date Import'!F36 -> 0 | AT37: ='APS Tubes by Date Import'!G36 -> 0
A38: RUN-COMB_2022-05-19_RFR-043 | B38: =VLOOKUP(A38,'Run Reconcile'!A$2:B672,2,FALSE) -> 44700 | C38: =COUNTIF('ALL Tube Results'!B37:B672, A38) -> 37 | D38: =COUNTIFS('ALL Tube Results'!$B37:$B672, $A38, 'ALL Tube Results'!$F37:$F672, "Negative") -> 37 | E38: =COUNTIFS('ALL Tube Results'!$B37:$B672, $A38, 'ALL Tube Results'!$F37:$F672, "Positive") -> 0 | F38: =COUNTIFS('ALL Tube Results'!$B37:$B672, $A38, 'ALL Tube Results'!$F37:$F672, "Inconclusive") -> 0 | G38: =IFERROR(VLOOKUP($A38,R$3:T707,3,FALSE),IFERROR(0/0,"") ) -> 37 | H38: =IF($C38=G38,IFERROR(0/0,""),$C38-G38) | I38: =IFERROR(VLOOKUP($A38,Y$3:AA707,3,FALSE),IFERROR(0/0,"") ) -> 37 | J38: =IFERROR(VLOOKUP($A38,Y$3:AD707,5,FALSE),IFERROR(0/0,"") ) -> 0 | K38: =IFERROR(VLOOKUP($A38,Y$3:AD707,6,FALSE),IFERROR(0/0,"")) -> 0 | L38: =IF($C38=I38,IFERROR(0/0,""),$C38-I38) | M38: =IF($E38=J38,IFERROR(0/0,""),$E38-J38) | N38: =IF($F38=K38,IFERROR(0/0,""),$F38-K38) | O38: =IFERROR(VLOOKUP($A38,AG$3:AI707,3,FALSE),IFERROR(0/0,"") ) -> 37 | P38: =IF($C38=O38,IFERROR(0/0,""),$C38-O38) | R38: RUN-COMB_2022-05-19_RFR-043 | S38: 44700 | T38: =VLOOKUP(R38,'Run Reconcile'!$A$2:$M672,13,FALSE) -> 37 | U38: =IF(EXACT(A37,R37),IFERROR(0/0,""),FALSE) | Y38: =IFERROR(__xludf.DUMMYFUNCTION("""COMPUTED_VALUE"""),"RUN-COMB_2022-05-19_RFR-043") -> RUN-COMB_2022-05-19_RFR-043 | Z38: =IFERROR(__xludf.DUMMYFUNCTION("""COMPUTED_VALUE"""),44700.0) -> 44700 | AA38: {=INDEX('RFR Data - preExcl'!AK$2:AK672,$AE38,1)} -> 37 | AB38: =AA38-AC38-AD38 -> 37 | AC38: {=INDEX('RFR Data - preExcl'!AI$2:AI672,$AE38,1)} -> 0 | AD38: {=INDEX('RFR Data - preExcl'!AF$2:AF672,$AE38,1)} -> 0 | AE38: =IFNA(MATCH(Y38,'RFR Data - preExcl'!A$2:A672,0),"") -> 43 | AG38: RUN-COMB_2022-05-19_RFR-043 | AH38: =VLOOKUP(AG38,'Run Reconcile'!A$2:B672,2,FALSE) -> 44700 | AI38: =COUNTIF('APS Tubes Import'!$V$2:$V672, AG38) -> 37 | AJ38: =COUNTIFS('APS Tubes Import'!V$2:V672, AG38, 'APS Tubes Import'!H$2:H672, "Negative") -> 37 | AK38: =COUNTIFS('APS Tubes Import'!V$2:V672, AG38, 'APS Tubes Import'!H$2:H672, "Positive") -> 0 | AL38: =COUNTIFS('APS Tubes Import'!V$2:V672, AG38, 'APS Tubes Import'!H$2:H672, "Inconclusive") -> 0 | AM38: =COUNTIFS('APS Tubes Import'!V$2:V672, AG38, 'APS Tubes Import'!H$2:H672, "Null") -> 0 | AO38: ='APS Tubes by Date Import'!B37 -> 44701 | AP38: ='APS Tubes by Date Import'!C37 -> 13 | AQ38: ='APS Tubes by Date Import'!D37 -> 13 | AR38: ='APS Tubes by Date Import'!E37 -> 0 | AS38: ='APS Tubes by Date Import'!F37 -> 0 | AT38: ='APS Tubes by Date Import'!G37 -> 0
A39: RUN-COMB_2022-05-20_RFR-044 | B39: =VLOOKUP(A39,'Run Reconcile'!A$2:B672,2,FALSE) -> 44701 | C39: =COUNTIF('ALL Tube Results'!B38:B672, A39) -> 13 | D39: =COUNTIFS('ALL Tube Results'!$B38:$B672, $A39, 'ALL Tube Results'!$F38:$F672, "Negative") -> 13 | E39: =COUNTIFS('ALL Tube Results'!$B38:$B672, $A39, 'ALL Tube Results'!$F38:$F672, "Positive") -> 0 | F39: =COUNTIFS('ALL Tube Results'!$B38:$B672, $A39, 'ALL Tube Results'!$F38:$F672, "Inconclusive") -> 0 | G39: =IFERROR(VLOOKUP($A39,R$3:T708,3,FALSE),IFERROR(0/0,"") ) -> 13 | H39: =IF($C39=G39,IFERROR(0/0,""),$C39-G39) | I39: =IFERROR(VLOOKUP($A39,Y$3:AA708,3,FALSE),IFERROR(0/0,"") ) -> 13 | J39: =IFERROR(VLOOKUP($A39,Y$3:AD708,5,FALSE),IFERROR(0/0,"") ) -> 0 | K39: =IFERROR(VLOOKUP($A39,Y$3:AD708,6,FALSE),IFERROR(0/0,"")) -> 0 | L39: =IF($C39=I39,IFERROR(0/0,""),$C39-I39) | M39: =IF($E39=J39,IFERROR(0/0,""),$E39-J39) | N39: =IF($F39=K39,IFERROR(0/0,""),$F39-K39) | O39: =IFERROR(VLOOKUP($A39,AG$3:AI708,3,FALSE),IFERROR(0/0,"") ) -> 13 | P39: =IF($C39=O39,IFERROR(0/0,""),$C39-O39) | R39: RUN-COMB_2022-05-20_RFR-044 | S39: 44701 | T39: =VLOOKUP(R39,'Run Reconcile'!$A$2:$M672,13,FALSE) -> 13 | U39: =IF(EXACT(A38,R38),IFERROR(0/0,""),FALSE) | Y39: =IFERROR(__xludf.DUMMYFUNCTION("""COMPUTED_VALUE"""),"RUN-COMB_2022-05-20_RFR-044") -> RUN-COMB_2022-05-20_RFR-044 | Z39: =IFERROR(__xludf.DUMMYFUNCTION("""COMPUTED_VALUE"""),44701.0) -> 44701 | AA39: {=INDEX('RFR Data - preExcl'!AK$2:AK672,$AE39,1)} -> 13 | AB39: =AA39-AC39-AD39 -> 13 | AC39: {=INDEX('RFR Data - preExcl'!AI$2:AI672,$AE39,1)} -> 0 | AD39: {=INDEX('RFR Data - preExcl'!AF$2:AF672,$AE39,1)} -> 0 | AE39: =IFNA(MATCH(Y39,'RFR Data - preExcl'!A$2:A672,0),"") -> 44 | AG39: RUN-COMB_2022-05-20_RFR-044 | AH39: =VLOOKUP(AG39,'Run Reconcile'!A$2:B672,2,FALSE) -> 44701 | AI39: =COUNTIF('APS Tubes Import'!$V$2:$V672, AG39) -> 13 | AJ39: =COUNTIFS('APS Tubes Import'!V$2:V672, AG39, 'APS Tubes Import'!H$2:H672, "Negative") -> 13 | AK39: =COUNTIFS('APS Tubes Import'!V$2:V672, AG39, 'APS Tubes Import'!H$2:H672, "Positive") -> 0 | AL39: =COUNTIFS('APS Tubes Import'!V$2:V672, AG39, 'APS Tubes Import'!H$2:H672, "Inconclusive") -> 0 | AM39: =COUNTIFS('APS Tubes Import'!V$2:V672, AG39, 'APS Tubes Import'!H$2:H672, "Null") -> 0 | AO39: ='APS Tubes by Date Import'!B38 -> 44706 | AP39: ='APS Tubes by Date Import'!C38 -> 32 | AQ39: ='APS Tubes by Date Import'!D38 -> 32 | AR39: ='APS Tubes by Date Import'!E38 -> 0 | AS39: ='APS Tubes by Date Import'!F38 -> 0 | AT39: ='APS Tubes by Date Import'!G38 -> 0
A40: RUN-COMB_2022-05-25_RFR-045 | B40: =VLOOKUP(A40,'Run Reconcile'!A$2:B672,2,FALSE) -> 44706 | C40: =COUNTIF('ALL Tube Results'!B39:B672, A40) -> 32 | D40: =COUNTIFS('ALL Tube Results'!$B39:$B672, $A40, 'ALL Tube Results'!$F39:$F672, "Negative") -> 32 | E40: =COUNTIFS('ALL Tube Results'!$B39:$B672, $A40, 'ALL Tube Results'!$F39:$F672, "Positive") -> 0 | F40: =COUNTIFS('ALL Tube Results'!$B39:$B672, $A40, 'ALL Tube Results'!$F39:$F672, "Inconclusive") -> 0 | G40: =IFERROR(VLOOKUP($A40,R$3:T709,3,FALSE),IFERROR(0/0,"") ) -> 32 | H40: =IF($C40=G40,IFERROR(0/0,""),$C40-G40) | I40: =IFERROR(VLOOKUP($A40,Y$3:AA709,3,FALSE),IFERROR(0/0,"") ) -> 32 | J40: =IFERROR(VLOOKUP($A40,Y$3:AD709,5,FALSE),IFERROR(0/0,"") ) -> 0 | K40: =IFERROR(VLOOKUP($A40,Y$3:AD709,6,FALSE),IFERROR(0/0,"")) -> 0 | L40: =IF($C40=I40,IFERROR(0/0,""),$C40-I40) | M40: =IF($E40=J40,IFERROR(0/0,""),$E40-J40) | N40: =IF($F40=K40,IFERROR(0/0,""),$F40-K40) | O40: =IFERROR(VLOOKUP($A40,AG$3:AI709,3,FALSE),IFERROR(0/0,"") ) -> 32 | P40: =IF($C40=O40,IFERROR(0/0,""),$C40-O40) | R40: RUN-COMB_2022-05-25_RFR-045 | S40: 44706 | T40: =VLOOKUP(R40,'Run Reconcile'!$A$2:$M672,13,FALSE) -> 32 | U40: =IF(EXACT(A39,R39),IFERROR(0/0,""),FALSE) | Y40: =IFERROR(__xludf.DUMMYFUNCTION("""COMPUTED_VALUE"""),"RUN-COMB_2022-05-25_RFR-045") -> RUN-COMB_2022-05-25_RFR-045 | Z40: =IFERROR(__xludf.DUMMYFUNCTION("""COMPUTED_VALUE"""),44706.0) -> 44706 | AA40: {=INDEX('RFR Data - preExcl'!AK$2:AK672,$AE40,1)} -> 32 | AB40: =AA40-AC40-AD40 -> 32 | AC40: {=INDEX('RFR Data - preExcl'!AI$2:AI672,$AE40,1)} -> 0 | AD40: {=INDEX('RFR Data - preExcl'!AF$2:AF672,$AE40,1)} -> 0 | AE40: =IFNA(MATCH(Y40,'RFR Data - preExcl'!A$2:A672,0),"") -> 45 | AG40: RUN-COMB_2022-05-25_RFR-045 | AH40: =VLOOKUP(AG40,'Run Reconcile'!A$2:B672,2,FALSE) -> 44706 | AI40: =COUNTIF('APS Tubes Import'!$V$2:$V672, AG40) -> 32 | AJ40: =COUNTIFS('APS Tubes Import'!V$2:V672, AG40, 'APS Tubes Import'!H$2:H672, "Negative") -> 32 | AK40: =COUNTIFS('APS Tubes Import'!V$2:V672, AG40, 'APS Tubes Import'!H$2:H672, "Positive") -> 0 | AL40: =COUNTIFS('APS Tubes Import'!V$2:V672, AG40, 'APS Tubes Import'!H$2:H672, "Inconclusive") -> 0 | AM40: =COUNTIFS('APS Tubes Import'!V$2:V672, AG40, 'APS Tubes Import'!H$2:H672, "Null") -> 0 | AO40: ='APS Tubes by Date Import'!B39 -> 44707 | AP40: ='APS Tubes by Date Import'!C39 -> 19 | AQ40: ='APS Tubes by Date Import'!D39 -> 19 | AR40: ='APS Tubes by Date Import'!E39 -> 0 | AS40: ='APS Tubes by Date Import'!F39 -> 0 | AT40: ='APS Tubes by Date Import'!G39 -> 0
A41: RUN-COMB_2022-05-26_RFR-047 | B41: =VLOOKUP(A41,'Run Reconcile'!A$2:B672,2,FALSE) -> 44707 | C41: =COUNTIF('ALL Tube Results'!B40:B672, A41) -> 19 | D41: =COUNTIFS('ALL Tube Results'!$B40:$B672, $A41, 'ALL Tube Results'!$F40:$F672, "Negative") -> 19 | E41: =COUNTIFS('ALL Tube Results'!$B40:$B672, $A41, 'ALL Tube Results'!$F40:$F672, "Positive") -> 0 | F41: =COUNTIFS('ALL Tube Results'!$B40:$B672, $A41, 'ALL Tube Results'!$F40:$F672, "Inconclusive") -> 0 | G41: =IFERROR(VLOOKUP($A41,R$3:T710,3,FALSE),IFERROR(0/0,"") ) -> 19 | H41: =IF($C41=G41,IFERROR(0/0,""),$C41-G41) | I41: =IFERROR(VLOOKUP($A41,Y$3:AA710,3,FALSE),IFERROR(0/0,"") ) -> 19 | J41: =IFERROR(VLOOKUP($A41,Y$3:AD710,5,FALSE),IFERROR(0/0,"") ) -> 0 | K41: =IFERROR(VLOOKUP($A41,Y$3:AD710,6,FALSE),IFERROR(0/0,"")) -> 0 | L41: =IF($C41=I41,IFERROR(0/0,""),$C41-I41) | M41: =IF($E41=J41,IFERROR(0/0,""),$E41-J41) | N41: =IF($F41=K41,IFERROR(0/0,""),$F41-K41) | O41: =IFERROR(VLOOKUP($A41,AG$3:AI710,3,FALSE),IFERROR(0/0,"") ) -> 19 | P41: =IF($C41=O41,IFERROR(0/0,""),$C41-O41) | R41: RUN-COMB_2022-05-26_RFR-047 | S41: 44707 | T41: =VLOOKUP(R41,'Run Reconcile'!$A$2:$M672,13,FALSE) -> 19 | U41: =IF(EXACT(A40,R40),IFERROR(0/0,""),FALSE) | Y41: =IFERROR(__xludf.DUMMYFUNCTION("""COMPUTED_VALUE"""),"RUN-COMB_2022-05-26_RFR-047") -> RUN-COMB_2022-05-26_RFR-047 | Z41: =IFERROR(__xludf.DUMMYFUNCTION("""COMPUTED_VALUE"""),44707.0) -> 44707 | AA41: {=INDEX('RFR Data - preExcl'!AK$2:AK672,$AE41,1)} -> 19 | AB41: =AA41-AC41-AD41 -> 19 | AC41: {=INDEX('RFR Data - preExcl'!AI$2:AI672,$AE41,1)} -> 0 | AD41: {=INDEX('RFR Data - preExcl'!AF$2:AF672,$AE41,1)} -> 0 | AE41: =IFNA(MATCH(Y41,'RFR Data - preExcl'!A$2:A672,0),"") -> 47 | AG41: RUN-COMB_2022-05-26_RFR-047 | AH41: =VLOOKUP(AG41,'Run Reconcile'!A$2:B672,2,FALSE) -> 44707 | AI41: =COUNTIF('APS Tubes Import'!$V$2:$V672, AG41) -> 19 | AJ41: =COUNTIFS('APS Tubes Import'!V$2:V672, AG41, 'APS Tubes Import'!H$2:H672, "Negative") -> 19 | AK41: =COUNTIFS('APS Tubes Import'!V$2:V672, AG41, 'APS Tubes Import'!H$2:H672, "Positive") -> 0 | AL41: =COUNTIFS('APS Tubes Import'!V$2:V672, AG41, 'APS Tubes Import'!H$2:H672, "Inconclusive") -> 0 | AM41: =COUNTIFS('APS Tubes Import'!V$2:V672, AG41, 'APS Tubes Import'!H$2:H672, "Null") -> 0 | AO41: ='APS Tubes by Date Import'!B40 -> 44708 | AP41: ='APS Tubes by Date Import'!C40 -> 19 | AQ41: ='APS Tubes by Date Import'!D40 -> 19 | AR41: ='APS Tubes by Date Import'!E40 -> 0 | AS41: ='APS Tubes by Date Import'!F40 -> 0 | AT41: ='APS Tubes by Date Import'!G40 -> 0
A42: RUN-COMB_2022-05-27_RFR-048 | B42: =VLOOKUP(A42,'Run Reconcile'!A$2:B672,2,FALSE) -> 44708 | C42: =COUNTIF('ALL Tube Results'!B41:B672, A42) -> 19 | D42: =COUNTIFS('ALL Tube Results'!$B41:$B672, $A42, 'ALL Tube Results'!$F41:$F672, "Negative") -> 19 | E42: =COUNTIFS('ALL Tube Results'!$B41:$B672, $A42, 'ALL Tube Results'!$F41:$F672, "Positive") -> 0 | F42: =COUNTIFS('ALL Tube Results'!$B41:$B672, $A42, 'ALL Tube Results'!$F41:$F672, "Inconclusive") -> 0 | G42: =IFERROR(VLOOKUP($A42,R$3:T711,3,FALSE),IFERROR(0/0,"") ) -> 19 | H42: =IF($C42=G42,IFERROR(0/0,""),$C42-G42) | I42: =IFERROR(VLOOKUP($A42,Y$3:AA711,3,FALSE),IFERROR(0/0,"") ) -> 19 | J42: =IFERROR(VLOOKUP($A42,Y$3:AD711,5,FALSE),IFERROR(0/0,"") ) -> 0 | K42: =IFERROR(VLOOKUP($A42,Y$3:AD711,6,FALSE),IFERROR(0/0,"")) -> 0 | L42: =IF($C42=I42,IFERROR(0/0,""),$C42-I42) | M42: =IF($E42=J42,IFERROR(0/0,""),$E42-J42) | N42: =IF($F42=K42,IFERROR(0/0,""),$F42-K42) | O42: =IFERROR(VLOOKUP($A42,AG$3:AI711,3,FALSE),IFERROR(0/0,"") ) -> 19 | P42: =IF($C42=O42,IFERROR(0/0,""),$C42-O42) | R42: RUN-COMB_2022-05-27_RFR-048 | S42: 44708 | T42: =VLOOKUP(R42,'Run Reconcile'!$A$2:$M672,13,FALSE) -> 19 | U42: =IF(EXACT(A41,R41),IFERROR(0/0,""),FALSE) | Y42: =IFERROR(__xludf.DUMMYFUNCTION("""COMPUTED_VALUE"""),"RUN-COMB_2022-05-27_RFR-048") -> RUN-COMB_2022-05-27_RFR-048 | Z42: =IFERROR(__xludf.DUMMYFUNCTION("""COMPUTED_VALUE"""),44708.0) -> 44708 | AA42: {=INDEX('RFR Data - preExcl'!AK$2:AK672,$AE42,1)} -> 19 | AB42: =AA42-AC42-AD42 -> 19 | AC42: {=INDEX('RFR Data - preExcl'!AI$2:AI672,$AE42,1)} -> 0 | AD42: {=INDEX('RFR Data - preExcl'!AF$2:AF672,$AE42,1)} -> 0 | AE42: =IFNA(MATCH(Y42,'RFR Data - preExcl'!A$2:A672,0),"") -> 48 | AG42: RUN-COMB_2022-05-27_RFR-048 | AH42: =VLOOKUP(AG42,'Run Reconcile'!A$2:B672,2,FALSE) -> 44708 | AI42: =COUNTIF('APS Tubes Import'!$V$2:$V672, AG42) -> 19 | AJ42: =COUNTIFS('APS Tubes Import'!V$2:V672, AG42, 'APS Tubes Import'!H$2:H672, "Negative") -> 19 | AK42: =COUNTIFS('APS Tubes Import'!V$2:V672, AG42, 'APS Tubes Import'!H$2:H672, "Positive") -> 0 | AL42: =COUNTIFS('APS Tubes Import'!V$2:V672, AG42, 'APS Tubes Import'!H$2:H672, "Inconclusive") -> 0 | AM42: =COUNTIFS('APS Tubes Import'!V$2:V672, AG42, 'APS Tubes Import'!H$2:H672, "Null") -> 0 | AO42: ='APS Tubes by Date Import'!B41 -> 44709 | AP42: ='APS Tubes by Date Import'!C41 -> 36 | AQ42: ='APS Tubes by Date Import'!D41 -> 36 | AR42: ='APS Tubes by Date Import'!E41 -> 0 | AS42: ='APS Tubes by Date Import'!F41 -> 0 | AT42: ='APS Tubes by Date Import'!G41 -> 0
A43: RUN-COMB_2022-05-28_RFR-049 | B43: =VLOOKUP(A43,'Run Reconcile'!A$2:B672,2,FALSE) -> 44709 | C43: =COUNTIF('ALL Tube Results'!B42:B672, A43) -> 45 | D43: =COUNTIFS('ALL Tube Results'!$B42:$B672, $A43, 'ALL Tube Results'!$F42:$F672, "Negative") -> 45 | E43: =COUNTIFS('ALL Tube Results'!$B42:$B672, $A43, 'ALL Tube Results'!$F42:$F672, "Positive") -> 0 | F43: =COUNTIFS('ALL Tube Results'!$B42:$B672, $A43, 'ALL Tube Results'!$F42:$F672, "Inconclusive") -> 0 | G43: =IFERROR(VLOOKUP($A43,R$3:T712,3,FALSE),IFERROR(0/0,"") ) -> 45 | H43: =IF($C43=G43,IFERROR(0/0,""),$C43-G43) | I43: =IFERROR(VLOOKUP($A43,Y$3:AA712,3,FALSE),IFERROR(0/0,"") ) -> 45 | J43: =IFERROR(VLOOKUP($A43,Y$3:AD712,5,FALSE),IFERROR(0/0,"") ) -> 0 | K43: =IFERROR(VLOOKUP($A43,Y$3:AD712,6,FALSE),IFERROR(0/0,"")) -> 0 | L43: =IF($C43=I43,IFERROR(0/0,""),$C43-I43) | M43: =IF($E43=J43,IFERROR(0/0,""),$E43-J43) | N43: =IF($F43=K43,IFERROR(0/0,""),$F43-K43) | O43: =IFERROR(VLOOKUP($A43,AG$3:AI712,3,FALSE),IFERROR(0/0,"") ) -> 36 | P43: =IF($C43=O43,IFERROR(0/0,""),$C43-O43) -> 9 | R43: RUN-COMB_2022-05-28_RFR-049 | S43: 44709 | T43: =VLOOKUP(R43,'Run Reconcile'!$A$2:$M672,13,FALSE) -> 45 | U43: =IF(EXACT(A42,R42),IFERROR(0/0,""),FALSE) | Y43: =IFERROR(__xludf.DUMMYFUNCTION("""COMPUTED_VALUE"""),"RUN-COMB_2022-05-28_RFR-049") -> RUN-COMB_2022-05-28_RFR-049 | Z43: =IFERROR(__xludf.DUMMYFUNCTION("""COMPUTED_VALUE"""),44709.0) -> 44709 | AA43: {=INDEX('RFR Data - preExcl'!AK$2:AK672,$AE43,1)} -> 45 | AB43: =AA43-AC43-AD43 -> 45 | AC43: {=INDEX('RFR Data - preExcl'!AI$2:AI672,$AE43,1)} -> 0 | AD43: {=INDEX('RFR Data - preExcl'!AF$2:AF672,$AE43,1)} -> 0 | AE43: =IFNA(MATCH(Y43,'RFR Data - preExcl'!A$2:A672,0),"") -> 49 | AG43: RUN-COMB_2022-05-28_RFR-049 | AH43: =VLOOKUP(AG43,'Run Reconcile'!A$2:B672,2,FALSE) -> 44709 | AI43: =COUNTIF('APS Tubes Import'!$V$2:$V672, AG43) -> 36 | AJ43: =COUNTIFS('APS Tubes Import'!V$2:V672, AG43, 'APS Tubes Import'!H$2:H672, "Negative") -> 36 | AK43: =COUNTIFS('APS Tubes Import'!V$2:V672, AG43, 'APS Tubes Import'!H$2:H672, "Positive") -> 0 | AL43: =COUNTIFS('APS Tubes Import'!V$2:V672, AG43, 'APS Tubes Import'!H$2:H672, "Inconclusive") -> 0 | AM43: =COUNTIFS('APS Tubes Import'!V$2:V672, AG43, 'APS Tubes Import'!H$2:H672, "Null") -> 0 | AO43: ='APS Tubes by Date Import'!B42 -> 44710 | AP43: ='APS Tubes by Date Import'!C42 -> 22 | AQ43: ='APS Tubes by Date Import'!D42 -> 22 | AR43: ='APS Tubes by Date Import'!E42 -> 0 | AS43: ='APS Tubes by Date Import'!F42 -> 0 | AT43: ='APS Tubes by Date Import'!G42 -> 0
A44: RUN-COMB_2022-05-29_RFR-050 | B44: =VLOOKUP(A44,'Run Reconcile'!A$2:B672,2,FALSE) -> 44710 | C44: =COUNTIF('ALL Tube Results'!B43:B672, A44) -> 22 | D44: =COUNTIFS('ALL Tube Results'!$B43:$B672, $A44, 'ALL Tube Results'!$F43:$F672, "Negative") -> 22 | E44: =COUNTIFS('ALL Tube Results'!$B43:$B672, $A44, 'ALL Tube Results'!$F43:$F672, "Positive") -> 0 | F44: =COUNTIFS('ALL Tube Results'!$B43:$B672, $A44, 'ALL Tube Results'!$F43:$F672, "Inconclusive") -> 0 | G44: =IFERROR(VLOOKUP($A44,R$3:T713,3,FALSE),IFERROR(0/0,"") ) -> 22 | H44: =IF($C44=G44,IFERROR(0/0,""),$C44-G44) | I44: =IFERROR(VLOOKUP($A44,Y$3:AA713,3,FALSE),IFERROR(0/0,"") ) -> 22 | J44: =IFERROR(VLOOKUP($A44,Y$3:AD713,5,FALSE),IFERROR(0/0,"") ) -> 0 | K44: =IFERROR(VLOOKUP($A44,Y$3:AD713,6,FALSE),IFERROR(0/0,"")) -> 0 | L44: =IF($C44=I44,IFERROR(0/0,""),$C44-I44) | M44: =IF($E44=J44,IFERROR(0/0,""),$E44-J44) | N44: =IF($F44=K44,IFERROR(0/0,""),$F44-K44) | O44: =IFERROR(VLOOKUP($A44,AG$3:AI713,3,FALSE),IFERROR(0/0,"") ) -> 22 | P44: =IF($C44=O44,IFERROR(0/0,""),$C44-O44) | R44: RUN-COMB_2022-05-29_RFR-050 | S44: 44710 | T44: =VLOOKUP(R44,'Run Reconcile'!$A$2:$M672,13,FALSE) -> 22 | U44: =IF(EXACT(A43,R43),IFERROR(0/0,""),FALSE) | Y44: =IFERROR(__xludf.DUMMYFUNCTION("""COMPUTED_VALUE"""),"RUN-COMB_2022-05-29_RFR-050") -> RUN-COMB_2022-05-29_RFR-050 | Z44: =IFERROR(__xludf.DUMMYFUNCTION("""COMPUTED_VALUE"""),44710.0) -> 44710 | AA44: {=INDEX('RFR Data - preExcl'!AK$2:AK672,$AE44,1)} -> 22 | AB44: =AA44-AC44-AD44 -> 22 | AC44: {=INDEX('RFR Data - preExcl'!AI$2:AI672,$AE44,1)} -> 0 | AD44: {=INDEX('RFR Data - preExcl'!AF$2:AF672,$AE44,1)} -> 0 | AE44: =IFNA(MATCH(Y44,'RFR Data - preExcl'!A$2:A672,0),"") -> 50 | AG44: RUN-COMB_2022-05-29_RFR-050 | AH44: =VLOOKUP(AG44,'Run Reconcile'!A$2:B672,2,FALSE) -> 44710 | AI44: =COUNTIF('APS Tubes Import'!$V$2:$V672, AG44) -> 22 | AJ44: =COUNTIFS('APS Tubes Import'!V$2:V672, AG44, 'APS Tubes Import'!H$2:H672, "Negative") -> 22 | AK44: =COUNTIFS('APS Tubes Import'!V$2:V672, AG44, 'APS Tubes Import'!H$2:H672, "Positive") -> 0 | AL44: =COUNTIFS('APS Tubes Import'!V$2:V672, AG44, 'APS Tubes Import'!H$2:H672, "Inconclusive") -> 0 | AM44: =COUNTIFS('APS Tubes Import'!V$2:V672, AG44, 'APS Tubes Import'!H$2:H672, "Null") -> 0 | AO44: ='APS Tubes by Date Import'!B43 -> 44711 | AP44: ='APS Tubes by Date Import'!C43 -> 24 | AQ44: ='APS Tubes by Date Import'!D43 -> 24 | AR44: ='APS Tubes by Date Import'!E43 -> 0 | AS44: ='APS Tubes by Date Import'!F43 -> 0 | AT44: ='APS Tubes by Date Import'!G43 -> 0
A45: RUN-COMB_2022-05-30_RFR-051 | B45: =VLOOKUP(A45,'Run Reconcile'!A$2:B672,2,FALSE) -> 44711 | C45: =COUNTIF('ALL Tube Results'!B44:B672, A45) -> 24 | D45: =COUNTIFS('ALL Tube Results'!$B44:$B672, $A45, 'ALL Tube Results'!$F44:$F672, "Negative") -> 24 | E45: =COUNTIFS('ALL Tube Results'!$B44:$B672, $A45, 'ALL Tube Results'!$F44:$F672, "Positive") -> 0 | F45: =COUNTIFS('ALL Tube Results'!$B44:$B672, $A45, 'ALL Tube Results'!$F44:$F672, "Inconclusive") -> 0 | G45: =IFERROR(VLOOKUP($A45,R$3:T714,3,FALSE),IFERROR(0/0,"") ) -> 24 | H45: =IF($C45=G45,IFERROR(0/0,""),$C45-G45) | I45: =IFERROR(VLOOKUP($A45,Y$3:AA714,3,FALSE),IFERROR(0/0,"") ) -> 24 | J45: =IFERROR(VLOOKUP($A45,Y$3:AD714,5,FALSE),IFERROR(0/0,"") ) -> 0 | K45: =IFERROR(VLOOKUP($A45,Y$3:AD714,6,FALSE),IFERROR(0/0,"")) -> 0 | L45: =IF($C45=I45,IFERROR(0/0,""),$C45-I45) | M45: =IF($E45=J45,IFERROR(0/0,""),$E45-J45) | N45: =IF($F45=K45,IFERROR(0/0,""),$F45-K45) | O45: =IFERROR(VLOOKUP($A45,AG$3:AI714,3,FALSE),IFERROR(0/0,"") ) -> 24 | P45: =IF($C45=O45,IFERROR(0/0,""),$C45-O45) | R45: RUN-COMB_2022-05-30_RFR-051 | S45: 44711 | T45: =VLOOKUP(R45,'Run Reconcile'!$A$2:$M672,13,FALSE) -> 24 | U45: =IF(EXACT(A44,R44),IFERROR(0/0,""),FALSE) | Y45: =IFERROR(__xludf.DUMMYFUNCTION("""COMPUTED_VALUE"""),"RUN-COMB_2022-05-30_RFR-051") -> RUN-COMB_2022-05-30_RFR-051 | Z45: =IFERROR(__xludf.DUMMYFUNCTION("""COMPUTED_VALUE"""),44711.0) -> 44711 | AA45: {=INDEX('RFR Data - preExcl'!AK$2:AK672,$AE45,1)} -> 24 | AB45: =AA45-AC45-AD45 -> 24 | AC45: {=INDEX('RFR Data - preExcl'!AI$2:AI672,$AE45,1)} -> 0 | AD45: {=INDEX('RFR Data - preExcl'!AF$2:AF672,$AE45,1)} -> 0 | AE45: =IFNA(MATCH(Y45,'RFR Data - preExcl'!A$2:A672,0),"") -> 51 | AG45: RUN-COMB_2022-05-30_RFR-051 | AH45: =VLOOKUP(AG45,'Run Reconcile'!A$2:B672,2,FALSE) -> 44711 | AI45: =COUNTIF('APS Tubes Import'!$V$2:$V672, AG45) -> 24 | AJ45: =COUNTIFS('APS Tubes Import'!V$2:V672, AG45, 'APS Tubes Import'!H$2:H672, "Negative") -> 24 | AK45: =COUNTIFS('APS Tubes Import'!V$2:V672, AG45, 'APS Tubes Import'!H$2:H672, "Positive") -> 0 | AL45: =COUNTIFS('APS Tubes Import'!V$2:V672, AG45, 'APS Tubes Import'!H$2:H672, "Inconclusive") -> 0 | AM45: =COUNTIFS('APS Tubes Import'!V$2:V672, AG45, 'APS Tubes Import'!H$2:H672, "Null") -> 0 | AO45: ='APS Tubes by Date Import'!B44 -> 44712 | AP45: ='APS Tubes by Date Import'!C44 -> 20 | AQ45: ='APS Tubes by Date Import'!D44 -> 19 | AR45: ='APS Tubes by Date Import'!E44 -> 1 | AS45: ='APS Tubes by Date Import'!F44 -> 0 | AT45: ='APS Tubes by Date Import'!G44 -> 0
A46: RUN-COMB_2022-05-31_RFR-052 | B46: =VLOOKUP(A46,'Run Reconcile'!A$2:B672,2,FALSE) -> 44712 | C46: =COUNTIF('ALL Tube Results'!B45:B672, A46) -> 20 | D46: =COUNTIFS('ALL Tube Results'!$B45:$B672, $A46, 'ALL Tube Results'!$F45:$F672, "Negative") -> 19 | E46: =COUNTIFS('ALL Tube Results'!$B45:$B672, $A46, 'ALL Tube Results'!$F45:$F672, "Positive") -> 1 | F46: =COUNTIFS('ALL Tube Results'!$B45:$B672, $A46, 'ALL Tube Results'!$F45:$F672, "Inconclusive") -> 0 | G46: =IFERROR(VLOOKUP($A46,R$3:T715,3,FALSE),IFERROR(0/0,"") ) -> 20 | H46: =IF($C46=G46,IFERROR(0/0,""),$C46-G46) | I46: =IFERROR(VLOOKUP($A46,Y$3:AA715,3,FALSE),IFERROR(0/0,"") ) -> 20 | J46: =IFERROR(VLOOKUP($A46,Y$3:AD715,5,FALSE),IFERROR(0/0,"") ) -> 1 | K46: =IFERROR(VLOOKUP($A46,Y$3:AD715,6,FALSE),IFERROR(0/0,"")) -> 0 | L46: =IF($C46=I46,IFERROR(0/0,""),$C46-I46) | M46: =IF($E46=J46,IFERROR(0/0,""),$E46-J46) | N46: =IF($F46=K46,IFERROR(0/0,""),$F46-K46) | O46: =IFERROR(VLOOKUP($A46,AG$3:AI715,3,FALSE),IFERROR(0/0,"") ) -> 20 | P46: =IF($C46=O46,IFERROR(0/0,""),$C46-O46) | R46: RUN-COMB_2022-05-31_RFR-052 | S46: 44712 | T46: =VLOOKUP(R46,'Run Reconcile'!$A$2:$M672,13,FALSE) -> 20 | U46: =IF(EXACT(A45,R45),IFERROR(0/0,""),FALSE) | Y46: =IFERROR(__xludf.DUMMYFUNCTION("""COMPUTED_VALUE"""),"RUN-COMB_2022-05-31_RFR-052") -> RUN-COMB_2022-05-31_RFR-052 | Z46: =IFERROR(__xludf.DUMMYFUNCTION("""COMPUTED_VALUE"""),44712.0) -> 44712 | AA46: {=INDEX('RFR Data - preExcl'!AK$2:AK672,$AE46,1)} -> 20 | AB46: =AA46-AC46-AD46 -> 19 | AC46: {=INDEX('RFR Data - preExcl'!AI$2:AI672,$AE46,1)} -> 1 | AD46: {=INDEX('RFR Data - preExcl'!AF$2:AF672,$AE46,1)} -> 0 | AE46: =IFNA(MATCH(Y46,'RFR Data - preExcl'!A$2:A672,0),"") -> 52 | AG46: RUN-COMB_2022-05-31_RFR-052 | AH46: =VLOOKUP(AG46,'Run Reconcile'!A$2:B672,2,FALSE) -> 44712 | AI46: =COUNTIF('APS Tubes Import'!$V$2:$V672, AG46) -> 20 | AJ46: =COUNTIFS('APS Tubes Import'!V$2:V672, AG46, 'APS Tubes Import'!H$2:H672, "Negative") -> 19 | AK46: =COUNTIFS('APS Tubes Import'!V$2:V672, AG46, 'APS Tubes Import'!H$2:H672, "Positive") -> 1 | AL46: =COUNTIFS('APS Tubes Import'!V$2:V672, AG46, 'APS Tubes Import'!H$2:H672, "Inconclusive") -> 0 | AM46: =COUNTIFS('APS Tubes Import'!V$2:V672, AG46, 'APS Tubes Import'!H$2:H672, "Null") -> 0 | AO46: ='APS Tubes by Date Import'!B45 -> 44713 | AP46: ='APS Tubes by Date Import'!C45 -> 16 | AQ46: ='APS Tubes by Date Import'!D45 -> 16 | AR46: ='APS Tubes by Date Import'!E45 -> 0 | AS46: ='APS Tubes by Date Import'!F45 -> 0 | AT46: ='APS Tubes by Date Import'!G45 -> 0
A47: RUN-COMB_2022-06-01_RFR-053 | B47: =VLOOKUP(A47,'Run Reconcile'!A$2:B672,2,FALSE) -> 44713 | C47: =COUNTIF('ALL Tube Results'!B46:B672, A47) -> 16 | D47: =COUNTIFS('ALL Tube Results'!$B46:$B672, $A47, 'ALL Tube Results'!$F46:$F672, "Negative") -> 16 | E47: =COUNTIFS('ALL Tube Results'!$B46:$B672, $A47, 'ALL Tube Results'!$F46:$F672, "Positive") -> 0 | F47: =COUNTIFS('ALL Tube Results'!$B46:$B672, $A47, 'ALL Tube Results'!$F46:$F672, "Inconclusive") -> 0 | G47: =IFERROR(VLOOKUP($A47,R$3:T716,3,FALSE),IFERROR(0/0,"") ) -> 16 | H47: =IF($C47=G47,IFERROR(0/0,""),$C47-G47) | I47: =IFERROR(VLOOKUP($A47,Y$3:AA716,3,FALSE),IFERROR(0/0,"") ) -> 16 | J47: =IFERROR(VLOOKUP($A47,Y$3:AD716,5,FALSE),IFERROR(0/0,"") ) -> 0 | K47: =IFERROR(VLOOKUP($A47,Y$3:AD716,6,FALSE),IFERROR(0/0,"")) -> 0 | L47: =IF($C47=I47,IFERROR(0/0,""),$C47-I47) | M47: =IF($E47=J47,IFERROR(0/0,""),$E47-J47) | N47: =IF($F47=K47,IFERROR(0/0,""),$F47-K47) | O47: =IFERROR(VLOOKUP($A47,AG$3:AI716,3,FALSE),IFERROR(0/0,"") ) -> 16 | P47: =IF($C47=O47,IFERROR(0/0,""),$C47-O47) | R47: RUN-COMB_2022-06-01_RFR-053 | S47: 44713 | T47: =VLOOKUP(R47,'Run Reconcile'!$A$2:$M672,13,FALSE) -> 16 | U47: =IF(EXACT(A46,R46),IFERROR(0/0,""),FALSE) | Y47: =IFERROR(__xludf.DUMMYFUNCTION("""COMPUTED_VALUE"""),"RUN-COMB_2022-06-01_RFR-053") -> RUN-COMB_2022-06-01_RFR-053 | Z47: =IFERROR(__xludf.DUMMYFUNCTION("""COMPUTED_VALUE"""),44713.0) -> 44713 | AA47: {=INDEX('RFR Data - preExcl'!AK$2:AK672,$AE47,1)} -> 16 | AB47: =AA47-AC47-AD47 -> 16 | AC47: {=INDEX('RFR Data - preExcl'!AI$2:AI672,$AE47,1)} -> 0 | AD47: {=INDEX('RFR Data - preExcl'!AF$2:AF672,$AE47,1)} -> 0 | AE47: =IFNA(MATCH(Y47,'RFR Data - preExcl'!A$2:A672,0),"") -> 53 | AG47: RUN-COMB_2022-06-01_RFR-053 | AH47: =VLOOKUP(AG47,'Run Reconcile'!A$2:B672,2,FALSE) -> 44713 | AI47: =COUNTIF('APS Tubes Import'!$V$2:$V672, AG47) -> 16 | AJ47: =COUNTIFS('APS Tubes Import'!V$2:V672, AG47, 'APS Tubes Import'!H$2:H672, "Negative") -> 16 | AK47: =COUNTIFS('APS Tubes Import'!V$2:V672, AG47, 'APS Tubes Import'!H$2:H672, "Positive") -> 0 | AL47: =COUNTIFS('APS Tubes Import'!V$2:V672, AG47, 'APS Tubes Import'!H$2:H672, "Inconclusive") -> 0 | AM47: =COUNTIFS('APS Tubes Import'!V$2:V672, AG47, 'APS Tubes Import'!H$2:H672, "Null") -> 0 | AO47: ='APS Tubes by Date Import'!B46 -> 44714 | AP47: ='APS Tubes by Date Import'!C46 -> 31 | AQ47: ='APS Tubes by Date Import'!D46 -> 31 | AR47: ='APS Tubes by Date Import'!E46 -> 0 | AS47: ='APS Tubes by Date Import'!F46 -> 0 | AT47: ='APS Tubes by Date Import'!G46 -> 0
A48: RUN-COMB_2022-06-02_RFR-054 | B48: =VLOOKUP(A48,'Run Reconcile'!A$2:B672,2,FALSE) -> 44714 | C48: =COUNTIF('ALL Tube Results'!B47:B672, A48) -> 31 | D48: =COUNTIFS('ALL Tube Results'!$B47:$B672, $A48, 'ALL Tube Results'!$F47:$F672, "Negative") -> 31 | E48: =COUNTIFS('ALL Tube Results'!$B47:$B672, $A48, 'ALL Tube Results'!$F47:$F672, "Positive") -> 0 | F48: =COUNTIFS('ALL Tube Results'!$B47:$B672, $A48, 'ALL Tube Results'!$F47:$F672, "Inconclusive") -> 0 | G48: =IFERROR(VLOOKUP($A48,R$3:T717,3,FALSE),IFERROR(0/0,"") ) -> 31 | H48: =IF($C48=G48,IFERROR(0/0,""),$C48-G48) | I48: =IFERROR(VLOOKUP($A48,Y$3:AA717,3,FALSE),IFERROR(0/0,"") ) -> 31 | J48: =IFERROR(VLOOKUP($A48,Y$3:AD717,5,FALSE),IFERROR(0/0,"") ) -> 0 | K48: =IFERROR(VLOOKUP($A48,Y$3:AD717,6,FALSE),IFERROR(0/0,"")) -> 0 | L48: =IF($C48=I48,IFERROR(0/0,""),$C48-I48) | M48: =IF($E48=J48,IFERROR(0/0,""),$E48-J48) | N48: =IF($F48=K48,IFERROR(0/0,""),$F48-K48) | O48: =IFERROR(VLOOKUP($A48,AG$3:AI717,3,FALSE),IFERROR(0/0,"") ) -> 31 | P48: =IF($C48=O48,IFERROR(0/0,""),$C48-O48) | R48: RUN-COMB_2022-06-02_RFR-054 | S48: 44714 | T48: =VLOOKUP(R48,'Run Reconcile'!$A$2:$M672,13,FALSE) -> 31 | U48: =IF(EXACT(A47,R47),IFERROR(0/0,""),FALSE) | Y48: =IFERROR(__xludf.DUMMYFUNCTION("""COMPUTED_VALUE"""),"RUN-COMB_2022-06-02_RFR-054") -> RUN-COMB_2022-06-02_RFR-054 | Z48: =IFERROR(__xludf.DUMMYFUNCTION("""COMPUTED_VALUE"""),44714.0) -> 44714 | AA48: {=INDEX('RFR Data - preExcl'!AK$2:AK672,$AE48,1)} -> 31 | AB48: =AA48-AC48-AD48 -> 31 | AC48: {=INDEX('RFR Data - preExcl'!AI$2:AI672,$AE48,1)} -> 0 | AD48: {=INDEX('RFR Data - preExcl'!AF$2:AF672,$AE48,1)} -> 0 | AE48: =IFNA(MATCH(Y48,'RFR Data - preExcl'!A$2:A672,0),"") -> 54 | AG48: RUN-COMB_2022-06-02_RFR-054 | AH48: =VLOOKUP(AG48,'Run Reconcile'!A$2:B672,2,FALSE) -> 44714 | AI48: =COUNTIF('APS Tubes Import'!$V$2:$V672, AG48) -> 31 | AJ48: =COUNTIFS('APS Tubes Import'!V$2:V672, AG48, 'APS Tubes Import'!H$2:H672, "Negative") -> 31 | AK48: =COUNTIFS('APS Tubes Import'!V$2:V672, AG48, 'APS Tubes Import'!H$2:H672, "Positive") -> 0 | AL48: =COUNTIFS('APS Tubes Import'!V$2:V672, AG48, 'APS Tubes Import'!H$2:H672, "Inconclusive") -> 0 | AM48: =COUNTIFS('APS Tubes Import'!V$2:V672, AG48, 'APS Tubes Import'!H$2:H672, "Null") -> 0 | AO48: ='APS Tubes by Date Import'!B47 -> 44715 | AP48: ='APS Tubes by Date Import'!C47 -> 23 | AQ48: ='APS Tubes by Date Import'!D47 -> 23 | AR48: ='APS Tubes by Date Import'!E47 -> 0 | AS48: ='APS Tubes by Date Import'!F47 -> 0 | AT48: ='APS Tubes by Date Import'!G47 -> 0
A49: RUN-COMB_2022-06-03_RFR-055 | B49: =VLOOKUP(A49,'Run Reconcile'!A$2:B672,2,FALSE) -> 44715 | C49: =COUNTIF('ALL Tube Results'!B48:B672, A49) -> 23 | D49: =COUNTIFS('ALL Tube Results'!$B48:$B672, $A49, 'ALL Tube Results'!$F48:$F672, "Negative") -> 23 | E49: =COUNTIFS('ALL Tube Results'!$B48:$B672, $A49, 'ALL Tube Results'!$F48:$F672, "Positive") -> 0 | F49: =COUNTIFS('ALL Tube Results'!$B48:$B672, $A49, 'ALL Tube Results'!$F48:$F672, "Inconclusive") -> 0 | G49: =IFERROR(VLOOKUP($A49,R$3:T718,3,FALSE),IFERROR(0/0,"") ) -> 23 | H49: =IF($C49=G49,IFERROR(0/0,""),$C49-G49) | I49: =IFERROR(VLOOKUP($A49,Y$3:AA718,3,FALSE),IFERROR(0/0,"") ) -> 23 | J49: =IFERROR(VLOOKUP($A49,Y$3:AD718,5,FALSE),IFERROR(0/0,"") ) -> 0 | K49: =IFERROR(VLOOKUP($A49,Y$3:AD718,6,FALSE),IFERROR(0/0,"")) -> 0 | L49: =IF($C49=I49,IFERROR(0/0,""),$C49-I49) | M49: =IF($E49=J49,IFERROR(0/0,""),$E49-J49) | N49: =IF($F49=K49,IFERROR(0/0,""),$F49-K49) | O49: =IFERROR(VLOOKUP($A49,AG$3:AI718,3,FALSE),IFERROR(0/0,"") ) -> 23 | P49: =IF($C49=O49,IFERROR(0/0,""),$C49-O49) | R49: RUN-COMB_2022-06-03_RFR-055 | S49: 44715 | T49: =VLOOKUP(R49,'Run Reconcile'!$A$2:$M672,13,FALSE) -> 23 | U49: =IF(EXACT(A48,R48),IFERROR(0/0,""),FALSE) | Y49: =IFERROR(__xludf.DUMMYFUNCTION("""COMPUTED_VALUE"""),"RUN-COMB_2022-06-03_RFR-055") -> RUN-COMB_2022-06-03_RFR-055 | Z49: =IFERROR(__xludf.DUMMYFUNCTION("""COMPUTED_VALUE"""),44715.0) -> 44715 | AA49: {=INDEX('RFR Data - preExcl'!AK$2:AK672,$AE49,1)} -> 23 | AB49: =AA49-AC49-AD49 -> 23 | AC49: {=INDEX('RFR Data - preExcl'!AI$2:AI672,$AE49,1)} -> 0 | AD49: {=INDEX('RFR Data - preExcl'!AF$2:AF672,$AE49,1)} -> 0 | AE49: =IFNA(MATCH(Y49,'RFR Data - preExcl'!A$2:A672,0),"") -> 55 | AG49: RUN-COMB_2022-06-03_RFR-055 | AH49: =VLOOKUP(AG49,'Run Reconcile'!A$2:B672,2,FALSE) -> 44715 | AI49: =COUNTIF('APS Tubes Import'!$V$2:$V672, AG49) -> 23 | AJ49: =COUNTIFS('APS Tubes Import'!V$2:V672, AG49, 'APS Tubes Import'!H$2:H672, "Negative") -> 23 | AK49: =COUNTIFS('APS Tubes Import'!V$2:V672, AG49, 'APS Tubes Import'!H$2:H672, "Positive") -> 0 | AL49: =COUNTIFS('APS Tubes Import'!V$2:V672, AG49, 'APS Tubes Import'!H$2:H672, "Inconclusive") -> 0 | AM49: =COUNTIFS('APS Tubes Import'!V$2:V672, AG49, 'APS Tubes Import'!H$2:H672, "Null") -> 0 | AO49: ='APS Tubes by Date Import'!B48 -> 44718 | AP49: ='APS Tubes by Date Import'!C48 -> 2 | AQ49: ='APS Tubes by Date Import'!D48 -> 1 | AR49: ='APS Tubes by Date Import'!E48 -> 1 | AS49: ='APS Tubes by Date Import'!F48 -> 0 | AT49: ='APS Tubes by Date Import'!G48 -> 0
A50: RUN-COMB_2022-06-06_RFR-056 | B50: =VLOOKUP(A50,'Run Reconcile'!A$2:B672,2,FALSE) -> 44718 | C50: =COUNTIF('ALL Tube Results'!B49:B672, A50) -> 30 | D50: =COUNTIFS('ALL Tube Results'!$B49:$B672, $A50, 'ALL Tube Results'!$F49:$F672, "Negative") -> 29 | E50: =COUNTIFS('ALL Tube Results'!$B49:$B672, $A50, 'ALL Tube Results'!$F49:$F672, "Positive") -> 1 | F50: =COUNTIFS('ALL Tube Results'!$B49:$B672, $A50, 'ALL Tube Results'!$F49:$F672, "Inconclusive") -> 0 | G50: =IFERROR(VLOOKUP($A50,R$3:T719,3,FALSE),IFERROR(0/0,"") ) -> 30 | H50: =IF($C50=G50,IFERROR(0/0,""),$C50-G50) | I50: =IFERROR(VLOOKUP($A50,Y$3:AA719,3,FALSE),IFERROR(0/0,"") ) -> 30 | J50: =IFERROR(VLOOKUP($A50,Y$3:AD719,5,FALSE),IFERROR(0/0,"") ) -> 1 | K50: =IFERROR(VLOOKUP($A50,Y$3:AD719,6,FALSE),IFERROR(0/0,"")) -> 0 | L50: =IF($C50=I50,IFERROR(0/0,""),$C50-I50) | M50: =IF($E50=J50,IFERROR(0/0,""),$E50-J50) | N50: =IF($F50=K50,IFERROR(0/0,""),$F50-K50) | O50: =IFERROR(VLOOKUP($A50,AG$3:AI719,3,FALSE),IFERROR(0/0,"") ) -> 2 | P50: =IF($C50=O50,IFERROR(0/0,""),$C50-O50) -> 28 | R50: RUN-COMB_2022-06-06_RFR-056 | S50: 44718 | T50: =VLOOKUP(R50,'Run Reconcile'!$A$2:$M672,13,FALSE) -> 30 | U50: =IF(EXACT(A49,R49),IFERROR(0/0,""),FALSE) | Y50: =IFERROR(__xludf.DUMMYFUNCTION("""COMPUTED_VALUE"""),"RUN-COMB_2022-06-06_RFR-056") -> RUN-COMB_2022-06-06_RFR-056 | Z50: =IFERROR(__xludf.DUMMYFUNCTION("""COMPUTED_VALUE"""),44718.0) -> 44718 | AA50: {=INDEX('RFR Data - preExcl'!AK$2:AK672,$AE50,1)} -> 30 | AB50: =AA50-AC50-AD50 -> 29 | AC50: {=INDEX('RFR Data - preExcl'!AI$2:AI672,$AE50,1)} -> 1 | AD50: {=INDEX('RFR Data - preExcl'!AF$2:AF672,$AE50,1)} -> 0 | AE50: =IFNA(MATCH(Y50,'RFR Data - preExcl'!A$2:A672,0),"") -> 56 | AG50: RUN-COMB_2022-06-06_RFR-056 | AH50: =VLOOKUP(AG50,'Run Reconcile'!A$2:B672,2,FALSE) -> 44718 | AI50: =COUNTIF('APS Tubes Import'!$V$2:$V672, AG50) -> 2 | AJ50: =COUNTIFS('APS Tubes Import'!V$2:V672, AG50, 'APS Tubes Import'!H$2:H672, "Negative") -> 1 | AK50: =COUNTIFS('APS Tubes Import'!V$2:V672, AG50, 'APS Tubes Import'!H$2:H672, "Positive") -> 1 | AL50: =COUNTIFS('APS Tubes Import'!V$2:V672, AG50, 'APS Tubes Import'!H$2:H672, "Inconclusive") -> 0 | AM50: =COUNTIFS('APS Tubes Import'!V$2:V672, AG50, 'APS Tubes Import'!H$2:H672, "Null") -> 0 | AO50: ='APS Tubes by Date Import'!B49 -> 44719 | AP50: ='APS Tubes by Date Import'!C49 -> 16 | AQ50: ='APS Tubes by Date Import'!D49 -> 16 | AR50: ='APS Tubes by Date Import'!E49 -> 0 | AS50: ='APS Tubes by Date Import'!F49 -> 0 | AT50: ='APS Tubes by Date Import'!G49 -> 0
A51: RUN-COMB_2022-06-07_RFR-058 | B51: =VLOOKUP(A51,'Run Reconcile'!A$2:B672,2,FALSE) -> 44719 | C51: =COUNTIF('ALL Tube Results'!B50:B672, A51) -> 16 | D51: =COUNTIFS('ALL Tube Results'!$B50:$B672, $A51, 'ALL Tube Results'!$F50:$F672, "Negative") -> 16 | E51: =COUNTIFS('ALL Tube Results'!$B50:$B672, $A51, 'ALL Tube Results'!$F50:$F672, "Positive") -> 0 | F51: =COUNTIFS('ALL Tube Results'!$B50:$B672, $A51, 'ALL Tube Results'!$F50:$F672, "Inconclusive") -> 0 | G51: =IFERROR(VLOOKUP($A51,R$3:T720,3,FALSE),IFERROR(0/0,"") ) -> 16 | H51: =IF($C51=G51,IFERROR(0/0,""),$C51-G51) | I51: =IFERROR(VLOOKUP($A51,Y$3:AA720,3,FALSE),IFERROR(0/0,"") ) -> 16 | J51: =IFERROR(VLOOKUP($A51,Y$3:AD720,5,FALSE),IFERROR(0/0,"") ) -> 0 | K51: =IFERROR(VLOOKUP($A51,Y$3:AD720,6,FALSE),IFERROR(0/0,"")) -> 0 | L51: =IF($C51=I51,IFERROR(0/0,""),$C51-I51) | M51: =IF($E51=J51,IFERROR(0/0,""),$E51-J51) | N51: =IF($F51=K51,IFERROR(0/0,""),$F51-K51) | O51: =IFERROR(VLOOKUP($A51,AG$3:AI720,3,FALSE),IFERROR(0/0,"") ) -> 16 | P51: =IF($C51=O51,IFERROR(0/0,""),$C51-O51) | R51: RUN-COMB_2022-06-07_RFR-058 | S51: 44719 | T51: =VLOOKUP(R51,'Run Reconcile'!$A$2:$M672,13,FALSE) -> 16 | U51: =IF(EXACT(A50,R50),IFERROR(0/0,""),FALSE) | Y51: =IFERROR(__xludf.DUMMYFUNCTION("""COMPUTED_VALUE"""),"RUN-COMB_2022-06-07_RFR-058") -> RUN-COMB_2022-06-07_RFR-058 | Z51: =IFERROR(__xludf.DUMMYFUNCTION("""COMPUTED_VALUE"""),44719.0) -> 44719 | AA51: {=INDEX('RFR Data - preExcl'!AK$2:AK672,$AE51,1)} -> 16 | AB51: =AA51-AC51-AD51 -> 16 | AC51: {=INDEX('RFR Data - preExcl'!AI$2:AI672,$AE51,1)} -> 0 | AD51: {=INDEX('RFR Data - preExcl'!AF$2:AF672,$AE51,1)} -> 0 | AE51: =IFNA(MATCH(Y51,'RFR Data - preExcl'!A$2:A672,0),"") -> 58 | AG51: RUN-COMB_2022-06-07_RFR-058 | AH51: =VLOOKUP(AG51,'Run Reconcile'!A$2:B672,2,FALSE) -> 44719 | AI51: =COUNTIF('APS Tubes Import'!$V$2:$V672, AG51) -> 16 | AJ51: =COUNTIFS('APS Tubes Import'!V$2:V672, AG51, 'APS Tubes Import'!H$2:H672, "Negative") -> 16 | AK51: =COUNTIFS('APS Tubes Import'!V$2:V672, AG51, 'APS Tubes Import'!H$2:H672, "Positive") -> 0 | AL51: =COUNTIFS('APS Tubes Import'!V$2:V672, AG51, 'APS Tubes Import'!H$2:H672, "Inconclusive") -> 0 | AM51: =COUNTIFS('APS Tubes Import'!V$2:V672, AG51, 'APS Tubes Import'!H$2:H672, "Null") -> 0 | AO51: ='APS Tubes by Date Import'!B50 -> 44720 | AP51: ='APS Tubes by Date Import'!C50 -> 17 | AQ51: ='APS Tubes by Date Import'!D50 -> 17 | AR51: ='APS Tubes by Date Import'!E50 -> 0 | AS51: ='APS Tubes by Date Import'!F50 -> 0 | AT51: ='APS Tubes by Date Import'!G50 -> 0
