Workbook
Name nondeleteRange: #REF!

Sheet Stats
A1: NONE | B1: RFR File
A2: NONE | B2: RTR File
A3: ROSA_RSR_deID_PUB | B3: RSR File | N3: 46036.529
B4: Overall | C4: Details | D4: Comments | M4: =COUNTIF(M5:M1032, FALSE) -> 2 | N4: VALUES
A5: =COUNTA('APS Tubes'!A2:A1032) -> 781 | B5: Number of Tubes Tested (initial only - no re-runs) | C5: initial run tubes only so excludes re-runs | D5: only indiv testing - no pools. total 785 from RSR - Run Summary Report that draws from google form of weekly testing summary provided by test Admin | M5: =IF(NOT(ISBLANK(N5)),A5=N5,IFERROR(0/0,"")) -> TRUE | N5: 781
A6: =A5 -> 781 | B6: Number of Tube Tests Run (includes re-runs) | C6: includes re-runs | D6: no RFR so no info on re-runs | M6: =IF(NOT(ISBLANK(N6)),A6=N6,IFERROR(0/0,"")) -> TRUE | N6: 781
A7: =COUNTA('APS Tubes by Date'!A2:A1032) -> 53 | B7: Number of Initial Runs | D7: use collection date assuming all tubes run same day | M7: =IF(NOT(ISBLANK(N7)),A7=N7,IFERROR(0/0,"")) -> TRUE | N7: 53
A8: =A5 -> 781 | B8: Number of APS Only Tubes run | D8: No RFR so all tubes are APS Only | M8: =IF(NOT(ISBLANK(N8)),A8=N8,IFERROR(0/0,"")) -> TRUE | N8: 781
A9: =A5 -> 781 | B9: Number of Test Reactions (RFR plus APS only tubes run) | C9: includes technical replicates (the same tube sample in multiple reactions in the same run) | M9: =IF(NOT(ISBLANK(N9)),A9=N9,IFERROR(0/0,"")) -> TRUE | N9: 781
M10: =IF(NOT(ISBLANK(N10)),A10=N10,IFERROR(0/0,""))
A11: =COUNTA(postDEL!A2:A1032) -> 781 | B11: Number of Participant Results | C11: counts individual samples in pools and excludes re-runs | M11: =IF(NOT(ISBLANK(N11)),A11=N11,IFERROR(0/0,"")) -> TRUE | N11: 781
A12: 0 | B12: Number of ARF Tubes | C12: tubes run and present in RFR but not in Appivo - created tube IDs that start with ARF | M12: =IF(NOT(ISBLANK(N12)),A12=N12,IFERROR(0/0,"")) -> TRUE | N12: 0
A13: =A12+A11 -> 781 | B13: Sum of Participant Results plus ARF Tubes | C13: Will be equal to the number of tubes tested if no pooling. | M13: =IF(NOT(ISBLANK(N13)),A13=N13,IFERROR(0/0,"")) -> TRUE | N13: 781
A14: 1 | B14: Average Pool Level (excludes ARF) | M14: =IF(NOT(ISBLANK(N14)),A14=N14,IFERROR(0/0,"")) -> TRUE | N14: 1
M15: =IF(NOT(ISBLANK(N15)),A15=N15,IFERROR(0/0,""))
B16: Re-runs | C16: section | M16: =IF(NOT(ISBLANK(N16)),A16=N16,IFERROR(0/0,""))
B17: Number of Run Tubes (re-runs only) | C17: from RFR Audit Num Run Tubes | M17: =IF(NOT(ISBLANK(N17)),A17=N17,IFERROR(0/0,""))
B18: Number of Reactions (re-runs only) | C18: from RFR Audit Num rxns (excl ctrls) | M18: =IF(NOT(ISBLANK(N18)),A18=N18,IFERROR(0/0,""))
B19: Re-run % of Tubes | C19: re-run / initial | M19: =IF(NOT(ISBLANK(N19)),A19=N19,IFERROR(0/0,""))
B20: Number of Initial Runs with Re-runs | M20: =IF(NOT(ISBLANK(N20)),A20=N20,IFERROR(0/0,""))
B21: % Initial Runs with Re-runs | M21: =IF(NOT(ISBLANK(N21)),A21=N21,IFERROR(0/0,""))
M22: =IF(NOT(ISBLANK(N22)),A22=N22,IFERROR(0/0,""))
B23: Positives | C23: section | F23: Number of Tubes with FL Result | G23: Number of Test Person Cases | H23: Number with Ref or Corresp | I23: Agree with Ref or Corresp | J23: % Agree | K23: Disagree with Ref or Corresp | L23: % Disagree | M23: =IF(NOT(ISBLANK(N23)),A23=N23,IFERROR(0/0,""))
A24: =COUNTIF('Pos and Incl'!H$2:H1032,"Positive") -> 1 | B24: Number of Tubes with Final Result Positive | E24: Positive | F24: 1 | G24: =A26 -> 1 | H24: 1 | I24: =A45 -> 1 | J24: =IF(H24<>0,I24/H24,IFERROR(0/0,"")) -> 1 | K24: 0 | L24: =IF(H24<>0,K24/H24,IFERROR(0/0,"")) -> 0 | M24: =IF(NOT(ISBLANK(N24)),A24=N24,IFERROR(0/0,"")) -> TRUE | N24: 1
A25: =A24/A$5 -> 0.0012804097 | B25: % of Tubes Positives (Final Result) | M25: =IF(NOT(ISBLANK(N25)),A25=N25,IFERROR(0/0,"")) -> TRUE | N25: 0.0012804097
A26: =A24-'Pos and Incl'!Z36 -> 1 | B26: Number of Cases with Final Result Positive (Indiv or Pool) | C26: Subtract off Re-tests | I26: Ref/Cor Pos | J26: % Incl > Pos | K26: Ref/Cor Neg | L26: % Incl > Neg | M26: =IF(NOT(ISBLANK(N26)),A26=N26,IFERROR(0/0,"")) -> TRUE | N26: 1
A27: =COUNTIF('Pos and Incl'!Y$2:Y$20,TRUE) -> 0 | B27: Known Positive Cases | C27: Previous tested (including by FloodLAMP test) or reported positive | E27: Inconclusive | F27: =A33 -> 0 | G27: =F27 -> 0 | H27: =G27-'Pos and Incl'!Z33 -> 0 | I27: =A46 -> 0 | J27: =IF(H27<>0,I27/H27,IFERROR(0/0,"")) | K27: 0 | L27: =IF(H27<>0,K27/H27,IFERROR(0/0,"")) | M27: =IF(NOT(ISBLANK(N27)),A27=N27,IFERROR(0/0,"")) -> TRUE | N27: 0
A28: =A26-A27 -> 1 | B28: Unknown Positive Cases | M28: =IF(NOT(ISBLANK(N28)),A28=N28,IFERROR(0/0,"")) -> TRUE | N28: 1
M29: =IF(NOT(ISBLANK(N29)),A29=N29,IFERROR(0/0,""))
B30: Inconclusives | C30: section | M30: =IF(NOT(ISBLANK(N30)),A30=N30,IFERROR(0/0,""))
A31: =COUNTIF('Pos and Incl'!H$2:H1032,"Inconclusive") -> 0 | B31: Number of Tubes with Final Result Inconclusive | D31: from RSR - Run Summary Report that draws from google form of weekly testing summary provided by test Admin | M31: =IF(NOT(ISBLANK(N31)),A31=N31,IFERROR(0/0,"")) -> TRUE | N31: 0
B32: Number of Tubes in RFR Audit Inconclusive not in Appivo Final Results | D32: Not Applicable - No RFR | M32: =IF(NOT(ISBLANK(N32)),A32=N32,IFERROR(0/0,""))
A33: =A32+A31 -> 0 | B33: Total Number of Inconclusive Tubes | M33: =IF(NOT(ISBLANK(N33)),A33=N33,IFERROR(0/0,"")) -> TRUE | N33: 0
A34: =A33/A$5 -> 0 | B34: % of Tubes Inconclusive | M34: =IF(NOT(ISBLANK(N34)),A34=N34,IFERROR(0/0,"")) -> TRUE | N34: 0
A35: 0 | B35: Number of Inconclusive Tubes resolved Positive by Referral Test or Correspondence | M35: =IF(NOT(ISBLANK(N35)),A35=N35,IFERROR(0/0,"")) -> TRUE | N35: 0
A36: =IF(A33<>0,A35/A33,IFERROR(0/0,"")) | B36: % Inconclusives resolved Positive by Referral Tests | D36: denom zero | M36: =IF(NOT(ISBLANK(N36)),A36=N36,IFERROR(0/0,""))
A37: 0 | B37: Number of Inconclusive Tubes with Referral Test or Correspondence Negative | M37: =IF(NOT(ISBLANK(N37)),A37=N37,IFERROR(0/0,"")) -> TRUE | N37: 0
A38: =A33-A35-A37 -> 0 | B38: Number of Inconclusive Tubes with no Referral Test result or Correspondence | M38: =IF(NOT(ISBLANK(N38)),A38=N38,IFERROR(0/0,"")) -> TRUE | N38: 0
A39: =Weekly!R16 -> 1 | B39: Number of Tubes with Initial Inconclusives and Re-run Negative | C39: Count Result Correction Code=2.5 in preDel col AJ, or from RFR preExcl if not resulted as Incl in App | M39: =IF(NOT(ISBLANK(N39)),A39=N39,IFERROR(0/0,"")) -> TRUE | N39: 1
A40: =A39 -> 1 | B40: Number of Inconclusive Test Run Calls | C40: includes re-runs - from RFR Audit only and excludes any APS only resulted inconclusives | M40: =IF(NOT(ISBLANK(N40)),A40=N40,IFERROR(0/0,"")) -> TRUE | N40: 1
A41: =A40/A6 -> 0.0012804097 | B41: % Tube Tests Run Called Inconclusive | C41: includes re-runs | M41: =IF(NOT(ISBLANK(N41)),A41=N41,IFERROR(0/0,"")) -> TRUE | N41: 0.0012804097
M42: =IF(NOT(ISBLANK(N42)),A42=N42,IFERROR(0/0,""))
B43: Referrals and Correspondence | C43: section | M43: =IF(NOT(ISBLANK(N43)),A43=N43,IFERROR(0/0,""))
A44: 1 | B44: Number of FloodLAMP Cases with Referral Tests or Correspondence | C44: Indiv or Pool, Cases used instead of Person to account for people being contracting COVID multiple times, and instead of Results to exclude re-tests | D44: Single pos case was confirmed with same day pos antigen test (RT Jan26 email) | M44: =IF(NOT(ISBLANK(N44)),A44=N44,IFERROR(0/0,"")) -> TRUE | N44: 1
A45: 1 | B45: Number of Referral Confirmed FloodLAMP Positives | C45: Sometimes also termed Agree Positives - Include initial Inconclusive with Referral or Correspondence Positive | M45: =IF(NOT(ISBLANK(N45)),A45=N45,IFERROR(0/0,"")) -> TRUE | N45: 1
A46: 0 | B46: FL Inconclusives with Referral / Correspondence Positive | M46: =IF(NOT(ISBLANK(N46)),A46=N46,IFERROR(0/0,"")) -> TRUE | N46: 0
A47: =IF(A44<>0,(A45+A46)/A44,IFERROR(0/0,"")) -> 1 | B47: % FloodLAMP Positive or Inconclusive with Referral / Correspondence Positive | M47: =IF(NOT(ISBLANK(N47)),A47=N47,IFERROR(0/0,"")) -> TRUE | N47: 1
A48: 0 | B48: FL Inconclusives but Referral / Correspondence Negative | M48: =IF(NOT(ISBLANK(N48)),A48=N48,IFERROR(0/0,""))
A49: 1 | B49: FL Inconclusives with No Referral Tests or Correspondence | M49: =IF(NOT(ISBLANK(N49)),A49=N49,IFERROR(0/0,""))
M50: =IF(NOT(ISBLANK(N50)),A50=N50,IFERROR(0/0,""))
B51: Comparison to Antigen | C51: section | M51: =IF(NOT(ISBLANK(N51)),A51=N51,IFERROR(0/0,""))
A52: 1 | B52: Number of FloodLAMP Test Person Cases with Referral Antigen Tests (including non-Same Day) | D52: Single pos case was confirmed with same day pos antigen test (RT Jan26 email) | M52: =IF(NOT(ISBLANK(N52)),A52=N52,IFERROR(0/0,""))
A53: =A52 -> 1 | B53: Number of FloodLAMP Test Person Cases with Same Day Referral Antigen Tests | D53: Single pos case was confirmed with same day pos antigen test (RT Jan26 email) | M53: =IF(NOT(ISBLANK(N53)),A53=N53,IFERROR(0/0,""))
A54: 0 | B54: Number of FloodLAMP Positive Test Person Cases with Same Day Antigen Negative | C54: Agree with Referral Test Positive (usually PCR or later Antigen) but Initial Antigen Negative | M54: =IF(NOT(ISBLANK(N54)),A54=N54,IFERROR(0/0,""))
A55: =IF(A53<>0,A54/A53,IFERROR(0/0,"")) -> 0 | B55: % Confirmed FloodLAMP Positives with Same Day Antigen Negative | M55: =IF(NOT(ISBLANK(N55)),A55=N55,IFERROR(0/0,""))
A56: 0 | B56: Number of FloodLAMP Positive Test Person Cases confirmed with Referral Tests but Antigen and Other Non-Antigen Test Negative | M56: =IF(NOT(ISBLANK(N56)),A56=N56,IFERROR(0/0,""))
A57: =IF(A53<>0,A56/A53,IFERROR(0/0,"")) -> 0 | B57: % Confirmed FloodLAMP Positives that were Antigen and Other Non-Antigen Test Negative | M57: =IF(NOT(ISBLANK(N57)),A57=N57,IFERROR(0/0,""))
M58: =IF(NOT(ISBLANK(N58)),A58=N58,IFERROR(0/0,""))
B59: False Calls | C59: section | M59: =IF(NOT(ISBLANK(N59)),A59=N59,IFERROR(0/0,""))
A60: 0 | B60: False Positives Final Results | C60: From reviewing APS/Pos and Incl tab Unconfirmed FL Positives | M60: =IF(NOT(ISBLANK(N60)),A60=N60,IFERROR(0/0,"")) -> TRUE | N60: 0
A61: 0 | B61: False Negative Final Results (Suspected) | C61: From reviewing Referral Tests by Person and correspondence with Program Admin | M61: =IF(NOT(ISBLANK(N61)),A61=N61,IFERROR(0/0,"")) -> TRUE | N61: 0
M62: =IF(NOT(ISBLANK(N62)),A62=N62,IFERROR(0/0,""))
B63: People | C63: section | M63: =IF(NOT(ISBLANK(N63)),A63=N63,IFERROR(0/0,""))
A64: =COUNTA(Person!$E$2:$E1032) -> 156 | B64: Number of Unique Individuals Tested | C64: Includes UnknownPerson additions but not ARF tubes | M64: =IF(NOT(ISBLANK(N64)),A64=N64,IFERROR(0/0,"")) -> TRUE | N64: 156
A65: =COUNTA(Person!$AQ$2:$AQ1032) -> 2 | B65: Number of Unique Sponsors | C65: People who collect using the app | M65: =IF(NOT(ISBLANK(N65)),A65=N65,IFERROR(0/0,"")) -> TRUE | N65: 2
M66: =IF(NOT(ISBLANK(N66)),A66=N66,IFERROR(0/0,""))
B67: Positivity | C67: section | M67: =IF(NOT(ISBLANK(N67)),A67=N67,IFERROR(0/0,""))
A68: =A24 -> 1 | B68: Number of Unique Individual Tested FloodLAMP Positive | C68: includes Inconclusive FloodLAMP result confirmed Positive by follow-up or Referral | M68: =IF(NOT(ISBLANK(N68)),A68=N68,IFERROR(0/0,"")) -> TRUE | N68: 1
A69: =A68/A$64 -> 0.0064102564 | B69: % of Population FloodLAMP Positive (excluding pools not deconv) | M69: =IF(NOT(ISBLANK(N69)),A69=N69,IFERROR(0/0,"")) -> TRUE | N69: 0.0064102564
A70: =A68 -> 1 | B70: Number of Unique Individual Tested FloodLAMP Positive (including if in a positive pool) | M70: =IF(NOT(ISBLANK(N70)),A70=N70,IFERROR(0/0,"")) -> TRUE | N70: 1
A71: =A70/A$64 -> 0.0064102564 | B71: % of Population FloodLAMP Positive (including everyone in a positive pool) | M71: =IF(NOT(ISBLANK(N71)),A71=N71,IFERROR(0/0,"")) -> TRUE | N71: 0.0064102564
M72: =IF(NOT(ISBLANK(N72)),A72=N72,IFERROR(0/0,""))
B73: Dates | C73: section | M73: =IF(NOT(ISBLANK(N73)),A73=N73,IFERROR(0/0,""))
A74: =MIN('APS Tubes by Date'!$A2:A1032) -> 44467 | B74: Start Run Date | M74: =IF(NOT(ISBLANK(N74)),A74=N74,IFERROR(0/0,"")) -> TRUE | N74: 44467
A75: =MAX('APS Tubes by Date'!$A2:A1032) -> 44547 | B75: End Run Date | M75: =IF(NOT(ISBLANK(N75)),A75=N75,IFERROR(0/0,"")) -> TRUE | N75: 44547
M76: =IF(NOT(ISBLANK(N76)),A76=N76,IFERROR(0/0,""))
B77: Info | C77: section | M77: =IF(NOT(ISBLANK(N77)),A77=N77,IFERROR(0/0,""))
A78: Davie Fire and Rescue | B78: Test Operator | C78: Who ran the actual testing (running LAMP reactions) | M78: =IF(NOT(ISBLANK(N78)),A78=N78,IFERROR(0/0,"")) -> TRUE | N78: Davie Fire and Rescue
A79: Office | B79: Test Processing Site | C79: Where the test processing (running LAMP reactions) was done | M79: =IF(NOT(ISBLANK(N79)),A79=N79,IFERROR(0/0,"")) -> TRUE | N79: Office
A80: TV Production Staff | B80: Population Tested | C80: Description of the participants | M80: =IF(NOT(ISBLANK(N80)),A80=N80,IFERROR(0/0,"")) -> TRUE | N80: TV Production Staff
A81: Standard | B81: Configuration | C81: Equipment set used for test processing (relates to throughput and type of test tube used) | M81: =IF(NOT(ISBLANK(N81)),A81=N81,IFERROR(0/0,"")) -> TRUE | N81: Standard
A82: Individual | B82: Collection Type | C82: Pooled, Individual, or Both | M82: =IF(NOT(ISBLANK(N82)),A82=N82,IFERROR(0/0,"")) -> TRUE | N82: Individual
A83: HCW | B83: Self or HCW Collected | C83: HCW is Health Care Worker | M83: =IF(NOT(ISBLANK(N83)),A83=N83,IFERROR(0/0,"")) -> TRUE | N83: HCW
A84: Yes | B84: App Used? | C84: Was the FloodLAMP Mobile App and Admin Portal utilized in the program | M84: =IF(NOT(ISBLANK(N84)),A84=N84,IFERROR(0/0,"")) -> TRUE | N84: Yes
A85: In Person | B85: Bring-up Type | C85: How the initial setup and validation of the testing site was done | M85: =IF(NOT(ISBLANK(N85)),A85=N85,IFERROR(0/0,"")) -> TRUE | N85: In Person
A86: Rosa | B86: Program Name | C86: Shorthand name used internally at FloodLAMP and in other documents for this program | M86: =IF(NOT(ISBLANK(N86)),A86=N86,IFERROR(0/0,"")) -> FALSE | N86: Fire Station
A87: Production Set / Fire Station | B87: Site | C87: Broader physical space where the testing was done and/or where participants congregated | M87: =IF(NOT(ISBLANK(N87)),A87=N87,IFERROR(0/0,"")) -> FALSE | N87: Davie, FL
A88: Production Organization | B88: Site Type | C88: Type of entity or organization receiving the testing program
A89: Davie, FL | B89: Location | C89: Geographical location of where the FloodLAMP testing program occurred

Sheet Weekly
A1: Week Start Date | B1: Week End Date | C1: =CONCATENATE("Weekly Participants ",SUM(C2:C14)) -> Weekly Participants 781 | D1: =CONCATENATE("Weekly Tubes Run ",SUM(D2:D14)) -> Weekly Tubes Run 781 | E1: =CONCATENATE("Weekly Positive Tubes ",SUM(E2:E14)) -> Weekly Positive Tubes 1 | F1: =CONCATENATE("Weekly Inconclusive Tubes ",SUM(F2:F14)) -> Weekly Inconclusive Tubes 0 | G1: % Positive | H1: Delta Participants | I1: Delta Tubes (Pools) | J1: Delta Positives | K1: Delta Inconclusives | L1: Date Start | M1: Date End | N1: Participants Tested | O1: Sample Tubes Run (Pools) | P1: Unknown Positives | Q1: Known Positives | R1: Inconclusives on 1st Run | S1: Inconclusives Final | T1: Use App for Collection? | U1: Comments
A2: =MIN('APS Tubes'!B:B) - WEEKDAY(MIN('APS Tubes'!B:B), 3) -> 44466 | B2: =A2+6 -> 44472 | C2: =SUMIFS('APS Tubes'!$N$2:$N99, 'APS Tubes'!B$2:B99, ">="&A2, 'APS Tubes'!B$2:B99, "<="&B2) -> 17 | D2: =COUNTIFS('APS Tubes'!B:B, ">="&A2, 'APS Tubes'!B:B, "<="&B2) -> 17 | E2: =COUNTIFS('APS Tubes'!B:B, ">="&A2, 'APS Tubes'!B:B, "<="&B2, 'APS Tubes'!H:H, "Positive") -> 0 | F2: =COUNTIFS('APS Tubes'!B:B, ">="&A2, 'APS Tubes'!B:B, "<="&B2, 'APS Tubes'!H:H, "Inconclusive") -> 0 | G2: =IFERROR(E2/D2,IFERROR(0/0,"")) -> 0 | H2: =C2-N2 -> 17 | I2: =D2-O2 -> 17 | J2: =E2-P2-Q2 -> 0 | K2: =F2-S2 -> 0
A3: =B2+1 -> 44473 | B3: =A3+6 -> 44479 | C3: =SUMIFS('APS Tubes'!$N$2:$N99, 'APS Tubes'!B$2:B99, ">="&A3, 'APS Tubes'!B$2:B99, "<="&B3) -> 84 | D3: =COUNTIFS('APS Tubes'!B:B, ">="&A3, 'APS Tubes'!B:B, "<="&B3) -> 84 | E3: =COUNTIFS('APS Tubes'!B:B, ">="&A3, 'APS Tubes'!B:B, "<="&B3, 'APS Tubes'!H:H, "Positive") -> 0 | F3: =COUNTIFS('APS Tubes'!B:B, ">="&A3, 'APS Tubes'!B:B, "<="&B3, 'APS Tubes'!H:H, "Inconclusive") -> 0 | G3: =IFERROR(E3/D3,IFERROR(0/0,"")) -> 0 | H3: =C3-N3 -> -3 | I3: =D3-O3 -> -3 | J3: =E3-P3-Q3 -> 0 | K3: =F3-S3 -> 0 | L3: 44473 | M3: 44477 | N3: 87 | O3: 87 | P3: 0 | Q3: 0 | R3: 0 | S3: 0 | T3: No | U3: Week of 10/4-10/8
A4: =B3+1 -> 44480 | B4: =A4+6 -> 44486 | C4: =SUMIFS('APS Tubes'!$N$2:$N99, 'APS Tubes'!B$2:B99, ">="&A4, 'APS Tubes'!B$2:B99, "<="&B4) -> 79 | D4: =COUNTIFS('APS Tubes'!B:B, ">="&A4, 'APS Tubes'!B:B, "<="&B4) -> 79 | E4: =COUNTIFS('APS Tubes'!B:B, ">="&A4, 'APS Tubes'!B:B, "<="&B4, 'APS Tubes'!H:H, "Positive") -> 0 | F4: =COUNTIFS('APS Tubes'!B:B, ">="&A4, 'APS Tubes'!B:B, "<="&B4, 'APS Tubes'!H:H, "Inconclusive") -> 0 | G4: =IFERROR(E4/D4,IFERROR(0/0,"")) -> 0 | H4: =C4-N4 -> 0 | I4: =D4-O4 -> 0 | J4: =E4-P4-Q4 -> 0 | K4: =F4-S4 -> 0 | L4: 44480 | M4: 44484 | N4: 79 | O4: 79 | P4: 0 | Q4: 0 | R4: 0 | S4: 0 | T4: Yes | U4: 10/11/21-10/15/21
A5: =B4+1 -> 44487 | B5: =A5+6 -> 44493 | C5: =SUMIFS('APS Tubes'!$N$2:$N99, 'APS Tubes'!B$2:B99, ">="&A5, 'APS Tubes'!B$2:B99, "<="&B5) -> 64 | D5: =COUNTIFS('APS Tubes'!B:B, ">="&A5, 'APS Tubes'!B:B, "<="&B5) -> 64 | E5: =COUNTIFS('APS Tubes'!B:B, ">="&A5, 'APS Tubes'!B:B, "<="&B5, 'APS Tubes'!H:H, "Positive") -> 0 | F5: =COUNTIFS('APS Tubes'!B:B, ">="&A5, 'APS Tubes'!B:B, "<="&B5, 'APS Tubes'!H:H, "Inconclusive") -> 0 | G5: =IFERROR(E5/D5,IFERROR(0/0,"")) -> 0 | H5: =C5-N5 -> -3 | I5: =D5-O5 -> -3 | J5: =E5-P5-Q5 -> 0 | K5: =F5-S5 -> 0 | L5: 44487 | M5: 44491 | N5: 67 | O5: 67 | P5: 0 | Q5: 0 | R5: 0 | S5: 0 | T5: Yes | U5: Production Company 10/18/21-10/22/21 Run by Davie Fire
A6: =B5+1 -> 44494 | B6: =A6+6 -> 44500 | C6: =SUMIFS('APS Tubes'!$N$2:$N99, 'APS Tubes'!B$2:B99, ">="&A6, 'APS Tubes'!B$2:B99, "<="&B6) -> 53 | D6: =COUNTIFS('APS Tubes'!B:B, ">="&A6, 'APS Tubes'!B:B, "<="&B6) -> 53 | E6: =COUNTIFS('APS Tubes'!B:B, ">="&A6, 'APS Tubes'!B:B, "<="&B6, 'APS Tubes'!H:H, "Positive") -> 0 | F6: =COUNTIFS('APS Tubes'!B:B, ">="&A6, 'APS Tubes'!B:B, "<="&B6, 'APS Tubes'!H:H, "Inconclusive") -> 0 | G6: =IFERROR(E6/D6,IFERROR(0/0,"")) -> 0 | H6: =C6-N6 -> -7 | I6: =D6-O6 -> -7 | J6: =E6-P6-Q6 -> 0 | K6: =F6-S6 -> 0 | L6: 44494 | M6: 44498 | N6: 60 | O6: 60 | P6: 0 | Q6: 0 | R6: 0 | S6: 0 | T6: Yes | U6: Production Company 10/25/21-10/29/21 run by Davie Fire
A7: =B6+1 -> 44501 | B7: =A7+6 -> 44507 | C7: =SUMIFS('APS Tubes'!$N$2:$N99, 'APS Tubes'!B$2:B99, ">="&A7, 'APS Tubes'!B$2:B99, "<="&B7) -> 68 | D7: =COUNTIFS('APS Tubes'!B:B, ">="&A7, 'APS Tubes'!B:B, "<="&B7) -> 68 | E7: =COUNTIFS('APS Tubes'!B:B, ">="&A7, 'APS Tubes'!B:B, "<="&B7, 'APS Tubes'!H:H, "Positive") -> 0 | F7: =COUNTIFS('APS Tubes'!B:B, ">="&A7, 'APS Tubes'!B:B, "<="&B7, 'APS Tubes'!H:H, "Inconclusive") -> 0 | G7: =IFERROR(E7/D7,IFERROR(0/0,"")) -> 0 | H7: =C7-N7 -> -4 | I7: =D7-O7 -> -4 | J7: =E7-P7-Q7 -> 0 | K7: =F7-S7 -> 0 | L7: 44501 | M7: 44505 | N7: 72 | O7: 72 | P7: 0 | Q7: 0 | R7: 0 | S7: 0 | T7: Yes | U7: 11/1/21-11/5/21 Production company run by Davie Fire
A8: =B7+1 -> 44508 | B8: =A8+6 -> 44514 | C8: =SUMIFS('APS Tubes'!$N$2:$N99, 'APS Tubes'!B$2:B99, ">="&A8, 'APS Tubes'!B$2:B99, "<="&B8) -> 64 | D8: =COUNTIFS('APS Tubes'!B:B, ">="&A8, 'APS Tubes'!B:B, "<="&B8) -> 64 | E8: =COUNTIFS('APS Tubes'!B:B, ">="&A8, 'APS Tubes'!B:B, "<="&B8, 'APS Tubes'!H:H, "Positive") -> 0 | F8: =COUNTIFS('APS Tubes'!B:B, ">="&A8, 'APS Tubes'!B:B, "<="&B8, 'APS Tubes'!H:H, "Inconclusive") -> 0 | G8: =IFERROR(E8/D8,IFERROR(0/0,"")) -> 0 | H8: =C8-N8 -> 2 | I8: =D8-O8 -> 2 | J8: =E8-P8-Q8 -> 0 | K8: =F8-S8 -> 0 | L8: 44508 | M8: 44512 | N8: 62 | O8: 62 | P8: 0 | Q8: 0 | R8: 0 | S8: 0 | T8: Yes | U8: 11/8-11/12 Production Crew done by Davie Fire
A9: =B8+1 -> 44515 | B9: =A9+6 -> 44521 | C9: =SUMIFS('APS Tubes'!$N$2:$N99, 'APS Tubes'!B$2:B99, ">="&A9, 'APS Tubes'!B$2:B99, "<="&B9) -> 76 | D9: =COUNTIFS('APS Tubes'!B:B, ">="&A9, 'APS Tubes'!B:B, "<="&B9) -> 76 | E9: =COUNTIFS('APS Tubes'!B:B, ">="&A9, 'APS Tubes'!B:B, "<="&B9, 'APS Tubes'!H:H, "Positive") -> 0 | F9: =COUNTIFS('APS Tubes'!B:B, ">="&A9, 'APS Tubes'!B:B, "<="&B9, 'APS Tubes'!H:H, "Inconclusive") -> 0 | G9: =IFERROR(E9/D9,IFERROR(0/0,"")) -> 0 | H9: =C9-N9 -> 1 | I9: =D9-O9 -> 1 | J9: =E9-P9-Q9 -> 0 | K9: =F9-S9 -> 0 | L9: 44515 | M9: 44519 | N9: 75 | O9: 75 | P9: 0 | Q9: 0 | R9: 0 | S9: 0 | T9: Yes | U9: Production Company 11/15-11/19 Done by Davie Fire
A10: =B9+1 -> 44522 | B10: =A10+6 -> 44528 | C10: =SUMIFS('APS Tubes'!$N$2:$N99, 'APS Tubes'!B$2:B99, ">="&A10, 'APS Tubes'!B$2:B99, "<="&B10) -> 36 | D10: =COUNTIFS('APS Tubes'!B:B, ">="&A10, 'APS Tubes'!B:B, "<="&B10) -> 36 | E10: =COUNTIFS('APS Tubes'!B:B, ">="&A10, 'APS Tubes'!B:B, "<="&B10, 'APS Tubes'!H:H, "Positive") -> 0 | F10: =COUNTIFS('APS Tubes'!B:B, ">="&A10, 'APS Tubes'!B:B, "<="&B10, 'APS Tubes'!H:H, "Inconclusive") -> 0 | G10: =IFERROR(E10/D10,IFERROR(0/0,"")) -> 0 | H10: =C10-N10 -> 1 | I10: =D10-O10 -> 1 | J10: =E10-P10-Q10 -> 0 | K10: =F10-S10 -> 0 | L10: 44522 | M10: 44526 | N10: 35 | O10: 35 | P10: 0 | Q10: 0 | R10: 0 | S10: 0 | T10: Yes | U10: 11/22-11/26 Production Company via Davie Fire
A11: =B10+1 -> 44529 | B11: =A11+6 -> 44535 | C11: =SUMIFS('APS Tubes'!$N$2:$N99, 'APS Tubes'!B$2:B99, ">="&A11, 'APS Tubes'!B$2:B99, "<="&B11) -> 59 | D11: =COUNTIFS('APS Tubes'!B:B, ">="&A11, 'APS Tubes'!B:B, "<="&B11) -> 59 | E11: =COUNTIFS('APS Tubes'!B:B, ">="&A11, 'APS Tubes'!B:B, "<="&B11, 'APS Tubes'!H:H, "Positive") -> 0 | F11: =COUNTIFS('APS Tubes'!B:B, ">="&A11, 'APS Tubes'!B:B, "<="&B11, 'APS Tubes'!H:H, "Inconclusive") -> 0 | G11: =IFERROR(E11/D11,IFERROR(0/0,"")) -> 0 | H11: =C11-N11 -> -6 | I11: =D11-O11 -> -6 | J11: =E11-P11-Q11 -> 0 | K11: =F11-S11 -> 0 | L11: 44529 | M11: 44533 | N11: 65 | O11: 65 | P11: 0 | Q11: 0 | R11: 0 | S11: 0 | T11: Yes | U11: Production Crew tested via Davie Fire 11/29-12/3
A12: =B11+1 -> 44536 | B12: =A12+6 -> 44542 | C12: =SUMIFS('APS Tubes'!$N$2:$N99, 'APS Tubes'!B$2:B99, ">="&A12, 'APS Tubes'!B$2:B99, "<="&B12) -> 84 | D12: =COUNTIFS('APS Tubes'!B:B, ">="&A12, 'APS Tubes'!B:B, "<="&B12) -> 84 | E12: =COUNTIFS('APS Tubes'!B:B, ">="&A12, 'APS Tubes'!B:B, "<="&B12, 'APS Tubes'!H:H, "Positive") -> 0 | F12: =COUNTIFS('APS Tubes'!B:B, ">="&A12, 'APS Tubes'!B:B, "<="&B12, 'APS Tubes'!H:H, "Inconclusive") -> 0 | G12: =IFERROR(E12/D12,IFERROR(0/0,"")) -> 0 | H12: =C12-N12 -> -3 | I12: =D12-O12 -> -3 | J12: =E12-P12-Q12 -> 0 | K12: =F12-S12 -> 0 | L12: 44536 | M12: 44540 | N12: 87 | O12: 87 | P12: 0 | Q12: 0 | R12: 0 | S12: 0 | T12: Yes | U12: Production Company by Davie Fire 12/6-12/10
A13: =B12+1 -> 44543 | B13: =A13+6 -> 44549 | C13: =SUMIFS('APS Tubes'!$N$2:$N99, 'APS Tubes'!B$2:B99, ">="&A13, 'APS Tubes'!B$2:B99, "<="&B13) -> 97 | D13: =COUNTIFS('APS Tubes'!B:B, ">="&A13, 'APS Tubes'!B:B, "<="&B13) -> 97 | E13: =COUNTIFS('APS Tubes'!B:B, ">="&A13, 'APS Tubes'!B:B, "<="&B13, 'APS Tubes'!H:H, "Positive") -> 1 | F13: =COUNTIFS('APS Tubes'!B:B, ">="&A13, 'APS Tubes'!B:B, "<="&B13, 'APS Tubes'!H:H, "Inconclusive") -> 0 | G13: =IFERROR(E13/D13,IFERROR(0/0,"")) -> 0.010309278 | H13: =C13-N13 -> 1 | I13: =D13-O13 -> 1 | J13: =E13-P13-Q13 -> 0 | K13: =F13-S13 -> 0 | L13: 44543 | M13: 44547 | N13: 96 | O13: 96 | P13: 1 | Q13: 0 | R13: 1 | S13: 0 | T13: Yes | U13: 12/13-12/17
B16: APS TOTALS | C16: =SUM(C2:C13) -> 781 | D16: =SUM(D2:D13) -> 781 | E16: =SUM(E2:E13) -> 1 | F16: =SUM(F2:F13) -> 0 | H16: =C16-O16 -> -4 | I16: =D16-N16 -> -4 | J16: =E16-P16 -> 0 | K16: =F16-S16 -> 0 | M16: RSR TOTALS | N16: =SUM(N2:N13) -> 785 | O16: =SUM(O2:O13) -> 785 | P16: =SUM(P2:P13) -> 1 | Q16: =SUM(Q2:Q13) -> 0 | R16: =SUM(R2:R13) -> 1

Sheet Pos and Incl
A1: {='APS Tubes'!A1:O1} -> TUBE ID | B1: COLLECTION DATE | C1: COLLECTION TIME | D1: SPONSOR PERSON ID | E1: SPONSOR FIRSTNAME | F1: SPONSOR LASTNAME | G1: APP RESULT | H1: FINAL RESULT | I1: RESULT DATE | J1: RESULT TIME | K1: Result Correct Code | L1: Correction Notes | M1: NOTE | N1: NUM SAMPLES (Pool Level) | O1: Match Row | P1: Sample Person1 | Q1: Sample Person2 | R1: Sample Person3 | S1: Sample Person4 | T1: Referral Eval Notes | U1: =CONCATENATE(COUNTIF(U2:U2182,TRUE), " ACCOUNTED FOR IN RTR?") -> 1 ACCOUNTED FOR IN RTR? | V1: Re-test? | W1: Correspondence but no Referral Test | X1: Agreement with Referral or Correspondence? | Y1: Known Positive (not Re-test)? | Z1: =CONCATENATE(SUM(Z2:Z5), " Check") -> 0 Check | AA1: FloodLAMP Result Eval
A2: =IFERROR(__xludf.DUMMYFUNCTION("{ IFERROR( FILTER('APS Tubes'!A2:O2182,EXACT('APS Tubes'!H2:H2182,""Positive"")), {IFERROR(0/0),IFERROR(0/0),IFERROR(0/0),IFERROR(0/0),IFERROR(0/0),IFERROR(0/0),IFERROR(0/0),IFERROR(0/0),IFERROR(0/0),IFERROR(0/0),IFERROR(0/0),IFERROR(0/0),IFERRO"&"R(0/0),IFERROR(0/0),IFERROR(0/0)} ); IFERROR( FILTER('APS Tubes'!A2:O2182,EXACT('APS Tubes'!H2:H2182,""Inconclusive"")), {IFERROR(0/0),IFERROR(0/0),IFERROR(0/0),IFERROR(0/0),IFERROR(0/0),IFERROR(0/0),IFERROR(0/0),IFERROR(0/0),IFERROR(0/0),IFER"&"ROR(0/0),IFERROR(0/0),IFERROR(0/0),IFERROR(0/0),IFERROR(0/0),IFERROR(0/0)} ) }"),"FLB3372") -> FLB3372 | B2: =IFERROR(__xludf.DUMMYFUNCTION("""COMPUTED_VALUE"""),44543.0) -> 44543 | C2: =IFERROR(__xludf.DUMMYFUNCTION("""COMPUTED_VALUE"""),0.1517013888888889) -> 0.15170139 | D2: =IFERROR(__xludf.DUMMYFUNCTION("""COMPUTED_VALUE"""),"SpROSA145068") -> SpROSA145068 | G2: =IFERROR(__xludf.DUMMYFUNCTION("""COMPUTED_VALUE"""),"Positive") -> Positive | H2: =IFERROR(__xludf.DUMMYFUNCTION("""COMPUTED_VALUE"""),"Positive") -> Positive | I2: =IFERROR(__xludf.DUMMYFUNCTION("""COMPUTED_VALUE"""),44543.0) -> 44543 | J2: =IFERROR(__xludf.DUMMYFUNCTION("""COMPUTED_VALUE"""),0.5098032407407408) -> 0.50980324 | N2: =IFERROR(__xludf.DUMMYFUNCTION("""COMPUTED_VALUE"""),1.0) -> 1 | O2: =IFERROR(__xludf.DUMMYFUNCTION("""COMPUTED_VALUE"""),689.0) -> 689 | P2: {=INDEX(postDEL!$A$2:$AR2182,$O2,40)} -> ROSA970910 | Q2: {=IF($N2>1, INDEX(postDEL!$A$2:$AR2182,$O2+1,40),IFERROR(0/0,""))} | R2: {=IF($N2>2, INDEX(postDEL!$A$2:$AR2182,$O2+2,40),IFERROR(0/0,""))} | S2: {=IF($N2>3, INDEX(postDEL!$A$2:$AR2182,$O2+3,40),IFERROR(0/0,""))} | U2: TRUE | AA2: No Referral Test or Correspondence - FL Positive
Z7: =COUNTA(U2:U5) -> 1 | AA7: Number of Rows
Q8: {=IF($N8>1, INDEX(postDEL!$A$2:$AR2182,$O8+1,44),IFERROR(0/0,""))} | R8: {=IF($N8>2, INDEX(postDEL!$A$2:$AR2182,$O8+2,44),IFERROR(0/0,""))} | S8: {=IF($N8>3, INDEX(postDEL!$A$2:$AR2182,$O8+3,44),IFERROR(0/0,""))} | Z8: =COUNTIF(U2:U5,TRUE) -> 1 | AA8: Number of FL Tests (Final Results / Run Tests) Accounted for in Referral Tests (RTR)
Z9: =COUNTIF(W2:W5,TRUE) -> 0 | AA9: Number of FL Tests (Final Results / Run Tests) with Correspondence Only (no Referral Test Data put into RTR)
Z11: =Z8+Z9-Z22 -> 1 | AA11: Number of FloodLAMP Test Person Cases with Referral Tests or Correspondence | AB11: Final Results / Run Tests becomes Test Person Cases when you subtract Re-tests because those re-tests are for the same person on a day that's differnt but colse enough to the first test date ( a few days to a week apart) that it's the same case of COVID for that person.
Z12: 0 | AA12: Agree Positives
Z13: 0 | AA13: FL Inconclusives with Referal / Correspondence Positive
Z14: 0 | AA14: Disagree FL Positives but Referral / Correspondence Negative (FL False Positive)
Z15: 0 | AA15: FL Inconclusives but Referral / Correspondence Negative
Z18: =Z7-Z8-Z9 -> 0 | AA18: Number of FL Tests (Final Results / Run Tests) with No Referral Tests or Correspondence
Z19: 1 | AA19: FL Positives with No Referral Tests or Correspondence
Z20: 1 | AA20: FL Inconclusives with No Referral Tests or Correspondence
Z22: =COUNTIF(V$2:V5,TRUE) -> 0 | AA22: Number of Re-tests
Z23: =COUNTIF(V$2:V4,TRUE) -> 0 | AA23: Number of Re-tests Positive
Z24: =COUNTIF(V5,TRUE) -> 0 | AA24: Number of Re-tests Inconclusive
Q27: {=IF($N27>1, INDEX(postDEL!$A$2:$AR2182,$O27+1,44),IFERROR(0/0,""))} | R27: {=IF($N27>2, INDEX(postDEL!$A$2:$AR2182,$O27+2,44),IFERROR(0/0,""))} | S27: {=IF($N27>3, INDEX(postDEL!$A$2:$AR2182,$O27+3,44),IFERROR(0/0,""))}
Q28: {=IF($N28>1, INDEX(postDEL!$A$2:$AR2182,$O28+1,44),IFERROR(0/0,""))} | R28: {=IF($N28>2, INDEX(postDEL!$A$2:$AR2182,$O28+2,44),IFERROR(0/0,""))} | S28: {=IF($N28>3, INDEX(postDEL!$A$2:$AR2182,$O28+3,44),IFERROR(0/0,""))}
Q29: {=IF($N29>1, INDEX(postDEL!$A$2:$AR2182,$O29+1,44),IFERROR(0/0,""))} | R29: {=IF($N29>2, INDEX(postDEL!$A$2:$AR2182,$O29+2,44),IFERROR(0/0,""))} | S29: {=IF($N29>3, INDEX(postDEL!$A$2:$AR2182,$O29+3,44),IFERROR(0/0,""))}
Q30: {=IF($N30>1, INDEX(postDEL!$A$2:$AR2182,$O30+1,44),IFERROR(0/0,""))} | R30: {=IF($N30>2, INDEX(postDEL!$A$2:$AR2182,$O30+2,44),IFERROR(0/0,""))} | S30: {=IF($N30>3, INDEX(postDEL!$A$2:$AR2182,$O30+3,44),IFERROR(0/0,""))}
Q31: {=IF($N31>1, INDEX(postDEL!$A$2:$AR2182,$O31+1,44),IFERROR(0/0,""))} | R31: {=IF($N31>2, INDEX(postDEL!$A$2:$AR2182,$O31+2,44),IFERROR(0/0,""))} | S31: {=IF($N31>3, INDEX(postDEL!$A$2:$AR2182,$O31+3,44),IFERROR(0/0,""))}

Sheet preDEL
A1: TUBE ID | B1: COLLECTION DATE | C1: COLLECTION TIME | D1: SPONSOR FIRSTNAME | E1: SPONSOR LASTNAME | F1: PARTICIPANT FIRSTNAME | G1: PARTICIPANT LASTNAME | H1: PARTICIPANT EMAIL | I1: MINOR FIRSTNAME | J1: MINOR LASTNAME | K1: APP RESULT | L1: RESULT DATE | M1: RESULT TIME | N1: APP GROUP | O1: NOTE | P1: REPS IN RAW_APT? | Q1: STATUS | R1: Tube ID First Row? | S1: Num Tube IDs | T1: Add N Names | U1: NOTE FIRSTNAME | V1: NOTE LASTNAME | W1: Names Adjust | X1: =IF(ISNA(MATCH("ER - LAST ONLY",$X$2:$X808,0)),"Note Name?","ERROR!! Note Name?") -> Note Name? | Y1: FRAN | Z1: >4 Samples | AA1: Has Note? | AB1: Preserve Note | AC1: Initial Order | AD1: Added from APT? | AE1: Minutes Col to Result | AF1: =IF(COUNTIF($AF2:$AF808,TRUE)=0,"Tube IDs w Diff Times?",CONCATENATE("ERROR!! Tube IDs w Diff Times? ",COUNTIF($AF2:$AF808,TRUE))) -> Tube IDs w Diff Times? | AG1: Delete? | AH1: Delete Code | AI1: Basic Correct Code | AJ1: Result Correct Code | AK1: FINAL RESULT | AL1: Correction Notes | AM1: Sponsor ID | AN1: Participant ID | AO1: Sponsor FullName | AP1: Combined Participant Firstname | AQ1: Combined Participant Lastname | AR1: Combined Participant Fullname | AS1: FINAL GROUP | AT1: =(IF(COUNTIF($AT2:$AT808,FALSE)=0,"NAME COLS CHECK?",CONCATENATE("ERROR!! NAME COLS CHECK? ",COUNTIF($AT2:$AT808,FALSE)))) -> ERROR!! NAME COLS CHECK? 781 | AU1: PARTCIP NAME COLS | AV1: MINOR NAME COLS | AW1: NOTE NAME COLS | AX1: Note Name Extras - Rows Added Not Orig Tube ID Row | AY1: =SUM($AX2:$AX808) -> 0 | AZ1: END | BA1: =CONCATENATE("CURRENT BOOL TRUE = ",COUNTIF(BA$2:BA808,TRUE)) -> CURRENT BOOL TRUE = 0 | BB1: CURRENT BOOL TRUE = 2 | BC1: CURRENT BOOL TRUE = 0 | BD1: Rep Cols | BE1: =CONCATENATE("Rep Tube IDs Sorted = ",COUNTA(BL3:BL808)) -> Rep Tube IDs Sorted = 0 | BF1: 3 Num Rep Rows | BG1: 1 Tube Samecols Not Deleted | BH1: 3 Tube ID in Reps? | BI1: 2 SORTED Tube Timestamp | BJ1: 2 TUBE ID ONLY | BK1: 2 Replicate Tube ID? (First Row) | BL1: 2 Rep Tube IDs Not Sorted | BM1: More | BN1: =CONCATENATE("Blank or Whitespace ", COUNTIF(BN2:BN808, TRUE)) -> Blank or Whitespace 781 | BO1: =CONCATENATE("Blank ", COUNTIF(BO2:BO808, TRUE)) -> Blank 0 | BP1: =CONCATENATE("Whitespace ", COUNTIF(BP2:BP808, TRUE)) -> Whitespace 781
A2: TEST100 | B2: 44463 | C2: 0.5330787 | K2: Fail | L2: 44463 | M2: 0.53498843 | P2: =IFNA(IF(VLOOKUP($A2,'Add from APT'!$AA$2:$AC808,3,FALSE)>0,TRUE,FALSE),"ER - NOT IN APT") -> FALSE | Q2: =IF(ISLOGICAL(P2),IF(P2,"ER - REPS IN APT", IFNA(VLOOKUP($A2,RAW_APT!$A$3:$M808,7,FALSE),"ER - NOT IN APT")),P2) -> Result | R2: =IF(EXACT($A2,$A1),FALSE,TRUE) -> TRUE | S2: =COUNTIF($A$2:$A808,$A2) -> 1 | X2: =IF(ISBLANK($U2),IF(ISBLANK($V2),FALSE,"ER - LAST ONLY"),TRUE) -> FALSE | Y2: FALSE | Z2: =IF($S2>4,TRUE,IFERROR(0/0,"")) | AA2: =IF(ISBLANK($O2),FALSE,TRUE) -> FALSE | AB2: FALSE | AC2: 807 | AD2: TRUE | AE2: =IFERROR(IF(EXACT($L2,$B2),(TIMEVALUE($M2)-TIMEVALUE($C2))*24*60,IFERROR(0/0,"")),IFERROR(0/0,"")) | AF2: =OR(AND(NOT($AG2),IFERROR(NOT($AG3),""),EXACT($A2,$A3),NOT(EXACT(CONCATENATE($B2,$C2),CONCATENATE($B3,$C3)))),AND(NOT($AG2),IFERROR(NOT($AG1),""),EXACT($A2,$A1),NOT(EXACT(CONCATENATE($B2,$C2),CONCATENATE($B1,$C1))))) -> FALSE | AG2: =IF($AH2>0,TRUE,FALSE) -> TRUE | AH2: 1 | AK2: =IFS(AND($AJ2>=2,$AJ2<3),"Negative",AND($AJ2>=3,$AJ2<4),"Positive",AND($AJ2>=4,$AJ2<5),"Inconclusive",$AJ2=5,"MANUAL FILL",$AG2,"DELETED",TRUE,$K2) -> DELETED | AM2: DELETED | AN2: DELETED | AO2: =IFERROR(__xludf.DUMMYFUNCTION("IF($AG2, ""DELETED"",TRIM(JOIN("" "",D2:E2)))"),"DELETED") -> DELETED | AP2: =IF($AG2, "DELETED", TRIM(CONCATENATE(F2,I2,U2))) -> DELETED | AQ2: =IF($AG2, "DELETED", TRIM(CONCATENATE(G2,J2,V2))) -> DELETED | AR2: =IFERROR(__xludf.DUMMYFUNCTION("IF($AG2, ""DELETED"", TRIM(JOIN("" "",AP2,AQ2)))"),"DELETED") -> DELETED | AT2: =IF(OR($AG2,SUM($AU2:$AW2)=1),TRUE,FALSE) -> TRUE | AU2: =IF($AG2,IFERROR(0/0,""),IF(ISBLANK($F2),IF(ISBLANK($G2),IFERROR(0/0,""),2),1)) | AV2: =IF($AG2,IFERROR(0/0,""),IF(ISBLANK($I2),IF(ISBLANK($J2),IFERROR(0/0,""),2),1)) | AW2: =IF($AG2,IFERROR(0/0,""),IF(ISBLANK($U2),IF(ISBLANK($V2),IFERROR(0/0,""),2),1)) | AX2: =IF(AND($X2,$A3=$A2),1,IFERROR(0/0,"")) | BA2: =IF(AG2,IFERROR(0/0,""),IF(EXACT(UPPER(A2),A2),IFERROR(0/0,""),TRUE)) | BE2: {=SORT(BL$2:BL808,1,TRUE)} | BF2: =IF(COUNTIF(BJ$2:BJ808,BE2)>0,COUNTIF(BJ$2:BJ808,BE2),IFERROR(0/0,"")) | BG2: =IF($AG2,IFERROR(0/0,""),CONCATENATE($A2,"__",$B2,"_",$C2,"_",$D2,"_",$E2,"_",$K2,"_",$L2,"_",$M2,"_",$O2)) | BH2: =IF(ISBLANK(IFERROR(MATCH(LEFT(BG2, FIND("__",BG2)-1),BE$2:BE808,0),"")),IFERROR(0/0,""),TRUE) | BI2: {=SORT(UNIQUE(BG$2:BG808),1,TRUE)} -> FLB1047__44545_0.33380787037037___Negative_44545_0.518958333333333_ | BJ2: =IFERROR(LEFT(BI2, FIND("__",BI2)-1),"") -> FLB1047 | BK2: =IFERROR(AND(EXACT(BJ3,BJ2),NOT(EXACT(BJ2,BJ1))),"") -> FALSE | BL2: =IF(BK2,BJ2,IFERROR(0/0,"")) | BN2: =OR(BO2,BP2) -> FALSE | BO2: =ISBLANK($AR2) -> FALSE | BP2: =IF(TRIM($AR2)="",TRUE,FALSE) -> FALSE | BR2: =IF(EXACT(AK2,"Null"),2.2,IFERROR(0/0,""))
A3: TESTK | B3: 44463 | C3: 0.59236111 | K3: Null | L3: 44868 | M3: 0.53552083 | P3: =IFNA(IF(VLOOKUP($A3,'Add from APT'!$AA$2:$AC808,3,FALSE)>0,TRUE,FALSE),"ER - NOT IN APT") -> FALSE | Q3: =IF(ISLOGICAL(P3),IF(P3,"ER - REPS IN APT", IFNA(VLOOKUP($A3,RAW_APT!$A$3:$M808,7,FALSE),"ER - NOT IN APT")),P3) -> Collected | R3: =IF(EXACT($A3,$A2),FALSE,TRUE) -> TRUE | S3: =COUNTIF($A$2:$A809,$A3) -> 1 | X3: =IF(ISBLANK($U3),IF(ISBLANK($V3),FALSE,"ER - LAST ONLY"),TRUE) -> FALSE | Y3: FALSE | Z3: =IF($S3>4,TRUE,IFERROR(0/0,"")) | AA3: =IF(ISBLANK($O3),FALSE,TRUE) -> FALSE | AB3: FALSE | AC3: 806 | AD3: TRUE | AE3: =IFERROR(IF(EXACT($L3,$B3),(TIMEVALUE($M3)-TIMEVALUE($C3))*24*60,IFERROR(0/0,"")),IFERROR(0/0,"")) | AF3: =OR(AND(NOT($AG3),IFERROR(NOT($AG4),""),EXACT($A3,$A4),NOT(EXACT(CONCATENATE($B3,$C3),CONCATENATE($B4,$C4)))),AND(NOT($AG3),IFERROR(NOT($AG2),""),EXACT($A3,$A2),NOT(EXACT(CONCATENATE($B3,$C3),CONCATENATE($B2,$C2))))) -> FALSE | AG3: =IF($AH3>0,TRUE,FALSE) -> TRUE | AH3: 1 | AK3: =IFS(AND($AJ3>=2,$AJ3<3),"Negative",AND($AJ3>=3,$AJ3<4),"Positive",AND($AJ3>=4,$AJ3<5),"Inconclusive",$AJ3=5,"MANUAL FILL",$AG3,"DELETED",TRUE,$K3) -> DELETED | AM3: DELETED | AN3: DELETED | AO3: =IFERROR(__xludf.DUMMYFUNCTION("IF($AG3, ""DELETED"",TRIM(JOIN("" "",D3:E3)))"),"DELETED") -> DELETED | AP3: =IF($AG3, "DELETED", TRIM(CONCATENATE(F3,I3,U3))) -> DELETED | AQ3: =IF($AG3, "DELETED", TRIM(CONCATENATE(G3,J3,V3))) -> DELETED | AR3: =IFERROR(__xludf.DUMMYFUNCTION("IF($AG3, ""DELETED"", TRIM(JOIN("" "",AP3,AQ3)))"),"DELETED") -> DELETED | AT3: =IF(OR($AG3,SUM($AU3:$AW3)=1),TRUE,FALSE) -> TRUE | AU3: =IF($AG3,IFERROR(0/0,""),IF(ISBLANK($F3),IF(ISBLANK($G3),IFERROR(0/0,""),2),1)) | AV3: =IF($AG3,IFERROR(0/0,""),IF(ISBLANK($I3),IF(ISBLANK($J3),IFERROR(0/0,""),2),1)) | AW3: =IF($AG3,IFERROR(0/0,""),IF(ISBLANK($U3),IF(ISBLANK($V3),IFERROR(0/0,""),2),1)) | AX3: =IF(AND($X3,$A4=$A3),1,IFERROR(0/0,"")) | BA3: =IF(AG3,IFERROR(0/0,""),IF(EXACT(UPPER(A3),A3),IFERROR(0/0,""),TRUE)) | BF3: =IF(COUNTIF(BJ$2:BJ809,BE3)>0,COUNTIF(BJ$2:BJ809,BE3),IFERROR(0/0,"")) | BG3: =IF($AG3,IFERROR(0/0,""),CONCATENATE($A3,"__",$B3,"_",$C3,"_",$D3,"_",$E3,"_",$K3,"_",$L3,"_",$M3,"_",$O3)) | BH3: =IF(ISBLANK(IFERROR(MATCH(LEFT(BG3, FIND("__",BG3)-1),BE$2:BE809,0),"")),IFERROR(0/0,""),TRUE) | BI3: FLB1313__44545_0.276458333333333___Negative_44545_0.518958333333333_ | BJ3: =IFERROR(LEFT(BI3, FIND("__",BI3)-1),"") -> FLB1313 | BK3: =IFERROR(AND(EXACT(BJ4,BJ3),NOT(EXACT(BJ3,BJ2))),"") -> FALSE | BL3: =IF(BK3,BJ3,IFERROR(0/0,"")) | BN3: =OR(BO3,BP3) -> FALSE | BO3: =ISBLANK($AR3) -> FALSE | BP3: =IF(TRIM($AR3)="",TRUE,FALSE) -> FALSE | BR3: =IF(EXACT(AK3,"Null"),2.2,IFERROR(0/0,""))
A4: TEST1 | B4: 44463 | C4: 0.59377315 | K4: Null | L4: 44868 | M4: 0.53552083 | P4: =IFNA(IF(VLOOKUP($A4,'Add from APT'!$AA$2:$AC808,3,FALSE)>0,TRUE,FALSE),"ER - NOT IN APT") -> FALSE | Q4: =IF(ISLOGICAL(P4),IF(P4,"ER - REPS IN APT", IFNA(VLOOKUP($A4,RAW_APT!$A$3:$M808,7,FALSE),"ER - NOT IN APT")),P4) -> Collected | R4: =IF(EXACT($A4,$A3),FALSE,TRUE) -> TRUE | S4: =COUNTIF($A$2:$A810,$A4) -> 1 | X4: =IF(ISBLANK($U4),IF(ISBLANK($V4),FALSE,"ER - LAST ONLY"),TRUE) -> FALSE | Y4: FALSE | Z4: =IF($S4>4,TRUE,IFERROR(0/0,"")) | AA4: =IF(ISBLANK($O4),FALSE,TRUE) -> FALSE | AB4: FALSE | AC4: 805 | AD4: TRUE | AE4: =IFERROR(IF(EXACT($L4,$B4),(TIMEVALUE($M4)-TIMEVALUE($C4))*24*60,IFERROR(0/0,"")),IFERROR(0/0,"")) | AF4: =OR(AND(NOT($AG4),IFERROR(NOT($AG5),""),EXACT($A4,$A5),NOT(EXACT(CONCATENATE($B4,$C4),CONCATENATE($B5,$C5)))),AND(NOT($AG4),IFERROR(NOT($AG3),""),EXACT($A4,$A3),NOT(EXACT(CONCATENATE($B4,$C4),CONCATENATE($B3,$C3))))) -> FALSE | AG4: =IF($AH4>0,TRUE,FALSE) -> TRUE | AH4: 1 | AK4: =IFS(AND($AJ4>=2,$AJ4<3),"Negative",AND($AJ4>=3,$AJ4<4),"Positive",AND($AJ4>=4,$AJ4<5),"Inconclusive",$AJ4=5,"MANUAL FILL",$AG4,"DELETED",TRUE,$K4) -> DELETED | AM4: DELETED | AN4: DELETED | AO4: =IFERROR(__xludf.DUMMYFUNCTION("IF($AG4, ""DELETED"",TRIM(JOIN("" "",D4:E4)))"),"DELETED") -> DELETED | AP4: =IF($AG4, "DELETED", TRIM(CONCATENATE(F4,I4,U4))) -> DELETED | AQ4: =IF($AG4, "DELETED", TRIM(CONCATENATE(G4,J4,V4))) -> DELETED | AR4: =IFERROR(__xludf.DUMMYFUNCTION("IF($AG4, ""DELETED"", TRIM(JOIN("" "",AP4,AQ4)))"),"DELETED") -> DELETED | AT4: =IF(OR($AG4,SUM($AU4:$AW4)=1),TRUE,FALSE) -> TRUE | AU4: =IF($AG4,IFERROR(0/0,""),IF(ISBLANK($F4),IF(ISBLANK($G4),IFERROR(0/0,""),2),1)) | AV4: =IF($AG4,IFERROR(0/0,""),IF(ISBLANK($I4),IF(ISBLANK($J4),IFERROR(0/0,""),2),1)) | AW4: =IF($AG4,IFERROR(0/0,""),IF(ISBLANK($U4),IF(ISBLANK($V4),IFERROR(0/0,""),2),1)) | AX4: =IF(AND($X4,$A5=$A4),1,IFERROR(0/0,"")) | BA4: =IF(AG4,IFERROR(0/0,""),IF(EXACT(UPPER(A4),A4),IFERROR(0/0,""),TRUE)) | BF4: =IF(COUNTIF(BJ$2:BJ810,BE4)>0,COUNTIF(BJ$2:BJ810,BE4),IFERROR(0/0,"")) | BG4: =IF($AG4,IFERROR(0/0,""),CONCATENATE($A4,"__",$B4,"_",$C4,"_",$D4,"_",$E4,"_",$K4,"_",$L4,"_",$M4,"_",$O4)) | BH4: =IF(ISBLANK(IFERROR(MATCH(LEFT(BG4, FIND("__",BG4)-1),BE$2:BE810,0),"")),IFERROR(0/0,""),TRUE) | BI4: FLB1331__44547_0.176030092592593___Negative_44547_0.401863425925926_ | BJ4: =IFERROR(LEFT(BI4, FIND("__",BI4)-1),"") -> FLB1331 | BK4: =IFERROR(AND(EXACT(BJ5,BJ4),NOT(EXACT(BJ4,BJ3))),"") -> FALSE | BL4: =IF(BK4,BJ4,IFERROR(0/0,"")) | BN4: =OR(BO4,BP4) -> FALSE | BO4: =ISBLANK($AR4) -> FALSE | BP4: =IF(TRIM($AR4)="",TRUE,FALSE) -> FALSE | BR4: =IF(EXACT(AK4,"Null"),2.2,IFERROR(0/0,""))
A5: PA9527 | B5: 44467 | C5: 0.28556713 | K5: Null | L5: 44868 | M5: 0.53552083 | P5: =IFNA(IF(VLOOKUP($A5,'Add from APT'!$AA$2:$AC808,3,FALSE)>0,TRUE,FALSE),"ER - NOT IN APT") -> FALSE | Q5: =IF(ISLOGICAL(P5),IF(P5,"ER - REPS IN APT", IFNA(VLOOKUP($A5,RAW_APT!$A$3:$M808,7,FALSE),"ER - NOT IN APT")),P5) -> Collected | R5: =IF(EXACT($A5,$A4),FALSE,TRUE) -> TRUE | S5: =COUNTIF($A$2:$A811,$A5) -> 1 | X5: =IF(ISBLANK($U5),IF(ISBLANK($V5),FALSE,"ER - LAST ONLY"),TRUE) -> FALSE | Y5: FALSE | Z5: =IF($S5>4,TRUE,IFERROR(0/0,"")) | AA5: =IF(ISBLANK($O5),FALSE,TRUE) -> FALSE | AB5: FALSE | AC5: 804 | AD5: TRUE | AE5: =IFERROR(IF(EXACT($L5,$B5),(TIMEVALUE($M5)-TIMEVALUE($C5))*24*60,IFERROR(0/0,"")),IFERROR(0/0,"")) | AF5: =OR(AND(NOT($AG5),IFERROR(NOT($AG6),""),EXACT($A5,$A6),NOT(EXACT(CONCATENATE($B5,$C5),CONCATENATE($B6,$C6)))),AND(NOT($AG5),IFERROR(NOT($AG4),""),EXACT($A5,$A4),NOT(EXACT(CONCATENATE($B5,$C5),CONCATENATE($B4,$C4))))) -> FALSE | AG5: =IF($AH5>0,TRUE,FALSE) -> TRUE | AH5: 5.5 | AK5: =IFS(AND($AJ5>=2,$AJ5<3),"Negative",AND($AJ5>=3,$AJ5<4),"Positive",AND($AJ5>=4,$AJ5<5),"Inconclusive",$AJ5=5,"MANUAL FILL",$AG5,"DELETED",TRUE,$K5) -> DELETED | AM5: DELETED | AN5: DELETED | AO5: =IFERROR(__xludf.DUMMYFUNCTION("IF($AG5, ""DELETED"",TRIM(JOIN("" "",D5:E5)))"),"DELETED") -> DELETED | AP5: =IF($AG5, "DELETED", TRIM(CONCATENATE(F5,I5,U5))) -> DELETED | AQ5: =IF($AG5, "DELETED", TRIM(CONCATENATE(G5,J5,V5))) -> DELETED | AR5: =IFERROR(__xludf.DUMMYFUNCTION("IF($AG5, ""DELETED"", TRIM(JOIN("" "",AP5,AQ5)))"),"DELETED") -> DELETED | AT5: =IF(OR($AG5,SUM($AU5:$AW5)=1),TRUE,FALSE) -> TRUE | AU5: =IF($AG5,IFERROR(0/0,""),IF(ISBLANK($F5),IF(ISBLANK($G5),IFERROR(0/0,""),2),1)) | AV5: =IF($AG5,IFERROR(0/0,""),IF(ISBLANK($I5),IF(ISBLANK($J5),IFERROR(0/0,""),2),1)) | AW5: =IF($AG5,IFERROR(0/0,""),IF(ISBLANK($U5),IF(ISBLANK($V5),IFERROR(0/0,""),2),1)) | AX5: =IF(AND($X5,$A6=$A5),1,IFERROR(0/0,"")) | BA5: =IF(AG5,IFERROR(0/0,""),IF(EXACT(UPPER(A5),A5),IFERROR(0/0,""),TRUE)) | BF5: =IF(COUNTIF(BJ$2:BJ811,BE5)>0,COUNTIF(BJ$2:BJ811,BE5),IFERROR(0/0,"")) | BG5: =IF($AG5,IFERROR(0/0,""),CONCATENATE($A5,"__",$B5,"_",$C5,"_",$D5,"_",$E5,"_",$K5,"_",$L5,"_",$M5,"_",$O5)) | BH5: =IF(ISBLANK(IFERROR(MATCH(LEFT(BG5, FIND("__",BG5)-1),BE$2:BE811,0),"")),IFERROR(0/0,""),TRUE) | BI5: FLB1334__44545_0.253587962962963___Negative_44545_0.518958333333333_ | BJ5: =IFERROR(LEFT(BI5, FIND("__",BI5)-1),"") -> FLB1334 | BK5: =IFERROR(AND(EXACT(BJ6,BJ5),NOT(EXACT(BJ5,BJ4))),"") -> FALSE | BL5: =IF(BK5,BJ5,IFERROR(0/0,"")) | BN5: =OR(BO5,BP5) -> FALSE | BO5: =ISBLANK($AR5) -> FALSE | BP5: =IF(TRIM($AR5)="",TRUE,FALSE) -> FALSE | BR5: =IF(EXACT(AK5,"Null"),2.2,IFERROR(0/0,""))
A6: PA9446 | B6: 44467 | C6: 0.29219907 | K6: Null | L6: 44868 | M6: 0.53552083 | P6: =IFNA(IF(VLOOKUP($A6,'Add from APT'!$AA$2:$AC808,3,FALSE)>0,TRUE,FALSE),"ER - NOT IN APT") -> FALSE | Q6: =IF(ISLOGICAL(P6),IF(P6,"ER - REPS IN APT", IFNA(VLOOKUP($A6,RAW_APT!$A$3:$M808,7,FALSE),"ER - NOT IN APT")),P6) -> Collected | R6: =IF(EXACT($A6,$A5),FALSE,TRUE) -> TRUE | S6: =COUNTIF($A$2:$A812,$A6) -> 1 | X6: =IF(ISBLANK($U6),IF(ISBLANK($V6),FALSE,"ER - LAST ONLY"),TRUE) -> FALSE | Y6: FALSE | Z6: =IF($S6>4,TRUE,IFERROR(0/0,"")) | AA6: =IF(ISBLANK($O6),FALSE,TRUE) -> FALSE | AB6: FALSE | AC6: 803 | AD6: TRUE | AE6: =IFERROR(IF(EXACT($L6,$B6),(TIMEVALUE($M6)-TIMEVALUE($C6))*24*60,IFERROR(0/0,"")),IFERROR(0/0,"")) | AF6: =OR(AND(NOT($AG6),IFERROR(NOT($AG7),""),EXACT($A6,$A7),NOT(EXACT(CONCATENATE($B6,$C6),CONCATENATE($B7,$C7)))),AND(NOT($AG6),IFERROR(NOT($AG5),""),EXACT($A6,$A5),NOT(EXACT(CONCATENATE($B6,$C6),CONCATENATE($B5,$C5))))) -> FALSE | AG6: =IF($AH6>0,TRUE,FALSE) -> TRUE | AH6: 5.5 | AK6: =IFS(AND($AJ6>=2,$AJ6<3),"Negative",AND($AJ6>=3,$AJ6<4),"Positive",AND($AJ6>=4,$AJ6<5),"Inconclusive",$AJ6=5,"MANUAL FILL",$AG6,"DELETED",TRUE,$K6) -> DELETED | AM6: DELETED | AN6: DELETED | AO6: =IFERROR(__xludf.DUMMYFUNCTION("IF($AG6, ""DELETED"",TRIM(JOIN("" "",D6:E6)))"),"DELETED") -> DELETED | AP6: =IF($AG6, "DELETED", TRIM(CONCATENATE(F6,I6,U6))) -> DELETED | AQ6: =IF($AG6, "DELETED", TRIM(CONCATENATE(G6,J6,V6))) -> DELETED | AR6: =IFERROR(__xludf.DUMMYFUNCTION("IF($AG6, ""DELETED"", TRIM(JOIN("" "",AP6,AQ6)))"),"DELETED") -> DELETED | AT6: =IF(OR($AG6,SUM($AU6:$AW6)=1),TRUE,FALSE) -> TRUE | AU6: =IF($AG6,IFERROR(0/0,""),IF(ISBLANK($F6),IF(ISBLANK($G6),IFERROR(0/0,""),2),1)) | AV6: =IF($AG6,IFERROR(0/0,""),IF(ISBLANK($I6),IF(ISBLANK($J6),IFERROR(0/0,""),2),1)) | AW6: =IF($AG6,IFERROR(0/0,""),IF(ISBLANK($U6),IF(ISBLANK($V6),IFERROR(0/0,""),2),1)) | AX6: =IF(AND($X6,$A7=$A6),1,IFERROR(0/0,"")) | BA6: =IF(AG6,IFERROR(0/0,""),IF(EXACT(UPPER(A6),A6),IFERROR(0/0,""),TRUE)) | BF6: =IF(COUNTIF(BJ$2:BJ812,BE6)>0,COUNTIF(BJ$2:BJ812,BE6),IFERROR(0/0,"")) | BG6: =IF($AG6,IFERROR(0/0,""),CONCATENATE($A6,"__",$B6,"_",$C6,"_",$D6,"_",$E6,"_",$K6,"_",$L6,"_",$M6,"_",$O6)) | BH6: =IF(ISBLANK(IFERROR(MATCH(LEFT(BG6, FIND("__",BG6)-1),BE$2:BE812,0),"")),IFERROR(0/0,""),TRUE) | BI6: FLB1343__44545_0.276168981481482___Negative_44545_0.518958333333333_ | BJ6: =IFERROR(LEFT(BI6, FIND("__",BI6)-1),"") -> FLB1343 | BK6: =IFERROR(AND(EXACT(BJ7,BJ6),NOT(EXACT(BJ6,BJ5))),"") -> FALSE | BL6: =IF(BK6,BJ6,IFERROR(0/0,"")) | BN6: =OR(BO6,BP6) -> FALSE | BO6: =ISBLANK($AR6) -> FALSE | BP6: =IF(TRIM($AR6)="",TRUE,FALSE) -> FALSE | BR6: =IF(EXACT(AK6,"Null"),2.2,IFERROR(0/0,""))
A7: PA9436 | B7: 44467 | C7: 0.29356481 | K7: Null | L7: 44868 | M7: 0.53552083 | P7: =IFNA(IF(VLOOKUP($A7,'Add from APT'!$AA$2:$AC808,3,FALSE)>0,TRUE,FALSE),"ER - NOT IN APT") -> FALSE | Q7: =IF(ISLOGICAL(P7),IF(P7,"ER - REPS IN APT", IFNA(VLOOKUP($A7,RAW_APT!$A$3:$M808,7,FALSE),"ER - NOT IN APT")),P7) -> Collected | R7: =IF(EXACT($A7,$A6),FALSE,TRUE) -> TRUE | S7: =COUNTIF($A$2:$A813,$A7) -> 1 | T7: 0 | X7: =IF(ISBLANK($U7),IF(ISBLANK($V7),FALSE,"ER - LAST ONLY"),TRUE) -> FALSE | Y7: FALSE | Z7: =IF($S7>4,TRUE,IFERROR(0/0,"")) | AA7: =IF(ISBLANK($O7),FALSE,TRUE) -> FALSE | AB7: FALSE | AC7: 802 | AD7: TRUE | AE7: =IFERROR(IF(EXACT($L7,$B7),(TIMEVALUE($M7)-TIMEVALUE($C7))*24*60,IFERROR(0/0,"")),IFERROR(0/0,"")) | AF7: =OR(AND(NOT($AG7),IFERROR(NOT($AG8),""),EXACT($A7,$A8),NOT(EXACT(CONCATENATE($B7,$C7),CONCATENATE($B8,$C8)))),AND(NOT($AG7),IFERROR(NOT($AG6),""),EXACT($A7,$A6),NOT(EXACT(CONCATENATE($B7,$C7),CONCATENATE($B6,$C6))))) -> FALSE | AG7: =IF($AH7>0,TRUE,FALSE) -> FALSE | AJ7: 2.2 | AK7: =IFS(AND($AJ7>=2,$AJ7<3),"Negative",AND($AJ7>=3,$AJ7<4),"Positive",AND($AJ7>=4,$AJ7<5),"Inconclusive",$AJ7=5,"MANUAL FILL",$AG7,"DELETED",TRUE,$K7) -> Negative | AM7: SpROSA145068 | AN7: ROSA661034 | AO7: =IFERROR(__xludf.DUMMYFUNCTION("IF($AG7, ""DELETED"",TRIM(JOIN("" "",D7:E7)))"),"") | AP7: =IF($AG7, "DELETED", TRIM(CONCATENATE(F7,I7,U7))) | AQ7: =IF($AG7, "DELETED", TRIM(CONCATENATE(G7,J7,V7))) | AR7: =IFERROR(__xludf.DUMMYFUNCTION("IF($AG7, ""DELETED"", TRIM(JOIN("" "",AP7,AQ7)))"),"") | AT7: =IF(OR($AG7,SUM($AU7:$AW7)=1),TRUE,FALSE) -> FALSE | AU7: =IF($AG7,IFERROR(0/0,""),IF(ISBLANK($F7),IF(ISBLANK($G7),IFERROR(0/0,""),2),1)) | AV7: =IF($AG7,IFERROR(0/0,""),IF(ISBLANK($I7),IF(ISBLANK($J7),IFERROR(0/0,""),2),1)) | AW7: =IF($AG7,IFERROR(0/0,""),IF(ISBLANK($U7),IF(ISBLANK($V7),IFERROR(0/0,""),2),1)) | AX7: =IF(AND($X7,$A8=$A7),1,IFERROR(0/0,"")) | BA7: =IF(AG7,IFERROR(0/0,""),IF(EXACT(UPPER(A7),A7),IFERROR(0/0,""),TRUE)) | BF7: =IF(COUNTIF(BJ$2:BJ813,BE7)>0,COUNTIF(BJ$2:BJ813,BE7),IFERROR(0/0,"")) | BG7: =IF($AG7,IFERROR(0/0,""),CONCATENATE($A7,"__",$B7,"_",$C7,"_",$D7,"_",$E7,"_",$K7,"_",$L7,"_",$M7,"_",$O7)) -> PA9436__44467_0.293564814814815___Null_44868_0.535520833333333_ | BH7: =IF(ISBLANK(IFERROR(MATCH(LEFT(BG7, FIND("__",BG7)-1),BE$2:BE813,0),"")),IFERROR(0/0,""),TRUE) | BI7: FLB1344__44545_0.257893518518519___Negative_44545_0.518958333333333_ | BJ7: =IFERROR(LEFT(BI7, FIND("__",BI7)-1),"") -> FLB1344 | BK7: =IFERROR(AND(EXACT(BJ8,BJ7),NOT(EXACT(BJ7,BJ6))),"") -> FALSE | BL7: =IF(BK7,BJ7,IFERROR(0/0,"")) | BN7: =OR(BO7,BP7) -> TRUE | BO7: =ISBLANK($AR7) -> FALSE | BP7: =IF(TRIM($AR7)="",TRUE,FALSE) -> TRUE | BR7: =IF(EXACT(AK7,"Null"),2.2,IFERROR(0/0,""))
A8: PA9627 | B8: 44467 | C8: 0.35224537 | K8: Null | L8: 44868 | M8: 0.53552083 | P8: =IFNA(IF(VLOOKUP($A8,'Add from APT'!$AA$2:$AC808,3,FALSE)>0,TRUE,FALSE),"ER - NOT IN APT") -> FALSE | Q8: =IF(ISLOGICAL(P8),IF(P8,"ER - REPS IN APT", IFNA(VLOOKUP($A8,RAW_APT!$A$3:$M808,7,FALSE),"ER - NOT IN APT")),P8) -> Collected | R8: =IF(EXACT($A8,$A7),FALSE,TRUE) -> TRUE | S8: =COUNTIF($A$2:$A814,$A8) -> 1 | T8: 0 | X8: =IF(ISBLANK($U8),IF(ISBLANK($V8),FALSE,"ER - LAST ONLY"),TRUE) -> FALSE | Y8: FALSE | Z8: =IF($S8>4,TRUE,IFERROR(0/0,"")) | AA8: =IF(ISBLANK($O8),FALSE,TRUE) -> FALSE | AB8: FALSE | AC8: 801 | AD8: TRUE | AE8: =IFERROR(IF(EXACT($L8,$B8),(TIMEVALUE($M8)-TIMEVALUE($C8))*24*60,IFERROR(0/0,"")),IFERROR(0/0,"")) | AF8: =OR(AND(NOT($AG8),IFERROR(NOT($AG9),""),EXACT($A8,$A9),NOT(EXACT(CONCATENATE($B8,$C8),CONCATENATE($B9,$C9)))),AND(NOT($AG8),IFERROR(NOT($AG7),""),EXACT($A8,$A7),NOT(EXACT(CONCATENATE($B8,$C8),CONCATENATE($B7,$C7))))) -> FALSE | AG8: =IF($AH8>0,TRUE,FALSE) -> FALSE | AJ8: 2.2 | AK8: =IFS(AND($AJ8>=2,$AJ8<3),"Negative",AND($AJ8>=3,$AJ8<4),"Positive",AND($AJ8>=4,$AJ8<5),"Inconclusive",$AJ8=5,"MANUAL FILL",$AG8,"DELETED",TRUE,$K8) -> Negative | AM8: SpROSA145068 | AN8: ROSA681730 | AO8: =IFERROR(__xludf.DUMMYFUNCTION("IF($AG8, ""DELETED"",TRIM(JOIN("" "",D8:E8)))"),"") | AP8: =IF($AG8, "DELETED", TRIM(CONCATENATE(F8,I8,U8))) | AQ8: =IF($AG8, "DELETED", TRIM(CONCATENATE(G8,J8,V8))) | AR8: =IFERROR(__xludf.DUMMYFUNCTION("IF($AG8, ""DELETED"", TRIM(JOIN("" "",AP8,AQ8)))"),"") | AT8: =IF(OR($AG8,SUM($AU8:$AW8)=1),TRUE,FALSE) -> FALSE | AU8: =IF($AG8,IFERROR(0/0,""),IF(ISBLANK($F8),IF(ISBLANK($G8),IFERROR(0/0,""),2),1)) | AV8: =IF($AG8,IFERROR(0/0,""),IF(ISBLANK($I8),IF(ISBLANK($J8),IFERROR(0/0,""),2),1)) | AW8: =IF($AG8,IFERROR(0/0,""),IF(ISBLANK($U8),IF(ISBLANK($V8),IFERROR(0/0,""),2),1)) | AX8: =IF(AND($X8,$A9=$A8),1,IFERROR(0/0,"")) | BA8: =IF(AG8,IFERROR(0/0,""),IF(EXACT(UPPER(A8),A8),IFERROR(0/0,""),TRUE)) | BF8: =IF(COUNTIF(BJ$2:BJ814,BE8)>0,COUNTIF(BJ$2:BJ814,BE8),IFERROR(0/0,"")) | BG8: =IF($AG8,IFERROR(0/0,""),CONCATENATE($A8,"__",$B8,"_",$C8,"_",$D8,"_",$E8,"_",$K8,"_",$L8,"_",$M8,"_",$O8)) -> PA9627__44467_0.35224537037037___Null_44868_0.535520833333333_ | BH8: =IF(ISBLANK(IFERROR(MATCH(LEFT(BG8, FIND("__",BG8)-1),BE$2:BE814,0),"")),IFERROR(0/0,""),TRUE) | BI8: FLB2377__44508_0.31693287037037___Negative_44508_0.412673611111111_ | BJ8: =IFERROR(LEFT(BI8, FIND("__",BI8)-1),"") -> FLB2377 | BK8: =IFERROR(AND(EXACT(BJ9,BJ8),NOT(EXACT(BJ8,BJ7))),"") -> FALSE | BL8: =IF(BK8,BJ8,IFERROR(0/0,"")) | BN8: =OR(BO8,BP8) -> TRUE | BO8: =ISBLANK($AR8) -> FALSE | BP8: =IF(TRIM($AR8)="",TRUE,FALSE) -> TRUE | BR8: =IF(EXACT(AK8,"Null"),2.2,IFERROR(0/0,""))
A9: PA9633 | B9: 44467 | C9: 0.35263889 | K9: Null | L9: 44868 | M9: 0.53552083 | P9: =IFNA(IF(VLOOKUP($A9,'Add from APT'!$AA$2:$AC808,3,FALSE)>0,TRUE,FALSE),"ER - NOT IN APT") -> FALSE | Q9: =IF(ISLOGICAL(P9),IF(P9,"ER - REPS IN APT", IFNA(VLOOKUP($A9,RAW_APT!$A$3:$M808,7,FALSE),"ER - NOT IN APT")),P9) -> Collected | R9: =IF(EXACT($A9,$A8),FALSE,TRUE) -> TRUE | S9: =COUNTIF($A$2:$A815,$A9) -> 1 | T9: 0 | X9: =IF(ISBLANK($U9),IF(ISBLANK($V9),FALSE,"ER - LAST ONLY"),TRUE) -> FALSE | Y9: FALSE | Z9: =IF($S9>4,TRUE,IFERROR(0/0,"")) | AA9: =IF(ISBLANK($O9),FALSE,TRUE) -> FALSE | AB9: FALSE | AC9: 800 | AD9: TRUE | AE9: =IFERROR(IF(EXACT($L9,$B9),(TIMEVALUE($M9)-TIMEVALUE($C9))*24*60,IFERROR(0/0,"")),IFERROR(0/0,"")) | AF9: =OR(AND(NOT($AG9),IFERROR(NOT($AG10),""),EXACT($A9,$A10),NOT(EXACT(CONCATENATE($B9,$C9),CONCATENATE($B10,$C10)))),AND(NOT($AG9),IFERROR(NOT($AG8),""),EXACT($A9,$A8),NOT(EXACT(CONCATENATE($B9,$C9),CONCATENATE($B8,$C8))))) -> FALSE | AG9: =IF($AH9>0,TRUE,FALSE) -> FALSE | AJ9: 2.2 | AK9: =IFS(AND($AJ9>=2,$AJ9<3),"Negative",AND($AJ9>=3,$AJ9<4),"Positive",AND($AJ9>=4,$AJ9<5),"Inconclusive",$AJ9=5,"MANUAL FILL",$AG9,"DELETED",TRUE,$K9) -> Negative | AM9: SpROSA145068 | AN9: ROSA216934 | AO9: =IFERROR(__xludf.DUMMYFUNCTION("IF($AG9, ""DELETED"",TRIM(JOIN("" "",D9:E9)))"),"") | AP9: =IF($AG9, "DELETED", TRIM(CONCATENATE(F9,I9,U9))) | AQ9: =IF($AG9, "DELETED", TRIM(CONCATENATE(G9,J9,V9))) | AR9: =IFERROR(__xludf.DUMMYFUNCTION("IF($AG9, ""DELETED"", TRIM(JOIN("" "",AP9,AQ9)))"),"") | AT9: =IF(OR($AG9,SUM($AU9:$AW9)=1),TRUE,FALSE) -> FALSE | AU9: =IF($AG9,IFERROR(0/0,""),IF(ISBLANK($F9),IF(ISBLANK($G9),IFERROR(0/0,""),2),1)) | AV9: =IF($AG9,IFERROR(0/0,""),IF(ISBLANK($I9),IF(ISBLANK($J9),IFERROR(0/0,""),2),1)) | AW9: =IF($AG9,IFERROR(0/0,""),IF(ISBLANK($U9),IF(ISBLANK($V9),IFERROR(0/0,""),2),1)) | AX9: =IF(AND($X9,$A10=$A9),1,IFERROR(0/0,"")) | BA9: =IF(AG9,IFERROR(0/0,""),IF(EXACT(UPPER(A9),A9),IFERROR(0/0,""),TRUE)) | BF9: =IF(COUNTIF(BJ$2:BJ815,BE9)>0,COUNTIF(BJ$2:BJ815,BE9),IFERROR(0/0,"")) | BG9: =IF($AG9,IFERROR(0/0,""),CONCATENATE($A9,"__",$B9,"_",$C9,"_",$D9,"_",$E9,"_",$K9,"_",$L9,"_",$M9,"_",$O9)) -> PA9633__44467_0.352638888888889___Null_44868_0.535520833333333_ | BH9: =IF(ISBLANK(IFERROR(MATCH(LEFT(BG9, FIND("__",BG9)-1),BE$2:BE815,0),"")),IFERROR(0/0,""),TRUE) | BI9: FLB2380__44537_0.201689814814815___Negative_44537_0.51181712962963_ | BJ9: =IFERROR(LEFT(BI9, FIND("__",BI9)-1),"") -> FLB2380 | BK9: =IFERROR(AND(EXACT(BJ10,BJ9),NOT(EXACT(BJ9,BJ8))),"") -> FALSE | BL9: =IF(BK9,BJ9,IFERROR(0/0,"")) | BN9: =OR(BO9,BP9) -> TRUE | BO9: =ISBLANK($AR9) -> FALSE | BP9: =IF(TRIM($AR9)="",TRUE,FALSE) -> TRUE | BR9: =IF(EXACT(AK9,"Null"),2.2,IFERROR(0/0,""))
A10: PA9584 | B10: 44467 | C10: 0.35299769 | K10: Null | L10: 44868 | M10: 0.53552083 | P10: =IFNA(IF(VLOOKUP($A10,'Add from APT'!$AA$2:$AC808,3,FALSE)>0,TRUE,FALSE),"ER - NOT IN APT") -> FALSE | Q10: =IF(ISLOGICAL(P10),IF(P10,"ER - REPS IN APT", IFNA(VLOOKUP($A10,RAW_APT!$A$3:$M808,7,FALSE),"ER - NOT IN APT")),P10) -> Collected | R10: =IF(EXACT($A10,$A9),FALSE,TRUE) -> TRUE | S10: =COUNTIF($A$2:$A816,$A10) -> 1 | X10: =IF(ISBLANK($U10),IF(ISBLANK($V10),FALSE,"ER - LAST ONLY"),TRUE) -> FALSE | Y10: FALSE | Z10: =IF($S10>4,TRUE,IFERROR(0/0,"")) | AA10: =IF(ISBLANK($O10),FALSE,TRUE) -> FALSE | AB10: FALSE | AC10: 799 | AD10: TRUE | AE10: =IFERROR(IF(EXACT($L10,$B10),(TIMEVALUE($M10)-TIMEVALUE($C10))*24*60,IFERROR(0/0,"")),IFERROR(0/0,"")) | AF10: =OR(AND(NOT($AG10),IFERROR(NOT($AG11),""),EXACT($A10,$A11),NOT(EXACT(CONCATENATE($B10,$C10),CONCATENATE($B11,$C11)))),AND(NOT($AG10),IFERROR(NOT($AG9),""),EXACT($A10,$A9),NOT(EXACT(CONCATENATE($B10,$C10),CONCATENATE($B9,$C9))))) -> FALSE | AG10: =IF($AH10>0,TRUE,FALSE) -> TRUE | AH10: 5.5 | AK10: =IFS(AND($AJ10>=2,$AJ10<3),"Negative",AND($AJ10>=3,$AJ10<4),"Positive",AND($AJ10>=4,$AJ10<5),"Inconclusive",$AJ10=5,"MANUAL FILL",$AG10,"DELETED",TRUE,$K10) -> DELETED | AM10: DELETED | AN10: DELETED | AO10: =IFERROR(__xludf.DUMMYFUNCTION("IF($AG10, ""DELETED"",TRIM(JOIN("" "",D10:E10)))"),"DELETED") -> DELETED | AP10: =IF($AG10, "DELETED", TRIM(CONCATENATE(F10,I10,U10))) -> DELETED | AQ10: =IF($AG10, "DELETED", TRIM(CONCATENATE(G10,J10,V10))) -> DELETED | AR10: =IFERROR(__xludf.DUMMYFUNCTION("IF($AG10, ""DELETED"", TRIM(JOIN("" "",AP10,AQ10)))"),"DELETED") -> DELETED | AT10: =IF(OR($AG10,SUM($AU10:$AW10)=1),TRUE,FALSE) -> TRUE | AU10: =IF($AG10,IFERROR(0/0,""),IF(ISBLANK($F10),IF(ISBLANK($G10),IFERROR(0/0,""),2),1)) | AV10: =IF($AG10,IFERROR(0/0,""),IF(ISBLANK($I10),IF(ISBLANK($J10),IFERROR(0/0,""),2),1)) | AW10: =IF($AG10,IFERROR(0/0,""),IF(ISBLANK($U10),IF(ISBLANK($V10),IFERROR(0/0,""),2),1)) | AX10: =IF(AND($X10,$A11=$A10),1,IFERROR(0/0,"")) | BA10: =IF(AG10,IFERROR(0/0,""),IF(EXACT(UPPER(A10),A10),IFERROR(0/0,""),TRUE)) | BF10: =IF(COUNTIF(BJ$2:BJ816,BE10)>0,COUNTIF(BJ$2:BJ816,BE10),IFERROR(0/0,"")) | BG10: =IF($AG10,IFERROR(0/0,""),CONCATENATE($A10,"__",$B10,"_",$C10,"_",$D10,"_",$E10,"_",$K10,"_",$L10,"_",$M10,"_",$O10)) | BH10: =IF(ISBLANK(IFERROR(MATCH(LEFT(BG10, FIND("__",BG10)-1),BE$2:BE816,0),"")),IFERROR(0/0,""),TRUE) | BI10: FLB2714__44529_0.235231481481482___Negative_44529_0.500277777777778_ | BJ10: =IFERROR(LEFT(BI10, FIND("__",BI10)-1),"") -> FLB2714 | BK10: =IFERROR(AND(EXACT(BJ11,BJ10),NOT(EXACT(BJ10,BJ9))),"") -> FALSE | BL10: =IF(BK10,BJ10,IFERROR(0/0,"")) | BN10: =OR(BO10,BP10) -> FALSE | BO10: =ISBLANK($AR10) -> FALSE | BP10: =IF(TRIM($AR10)="",TRUE,FALSE) -> FALSE | BR10: =IF(EXACT(AK10,"Null"),2.2,IFERROR(0/0,""))
A11: PA9480 | B11: 44468 | C11: 0.27606481 | K11: Null | L11: 44868 | M11: 0.53552083 | P11: =IFNA(IF(VLOOKUP($A11,'Add from APT'!$AA$2:$AC808,3,FALSE)>0,TRUE,FALSE),"ER - NOT IN APT") -> FALSE | Q11: =IF(ISLOGICAL(P11),IF(P11,"ER - REPS IN APT", IFNA(VLOOKUP($A11,RAW_APT!$A$3:$M808,7,FALSE),"ER - NOT IN APT")),P11) -> Collected | R11: =IF(EXACT($A11,$A10),FALSE,TRUE) -> TRUE | S11: =COUNTIF($A$2:$A817,$A11) -> 1 | T11: 0 | X11: =IF(ISBLANK($U11),IF(ISBLANK($V11),FALSE,"ER - LAST ONLY"),TRUE) -> FALSE | Y11: FALSE | Z11: =IF($S11>4,TRUE,IFERROR(0/0,"")) | AA11: =IF(ISBLANK($O11),FALSE,TRUE) -> FALSE | AB11: FALSE | AC11: 798 | AD11: TRUE | AE11: =IFERROR(IF(EXACT($L11,$B11),(TIMEVALUE($M11)-TIMEVALUE($C11))*24*60,IFERROR(0/0,"")),IFERROR(0/0,"")) | AF11: =OR(AND(NOT($AG11),IFERROR(NOT($AG12),""),EXACT($A11,$A12),NOT(EXACT(CONCATENATE($B11,$C11),CONCATENATE($B12,$C12)))),AND(NOT($AG11),IFERROR(NOT($AG10),""),EXACT($A11,$A10),NOT(EXACT(CONCATENATE($B11,$C11),CONCATENATE($B10,$C10))))) -> FALSE | AG11: =IF($AH11>0,TRUE,FALSE) -> FALSE | AJ11: 2.2 | AK11: =IFS(AND($AJ11>=2,$AJ11<3),"Negative",AND($AJ11>=3,$AJ11<4),"Positive",AND($AJ11>=4,$AJ11<5),"Inconclusive",$AJ11=5,"MANUAL FILL",$AG11,"DELETED",TRUE,$K11) -> Negative | AM11: SpROSA145068 | AN11: ROSA216934 | AO11: =IFERROR(__xludf.DUMMYFUNCTION("IF($AG11, ""DELETED"",TRIM(JOIN("" "",D11:E11)))"),"") | AP11: =IF($AG11, "DELETED", TRIM(CONCATENATE(F11,I11,U11))) | AQ11: =IF($AG11, "DELETED", TRIM(CONCATENATE(G11,J11,V11))) | AR11: =IFERROR(__xludf.DUMMYFUNCTION("IF($AG11, ""DELETED"", TRIM(JOIN("" "",AP11,AQ11)))"),"") | AT11: =IF(OR($AG11,SUM($AU11:$AW11)=1),TRUE,FALSE) -> FALSE | AU11: =IF($AG11,IFERROR(0/0,""),IF(ISBLANK($F11),IF(ISBLANK($G11),IFERROR(0/0,""),2),1)) | AV11: =IF($AG11,IFERROR(0/0,""),IF(ISBLANK($I11),IF(ISBLANK($J11),IFERROR(0/0,""),2),1)) | AW11: =IF($AG11,IFERROR(0/0,""),IF(ISBLANK($U11),IF(ISBLANK($V11),IFERROR(0/0,""),2),1)) | AX11: =IF(AND($X11,$A12=$A11),1,IFERROR(0/0,"")) | BA11: =IF(AG11,IFERROR(0/0,""),IF(EXACT(UPPER(A11),A11),IFERROR(0/0,""),TRUE)) | BF11: =IF(COUNTIF(BJ$2:BJ817,BE11)>0,COUNTIF(BJ$2:BJ817,BE11),IFERROR(0/0,"")) | BG11: =IF($AG11,IFERROR(0/0,""),CONCATENATE($A11,"__",$B11,"_",$C11,"_",$D11,"_",$E11,"_",$K11,"_",$L11,"_",$M11,"_",$O11)) -> PA9480__44468_0.276064814814815___Null_44868_0.535520833333333_ | BH11: =IF(ISBLANK(IFERROR(MATCH(LEFT(BG11, FIND("__",BG11)-1),BE$2:BE817,0),"")),IFERROR(0/0,""),TRUE) | BI11: FLB2715__44529_0.307766203703704___Negative_44529_0.500277777777778_ | BJ11: =IFERROR(LEFT(BI11, FIND("__",BI11)-1),"") -> FLB2715 | BK11: =IFERROR(AND(EXACT(BJ12,BJ11),NOT(EXACT(BJ11,BJ10))),"") -> FALSE | BL11: =IF(BK11,BJ11,IFERROR(0/0,"")) | BN11: =OR(BO11,BP11) -> TRUE | BO11: =ISBLANK($AR11) -> FALSE | BP11: =IF(TRIM($AR11)="",TRUE,FALSE) -> TRUE | BR11: =IF(EXACT(AK11,"Null"),2.2,IFERROR(0/0,""))
A12: PA9548 | B12: 44468 | C12: 0.27634259 | K12: Null | L12: 44868 | M12: 0.53552083 | P12: =IFNA(IF(VLOOKUP($A12,'Add from APT'!$AA$2:$AC808,3,FALSE)>0,TRUE,FALSE),"ER - NOT IN APT") -> FALSE | Q12: =IF(ISLOGICAL(P12),IF(P12,"ER - REPS IN APT", IFNA(VLOOKUP($A12,RAW_APT!$A$3:$M808,7,FALSE),"ER - NOT IN APT")),P12) -> Collected | R12: =IF(EXACT($A12,$A11),FALSE,TRUE) -> TRUE | S12: =COUNTIF($A$2:$A818,$A12) -> 1 | X12: =IF(ISBLANK($U12),IF(ISBLANK($V12),FALSE,"ER - LAST ONLY"),TRUE) -> FALSE | Y12: FALSE | Z12: =IF($S12>4,TRUE,IFERROR(0/0,"")) | AA12: =IF(ISBLANK($O12),FALSE,TRUE) -> FALSE | AB12: FALSE | AC12: 797 | AD12: TRUE | AE12: =IFERROR(IF(EXACT($L12,$B12),(TIMEVALUE($M12)-TIMEVALUE($C12))*24*60,IFERROR(0/0,"")),IFERROR(0/0,"")) | AF12: =OR(AND(NOT($AG12),IFERROR(NOT($AG13),""),EXACT($A12,$A13),NOT(EXACT(CONCATENATE($B12,$C12),CONCATENATE($B13,$C13)))),AND(NOT($AG12),IFERROR(NOT($AG11),""),EXACT($A12,$A11),NOT(EXACT(CONCATENATE($B12,$C12),CONCATENATE($B11,$C11))))) -> FALSE | AG12: =IF($AH12>0,TRUE,FALSE) -> TRUE | AH12: 5.5 | AK12: =IFS(AND($AJ12>=2,$AJ12<3),"Negative",AND($AJ12>=3,$AJ12<4),"Positive",AND($AJ12>=4,$AJ12<5),"Inconclusive",$AJ12=5,"MANUAL FILL",$AG12,"DELETED",TRUE,$K12) -> DELETED | AM12: DELETED | AN12: DELETED | AO12: =IFERROR(__xludf.DUMMYFUNCTION("IF($AG12, ""DELETED"",TRIM(JOIN("" "",D12:E12)))"),"DELETED") -> DELETED | AP12: =IF($AG12, "DELETED", TRIM(CONCATENATE(F12,I12,U12))) -> DELETED | AQ12: =IF($AG12, "DELETED", TRIM(CONCATENATE(G12,J12,V12))) -> DELETED | AR12: =IFERROR(__xludf.DUMMYFUNCTION("IF($AG12, ""DELETED"", TRIM(JOIN("" "",AP12,AQ12)))"),"DELETED") -> DELETED | AT12: =IF(OR($AG12,SUM($AU12:$AW12)=1),TRUE,FALSE) -> TRUE | AU12: =IF($AG12,IFERROR(0/0,""),IF(ISBLANK($F12),IF(ISBLANK($G12),IFERROR(0/0,""),2),1)) | AV12: =IF($AG12,IFERROR(0/0,""),IF(ISBLANK($I12),IF(ISBLANK($J12),IFERROR(0/0,""),2),1)) | AW12: =IF($AG12,IFERROR(0/0,""),IF(ISBLANK($U12),IF(ISBLANK($V12),IFERROR(0/0,""),2),1)) | AX12: =IF(AND($X12,$A13=$A12),1,IFERROR(0/0,"")) | BA12: =IF(AG12,IFERROR(0/0,""),IF(EXACT(UPPER(A12),A12),IFERROR(0/0,""),TRUE)) | BF12: =IF(COUNTIF(BJ$2:BJ818,BE12)>0,COUNTIF(BJ$2:BJ818,BE12),IFERROR(0/0,"")) | BG12: =IF($AG12,IFERROR(0/0,""),CONCATENATE($A12,"__",$B12,"_",$C12,"_",$D12,"_",$E12,"_",$K12,"_",$L12,"_",$M12,"_",$O12)) | BH12: =IF(ISBLANK(IFERROR(MATCH(LEFT(BG12, FIND("__",BG12)-1),BE$2:BE818,0),"")),IFERROR(0/0,""),TRUE) | BI12: FLB2716__44529_0.326863425925926___Negative_44529_0.500277777777778_ | BJ12: =IFERROR(LEFT(BI12, FIND("__",BI12)-1),"") -> FLB2716 | BK12: =IFERROR(AND(EXACT(BJ13,BJ12),NOT(EXACT(BJ12,BJ11))),"") -> FALSE | BL12: =IF(BK12,BJ12,IFERROR(0/0,"")) | BN12: =OR(BO12,BP12) -> FALSE | BO12: =ISBLANK($AR12) -> FALSE | BP12: =IF(TRIM($AR12)="",TRUE,FALSE) -> FALSE | BR12: =IF(EXACT(AK12,"Null"),2.2,IFERROR(0/0,""))
A13: PA9612 | B13: 44468 | C13: 0.27738426 | K13: Null | L13: 44868 | M13: 0.53552083 | P13: =IFNA(IF(VLOOKUP($A13,'Add from APT'!$AA$2:$AC808,3,FALSE)>0,TRUE,FALSE),"ER - NOT IN APT") -> FALSE | Q13: =IF(ISLOGICAL(P13),IF(P13,"ER - REPS IN APT", IFNA(VLOOKUP($A13,RAW_APT!$A$3:$M808,7,FALSE),"ER - NOT IN APT")),P13) -> Collected | R13: =IF(EXACT($A13,$A12),FALSE,TRUE) -> TRUE | S13: =COUNTIF($A$2:$A819,$A13) -> 1 | X13: =IF(ISBLANK($U13),IF(ISBLANK($V13),FALSE,"ER - LAST ONLY"),TRUE) -> FALSE | Y13: FALSE | Z13: =IF($S13>4,TRUE,IFERROR(0/0,"")) | AA13: =IF(ISBLANK($O13),FALSE,TRUE) -> FALSE | AB13: FALSE | AC13: 796 | AD13: TRUE | AE13: =IFERROR(IF(EXACT($L13,$B13),(TIMEVALUE($M13)-TIMEVALUE($C13))*24*60,IFERROR(0/0,"")),IFERROR(0/0,"")) | AF13: =OR(AND(NOT($AG13),IFERROR(NOT($AG14),""),EXACT($A13,$A14),NOT(EXACT(CONCATENATE($B13,$C13),CONCATENATE($B14,$C14)))),AND(NOT($AG13),IFERROR(NOT($AG12),""),EXACT($A13,$A12),NOT(EXACT(CONCATENATE($B13,$C13),CONCATENATE($B12,$C12))))) -> FALSE | AG13: =IF($AH13>0,TRUE,FALSE) -> TRUE | AH13: 5.5 | AK13: =IFS(AND($AJ13>=2,$AJ13<3),"Negative",AND($AJ13>=3,$AJ13<4),"Positive",AND($AJ13>=4,$AJ13<5),"Inconclusive",$AJ13=5,"MANUAL FILL",$AG13,"DELETED",TRUE,$K13) -> DELETED | AM13: DELETED | AN13: DELETED | AO13: =IFERROR(__xludf.DUMMYFUNCTION("IF($AG13, ""DELETED"",TRIM(JOIN("" "",D13:E13)))"),"DELETED") -> DELETED | AP13: =IF($AG13, "DELETED", TRIM(CONCATENATE(F13,I13,U13))) -> DELETED | AQ13: =IF($AG13, "DELETED", TRIM(CONCATENATE(G13,J13,V13))) -> DELETED | AR13: =IFERROR(__xludf.DUMMYFUNCTION("IF($AG13, ""DELETED"", TRIM(JOIN("" "",AP13,AQ13)))"),"DELETED") -> DELETED | AT13: =IF(OR($AG13,SUM($AU13:$AW13)=1),TRUE,FALSE) -> TRUE | AU13: =IF($AG13,IFERROR(0/0,""),IF(ISBLANK($F13),IF(ISBLANK($G13),IFERROR(0/0,""),2),1)) | AV13: =IF($AG13,IFERROR(0/0,""),IF(ISBLANK($I13),IF(ISBLANK($J13),IFERROR(0/0,""),2),1)) | AW13: =IF($AG13,IFERROR(0/0,""),IF(ISBLANK($U13),IF(ISBLANK($V13),IFERROR(0/0,""),2),1)) | AX13: =IF(AND($X13,$A14=$A13),1,IFERROR(0/0,"")) | BA13: =IF(AG13,IFERROR(0/0,""),IF(EXACT(UPPER(A13),A13),IFERROR(0/0,""),TRUE)) | BF13: =IF(COUNTIF(BJ$2:BJ819,BE13)>0,COUNTIF(BJ$2:BJ819,BE13),IFERROR(0/0,"")) | BG13: =IF($AG13,IFERROR(0/0,""),CONCATENATE($A13,"__",$B13,"_",$C13,"_",$D13,"_",$E13,"_",$K13,"_",$L13,"_",$M13,"_",$O13)) | BH13: =IF(ISBLANK(IFERROR(MATCH(LEFT(BG13, FIND("__",BG13)-1),BE$2:BE819,0),"")),IFERROR(0/0,""),TRUE) | BI13: FLB2717__44536_0.325625___Negative_44536_0.506469907407407_ | BJ13: =IFERROR(LEFT(BI13, FIND("__",BI13)-1),"") -> FLB2717 | BK13: =IFERROR(AND(EXACT(BJ14,BJ13),NOT(EXACT(BJ13,BJ12))),"") -> FALSE | BL13: =IF(BK13,BJ13,IFERROR(0/0,"")) | BN13: =OR(BO13,BP13) -> FALSE | BO13: =ISBLANK($AR13) -> FALSE | BP13: =IF(TRIM($AR13)="",TRUE,FALSE) -> FALSE | BR13: =IF(EXACT(AK13,"Null"),2.2,IFERROR(0/0,""))
A14: PA9565 | B14: 44468 | C14: 0.28090278 | K14: Null | L14: 44868 | M14: 0.53552083 | P14: =IFNA(IF(VLOOKUP($A14,'Add from APT'!$AA$2:$AC808,3,FALSE)>0,TRUE,FALSE),"ER - NOT IN APT") -> FALSE | Q14: =IF(ISLOGICAL(P14),IF(P14,"ER - REPS IN APT", IFNA(VLOOKUP($A14,RAW_APT!$A$3:$M808,7,FALSE),"ER - NOT IN APT")),P14) -> Collected | R14: =IF(EXACT($A14,$A13),FALSE,TRUE) -> TRUE | S14: =COUNTIF($A$2:$A820,$A14) -> 1 | X14: =IF(ISBLANK($U14),IF(ISBLANK($V14),FALSE,"ER - LAST ONLY"),TRUE) -> FALSE | Y14: FALSE | Z14: =IF($S14>4,TRUE,IFERROR(0/0,"")) | AA14: =IF(ISBLANK($O14),FALSE,TRUE) -> FALSE | AB14: FALSE | AC14: 795 | AD14: TRUE | AE14: =IFERROR(IF(EXACT($L14,$B14),(TIMEVALUE($M14)-TIMEVALUE($C14))*24*60,IFERROR(0/0,"")),IFERROR(0/0,"")) | AF14: =OR(AND(NOT($AG14),IFERROR(NOT($AG15),""),EXACT($A14,$A15),NOT(EXACT(CONCATENATE($B14,$C14),CONCATENATE($B15,$C15)))),AND(NOT($AG14),IFERROR(NOT($AG13),""),EXACT($A14,$A13),NOT(EXACT(CONCATENATE($B14,$C14),CONCATENATE($B13,$C13))))) -> FALSE | AG14: =IF($AH14>0,TRUE,FALSE) -> TRUE | AH14: 5.5 | AK14: =IFS(AND($AJ14>=2,$AJ14<3),"Negative",AND($AJ14>=3,$AJ14<4),"Positive",AND($AJ14>=4,$AJ14<5),"Inconclusive",$AJ14=5,"MANUAL FILL",$AG14,"DELETED",TRUE,$K14) -> DELETED | AM14: DELETED | AN14: DELETED | AO14: =IFERROR(__xludf.DUMMYFUNCTION("IF($AG14, ""DELETED"",TRIM(JOIN("" "",D14:E14)))"),"DELETED") -> DELETED | AP14: =IF($AG14, "DELETED", TRIM(CONCATENATE(F14,I14,U14))) -> DELETED | AQ14: =IF($AG14, "DELETED", TRIM(CONCATENATE(G14,J14,V14))) -> DELETED | AR14: =IFERROR(__xludf.DUMMYFUNCTION("IF($AG14, ""DELETED"", TRIM(JOIN("" "",AP14,AQ14)))"),"DELETED") -> DELETED | AT14: =IF(OR($AG14,SUM($AU14:$AW14)=1),TRUE,FALSE) -> TRUE | AU14: =IF($AG14,IFERROR(0/0,""),IF(ISBLANK($F14),IF(ISBLANK($G14),IFERROR(0/0,""),2),1)) | AV14: =IF($AG14,IFERROR(0/0,""),IF(ISBLANK($I14),IF(ISBLANK($J14),IFERROR(0/0,""),2),1)) | AW14: =IF($AG14,IFERROR(0/0,""),IF(ISBLANK($U14),IF(ISBLANK($V14),IFERROR(0/0,""),2),1)) | AX14: =IF(AND($X14,$A15=$A14),1,IFERROR(0/0,"")) | BA14: =IF(AG14,IFERROR(0/0,""),IF(EXACT(UPPER(A14),A14),IFERROR(0/0,""),TRUE)) | BF14: =IF(COUNTIF(BJ$2:BJ820,BE14)>0,COUNTIF(BJ$2:BJ820,BE14),IFERROR(0/0,"")) | BG14: =IF($AG14,IFERROR(0/0,""),CONCATENATE($A14,"__",$B14,"_",$C14,"_",$D14,"_",$E14,"_",$K14,"_",$L14,"_",$M14,"_",$O14)) | BH14: =IF(ISBLANK(IFERROR(MATCH(LEFT(BG14, FIND("__",BG14)-1),BE$2:BE820,0),"")),IFERROR(0/0,""),TRUE) | BI14: FLB2718__44536_0.25275462962963___Negative_44536_0.506458333333333_ | BJ14: =IFERROR(LEFT(BI14, FIND("__",BI14)-1),"") -> FLB2718 | BK14: =IFERROR(AND(EXACT(BJ15,BJ14),NOT(EXACT(BJ14,BJ13))),"") -> FALSE | BL14: =IF(BK14,BJ14,IFERROR(0/0,"")) | BN14: =OR(BO14,BP14) -> FALSE | BO14: =ISBLANK($AR14) -> FALSE | BP14: =IF(TRIM($AR14)="",TRUE,FALSE) -> FALSE | BR14: =IF(EXACT(AK14,"Null"),2.2,IFERROR(0/0,""))
A15: PA9617 | B15: 44468 | C15: 0.28484954 | K15: Null | L15: 44868 | M15: 0.53552083 | P15: =IFNA(IF(VLOOKUP($A15,'Add from APT'!$AA$2:$AC808,3,FALSE)>0,TRUE,FALSE),"ER - NOT IN APT") -> FALSE | Q15: =IF(ISLOGICAL(P15),IF(P15,"ER - REPS IN APT", IFNA(VLOOKUP($A15,RAW_APT!$A$3:$M808,7,FALSE),"ER - NOT IN APT")),P15) -> Collected | R15: =IF(EXACT($A15,$A14),FALSE,TRUE) -> TRUE | S15: =COUNTIF($A$2:$A821,$A15) -> 1 | T15: 0 | X15: =IF(ISBLANK($U15),IF(ISBLANK($V15),FALSE,"ER - LAST ONLY"),TRUE) -> FALSE | Y15: FALSE | Z15: =IF($S15>4,TRUE,IFERROR(0/0,"")) | AA15: =IF(ISBLANK($O15),FALSE,TRUE) -> FALSE | AB15: FALSE | AC15: 794 | AD15: TRUE | AE15: =IFERROR(IF(EXACT($L15,$B15),(TIMEVALUE($M15)-TIMEVALUE($C15))*24*60,IFERROR(0/0,"")),IFERROR(0/0,"")) | AF15: =OR(AND(NOT($AG15),IFERROR(NOT($AG16),""),EXACT($A15,$A16),NOT(EXACT(CONCATENATE($B15,$C15),CONCATENATE($B16,$C16)))),AND(NOT($AG15),IFERROR(NOT($AG14),""),EXACT($A15,$A14),NOT(EXACT(CONCATENATE($B15,$C15),CONCATENATE($B14,$C14))))) -> FALSE | AG15: =IF($AH15>0,TRUE,FALSE) -> FALSE | AJ15: 2.2 | AK15: =IFS(AND($AJ15>=2,$AJ15<3),"Negative",AND($AJ15>=3,$AJ15<4),"Positive",AND($AJ15>=4,$AJ15<5),"Inconclusive",$AJ15=5,"MANUAL FILL",$AG15,"DELETED",TRUE,$K15) -> Negative | AM15: SpROSA145068 | AN15: ROSA661034 | AO15: =IFERROR(__xludf.DUMMYFUNCTION("IF($AG15, ""DELETED"",TRIM(JOIN("" "",D15:E15)))"),"") | AP15: =IF($AG15, "DELETED", TRIM(CONCATENATE(F15,I15,U15))) | AQ15: =IF($AG15, "DELETED", TRIM(CONCATENATE(G15,J15,V15))) | AR15: =IFERROR(__xludf.DUMMYFUNCTION("IF($AG15, ""DELETED"", TRIM(JOIN("" "",AP15,AQ15)))"),"") | AT15: =IF(OR($AG15,SUM($AU15:$AW15)=1),TRUE,FALSE) -> FALSE | AU15: =IF($AG15,IFERROR(0/0,""),IF(ISBLANK($F15),IF(ISBLANK($G15),IFERROR(0/0,""),2),1)) | AV15: =IF($AG15,IFERROR(0/0,""),IF(ISBLANK($I15),IF(ISBLANK($J15),IFERROR(0/0,""),2),1)) | AW15: =IF($AG15,IFERROR(0/0,""),IF(ISBLANK($U15),IF(ISBLANK($V15),IFERROR(0/0,""),2),1)) | AX15: =IF(AND($X15,$A16=$A15),1,IFERROR(0/0,"")) | BA15: =IF(AG15,IFERROR(0/0,""),IF(EXACT(UPPER(A15),A15),IFERROR(0/0,""),TRUE)) | BF15: =IF(COUNTIF(BJ$2:BJ821,BE15)>0,COUNTIF(BJ$2:BJ821,BE15),IFERROR(0/0,"")) | BG15: =IF($AG15,IFERROR(0/0,""),CONCATENATE($A15,"__",$B15,"_",$C15,"_",$D15,"_",$E15,"_",$K15,"_",$L15,"_",$M15,"_",$O15)) -> PA9617__44468_0.284849537037037___Null_44868_0.535520833333333_ | BH15: =IF(ISBLANK(IFERROR(MATCH(LEFT(BG15, FIND("__",BG15)-1),BE$2:BE821,0),"")),IFERROR(0/0,""),TRUE) | BI15: FLB2720__44536_0.345671296296296___Negative_44536_0.506469907407407_ | BJ15: =IFERROR(LEFT(BI15, FIND("__",BI15)-1),"") -> FLB2720 | BK15: =IFERROR(AND(EXACT(BJ16,BJ15),NOT(EXACT(BJ15,BJ14))),"") -> FALSE | BL15: =IF(BK15,BJ15,IFERROR(0/0,"")) | BN15: =OR(BO15,BP15) -> TRUE | BO15: =ISBLANK($AR15) -> FALSE | BP15: =IF(TRIM($AR15)="",TRUE,FALSE) -> TRUE | BR15: =IF(EXACT(AK15,"Null"),2.2,IFERROR(0/0,""))
A16: PA9484 | B16: 44468 | C16: 0.28961806 | K16: Null | L16: 44868 | M16: 0.53552083 | P16: =IFNA(IF(VLOOKUP($A16,'Add from APT'!$AA$2:$AC808,3,FALSE)>0,TRUE,FALSE),"ER - NOT IN APT") -> FALSE | Q16: =IF(ISLOGICAL(P16),IF(P16,"ER - REPS IN APT", IFNA(VLOOKUP($A16,RAW_APT!$A$3:$M808,7,FALSE),"ER - NOT IN APT")),P16) -> Collected | R16: =IF(EXACT($A16,$A15),FALSE,TRUE) -> TRUE | S16: =COUNTIF($A$2:$A822,$A16) -> 1 | T16: 0 | X16: =IF(ISBLANK($U16),IF(ISBLANK($V16),FALSE,"ER - LAST ONLY"),TRUE) -> FALSE | Y16: FALSE | Z16: =IF($S16>4,TRUE,IFERROR(0/0,"")) | AA16: =IF(ISBLANK($O16),FALSE,TRUE) -> FALSE | AB16: FALSE | AC16: 793 | AD16: TRUE | AE16: =IFERROR(IF(EXACT($L16,$B16),(TIMEVALUE($M16)-TIMEVALUE($C16))*24*60,IFERROR(0/0,"")),IFERROR(0/0,"")) | AF16: =OR(AND(NOT($AG16),IFERROR(NOT($AG17),""),EXACT($A16,$A17),NOT(EXACT(CONCATENATE($B16,$C16),CONCATENATE($B17,$C17)))),AND(NOT($AG16),IFERROR(NOT($AG15),""),EXACT($A16,$A15),NOT(EXACT(CONCATENATE($B16,$C16),CONCATENATE($B15,$C15))))) -> FALSE | AG16: =IF($AH16>0,TRUE,FALSE) -> FALSE | AJ16: 2.2 | AK16: =IFS(AND($AJ16>=2,$AJ16<3),"Negative",AND($AJ16>=3,$AJ16<4),"Positive",AND($AJ16>=4,$AJ16<5),"Inconclusive",$AJ16=5,"MANUAL FILL",$AG16,"DELETED",TRUE,$K16) -> Negative | AM16: SpROSA145068 | AN16: ROSA750622 | AO16: =IFERROR(__xludf.DUMMYFUNCTION("IF($AG16, ""DELETED"",TRIM(JOIN("" "",D16:E16)))"),"") | AP16: =IF($AG16, "DELETED", TRIM(CONCATENATE(F16,I16,U16))) | AQ16: =IF($AG16, "DELETED", TRIM(CONCATENATE(G16,J16,V16))) | AR16: =IFERROR(__xludf.DUMMYFUNCTION("IF($AG16, ""DELETED"", TRIM(JOIN("" "",AP16,AQ16)))"),"") | AT16: =IF(OR($AG16,SUM($AU16:$AW16)=1),TRUE,FALSE) -> FALSE | AU16: =IF($AG16,IFERROR(0/0,""),IF(ISBLANK($F16),IF(ISBLANK($G16),IFERROR(0/0,""),2),1)) | AV16: =IF($AG16,IFERROR(0/0,""),IF(ISBLANK($I16),IF(ISBLANK($J16),IFERROR(0/0,""),2),1)) | AW16: =IF($AG16,IFERROR(0/0,""),IF(ISBLANK($U16),IF(ISBLANK($V16),IFERROR(0/0,""),2),1)) | AX16: =IF(AND($X16,$A17=$A16),1,IFERROR(0/0,"")) | BA16: =IF(AG16,IFERROR(0/0,""),IF(EXACT(UPPER(A16),A16),IFERROR(0/0,""),TRUE)) | BF16: =IF(COUNTIF(BJ$2:BJ822,BE16)>0,COUNTIF(BJ$2:BJ822,BE16),IFERROR(0/0,"")) | BG16: =IF($AG16,IFERROR(0/0,""),CONCATENATE($A16,"__",$B16,"_",$C16,"_",$D16,"_",$E16,"_",$K16,"_",$L16,"_",$M16,"_",$O16)) -> PA9484__44468_0.289618055555556___Null_44868_0.535520833333333_ | BH16: =IF(ISBLANK(IFERROR(MATCH(LEFT(BG16, FIND("__",BG16)-1),BE$2:BE822,0),"")),IFERROR(0/0,""),TRUE) | BI16: FLB2721__44529_0.220428240740741___Negative_44529_0.500266203703704_ | BJ16: =IFERROR(LEFT(BI16, FIND("__",BI16)-1),"") -> FLB2721 | BK16: =IFERROR(AND(EXACT(BJ17,BJ16),NOT(EXACT(BJ16,BJ15))),"") -> FALSE | BL16: =IF(BK16,BJ16,IFERROR(0/0,"")) | BN16: =OR(BO16,BP16) -> TRUE | BO16: =ISBLANK($AR16) -> FALSE | BP16: =IF(TRIM($AR16)="",TRUE,FALSE) -> TRUE | BR16: =IF(EXACT(AK16,"Null"),2.2,IFERROR(0/0,""))
A17: PA9567 | B17: 44468 | C17: 0.34179398 | K17: Null | L17: 44868 | M17: 0.53552083 | P17: =IFNA(IF(VLOOKUP($A17,'Add from APT'!$AA$2:$AC808,3,FALSE)>0,TRUE,FALSE),"ER - NOT IN APT") -> FALSE | Q17: =IF(ISLOGICAL(P17),IF(P17,"ER - REPS IN APT", IFNA(VLOOKUP($A17,RAW_APT!$A$3:$M808,7,FALSE),"ER - NOT IN APT")),P17) -> Collected | R17: =IF(EXACT($A17,$A16),FALSE,TRUE) -> TRUE | S17: =COUNTIF($A$2:$A823,$A17) -> 1 | T17: 0 | X17: =IF(ISBLANK($U17),IF(ISBLANK($V17),FALSE,"ER - LAST ONLY"),TRUE) -> FALSE | Y17: FALSE | Z17: =IF($S17>4,TRUE,IFERROR(0/0,"")) | AA17: =IF(ISBLANK($O17),FALSE,TRUE) -> FALSE | AB17: FALSE | AC17: 792 | AD17: TRUE | AE17: =IFERROR(IF(EXACT($L17,$B17),(TIMEVALUE($M17)-TIMEVALUE($C17))*24*60,IFERROR(0/0,"")),IFERROR(0/0,"")) | AF17: =OR(AND(NOT($AG17),IFERROR(NOT($AG18),""),EXACT($A17,$A18),NOT(EXACT(CONCATENATE($B17,$C17),CONCATENATE($B18,$C18)))),AND(NOT($AG17),IFERROR(NOT($AG16),""),EXACT($A17,$A16),NOT(EXACT(CONCATENATE($B17,$C17),CONCATENATE($B16,$C16))))) -> FALSE | AG17: =IF($AH17>0,TRUE,FALSE) -> FALSE | AJ17: 2.2 | AK17: =IFS(AND($AJ17>=2,$AJ17<3),"Negative",AND($AJ17>=3,$AJ17<4),"Positive",AND($AJ17>=4,$AJ17<5),"Inconclusive",$AJ17=5,"MANUAL FILL",$AG17,"DELETED",TRUE,$K17) -> Negative | AM17: SpROSA145068 | AN17: ROSA124991 | AO17: =IFERROR(__xludf.DUMMYFUNCTION("IF($AG17, ""DELETED"",TRIM(JOIN("" "",D17:E17)))"),"") | AP17: =IF($AG17, "DELETED", TRIM(CONCATENATE(F17,I17,U17))) | AQ17: =IF($AG17, "DELETED", TRIM(CONCATENATE(G17,J17,V17))) | AR17: =IFERROR(__xludf.DUMMYFUNCTION("IF($AG17, ""DELETED"", TRIM(JOIN("" "",AP17,AQ17)))"),"") | AT17: =IF(OR($AG17,SUM($AU17:$AW17)=1),TRUE,FALSE) -> FALSE | AU17: =IF($AG17,IFERROR(0/0,""),IF(ISBLANK($F17),IF(ISBLANK($G17),IFERROR(0/0,""),2),1)) | AV17: =IF($AG17,IFERROR(0/0,""),IF(ISBLANK($I17),IF(ISBLANK($J17),IFERROR(0/0,""),2),1)) | AW17: =IF($AG17,IFERROR(0/0,""),IF(ISBLANK($U17),IF(ISBLANK($V17),IFERROR(0/0,""),2),1)) | AX17: =IF(AND($X17,$A18=$A17),1,IFERROR(0/0,"")) | BA17: =IF(AG17,IFERROR(0/0,""),IF(EXACT(UPPER(A17),A17),IFERROR(0/0,""),TRUE)) | BF17: =IF(COUNTIF(BJ$2:BJ823,BE17)>0,COUNTIF(BJ$2:BJ823,BE17),IFERROR(0/0,"")) | BG17: =IF($AG17,IFERROR(0/0,""),CONCATENATE($A17,"__",$B17,"_",$C17,"_",$D17,"_",$E17,"_",$K17,"_",$L17,"_",$M17,"_",$O17)) -> PA9567__44468_0.341793981481482___Null_44868_0.535520833333333_ | BH17: =IF(ISBLANK(IFERROR(MATCH(LEFT(BG17, FIND("__",BG17)-1),BE$2:BE823,0),"")),IFERROR(0/0,""),TRUE) | BI17: FLB2722__44529_0.302048611111111___Negative_44529_0.500277777777778_ | BJ17: =IFERROR(LEFT(BI17, FIND("__",BI17)-1),"") -> FLB2722 | BK17: =IFERROR(AND(EXACT(BJ18,BJ17),NOT(EXACT(BJ17,BJ16))),"") -> FALSE | BL17: =IF(BK17,BJ17,IFERROR(0/0,"")) | BN17: =OR(BO17,BP17) -> TRUE | BO17: =ISBLANK($AR17) -> FALSE | BP17: =IF(TRIM($AR17)="",TRUE,FALSE) -> TRUE | BR17: =IF(EXACT(AK17,"Null"),2.2,IFERROR(0/0,""))
A18: PA9486 | B18: 44468 | C18: 0.35561343 | K18: Null | L18: 44868 | M18: 0.53552083 | P18: =IFNA(IF(VLOOKUP($A18,'Add from APT'!$AA$2:$AC808,3,FALSE)>0,TRUE,FALSE),"ER - NOT IN APT") -> FALSE | Q18: =IF(ISLOGICAL(P18),IF(P18,"ER - REPS IN APT", IFNA(VLOOKUP($A18,RAW_APT!$A$3:$M808,7,FALSE),"ER - NOT IN APT")),P18) -> Collected | R18: =IF(EXACT($A18,$A17),FALSE,TRUE) -> TRUE | S18: =COUNTIF($A$2:$A824,$A18) -> 1 | X18: =IF(ISBLANK($U18),IF(ISBLANK($V18),FALSE,"ER - LAST ONLY"),TRUE) -> FALSE | Y18: FALSE | Z18: =IF($S18>4,TRUE,IFERROR(0/0,"")) | AA18: =IF(ISBLANK($O18),FALSE,TRUE) -> FALSE | AB18: FALSE | AC18: 791 | AD18: TRUE | AE18: =IFERROR(IF(EXACT($L18,$B18),(TIMEVALUE($M18)-TIMEVALUE($C18))*24*60,IFERROR(0/0,"")),IFERROR(0/0,"")) | AF18: =OR(AND(NOT($AG18),IFERROR(NOT($AG19),""),EXACT($A18,$A19),NOT(EXACT(CONCATENATE($B18,$C18),CONCATENATE($B19,$C19)))),AND(NOT($AG18),IFERROR(NOT($AG17),""),EXACT($A18,$A17),NOT(EXACT(CONCATENATE($B18,$C18),CONCATENATE($B17,$C17))))) -> FALSE | AG18: =IF($AH18>0,TRUE,FALSE) -> TRUE | AH18: 5.5 | AK18: =IFS(AND($AJ18>=2,$AJ18<3),"Negative",AND($AJ18>=3,$AJ18<4),"Positive",AND($AJ18>=4,$AJ18<5),"Inconclusive",$AJ18=5,"MANUAL FILL",$AG18,"DELETED",TRUE,$K18) -> DELETED | AM18: DELETED | AN18: DELETED | AO18: =IFERROR(__xludf.DUMMYFUNCTION("IF($AG18, ""DELETED"",TRIM(JOIN("" "",D18:E18)))"),"DELETED") -> DELETED | AP18: =IF($AG18, "DELETED", TRIM(CONCATENATE(F18,I18,U18))) -> DELETED | AQ18: =IF($AG18, "DELETED", TRIM(CONCATENATE(G18,J18,V18))) -> DELETED | AR18: =IFERROR(__xludf.DUMMYFUNCTION("IF($AG18, ""DELETED"", TRIM(JOIN("" "",AP18,AQ18)))"),"DELETED") -> DELETED | AT18: =IF(OR($AG18,SUM($AU18:$AW18)=1),TRUE,FALSE) -> TRUE | AU18: =IF($AG18,IFERROR(0/0,""),IF(ISBLANK($F18),IF(ISBLANK($G18),IFERROR(0/0,""),2),1)) | AV18: =IF($AG18,IFERROR(0/0,""),IF(ISBLANK($I18),IF(ISBLANK($J18),IFERROR(0/0,""),2),1)) | AW18: =IF($AG18,IFERROR(0/0,""),IF(ISBLANK($U18),IF(ISBLANK($V18),IFERROR(0/0,""),2),1)) | AX18: =IF(AND($X18,$A19=$A18),1,IFERROR(0/0,"")) | BA18: =IF(AG18,IFERROR(0/0,""),IF(EXACT(UPPER(A18),A18),IFERROR(0/0,""),TRUE)) | BF18: =IF(COUNTIF(BJ$2:BJ824,BE18)>0,COUNTIF(BJ$2:BJ824,BE18),IFERROR(0/0,"")) | BG18: =IF($AG18,IFERROR(0/0,""),CONCATENATE($A18,"__",$B18,"_",$C18,"_",$D18,"_",$E18,"_",$K18,"_",$L18,"_",$M18,"_",$O18)) | BH18: =IF(ISBLANK(IFERROR(MATCH(LEFT(BG18, FIND("__",BG18)-1),BE$2:BE824,0),"")),IFERROR(0/0,""),TRUE) | BI18: FLB2723__44529_0.245474537037037___Negative_44529_0.500277777777778_ | BJ18: =IFERROR(LEFT(BI18, FIND("__",BI18)-1),"") -> FLB2723 | BK18: =IFERROR(AND(EXACT(BJ19,BJ18),NOT(EXACT(BJ18,BJ17))),"") -> FALSE | BL18: =IF(BK18,BJ18,IFERROR(0/0,"")) | BN18: =OR(BO18,BP18) -> FALSE | BO18: =ISBLANK($AR18) -> FALSE | BP18: =IF(TRIM($AR18)="",TRUE,FALSE) -> FALSE | BR18: =IF(EXACT(AK18,"Null"),2.2,IFERROR(0/0,""))
A19: PA9531 | B19: 44468 | C19: 0.3618287 | K19: Null | L19: 44868 | M19: 0.53552083 | P19: =IFNA(IF(VLOOKUP($A19,'Add from APT'!$AA$2:$AC808,3,FALSE)>0,TRUE,FALSE),"ER - NOT IN APT") -> FALSE | Q19: =IF(ISLOGICAL(P19),IF(P19,"ER - REPS IN APT", IFNA(VLOOKUP($A19,RAW_APT!$A$3:$M808,7,FALSE),"ER - NOT IN APT")),P19) -> Collected | R19: =IF(EXACT($A19,$A18),FALSE,TRUE) -> TRUE | S19: =COUNTIF($A$2:$A825,$A19) -> 1 | T19: 0 | X19: =IF(ISBLANK($U19),IF(ISBLANK($V19),FALSE,"ER - LAST ONLY"),TRUE) -> FALSE | Y19: FALSE | Z19: =IF($S19>4,TRUE,IFERROR(0/0,"")) | AA19: =IF(ISBLANK($O19),FALSE,TRUE) -> FALSE | AB19: FALSE | AC19: 790 | AD19: TRUE | AE19: =IFERROR(IF(EXACT($L19,$B19),(TIMEVALUE($M19)-TIMEVALUE($C19))*24*60,IFERROR(0/0,"")),IFERROR(0/0,"")) | AF19: =OR(AND(NOT($AG19),IFERROR(NOT($AG20),""),EXACT($A19,$A20),NOT(EXACT(CONCATENATE($B19,$C19),CONCATENATE($B20,$C20)))),AND(NOT($AG19),IFERROR(NOT($AG18),""),EXACT($A19,$A18),NOT(EXACT(CONCATENATE($B19,$C19),CONCATENATE($B18,$C18))))) -> FALSE | AG19: =IF($AH19>0,TRUE,FALSE) -> FALSE | AJ19: 2.2 | AK19: =IFS(AND($AJ19>=2,$AJ19<3),"Negative",AND($AJ19>=3,$AJ19<4),"Positive",AND($AJ19>=4,$AJ19<5),"Inconclusive",$AJ19=5,"MANUAL FILL",$AG19,"DELETED",TRUE,$K19) -> Negative | AM19: SpROSA145068 | AN19: ROSA590735 | AO19: =IFERROR(__xludf.DUMMYFUNCTION("IF($AG19, ""DELETED"",TRIM(JOIN("" "",D19:E19)))"),"") | AP19: =IF($AG19, "DELETED", TRIM(CONCATENATE(F19,I19,U19))) | AQ19: =IF($AG19, "DELETED", TRIM(CONCATENATE(G19,J19,V19))) | AR19: =IFERROR(__xludf.DUMMYFUNCTION("IF($AG19, ""DELETED"", TRIM(JOIN("" "",AP19,AQ19)))"),"") | AT19: =IF(OR($AG19,SUM($AU19:$AW19)=1),TRUE,FALSE) -> FALSE | AU19: =IF($AG19,IFERROR(0/0,""),IF(ISBLANK($F19),IF(ISBLANK($G19),IFERROR(0/0,""),2),1)) | AV19: =IF($AG19,IFERROR(0/0,""),IF(ISBLANK($I19),IF(ISBLANK($J19),IFERROR(0/0,""),2),1)) | AW19: =IF($AG19,IFERROR(0/0,""),IF(ISBLANK($U19),IF(ISBLANK($V19),IFERROR(0/0,""),2),1)) | AX19: =IF(AND($X19,$A20=$A19),1,IFERROR(0/0,"")) | BA19: =IF(AG19,IFERROR(0/0,""),IF(EXACT(UPPER(A19),A19),IFERROR(0/0,""),TRUE)) | BF19: =IF(COUNTIF(BJ$2:BJ825,BE19)>0,COUNTIF(BJ$2:BJ825,BE19),IFERROR(0/0,"")) | BG19: =IF($AG19,IFERROR(0/0,""),CONCATENATE($A19,"__",$B19,"_",$C19,"_",$D19,"_",$E19,"_",$K19,"_",$L19,"_",$M19,"_",$O19)) -> PA9531__44468_0.361828703703704___Null_44868_0.535520833333333_ | BH19: =IF(ISBLANK(IFERROR(MATCH(LEFT(BG19, FIND("__",BG19)-1),BE$2:BE825,0),"")),IFERROR(0/0,""),TRUE) | BI19: FLB2733__44515_0.124293981481481___Null_44868_0.535520833333333_ | BJ19: =IFERROR(LEFT(BI19, FIND("__",BI19)-1),"") -> FLB2733 | BK19: =IFERROR(AND(EXACT(BJ20,BJ19),NOT(EXACT(BJ19,BJ18))),"") -> FALSE | BL19: =IF(BK19,BJ19,IFERROR(0/0,"")) | BN19: =OR(BO19,BP19) -> TRUE | BO19: =ISBLANK($AR19) -> FALSE | BP19: =IF(TRIM($AR19)="",TRUE,FALSE) -> TRUE | BR19: =IF(EXACT(AK19,"Null"),2.2,IFERROR(0/0,""))
A20: PA9528 | B20: 44468 | C20: 0.39512731 | K20: Null | L20: 44868 | M20: 0.53552083 | P20: =IFNA(IF(VLOOKUP($A20,'Add from APT'!$AA$2:$AC808,3,FALSE)>0,TRUE,FALSE),"ER - NOT IN APT") -> FALSE | Q20: =IF(ISLOGICAL(P20),IF(P20,"ER - REPS IN APT", IFNA(VLOOKUP($A20,RAW_APT!$A$3:$M808,7,FALSE),"ER - NOT IN APT")),P20) -> Collected | R20: =IF(EXACT($A20,$A19),FALSE,TRUE) -> TRUE | S20: =COUNTIF($A$2:$A826,$A20) -> 1 | T20: 0 | X20: =IF(ISBLANK($U20),IF(ISBLANK($V20),FALSE,"ER - LAST ONLY"),TRUE) -> FALSE | Y20: FALSE | Z20: =IF($S20>4,TRUE,IFERROR(0/0,"")) | AA20: =IF(ISBLANK($O20),FALSE,TRUE) -> FALSE | AB20: FALSE | AC20: 789 | AD20: TRUE | AE20: =IFERROR(IF(EXACT($L20,$B20),(TIMEVALUE($M20)-TIMEVALUE($C20))*24*60,IFERROR(0/0,"")),IFERROR(0/0,"")) | AF20: =OR(AND(NOT($AG20),IFERROR(NOT($AG21),""),EXACT($A20,$A21),NOT(EXACT(CONCATENATE($B20,$C20),CONCATENATE($B21,$C21)))),AND(NOT($AG20),IFERROR(NOT($AG19),""),EXACT($A20,$A19),NOT(EXACT(CONCATENATE($B20,$C20),CONCATENATE($B19,$C19))))) -> FALSE | AG20: =IF($AH20>0,TRUE,FALSE) -> FALSE | AI20: 6 | AJ20: 2.2 | AK20: =IFS(AND($AJ20>=2,$AJ20<3),"Negative",AND($AJ20>=3,$AJ20<4),"Positive",AND($AJ20>=4,$AJ20<5),"Inconclusive",$AJ20=5,"MANUAL FILL",$AG20,"DELETED",TRUE,$K20) -> Negative | AM20: SpROSA145068 | AN20: ROSA136445 | AO20: =IFERROR(__xludf.DUMMYFUNCTION("IF($AG20, ""DELETED"",TRIM(JOIN("" "",D20:E20)))"),"") | AP20: =IF($AG20, "DELETED", TRIM(CONCATENATE(F20,I20,U20))) | AQ20: =IF($AG20, "DELETED", TRIM(CONCATENATE(G20,J20,V20))) | AR20: =IFERROR(__xludf.DUMMYFUNCTION("IF($AG20, ""DELETED"", TRIM(JOIN("" "",AP20,AQ20)))"),"") | AT20: =IF(OR($AG20,SUM($AU20:$AW20)=1),TRUE,FALSE) -> FALSE | AU20: =IF($AG20,IFERROR(0/0,""),IF(ISBLANK($F20),IF(ISBLANK($G20),IFERROR(0/0,""),2),1)) | AV20: =IF($AG20,IFERROR(0/0,""),IF(ISBLANK($I20),IF(ISBLANK($J20),IFERROR(0/0,""),2),1)) | AW20: =IF($AG20,IFERROR(0/0,""),IF(ISBLANK($U20),IF(ISBLANK($V20),IFERROR(0/0,""),2),1)) | AX20: =IF(AND($X20,$A21=$A20),1,IFERROR(0/0,"")) | BA20: =IF(AG20,IFERROR(0/0,""),IF(EXACT(UPPER(A20),A20),IFERROR(0/0,""),TRUE)) | BF20: =IF(COUNTIF(BJ$2:BJ826,BE20)>0,COUNTIF(BJ$2:BJ826,BE20),IFERROR(0/0,"")) | BG20: =IF($AG20,IFERROR(0/0,""),CONCATENATE($A20,"__",$B20,"_",$C20,"_",$D20,"_",$E20,"_",$K20,"_",$L20,"_",$M20,"_",$O20)) -> PA9528__44468_0.395127314814815___Null_44868_0.535520833333333_ | BH20: =IF(ISBLANK(IFERROR(MATCH(LEFT(BG20, FIND("__",BG20)-1),BE$2:BE826,0),"")),IFERROR(0/0,""),TRUE) | BI20: FLB2734__44517_0.402071759259259___Negative_44519_0.40537037037037_ | BJ20: =IFERROR(LEFT(BI20, FIND("__",BI20)-1),"") -> FLB2734 | BK20: =IFERROR(AND(EXACT(BJ21,BJ20),NOT(EXACT(BJ20,BJ19))),"") -> FALSE | BL20: =IF(BK20,BJ20,IFERROR(0/0,"")) | BN20: =OR(BO20,BP20) -> TRUE | BO20: =ISBLANK($AR20) -> FALSE | BP20: =IF(TRIM($AR20)="",TRUE,FALSE) -> TRUE | BR20: =IF(EXACT(AK20,"Null"),2.2,IFERROR(0/0,""))
A21: PA9499 | B21: 44469 | C21: 0.24612269 | K21: Null | L21: 44868 | M21: 0.53552083 | P21: =IFNA(IF(VLOOKUP($A21,'Add from APT'!$AA$2:$AC808,3,FALSE)>0,TRUE,FALSE),"ER - NOT IN APT") -> FALSE | Q21: =IF(ISLOGICAL(P21),IF(P21,"ER - REPS IN APT", IFNA(VLOOKUP($A21,RAW_APT!$A$3:$M808,7,FALSE),"ER - NOT IN APT")),P21) -> Collected | R21: =IF(EXACT($A21,$A20),FALSE,TRUE) -> TRUE | S21: =COUNTIF($A$2:$A827,$A21) -> 1 | T21: 0 | X21: =IF(ISBLANK($U21),IF(ISBLANK($V21),FALSE,"ER - LAST ONLY"),TRUE) -> FALSE | Y21: FALSE | Z21: =IF($S21>4,TRUE,IFERROR(0/0,"")) | AA21: =IF(ISBLANK($O21),FALSE,TRUE) -> FALSE | AB21: FALSE | AC21: 788 | AD21: TRUE | AE21: =IFERROR(IF(EXACT($L21,$B21),(TIMEVALUE($M21)-TIMEVALUE($C21))*24*60,IFERROR(0/0,"")),IFERROR(0/0,"")) | AF21: =OR(AND(NOT($AG21),IFERROR(NOT($AG22),""),EXACT($A21,$A22),NOT(EXACT(CONCATENATE($B21,$C21),CONCATENATE($B22,$C22)))),AND(NOT($AG21),IFERROR(NOT($AG20),""),EXACT($A21,$A20),NOT(EXACT(CONCATENATE($B21,$C21),CONCATENATE($B20,$C20))))) -> FALSE | AG21: =IF($AH21>0,TRUE,FALSE) -> FALSE | AJ21: 2.2 | AK21: =IFS(AND($AJ21>=2,$AJ21<3),"Negative",AND($AJ21>=3,$AJ21<4),"Positive",AND($AJ21>=4,$AJ21<5),"Inconclusive",$AJ21=5,"MANUAL FILL",$AG21,"DELETED",TRUE,$K21) -> Negative | AM21: SpROSA145068 | AN21: ROSA532925 | AO21: =IFERROR(__xludf.DUMMYFUNCTION("IF($AG21, ""DELETED"",TRIM(JOIN("" "",D21:E21)))"),"") | AP21: =IF($AG21, "DELETED", TRIM(CONCATENATE(F21,I21,U21))) | AQ21: =IF($AG21, "DELETED", TRIM(CONCATENATE(G21,J21,V21))) | AR21: =IFERROR(__xludf.DUMMYFUNCTION("IF($AG21, ""DELETED"", TRIM(JOIN("" "",AP21,AQ21)))"),"") | AT21: =IF(OR($AG21,SUM($AU21:$AW21)=1),TRUE,FALSE) -> FALSE | AU21: =IF($AG21,IFERROR(0/0,""),IF(ISBLANK($F21),IF(ISBLANK($G21),IFERROR(0/0,""),2),1)) | AV21: =IF($AG21,IFERROR(0/0,""),IF(ISBLANK($I21),IF(ISBLANK($J21),IFERROR(0/0,""),2),1)) | AW21: =IF($AG21,IFERROR(0/0,""),IF(ISBLANK($U21),IF(ISBLANK($V21),IFERROR(0/0,""),2),1)) | AX21: =IF(AND($X21,$A22=$A21),1,IFERROR(0/0,"")) | BA21: =IF(AG21,IFERROR(0/0,""),IF(EXACT(UPPER(A21),A21),IFERROR(0/0,""),TRUE)) | BF21: =IF(COUNTIF(BJ$2:BJ827,BE21)>0,COUNTIF(BJ$2:BJ827,BE21),IFERROR(0/0,"")) | BG21: =IF($AG21,IFERROR(0/0,""),CONCATENATE($A21,"__",$B21,"_",$C21,"_",$D21,"_",$E21,"_",$K21,"_",$L21,"_",$M21,"_",$O21)) -> PA9499__44469_0.246122685185185___Null_44868_0.535520833333333_ | BH21: =IF(ISBLANK(IFERROR(MATCH(LEFT(BG21, FIND("__",BG21)-1),BE$2:BE827,0),"")),IFERROR(0/0,""),TRUE) | BI21: FLB2735__44518_0.221689814814815___Negative_44518_0.391203703703704_ | BJ21: =IFERROR(LEFT(BI21, FIND("__",BI21)-1),"") -> FLB2735 | BK21: =IFERROR(AND(EXACT(BJ22,BJ21),NOT(EXACT(BJ21,BJ20))),"") -> FALSE | BL21: =IF(BK21,BJ21,IFERROR(0/0,"")) | BN21: =OR(BO21,BP21) -> TRUE | BO21: =ISBLANK($AR21) -> FALSE | BP21: =IF(TRIM($AR21)="",TRUE,FALSE) -> TRUE | BR21: =IF(EXACT(AK21,"Null"),2.2,IFERROR(0/0,""))
A22: PA9438 | B22: 44469 | C22: 0.27547454 | K22: Null | L22: 44868 | M22: 0.53552083 | P22: =IFNA(IF(VLOOKUP($A22,'Add from APT'!$AA$2:$AC808,3,FALSE)>0,TRUE,FALSE),"ER - NOT IN APT") -> FALSE | Q22: =IF(ISLOGICAL(P22),IF(P22,"ER - REPS IN APT", IFNA(VLOOKUP($A22,RAW_APT!$A$3:$M808,7,FALSE),"ER - NOT IN APT")),P22) -> Collected | R22: =IF(EXACT($A22,$A21),FALSE,TRUE) -> TRUE | S22: =COUNTIF($A$2:$A828,$A22) -> 1 | T22: 0 | X22: =IF(ISBLANK($U22),IF(ISBLANK($V22),FALSE,"ER - LAST ONLY"),TRUE) -> FALSE | Y22: FALSE | Z22: =IF($S22>4,TRUE,IFERROR(0/0,"")) | AA22: =IF(ISBLANK($O22),FALSE,TRUE) -> FALSE | AB22: FALSE | AC22: 787 | AD22: TRUE | AE22: =IFERROR(IF(EXACT($L22,$B22),(TIMEVALUE($M22)-TIMEVALUE($C22))*24*60,IFERROR(0/0,"")),IFERROR(0/0,"")) | AF22: =OR(AND(NOT($AG22),IFERROR(NOT($AG23),""),EXACT($A22,$A23),NOT(EXACT(CONCATENATE($B22,$C22),CONCATENATE($B23,$C23)))),AND(NOT($AG22),IFERROR(NOT($AG21),""),EXACT($A22,$A21),NOT(EXACT(CONCATENATE($B22,$C22),CONCATENATE($B21,$C21))))) -> FALSE | AG22: =IF($AH22>0,TRUE,FALSE) -> FALSE | AJ22: 2.2 | AK22: =IFS(AND($AJ22>=2,$AJ22<3),"Negative",AND($AJ22>=3,$AJ22<4),"Positive",AND($AJ22>=4,$AJ22<5),"Inconclusive",$AJ22=5,"MANUAL FILL",$AG22,"DELETED",TRUE,$K22) -> Negative | AM22: SpROSA145068 | AN22: ROSA624972 | AO22: =IFERROR(__xludf.DUMMYFUNCTION("IF($AG22, ""DELETED"",TRIM(JOIN("" "",D22:E22)))"),"") | AP22: =IF($AG22, "DELETED", TRIM(CONCATENATE(F22,I22,U22))) | AQ22: =IF($AG22, "DELETED", TRIM(CONCATENATE(G22,J22,V22))) | AR22: =IFERROR(__xludf.DUMMYFUNCTION("IF($AG22, ""DELETED"", TRIM(JOIN("" "",AP22,AQ22)))"),"") | AT22: =IF(OR($AG22,SUM($AU22:$AW22)=1),TRUE,FALSE) -> FALSE | AU22: =IF($AG22,IFERROR(0/0,""),IF(ISBLANK($F22),IF(ISBLANK($G22),IFERROR(0/0,""),2),1)) | AV22: =IF($AG22,IFERROR(0/0,""),IF(ISBLANK($I22),IF(ISBLANK($J22),IFERROR(0/0,""),2),1)) | AW22: =IF($AG22,IFERROR(0/0,""),IF(ISBLANK($U22),IF(ISBLANK($V22),IFERROR(0/0,""),2),1)) | AX22: =IF(AND($X22,$A23=$A22),1,IFERROR(0/0,"")) | BA22: =IF(AG22,IFERROR(0/0,""),IF(EXACT(UPPER(A22),A22),IFERROR(0/0,""),TRUE)) | BF22: =IF(COUNTIF(BJ$2:BJ828,BE22)>0,COUNTIF(BJ$2:BJ828,BE22),IFERROR(0/0,"")) | BG22: =IF($AG22,IFERROR(0/0,""),CONCATENATE($A22,"__",$B22,"_",$C22,"_",$D22,"_",$E22,"_",$K22,"_",$L22,"_",$M22,"_",$O22)) -> PA9438__44469_0.275474537037037___Null_44868_0.535520833333333_ | BH22: =IF(ISBLANK(IFERROR(MATCH(LEFT(BG22, FIND("__",BG22)-1),BE$2:BE828,0),"")),IFERROR(0/0,""),TRUE) | BI22: FLB2736__44517_0.404155092592593___Negative_44519_0.40537037037037_ | BJ22: =IFERROR(LEFT(BI22, FIND("__",BI22)-1),"") -> FLB2736 | BK22: =IFERROR(AND(EXACT(BJ23,BJ22),NOT(EXACT(BJ22,BJ21))),"") -> FALSE | BL22: =IF(BK22,BJ22,IFERROR(0/0,"")) | BN22: =OR(BO22,BP22) -> TRUE | BO22: =ISBLANK($AR22) -> FALSE | BP22: =IF(TRIM($AR22)="",TRUE,FALSE) -> TRUE | BR22: =IF(EXACT(AK22,"Null"),2.2,IFERROR(0/0,""))
A23: PA9582 | B23: 44469 | C23: 0.31451389 | K23: Null | L23: 44868 | M23: 0.53552083 | P23: =IFNA(IF(VLOOKUP($A23,'Add from APT'!$AA$2:$AC808,3,FALSE)>0,TRUE,FALSE),"ER - NOT IN APT") -> FALSE | Q23: =IF(ISLOGICAL(P23),IF(P23,"ER - REPS IN APT", IFNA(VLOOKUP($A23,RAW_APT!$A$3:$M808,7,FALSE),"ER - NOT IN APT")),P23) -> Collected | R23: =IF(EXACT($A23,$A22),FALSE,TRUE) -> TRUE | S23: =COUNTIF($A$2:$A829,$A23) -> 1 | T23: 0 | X23: =IF(ISBLANK($U23),IF(ISBLANK($V23),FALSE,"ER - LAST ONLY"),TRUE) -> FALSE | Y23: FALSE | Z23: =IF($S23>4,TRUE,IFERROR(0/0,"")) | AA23: =IF(ISBLANK($O23),FALSE,TRUE) -> FALSE | AB23: FALSE | AC23: 786 | AD23: TRUE | AE23: =IFERROR(IF(EXACT($L23,$B23),(TIMEVALUE($M23)-TIMEVALUE($C23))*24*60,IFERROR(0/0,"")),IFERROR(0/0,"")) | AF23: =OR(AND(NOT($AG23),IFERROR(NOT($AG24),""),EXACT($A23,$A24),NOT(EXACT(CONCATENATE($B23,$C23),CONCATENATE($B24,$C24)))),AND(NOT($AG23),IFERROR(NOT($AG22),""),EXACT($A23,$A22),NOT(EXACT(CONCATENATE($B23,$C23),CONCATENATE($B22,$C22))))) -> FALSE | AG23: =IF($AH23>0,TRUE,FALSE) -> FALSE | AJ23: 2.2 | AK23: =IFS(AND($AJ23>=2,$AJ23<3),"Negative",AND($AJ23>=3,$AJ23<4),"Positive",AND($AJ23>=4,$AJ23<5),"Inconclusive",$AJ23=5,"MANUAL FILL",$AG23,"DELETED",TRUE,$K23) -> Negative | AM23: SpROSA145068 | AN23: ROSA333397 | AO23: =IFERROR(__xludf.DUMMYFUNCTION("IF($AG23, ""DELETED"",TRIM(JOIN("" "",D23:E23)))"),"") | AP23: =IF($AG23, "DELETED", TRIM(CONCATENATE(F23,I23,U23))) | AQ23: =IF($AG23, "DELETED", TRIM(CONCATENATE(G23,J23,V23))) | AR23: =IFERROR(__xludf.DUMMYFUNCTION("IF($AG23, ""DELETED"", TRIM(JOIN("" "",AP23,AQ23)))"),"") | AT23: =IF(OR($AG23,SUM($AU23:$AW23)=1),TRUE,FALSE) -> FALSE | AU23: =IF($AG23,IFERROR(0/0,""),IF(ISBLANK($F23),IF(ISBLANK($G23),IFERROR(0/0,""),2),1)) | AV23: =IF($AG23,IFERROR(0/0,""),IF(ISBLANK($I23),IF(ISBLANK($J23),IFERROR(0/0,""),2),1)) | AW23: =IF($AG23,IFERROR(0/0,""),IF(ISBLANK($U23),IF(ISBLANK($V23),IFERROR(0/0,""),2),1)) | AX23: =IF(AND($X23,$A24=$A23),1,IFERROR(0/0,"")) | BA23: =IF(AG23,IFERROR(0/0,""),IF(EXACT(UPPER(A23),A23),IFERROR(0/0,""),TRUE)) | BF23: =IF(COUNTIF(BJ$2:BJ829,BE23)>0,COUNTIF(BJ$2:BJ829,BE23),IFERROR(0/0,"")) | BG23: =IF($AG23,IFERROR(0/0,""),CONCATENATE($A23,"__",$B23,"_",$C23,"_",$D23,"_",$E23,"_",$K23,"_",$L23,"_",$M23,"_",$O23)) -> PA9582__44469_0.314513888888889___Null_44868_0.535520833333333_ | BH23: =IF(ISBLANK(IFERROR(MATCH(LEFT(BG23, FIND("__",BG23)-1),BE$2:BE829,0),"")),IFERROR(0/0,""),TRUE) | BI23: FLB2737__44515_0.185439814814815___Negative_44515_0.394664351851852_ | BJ23: =IFERROR(LEFT(BI23, FIND("__",BI23)-1),"") -> FLB2737 | BK23: =IFERROR(AND(EXACT(BJ24,BJ23),NOT(EXACT(BJ23,BJ22))),"") -> FALSE | BL23: =IF(BK23,BJ23,IFERROR(0/0,"")) | BN23: =OR(BO23,BP23) -> TRUE | BO23: =ISBLANK($AR23) -> FALSE | BP23: =IF(TRIM($AR23)="",TRUE,FALSE) -> TRUE | BR23: =IF(EXACT(AK23,"Null"),2.2,IFERROR(0/0,""))
A24: PA9518 | B24: 44469 | C24: 0.3608912 | K24: Null | L24: 44868 | M24: 0.53552083 | P24: =IFNA(IF(VLOOKUP($A24,'Add from APT'!$AA$2:$AC808,3,FALSE)>0,TRUE,FALSE),"ER - NOT IN APT") -> FALSE | Q24: =IF(ISLOGICAL(P24),IF(P24,"ER - REPS IN APT", IFNA(VLOOKUP($A24,RAW_APT!$A$3:$M808,7,FALSE),"ER - NOT IN APT")),P24) -> Collected | R24: =IF(EXACT($A24,$A23),FALSE,TRUE) -> TRUE | S24: =COUNTIF($A$2:$A830,$A24) -> 1 | T24: 0 | X24: =IF(ISBLANK($U24),IF(ISBLANK($V24),FALSE,"ER - LAST ONLY"),TRUE) -> FALSE | Y24: FALSE | Z24: =IF($S24>4,TRUE,IFERROR(0/0,"")) | AA24: =IF(ISBLANK($O24),FALSE,TRUE) -> FALSE | AB24: FALSE | AC24: 785 | AD24: TRUE | AE24: =IFERROR(IF(EXACT($L24,$B24),(TIMEVALUE($M24)-TIMEVALUE($C24))*24*60,IFERROR(0/0,"")),IFERROR(0/0,"")) | AF24: =OR(AND(NOT($AG24),IFERROR(NOT($AG25),""),EXACT($A24,$A25),NOT(EXACT(CONCATENATE($B24,$C24),CONCATENATE($B25,$C25)))),AND(NOT($AG24),IFERROR(NOT($AG23),""),EXACT($A24,$A23),NOT(EXACT(CONCATENATE($B24,$C24),CONCATENATE($B23,$C23))))) -> FALSE | AG24: =IF($AH24>0,TRUE,FALSE) -> FALSE | AJ24: 2.2 | AK24: =IFS(AND($AJ24>=2,$AJ24<3),"Negative",AND($AJ24>=3,$AJ24<4),"Positive",AND($AJ24>=4,$AJ24<5),"Inconclusive",$AJ24=5,"MANUAL FILL",$AG24,"DELETED",TRUE,$K24) -> Negative | AM24: SpROSA145068 | AN24: ROSA361260 | AO24: =IFERROR(__xludf.DUMMYFUNCTION("IF($AG24, ""DELETED"",TRIM(JOIN("" "",D24:E24)))"),"") | AP24: =IF($AG24, "DELETED", TRIM(CONCATENATE(F24,I24,U24))) | AQ24: =IF($AG24, "DELETED", TRIM(CONCATENATE(G24,J24,V24))) | AR24: =IFERROR(__xludf.DUMMYFUNCTION("IF($AG24, ""DELETED"", TRIM(JOIN("" "",AP24,AQ24)))"),"") | AT24: =IF(OR($AG24,SUM($AU24:$AW24)=1),TRUE,FALSE) -> FALSE | AU24: =IF($AG24,IFERROR(0/0,""),IF(ISBLANK($F24),IF(ISBLANK($G24),IFERROR(0/0,""),2),1)) | AV24: =IF($AG24,IFERROR(0/0,""),IF(ISBLANK($I24),IF(ISBLANK($J24),IFERROR(0/0,""),2),1)) | AW24: =IF($AG24,IFERROR(0/0,""),IF(ISBLANK($U24),IF(ISBLANK($V24),IFERROR(0/0,""),2),1)) | AX24: =IF(AND($X24,$A25=$A24),1,IFERROR(0/0,"")) | BA24: =IF(AG24,IFERROR(0/0,""),IF(EXACT(UPPER(A24),A24),IFERROR(0/0,""),TRUE)) | BF24: =IF(COUNTIF(BJ$2:BJ830,BE24)>0,COUNTIF(BJ$2:BJ830,BE24),IFERROR(0/0,"")) | BG24: =IF($AG24,IFERROR(0/0,""),CONCATENATE($A24,"__",$B24,"_",$C24,"_",$D24,"_",$E24,"_",$K24,"_",$L24,"_",$M24,"_",$O24)) -> PA9518__44469_0.360891203703704___Null_44868_0.535520833333333_ | BH24: =IF(ISBLANK(IFERROR(MATCH(LEFT(BG24, FIND("__",BG24)-1),BE$2:BE830,0),"")),IFERROR(0/0,""),TRUE) | BI24: FLB2738__44519_0.217511574074074___Negative_44519_0.40537037037037_ | BJ24: =IFERROR(LEFT(BI24, FIND("__",BI24)-1),"") -> FLB2738 | BK24: =IFERROR(AND(EXACT(BJ25,BJ24),NOT(EXACT(BJ24,BJ23))),"") -> FALSE | BL24: =IF(BK24,BJ24,IFERROR(0/0,"")) | BN24: =OR(BO24,BP24) -> TRUE | BO24: =ISBLANK($AR24) -> FALSE | BP24: =IF(TRIM($AR24)="",TRUE,FALSE) -> TRUE | BR24: =IF(EXACT(AK24,"Null"),2.2,IFERROR(0/0,""))
A25: PA9401 | B25: 44470 | C25: 0.27988426 | K25: Null | L25: 44868 | M25: 0.53552083 | P25: =IFNA(IF(VLOOKUP($A25,'Add from APT'!$AA$2:$AC808,3,FALSE)>0,TRUE,FALSE),"ER - NOT IN APT") -> FALSE | Q25: =IF(ISLOGICAL(P25),IF(P25,"ER - REPS IN APT", IFNA(VLOOKUP($A25,RAW_APT!$A$3:$M808,7,FALSE),"ER - NOT IN APT")),P25) -> Collected | R25: =IF(EXACT($A25,$A24),FALSE,TRUE) -> TRUE | S25: =COUNTIF($A$2:$A831,$A25) -> 1 | X25: =IF(ISBLANK($U25),IF(ISBLANK($V25),FALSE,"ER - LAST ONLY"),TRUE) -> FALSE | Y25: FALSE | Z25: =IF($S25>4,TRUE,IFERROR(0/0,"")) | AA25: =IF(ISBLANK($O25),FALSE,TRUE) -> FALSE | AB25: FALSE | AC25: 784 | AD25: TRUE | AE25: =IFERROR(IF(EXACT($L25,$B25),(TIMEVALUE($M25)-TIMEVALUE($C25))*24*60,IFERROR(0/0,"")),IFERROR(0/0,"")) | AF25: =OR(AND(NOT($AG25),IFERROR(NOT($AG26),""),EXACT($A25,$A26),NOT(EXACT(CONCATENATE($B25,$C25),CONCATENATE($B26,$C26)))),AND(NOT($AG25),IFERROR(NOT($AG24),""),EXACT($A25,$A24),NOT(EXACT(CONCATENATE($B25,$C25),CONCATENATE($B24,$C24))))) -> FALSE | AG25: =IF($AH25>0,TRUE,FALSE) -> TRUE | AH25: 5.5 | AK25: =IFS(AND($AJ25>=2,$AJ25<3),"Negative",AND($AJ25>=3,$AJ25<4),"Positive",AND($AJ25>=4,$AJ25<5),"Inconclusive",$AJ25=5,"MANUAL FILL",$AG25,"DELETED",TRUE,$K25) -> DELETED | AM25: DELETED | AN25: DELETED | AO25: =IFERROR(__xludf.DUMMYFUNCTION("IF($AG25, ""DELETED"",TRIM(JOIN("" "",D25:E25)))"),"DELETED") -> DELETED | AP25: =IF($AG25, "DELETED", TRIM(CONCATENATE(F25,I25,U25))) -> DELETED | AQ25: =IF($AG25, "DELETED", TRIM(CONCATENATE(G25,J25,V25))) -> DELETED | AR25: =IFERROR(__xludf.DUMMYFUNCTION("IF($AG25, ""DELETED"", TRIM(JOIN("" "",AP25,AQ25)))"),"DELETED") -> DELETED | AT25: =IF(OR($AG25,SUM($AU25:$AW25)=1),TRUE,FALSE) -> TRUE | AU25: =IF($AG25,IFERROR(0/0,""),IF(ISBLANK($F25),IF(ISBLANK($G25),IFERROR(0/0,""),2),1)) | AV25: =IF($AG25,IFERROR(0/0,""),IF(ISBLANK($I25),IF(ISBLANK($J25),IFERROR(0/0,""),2),1)) | AW25: =IF($AG25,IFERROR(0/0,""),IF(ISBLANK($U25),IF(ISBLANK($V25),IFERROR(0/0,""),2),1)) | AX25: =IF(AND($X25,$A26=$A25),1,IFERROR(0/0,"")) | BA25: =IF(AG25,IFERROR(0/0,""),IF(EXACT(UPPER(A25),A25),IFERROR(0/0,""),TRUE)) | BF25: =IF(COUNTIF(BJ$2:BJ831,BE25)>0,COUNTIF(BJ$2:BJ831,BE25),IFERROR(0/0,"")) | BG25: =IF($AG25,IFERROR(0/0,""),CONCATENATE($A25,"__",$B25,"_",$C25,"_",$D25,"_",$E25,"_",$K25,"_",$L25,"_",$M25,"_",$O25)) | BH25: =IF(ISBLANK(IFERROR(MATCH(LEFT(BG25, FIND("__",BG25)-1),BE$2:BE831,0),"")),IFERROR(0/0,""),TRUE) | BI25: FLB2739__44522_0.145810185185185___Negative_44522_0.5365625_ | BJ25: =IFERROR(LEFT(BI25, FIND("__",BI25)-1),"") -> FLB2739 | BK25: =IFERROR(AND(EXACT(BJ26,BJ25),NOT(EXACT(BJ25,BJ24))),"") -> FALSE | BL25: =IF(BK25,BJ25,IFERROR(0/0,"")) | BN25: =OR(BO25,BP25) -> FALSE | BO25: =ISBLANK($AR25) -> FALSE | BP25: =IF(TRIM($AR25)="",TRUE,FALSE) -> FALSE | BR25: =IF(EXACT(AK25,"Null"),2.2,IFERROR(0/0,""))
A26: PA9583 | B26: 44470 | C26: 0.28016204 | K26: Null | L26: 44868 | M26: 0.53552083 | P26: =IFNA(IF(VLOOKUP($A26,'Add from APT'!$AA$2:$AC808,3,FALSE)>0,TRUE,FALSE),"ER - NOT IN APT") -> FALSE | Q26: =IF(ISLOGICAL(P26),IF(P26,"ER - REPS IN APT", IFNA(VLOOKUP($A26,RAW_APT!$A$3:$M808,7,FALSE),"ER - NOT IN APT")),P26) -> Collected | R26: =IF(EXACT($A26,$A25),FALSE,TRUE) -> TRUE | S26: =COUNTIF($A$2:$A832,$A26) -> 1 | T26: 0 | X26: =IF(ISBLANK($U26),IF(ISBLANK($V26),FALSE,"ER - LAST ONLY"),TRUE) -> FALSE | Y26: FALSE | Z26: =IF($S26>4,TRUE,IFERROR(0/0,"")) | AA26: =IF(ISBLANK($O26),FALSE,TRUE) -> FALSE | AB26: FALSE | AC26: 783 | AD26: TRUE | AE26: =IFERROR(IF(EXACT($L26,$B26),(TIMEVALUE($M26)-TIMEVALUE($C26))*24*60,IFERROR(0/0,"")),IFERROR(0/0,"")) | AF26: =OR(AND(NOT($AG26),IFERROR(NOT($AG27),""),EXACT($A26,$A27),NOT(EXACT(CONCATENATE($B26,$C26),CONCATENATE($B27,$C27)))),AND(NOT($AG26),IFERROR(NOT($AG25),""),EXACT($A26,$A25),NOT(EXACT(CONCATENATE($B26,$C26),CONCATENATE($B25,$C25))))) -> FALSE | AG26: =IF($AH26>0,TRUE,FALSE) -> FALSE | AJ26: 2.2 | AK26: =IFS(AND($AJ26>=2,$AJ26<3),"Negative",AND($AJ26>=3,$AJ26<4),"Positive",AND($AJ26>=4,$AJ26<5),"Inconclusive",$AJ26=5,"MANUAL FILL",$AG26,"DELETED",TRUE,$K26) -> Negative | AM26: SpROSA145068 | AN26: ROSA661034 | AO26: =IFERROR(__xludf.DUMMYFUNCTION("IF($AG26, ""DELETED"",TRIM(JOIN("" "",D26:E26)))"),"") | AP26: =IF($AG26, "DELETED", TRIM(CONCATENATE(F26,I26,U26))) | AQ26: =IF($AG26, "DELETED", TRIM(CONCATENATE(G26,J26,V26))) | AR26: =IFERROR(__xludf.DUMMYFUNCTION("IF($AG26, ""DELETED"", TRIM(JOIN("" "",AP26,AQ26)))"),"") | AT26: =IF(OR($AG26,SUM($AU26:$AW26)=1),TRUE,FALSE) -> FALSE | AU26: =IF($AG26,IFERROR(0/0,""),IF(ISBLANK($F26),IF(ISBLANK($G26),IFERROR(0/0,""),2),1)) | AV26: =IF($AG26,IFERROR(0/0,""),IF(ISBLANK($I26),IF(ISBLANK($J26),IFERROR(0/0,""),2),1)) | AW26: =IF($AG26,IFERROR(0/0,""),IF(ISBLANK($U26),IF(ISBLANK($V26),IFERROR(0/0,""),2),1)) | AX26: =IF(AND($X26,$A27=$A26),1,IFERROR(0/0,"")) | BA26: =IF(AG26,IFERROR(0/0,""),IF(EXACT(UPPER(A26),A26),IFERROR(0/0,""),TRUE)) | BF26: =IF(COUNTIF(BJ$2:BJ832,BE26)>0,COUNTIF(BJ$2:BJ832,BE26),IFERROR(0/0,"")) | BG26: =IF($AG26,IFERROR(0/0,""),CONCATENATE($A26,"__",$B26,"_",$C26,"_",$D26,"_",$E26,"_",$K26,"_",$L26,"_",$M26,"_",$O26)) -> PA9583__44470_0.280162037037037___Null_44868_0.535520833333333_ | BH26: =IF(ISBLANK(IFERROR(MATCH(LEFT(BG26, FIND("__",BG26)-1),BE$2:BE832,0),"")),IFERROR(0/0,""),TRUE) | BI26: FLB2740__44517_0.327013888888889___Negative_44517_0.471215277777778_ | BJ26: =IFERROR(LEFT(BI26, FIND("__",BI26)-1),"") -> FLB2740 | BK26: =IFERROR(AND(EXACT(BJ27,BJ26),NOT(EXACT(BJ26,BJ25))),"") -> FALSE | BL26: =IF(BK26,BJ26,IFERROR(0/0,"")) | BN26: =OR(BO26,BP26) -> TRUE | BO26: =ISBLANK($AR26) -> FALSE | BP26: =IF(TRIM($AR26)="",TRUE,FALSE) -> TRUE | BR26: =IF(EXACT(AK26,"Null"),2.2,IFERROR(0/0,""))
A27: PA9454 | B27: 44470 | C27: 0.28490741 | K27: Null | L27: 44868 | M27: 0.53552083 | P27: =IFNA(IF(VLOOKUP($A27,'Add from APT'!$AA$2:$AC808,3,FALSE)>0,TRUE,FALSE),"ER - NOT IN APT") -> FALSE | Q27: =IF(ISLOGICAL(P27),IF(P27,"ER - REPS IN APT", IFNA(VLOOKUP($A27,RAW_APT!$A$3:$M808,7,FALSE),"ER - NOT IN APT")),P27) -> Collected | R27: =IF(EXACT($A27,$A26),FALSE,TRUE) -> TRUE | S27: =COUNTIF($A$2:$A833,$A27) -> 1 | X27: =IF(ISBLANK($U27),IF(ISBLANK($V27),FALSE,"ER - LAST ONLY"),TRUE) -> FALSE | Y27: FALSE | Z27: =IF($S27>4,TRUE,IFERROR(0/0,"")) | AA27: =IF(ISBLANK($O27),FALSE,TRUE) -> FALSE | AB27: FALSE | AC27: 782 | AD27: TRUE | AE27: =IFERROR(IF(EXACT($L27,$B27),(TIMEVALUE($M27)-TIMEVALUE($C27))*24*60,IFERROR(0/0,"")),IFERROR(0/0,"")) | AF27: =OR(AND(NOT($AG27),IFERROR(NOT($AG28),""),EXACT($A27,$A28),NOT(EXACT(CONCATENATE($B27,$C27),CONCATENATE($B28,$C28)))),AND(NOT($AG27),IFERROR(NOT($AG26),""),EXACT($A27,$A26),NOT(EXACT(CONCATENATE($B27,$C27),CONCATENATE($B26,$C26))))) -> FALSE | AG27: =IF($AH27>0,TRUE,FALSE) -> TRUE | AH27: 5.5 | AK27: =IFS(AND($AJ27>=2,$AJ27<3),"Negative",AND($AJ27>=3,$AJ27<4),"Positive",AND($AJ27>=4,$AJ27<5),"Inconclusive",$AJ27=5,"MANUAL FILL",$AG27,"DELETED",TRUE,$K27) -> DELETED | AM27: DELETED | AN27: DELETED | AO27: =IFERROR(__xludf.DUMMYFUNCTION("IF($AG27, ""DELETED"",TRIM(JOIN("" "",D27:E27)))"),"DELETED") -> DELETED | AP27: =IF($AG27, "DELETED", TRIM(CONCATENATE(F27,I27,U27))) -> DELETED | AQ27: =IF($AG27, "DELETED", TRIM(CONCATENATE(G27,J27,V27))) -> DELETED | AR27: =IFERROR(__xludf.DUMMYFUNCTION("IF($AG27, ""DELETED"", TRIM(JOIN("" "",AP27,AQ27)))"),"DELETED") -> DELETED | AT27: =IF(OR($AG27,SUM($AU27:$AW27)=1),TRUE,FALSE) -> TRUE | AU27: =IF($AG27,IFERROR(0/0,""),IF(ISBLANK($F27),IF(ISBLANK($G27),IFERROR(0/0,""),2),1)) | AV27: =IF($AG27,IFERROR(0/0,""),IF(ISBLANK($I27),IF(ISBLANK($J27),IFERROR(0/0,""),2),1)) | AW27: =IF($AG27,IFERROR(0/0,""),IF(ISBLANK($U27),IF(ISBLANK($V27),IFERROR(0/0,""),2),1)) | AX27: =IF(AND($X27,$A28=$A27),1,IFERROR(0/0,"")) | BA27: =IF(AG27,IFERROR(0/0,""),IF(EXACT(UPPER(A27),A27),IFERROR(0/0,""),TRUE)) | BF27: =IF(COUNTIF(BJ$2:BJ833,BE27)>0,COUNTIF(BJ$2:BJ833,BE27),IFERROR(0/0,"")) | BG27: =IF($AG27,IFERROR(0/0,""),CONCATENATE($A27,"__",$B27,"_",$C27,"_",$D27,"_",$E27,"_",$K27,"_",$L27,"_",$M27,"_",$O27)) | BH27: =IF(ISBLANK(IFERROR(MATCH(LEFT(BG27, FIND("__",BG27)-1),BE$2:BE833,0),"")),IFERROR(0/0,""),TRUE) | BI27: FLB2741__44519_0.218564814814815___Negative_44519_0.40537037037037_ | BJ27: =IFERROR(LEFT(BI27, FIND("__",BI27)-1),"") -> FLB2741 | BK27: =IFERROR(AND(EXACT(BJ28,BJ27),NOT(EXACT(BJ27,BJ26))),"") -> FALSE | BL27: =IF(BK27,BJ27,IFERROR(0/0,"")) | BN27: =OR(BO27,BP27) -> FALSE | BO27: =ISBLANK($AR27) -> FALSE | BP27: =IF(TRIM($AR27)="",TRUE,FALSE) -> FALSE | BR27: =IF(EXACT(AK27,"Null"),2.2,IFERROR(0/0,""))
A28: PA9575 | B28: 44470 | C28: 0.28991898 | K28: Null | L28: 44868 | M28: 0.53552083 | P28: =IFNA(IF(VLOOKUP($A28,'Add from APT'!$AA$2:$AC808,3,FALSE)>0,TRUE,FALSE),"ER - NOT IN APT") -> FALSE | Q28: =IF(ISLOGICAL(P28),IF(P28,"ER - REPS IN APT", IFNA(VLOOKUP($A28,RAW_APT!$A$3:$M808,7,FALSE),"ER - NOT IN APT")),P28) -> Collected | R28: =IF(EXACT($A28,$A27),FALSE,TRUE) -> TRUE | S28: =COUNTIF($A$2:$A834,$A28) -> 1 | T28: 0 | X28: =IF(ISBLANK($U28),IF(ISBLANK($V28),FALSE,"ER - LAST ONLY"),TRUE) -> FALSE | Y28: FALSE | Z28: =IF($S28>4,TRUE,IFERROR(0/0,"")) | AA28: =IF(ISBLANK($O28),FALSE,TRUE) -> FALSE | AB28: FALSE | AC28: 781 | AD28: TRUE | AE28: =IFERROR(IF(EXACT($L28,$B28),(TIMEVALUE($M28)-TIMEVALUE($C28))*24*60,IFERROR(0/0,"")),IFERROR(0/0,"")) | AF28: =OR(AND(NOT($AG28),IFERROR(NOT($AG29),""),EXACT($A28,$A29),NOT(EXACT(CONCATENATE($B28,$C28),CONCATENATE($B29,$C29)))),AND(NOT($AG28),IFERROR(NOT($AG27),""),EXACT($A28,$A27),NOT(EXACT(CONCATENATE($B28,$C28),CONCATENATE($B27,$C27))))) -> FALSE | AG28: =IF($AH28>0,TRUE,FALSE) -> FALSE | AJ28: 2.2 | AK28: =IFS(AND($AJ28>=2,$AJ28<3),"Negative",AND($AJ28>=3,$AJ28<4),"Positive",AND($AJ28>=4,$AJ28<5),"Inconclusive",$AJ28=5,"MANUAL FILL",$AG28,"DELETED",TRUE,$K28) -> Negative | AM28: SpROSA145068 | AN28: ROSA124991 | AO28: =IFERROR(__xludf.DUMMYFUNCTION("IF($AG28, ""DELETED"",TRIM(JOIN("" "",D28:E28)))"),"") | AP28: =IF($AG28, "DELETED", TRIM(CONCATENATE(F28,I28,U28))) | AQ28: =IF($AG28, "DELETED", TRIM(CONCATENATE(G28,J28,V28))) | AR28: =IFERROR(__xludf.DUMMYFUNCTION("IF($AG28, ""DELETED"", TRIM(JOIN("" "",AP28,AQ28)))"),"") | AT28: =IF(OR($AG28,SUM($AU28:$AW28)=1),TRUE,FALSE) -> FALSE | AU28: =IF($AG28,IFERROR(0/0,""),IF(ISBLANK($F28),IF(ISBLANK($G28),IFERROR(0/0,""),2),1)) | AV28: =IF($AG28,IFERROR(0/0,""),IF(ISBLANK($I28),IF(ISBLANK($J28),IFERROR(0/0,""),2),1)) | AW28: =IF($AG28,IFERROR(0/0,""),IF(ISBLANK($U28),IF(ISBLANK($V28),IFERROR(0/0,""),2),1)) | AX28: =IF(AND($X28,$A29=$A28),1,IFERROR(0/0,"")) | BA28: =IF(AG28,IFERROR(0/0,""),IF(EXACT(UPPER(A28),A28),IFERROR(0/0,""),TRUE)) | BF28: =IF(COUNTIF(BJ$2:BJ834,BE28)>0,COUNTIF(BJ$2:BJ834,BE28),IFERROR(0/0,"")) | BG28: =IF($AG28,IFERROR(0/0,""),CONCATENATE($A28,"__",$B28,"_",$C28,"_",$D28,"_",$E28,"_",$K28,"_",$L28,"_",$M28,"_",$O28)) -> PA9575__44470_0.289918981481482___Null_44868_0.535520833333333_ | BH28: =IF(ISBLANK(IFERROR(MATCH(LEFT(BG28, FIND("__",BG28)-1),BE$2:BE834,0),"")),IFERROR(0/0,""),TRUE) | BI28: FLB3047__44547_0.185798611111111___Negative_44547_0.401863425925926_ | BJ28: =IFERROR(LEFT(BI28, FIND("__",BI28)-1),"") -> FLB3047 | BK28: =IFERROR(AND(EXACT(BJ29,BJ28),NOT(EXACT(BJ28,BJ27))),"") -> FALSE | BL28: =IF(BK28,BJ28,IFERROR(0/0,"")) | BN28: =OR(BO28,BP28) -> TRUE | BO28: =ISBLANK($AR28) -> FALSE | BP28: =IF(TRIM($AR28)="",TRUE,FALSE) -> TRUE | BR28: =IF(EXACT(AK28,"Null"),2.2,IFERROR(0/0,""))
A29: PA9481 | B29: 44470 | C29: 0.29024306 | K29: Null | L29: 44868 | M29: 0.53552083 | P29: =IFNA(IF(VLOOKUP($A29,'Add from APT'!$AA$2:$AC808,3,FALSE)>0,TRUE,FALSE),"ER - NOT IN APT") -> FALSE | Q29: =IF(ISLOGICAL(P29),IF(P29,"ER - REPS IN APT", IFNA(VLOOKUP($A29,RAW_APT!$A$3:$M808,7,FALSE),"ER - NOT IN APT")),P29) -> Collected | R29: =IF(EXACT($A29,$A28),FALSE,TRUE) -> TRUE | S29: =COUNTIF($A$2:$A835,$A29) -> 1 | T29: 0 | X29: =IF(ISBLANK($U29),IF(ISBLANK($V29),FALSE,"ER - LAST ONLY"),TRUE) -> FALSE | Y29: FALSE | Z29: =IF($S29>4,TRUE,IFERROR(0/0,"")) | AA29: =IF(ISBLANK($O29),FALSE,TRUE) -> FALSE | AB29: FALSE | AC29: 780 | AD29: TRUE | AE29: =IFERROR(IF(EXACT($L29,$B29),(TIMEVALUE($M29)-TIMEVALUE($C29))*24*60,IFERROR(0/0,"")),IFERROR(0/0,"")) | AF29: =OR(AND(NOT($AG29),IFERROR(NOT($AG30),""),EXACT($A29,$A30),NOT(EXACT(CONCATENATE($B29,$C29),CONCATENATE($B30,$C30)))),AND(NOT($AG29),IFERROR(NOT($AG28),""),EXACT($A29,$A28),NOT(EXACT(CONCATENATE($B29,$C29),CONCATENATE($B28,$C28))))) -> FALSE | AG29: =IF($AH29>0,TRUE,FALSE) -> FALSE | AJ29: 2.2 | AK29: =IFS(AND($AJ29>=2,$AJ29<3),"Negative",AND($AJ29>=3,$AJ29<4),"Positive",AND($AJ29>=4,$AJ29<5),"Inconclusive",$AJ29=5,"MANUAL FILL",$AG29,"DELETED",TRUE,$K29) -> Negative | AM29: SpROSA145068 | AN29: ROSA750622 | AO29: =IFERROR(__xludf.DUMMYFUNCTION("IF($AG29, ""DELETED"",TRIM(JOIN("" "",D29:E29)))"),"") | AP29: =IF($AG29, "DELETED", TRIM(CONCATENATE(F29,I29,U29))) | AQ29: =IF($AG29, "DELETED", TRIM(CONCATENATE(G29,J29,V29))) | AR29: =IFERROR(__xludf.DUMMYFUNCTION("IF($AG29, ""DELETED"", TRIM(JOIN("" "",AP29,AQ29)))"),"") | AT29: =IF(OR($AG29,SUM($AU29:$AW29)=1),TRUE,FALSE) -> FALSE | AU29: =IF($AG29,IFERROR(0/0,""),IF(ISBLANK($F29),IF(ISBLANK($G29),IFERROR(0/0,""),2),1)) | AV29: =IF($AG29,IFERROR(0/0,""),IF(ISBLANK($I29),IF(ISBLANK($J29),IFERROR(0/0,""),2),1)) | AW29: =IF($AG29,IFERROR(0/0,""),IF(ISBLANK($U29),IF(ISBLANK($V29),IFERROR(0/0,""),2),1)) | AX29: =IF(AND($X29,$A30=$A29),1,IFERROR(0/0,"")) | BA29: =IF(AG29,IFERROR(0/0,""),IF(EXACT(UPPER(A29),A29),IFERROR(0/0,""),TRUE)) | BF29: =IF(COUNTIF(BJ$2:BJ835,BE29)>0,COUNTIF(BJ$2:BJ835,BE29),IFERROR(0/0,"")) | BG29: =IF($AG29,IFERROR(0/0,""),CONCATENATE($A29,"__",$B29,"_",$C29,"_",$D29,"_",$E29,"_",$K29,"_",$L29,"_",$M29,"_",$O29)) -> PA9481__44470_0.290243055555556___Null_44868_0.535520833333333_ | BH29: =IF(ISBLANK(IFERROR(MATCH(LEFT(BG29, FIND("__",BG29)-1),BE$2:BE835,0),"")),IFERROR(0/0,""),TRUE) | BI29: FLB3061__44546_0.293969907407407___Negative_44546_0.511284722222222_ | BJ29: =IFERROR(LEFT(BI29, FIND("__",BI29)-1),"") -> FLB3061 | BK29: =IFERROR(AND(EXACT(BJ30,BJ29),NOT(EXACT(BJ29,BJ28))),"") -> FALSE | BL29: =IF(BK29,BJ29,IFERROR(0/0,"")) | BN29: =OR(BO29,BP29) -> TRUE | BO29: =ISBLANK($AR29) -> FALSE | BP29: =IF(TRIM($AR29)="",TRUE,FALSE) -> TRUE | BR29: =IF(EXACT(AK29,"Null"),2.2,IFERROR(0/0,""))
A30: PA9503 | B30: 44470 | C30: 0.29085648 | K30: Null | L30: 44868 | M30: 0.53552083 | P30: =IFNA(IF(VLOOKUP($A30,'Add from APT'!$AA$2:$AC808,3,FALSE)>0,TRUE,FALSE),"ER - NOT IN APT") -> FALSE | Q30: =IF(ISLOGICAL(P30),IF(P30,"ER - REPS IN APT", IFNA(VLOOKUP($A30,RAW_APT!$A$3:$M808,7,FALSE),"ER - NOT IN APT")),P30) -> Collected | R30: =IF(EXACT($A30,$A29),FALSE,TRUE) -> TRUE | S30: =COUNTIF($A$2:$A836,$A30) -> 1 | T30: 0 | X30: =IF(ISBLANK($U30),IF(ISBLANK($V30),FALSE,"ER - LAST ONLY"),TRUE) -> FALSE | Y30: FALSE | Z30: =IF($S30>4,TRUE,IFERROR(0/0,"")) | AA30: =IF(ISBLANK($O30),FALSE,TRUE) -> FALSE | AB30: FALSE | AC30: 779 | AD30: TRUE | AE30: =IFERROR(IF(EXACT($L30,$B30),(TIMEVALUE($M30)-TIMEVALUE($C30))*24*60,IFERROR(0/0,"")),IFERROR(0/0,"")) | AF30: =OR(AND(NOT($AG30),IFERROR(NOT($AG31),""),EXACT($A30,$A31),NOT(EXACT(CONCATENATE($B30,$C30),CONCATENATE($B31,$C31)))),AND(NOT($AG30),IFERROR(NOT($AG29),""),EXACT($A30,$A29),NOT(EXACT(CONCATENATE($B30,$C30),CONCATENATE($B29,$C29))))) -> FALSE | AG30: =IF($AH30>0,TRUE,FALSE) -> FALSE | AJ30: 2.2 | AK30: =IFS(AND($AJ30>=2,$AJ30<3),"Negative",AND($AJ30>=3,$AJ30<4),"Positive",AND($AJ30>=4,$AJ30<5),"Inconclusive",$AJ30=5,"MANUAL FILL",$AG30,"DELETED",TRUE,$K30) -> Negative | AM30: SpROSA145068 | AN30: ROSA590735 | AO30: =IFERROR(__xludf.DUMMYFUNCTION("IF($AG30, ""DELETED"",TRIM(JOIN("" "",D30:E30)))"),"") | AP30: =IF($AG30, "DELETED", TRIM(CONCATENATE(F30,I30,U30))) | AQ30: =IF($AG30, "DELETED", TRIM(CONCATENATE(G30,J30,V30))) | AR30: =IFERROR(__xludf.DUMMYFUNCTION("IF($AG30, ""DELETED"", TRIM(JOIN("" "",AP30,AQ30)))"),"") | AT30: =IF(OR($AG30,SUM($AU30:$AW30)=1),TRUE,FALSE) -> FALSE | AU30: =IF($AG30,IFERROR(0/0,""),IF(ISBLANK($F30),IF(ISBLANK($G30),IFERROR(0/0,""),2),1)) | AV30: =IF($AG30,IFERROR(0/0,""),IF(ISBLANK($I30),IF(ISBLANK($J30),IFERROR(0/0,""),2),1)) | AW30: =IF($AG30,IFERROR(0/0,""),IF(ISBLANK($U30),IF(ISBLANK($V30),IFERROR(0/0,""),2),1)) | AX30: =IF(AND($X30,$A31=$A30),1,IFERROR(0/0,"")) | BA30: =IF(AG30,IFERROR(0/0,""),IF(EXACT(UPPER(A30),A30),IFERROR(0/0,""),TRUE)) | BF30: =IF(COUNTIF(BJ$2:BJ836,BE30)>0,COUNTIF(BJ$2:BJ836,BE30),IFERROR(0/0,"")) | BG30: =IF($AG30,IFERROR(0/0,""),CONCATENATE($A30,"__",$B30,"_",$C30,"_",$D30,"_",$E30,"_",$K30,"_",$L30,"_",$M30,"_",$O30)) -> PA9503__44470_0.290856481481481___Null_44868_0.535520833333333_ | BH30: =IF(ISBLANK(IFERROR(MATCH(LEFT(BG30, FIND("__",BG30)-1),BE$2:BE836,0),"")),IFERROR(0/0,""),TRUE) | BI30: FLB3067__44545_0.249548611111111___Negative_44545_0.518958333333333_ | BJ30: =IFERROR(LEFT(BI30, FIND("__",BI30)-1),"") -> FLB3067 | BK30: =IFERROR(AND(EXACT(BJ31,BJ30),NOT(EXACT(BJ30,BJ29))),"") -> FALSE | BL30: =IF(BK30,BJ30,IFERROR(0/0,"")) | BN30: =OR(BO30,BP30) -> TRUE | BO30: =ISBLANK($AR30) -> FALSE | BP30: =IF(TRIM($AR30)="",TRUE,FALSE) -> TRUE | BR30: =IF(EXACT(AK30,"Null"),2.2,IFERROR(0/0,""))
A31: 1234 | B31: 44470 | C31: 0.30756944 | K31: Null | L31: 44868 | M31: 0.53552083 | P31: =IFNA(IF(VLOOKUP($A31,'Add from APT'!$AA$2:$AC808,3,FALSE)>0,TRUE,FALSE),"ER - NOT IN APT") -> FALSE | Q31: =IF(ISLOGICAL(P31),IF(P31,"ER - REPS IN APT", IFNA(VLOOKUP($A31,RAW_APT!$A$3:$M808,7,FALSE),"ER - NOT IN APT")),P31) -> ER - NOT IN APT | R31: =IF(EXACT($A31,$A30),FALSE,TRUE) -> TRUE | S31: =COUNTIF($A$2:$A837,$A31) -> 1 | X31: =IF(ISBLANK($U31),IF(ISBLANK($V31),FALSE,"ER - LAST ONLY"),TRUE) -> FALSE | Y31: FALSE | Z31: =IF($S31>4,TRUE,IFERROR(0/0,"")) | AA31: =IF(ISBLANK($O31),FALSE,TRUE) -> FALSE | AB31: FALSE | AC31: 778 | AD31: TRUE | AE31: =IFERROR(IF(EXACT($L31,$B31),(TIMEVALUE($M31)-TIMEVALUE($C31))*24*60,IFERROR(0/0,"")),IFERROR(0/0,"")) | AF31: =OR(AND(NOT($AG31),IFERROR(NOT($AG32),""),EXACT($A31,$A32),NOT(EXACT(CONCATENATE($B31,$C31),CONCATENATE($B32,$C32)))),AND(NOT($AG31),IFERROR(NOT($AG30),""),EXACT($A31,$A30),NOT(EXACT(CONCATENATE($B31,$C31),CONCATENATE($B30,$C30))))) -> FALSE | AG31: =IF($AH31>0,TRUE,FALSE) -> TRUE | AH31: 2 | AK31: =IFS(AND($AJ31>=2,$AJ31<3),"Negative",AND($AJ31>=3,$AJ31<4),"Positive",AND($AJ31>=4,$AJ31<5),"Inconclusive",$AJ31=5,"MANUAL FILL",$AG31,"DELETED",TRUE,$K31) -> DELETED | AM31: DELETED | AN31: DELETED | AO31: =IFERROR(__xludf.DUMMYFUNCTION("IF($AG31, ""DELETED"",TRIM(JOIN("" "",D31:E31)))"),"DELETED") -> DELETED | AP31: =IF($AG31, "DELETED", TRIM(CONCATENATE(F31,I31,U31))) -> DELETED | AQ31: =IF($AG31, "DELETED", TRIM(CONCATENATE(G31,J31,V31))) -> DELETED | AR31: =IFERROR(__xludf.DUMMYFUNCTION("IF($AG31, ""DELETED"", TRIM(JOIN("" "",AP31,AQ31)))"),"DELETED") -> DELETED | AT31: =IF(OR($AG31,SUM($AU31:$AW31)=1),TRUE,FALSE) -> TRUE | AU31: =IF($AG31,IFERROR(0/0,""),IF(ISBLANK($F31),IF(ISBLANK($G31),IFERROR(0/0,""),2),1)) | AV31: =IF($AG31,IFERROR(0/0,""),IF(ISBLANK($I31),IF(ISBLANK($J31),IFERROR(0/0,""),2),1)) | AW31: =IF($AG31,IFERROR(0/0,""),IF(ISBLANK($U31),IF(ISBLANK($V31),IFERROR(0/0,""),2),1)) | AX31: =IF(AND($X31,$A32=$A31),1,IFERROR(0/0,"")) | BA31: =IF(AG31,IFERROR(0/0,""),IF(EXACT(UPPER(A31),A31),IFERROR(0/0,""),TRUE)) | BF31: =IF(COUNTIF(BJ$2:BJ837,BE31)>0,COUNTIF(BJ$2:BJ837,BE31),IFERROR(0/0,"")) | BG31: =IF($AG31,IFERROR(0/0,""),CONCATENATE($A31,"__",$B31,"_",$C31,"_",$D31,"_",$E31,"_",$K31,"_",$L31,"_",$M31,"_",$O31)) | BH31: =IF(ISBLANK(IFERROR(MATCH(LEFT(BG31, FIND("__",BG31)-1),BE$2:BE837,0),"")),IFERROR(0/0,""),TRUE) | BI31: FLB3071__44545_0.394340277777778___Negative_44545_0.518958333333333_ | BJ31: =IFERROR(LEFT(BI31, FIND("__",BI31)-1),"") -> FLB3071 | BK31: =IFERROR(AND(EXACT(BJ32,BJ31),NOT(EXACT(BJ31,BJ30))),"") -> FALSE | BL31: =IF(BK31,BJ31,IFERROR(0/0,"")) | BN31: =OR(BO31,BP31) -> FALSE | BO31: =ISBLANK($AR31) -> FALSE | BP31: =IF(TRIM($AR31)="",TRUE,FALSE) -> FALSE | BR31: =IF(EXACT(AK31,"Null"),2.2,IFERROR(0/0,""))
A32: PA9516 | B32: 44470 | C32: 0.33140046 | K32: Null | L32: 44868 | M32: 0.53552083 | P32: =IFNA(IF(VLOOKUP($A32,'Add from APT'!$AA$2:$AC808,3,FALSE)>0,TRUE,FALSE),"ER - NOT IN APT") -> FALSE | Q32: =IF(ISLOGICAL(P32),IF(P32,"ER - REPS IN APT", IFNA(VLOOKUP($A32,RAW_APT!$A$3:$M808,7,FALSE),"ER - NOT IN APT")),P32) -> Collected | R32: =IF(EXACT($A32,$A31),FALSE,TRUE) -> TRUE | S32: =COUNTIF($A$2:$A838,$A32) -> 1 | X32: =IF(ISBLANK($U32),IF(ISBLANK($V32),FALSE,"ER - LAST ONLY"),TRUE) -> FALSE | Y32: FALSE | Z32: =IF($S32>4,TRUE,IFERROR(0/0,"")) | AA32: =IF(ISBLANK($O32),FALSE,TRUE) -> FALSE | AB32: FALSE | AC32: 777 | AD32: TRUE | AE32: =IFERROR(IF(EXACT($L32,$B32),(TIMEVALUE($M32)-TIMEVALUE($C32))*24*60,IFERROR(0/0,"")),IFERROR(0/0,"")) | AF32: =OR(AND(NOT($AG32),IFERROR(NOT($AG33),""),EXACT($A32,$A33),NOT(EXACT(CONCATENATE($B32,$C32),CONCATENATE($B33,$C33)))),AND(NOT($AG32),IFERROR(NOT($AG31),""),EXACT($A32,$A31),NOT(EXACT(CONCATENATE($B32,$C32),CONCATENATE($B31,$C31))))) -> FALSE | AG32: =IF($AH32>0,TRUE,FALSE) -> TRUE | AH32: 5.5 | AK32: =IFS(AND($AJ32>=2,$AJ32<3),"Negative",AND($AJ32>=3,$AJ32<4),"Positive",AND($AJ32>=4,$AJ32<5),"Inconclusive",$AJ32=5,"MANUAL FILL",$AG32,"DELETED",TRUE,$K32) -> DELETED | AM32: DELETED | AN32: DELETED | AO32: =IFERROR(__xludf.DUMMYFUNCTION("IF($AG32, ""DELETED"",TRIM(JOIN("" "",D32:E32)))"),"DELETED") -> DELETED | AP32: =IF($AG32, "DELETED", TRIM(CONCATENATE(F32,I32,U32))) -> DELETED | AQ32: =IF($AG32, "DELETED", TRIM(CONCATENATE(G32,J32,V32))) -> DELETED | AR32: =IFERROR(__xludf.DUMMYFUNCTION("IF($AG32, ""DELETED"", TRIM(JOIN("" "",AP32,AQ32)))"),"DELETED") -> DELETED | AT32: =IF(OR($AG32,SUM($AU32:$AW32)=1),TRUE,FALSE) -> TRUE | AU32: =IF($AG32,IFERROR(0/0,""),IF(ISBLANK($F32),IF(ISBLANK($G32),IFERROR(0/0,""),2),1)) | AV32: =IF($AG32,IFERROR(0/0,""),IF(ISBLANK($I32),IF(ISBLANK($J32),IFERROR(0/0,""),2),1)) | AW32: =IF($AG32,IFERROR(0/0,""),IF(ISBLANK($U32),IF(ISBLANK($V32),IFERROR(0/0,""),2),1)) | AX32: =IF(AND($X32,$A33=$A32),1,IFERROR(0/0,"")) | BA32: =IF(AG32,IFERROR(0/0,""),IF(EXACT(UPPER(A32),A32),IFERROR(0/0,""),TRUE)) | BF32: =IF(COUNTIF(BJ$2:BJ838,BE32)>0,COUNTIF(BJ$2:BJ838,BE32),IFERROR(0/0,"")) | BG32: =IF($AG32,IFERROR(0/0,""),CONCATENATE($A32,"__",$B32,"_",$C32,"_",$D32,"_",$E32,"_",$K32,"_",$L32,"_",$M32,"_",$O32)) | BH32: =IF(ISBLANK(IFERROR(MATCH(LEFT(BG32, FIND("__",BG32)-1),BE$2:BE838,0),"")),IFERROR(0/0,""),TRUE) | BI32: FLB3073__44545_0.334050925925926___Negative_44545_0.518958333333333_ | BJ32: =IFERROR(LEFT(BI32, FIND("__",BI32)-1),"") -> FLB3073 | BK32: =IFERROR(AND(EXACT(BJ33,BJ32),NOT(EXACT(BJ32,BJ31))),"") -> FALSE | BL32: =IF(BK32,BJ32,IFERROR(0/0,"")) | BN32: =OR(BO32,BP32) -> FALSE | BO32: =ISBLANK($AR32) -> FALSE | BP32: =IF(TRIM($AR32)="",TRUE,FALSE) -> FALSE | BR32: =IF(EXACT(AK32,"Null"),2.2,IFERROR(0/0,""))
A33: PA9557 | B33: 44470 | C33: 0.33258102 | K33: Null | L33: 44868 | M33: 0.53552083 | P33: =IFNA(IF(VLOOKUP($A33,'Add from APT'!$AA$2:$AC808,3,FALSE)>0,TRUE,FALSE),"ER - NOT IN APT") -> FALSE | Q33: =IF(ISLOGICAL(P33),IF(P33,"ER - REPS IN APT", IFNA(VLOOKUP($A33,RAW_APT!$A$3:$M808,7,FALSE),"ER - NOT IN APT")),P33) -> Collected | R33: =IF(EXACT($A33,$A32),FALSE,TRUE) -> TRUE | S33: =COUNTIF($A$2:$A839,$A33) -> 1 | X33: =IF(ISBLANK($U33),IF(ISBLANK($V33),FALSE,"ER - LAST ONLY"),TRUE) -> FALSE | Y33: FALSE | Z33: =IF($S33>4,TRUE,IFERROR(0/0,"")) | AA33: =IF(ISBLANK($O33),FALSE,TRUE) -> FALSE | AB33: FALSE | AC33: 776 | AD33: TRUE | AE33: =IFERROR(IF(EXACT($L33,$B33),(TIMEVALUE($M33)-TIMEVALUE($C33))*24*60,IFERROR(0/0,"")),IFERROR(0/0,"")) | AF33: =OR(AND(NOT($AG33),IFERROR(NOT($AG34),""),EXACT($A33,$A34),NOT(EXACT(CONCATENATE($B33,$C33),CONCATENATE($B34,$C34)))),AND(NOT($AG33),IFERROR(NOT($AG32),""),EXACT($A33,$A32),NOT(EXACT(CONCATENATE($B33,$C33),CONCATENATE($B32,$C32))))) -> FALSE | AG33: =IF($AH33>0,TRUE,FALSE) -> TRUE | AH33: 5.5 | AK33: =IFS(AND($AJ33>=2,$AJ33<3),"Negative",AND($AJ33>=3,$AJ33<4),"Positive",AND($AJ33>=4,$AJ33<5),"Inconclusive",$AJ33=5,"MANUAL FILL",$AG33,"DELETED",TRUE,$K33) -> DELETED | AM33: DELETED | AN33: DELETED | AO33: =IFERROR(__xludf.DUMMYFUNCTION("IF($AG33, ""DELETED"",TRIM(JOIN("" "",D33:E33)))"),"DELETED") -> DELETED | AP33: =IF($AG33, "DELETED", TRIM(CONCATENATE(F33,I33,U33))) -> DELETED | AQ33: =IF($AG33, "DELETED", TRIM(CONCATENATE(G33,J33,V33))) -> DELETED | AR33: =IFERROR(__xludf.DUMMYFUNCTION("IF($AG33, ""DELETED"", TRIM(JOIN("" "",AP33,AQ33)))"),"DELETED") -> DELETED | AT33: =IF(OR($AG33,SUM($AU33:$AW33)=1),TRUE,FALSE) -> TRUE | AU33: =IF($AG33,IFERROR(0/0,""),IF(ISBLANK($F33),IF(ISBLANK($G33),IFERROR(0/0,""),2),1)) | AV33: =IF($AG33,IFERROR(0/0,""),IF(ISBLANK($I33),IF(ISBLANK($J33),IFERROR(0/0,""),2),1)) | AW33: =IF($AG33,IFERROR(0/0,""),IF(ISBLANK($U33),IF(ISBLANK($V33),IFERROR(0/0,""),2),1)) | AX33: =IF(AND($X33,$A34=$A33),1,IFERROR(0/0,"")) | BA33: =IF(AG33,IFERROR(0/0,""),IF(EXACT(UPPER(A33),A33),IFERROR(0/0,""),TRUE)) | BF33: =IF(COUNTIF(BJ$2:BJ839,BE33)>0,COUNTIF(BJ$2:BJ839,BE33),IFERROR(0/0,"")) | BG33: =IF($AG33,IFERROR(0/0,""),CONCATENATE($A33,"__",$B33,"_",$C33,"_",$D33,"_",$E33,"_",$K33,"_",$L33,"_",$M33,"_",$O33)) | BH33: =IF(ISBLANK(IFERROR(MATCH(LEFT(BG33, FIND("__",BG33)-1),BE$2:BE839,0),"")),IFERROR(0/0,""),TRUE) | BI33: FLB3076__44545_0.333680555555556___Negative_44545_0.518958333333333_ | BJ33: =IFERROR(LEFT(BI33, FIND("__",BI33)-1),"") -> FLB3076 | BK33: =IFERROR(AND(EXACT(BJ34,BJ33),NOT(EXACT(BJ33,BJ32))),"") -> FALSE | BL33: =IF(BK33,BJ33,IFERROR(0/0,"")) | BN33: =OR(BO33,BP33) -> FALSE | BO33: =ISBLANK($AR33) -> FALSE | BP33: =IF(TRIM($AR33)="",TRUE,FALSE) -> FALSE | BR33: =IF(EXACT(AK33,"Null"),2.2,IFERROR(0/0,""))
A34: PA9579 | B34: 44473 | C34: 0.27833333 | K34: Null | L34: 44868 | M34: 0.53552083 | P34: =IFNA(IF(VLOOKUP($A34,'Add from APT'!$AA$2:$AC808,3,FALSE)>0,TRUE,FALSE),"ER - NOT IN APT") -> FALSE | Q34: =IF(ISLOGICAL(P34),IF(P34,"ER - REPS IN APT", IFNA(VLOOKUP($A34,RAW_APT!$A$3:$M808,7,FALSE),"ER - NOT IN APT")),P34) -> Collected | R34: =IF(EXACT($A34,$A33),FALSE,TRUE) -> TRUE | S34: =COUNTIF($A$2:$A840,$A34) -> 1 | T34: 0 | X34: =IF(ISBLANK($U34),IF(ISBLANK($V34),FALSE,"ER - LAST ONLY"),TRUE) -> FALSE | Y34: FALSE | Z34: =IF($S34>4,TRUE,IFERROR(0/0,"")) | AA34: =IF(ISBLANK($O34),FALSE,TRUE) -> FALSE | AB34: FALSE | AC34: 775 | AD34: TRUE | AE34: =IFERROR(IF(EXACT($L34,$B34),(TIMEVALUE($M34)-TIMEVALUE($C34))*24*60,IFERROR(0/0,"")),IFERROR(0/0,"")) | AF34: =OR(AND(NOT($AG34),IFERROR(NOT($AG35),""),EXACT($A34,$A35),NOT(EXACT(CONCATENATE($B34,$C34),CONCATENATE($B35,$C35)))),AND(NOT($AG34),IFERROR(NOT($AG33),""),EXACT($A34,$A33),NOT(EXACT(CONCATENATE($B34,$C34),CONCATENATE($B33,$C33))))) -> FALSE | AG34: =IF($AH34>0,TRUE,FALSE) -> FALSE | AJ34: 2.2 | AK34: =IFS(AND($AJ34>=2,$AJ34<3),"Negative",AND($AJ34>=3,$AJ34<4),"Positive",AND($AJ34>=4,$AJ34<5),"Inconclusive",$AJ34=5,"MANUAL FILL",$AG34,"DELETED",TRUE,$K34) -> Negative | AM34: SpROSA145068 | AN34: ROSA646858 | AO34: =IFERROR(__xludf.DUMMYFUNCTION("IF($AG34, ""DELETED"",TRIM(JOIN("" "",D34:E34)))"),"") | AP34: =IF($AG34, "DELETED", TRIM(CONCATENATE(F34,I34,U34))) | AQ34: =IF($AG34, "DELETED", TRIM(CONCATENATE(G34,J34,V34))) | AR34: =IFERROR(__xludf.DUMMYFUNCTION("IF($AG34, ""DELETED"", TRIM(JOIN("" "",AP34,AQ34)))"),"") | AT34: =IF(OR($AG34,SUM($AU34:$AW34)=1),TRUE,FALSE) -> FALSE | AU34: =IF($AG34,IFERROR(0/0,""),IF(ISBLANK($F34),IF(ISBLANK($G34),IFERROR(0/0,""),2),1)) | AV34: =IF($AG34,IFERROR(0/0,""),IF(ISBLANK($I34),IF(ISBLANK($J34),IFERROR(0/0,""),2),1)) | AW34: =IF($AG34,IFERROR(0/0,""),IF(ISBLANK($U34),IF(ISBLANK($V34),IFERROR(0/0,""),2),1)) | AX34: =IF(AND($X34,$A35=$A34),1,IFERROR(0/0,"")) | BA34: =IF(AG34,IFERROR(0/0,""),IF(EXACT(UPPER(A34),A34),IFERROR(0/0,""),TRUE)) | BF34: =IF(COUNTIF(BJ$2:BJ840,BE34)>0,COUNTIF(BJ$2:BJ840,BE34),IFERROR(0/0,"")) | BG34: =IF($AG34,IFERROR(0/0,""),CONCATENATE($A34,"__",$B34,"_",$C34,"_",$D34,"_",$E34,"_",$K34,"_",$L34,"_",$M34,"_",$O34)) -> PA9579__44473_0.278333333333333___Null_44868_0.535520833333333_ | BH34: =IF(ISBLANK(IFERROR(MATCH(LEFT(BG34, FIND("__",BG34)-1),BE$2:BE840,0),"")),IFERROR(0/0,""),TRUE) | BI34: FLB3081__44546_0.288680555555556___Negative_44546_0.511284722222222_ | BJ34: =IFERROR(LEFT(BI34, FIND("__",BI34)-1),"") -> FLB3081 | BK34: =IFERROR(AND(EXACT(BJ35,BJ34),NOT(EXACT(BJ34,BJ33))),"") -> FALSE | BL34: =IF(BK34,BJ34,IFERROR(0/0,"")) | BN34: =OR(BO34,BP34) -> TRUE | BO34: =ISBLANK($AR34) -> FALSE | BP34: =IF(TRIM($AR34)="",TRUE,FALSE) -> TRUE | BR34: =IF(EXACT(AK34,"Null"),2.2,IFERROR(0/0,""))
A35: PA9635 | B35: 44473 | C35: 0.3 | K35: Null | P35: =IFNA(IF(VLOOKUP($A35,'Add from APT'!$AA$2:$AC808,3,FALSE)>0,TRUE,FALSE),"ER - NOT IN APT") -> FALSE | Q35: =IF(ISLOGICAL(P35),IF(P35,"ER - REPS IN APT", IFNA(VLOOKUP($A35,RAW_APT!$A$3:$M808,7,FALSE),"ER - NOT IN APT")),P35) -> Collected | R35: =IF(EXACT($A35,$A34),FALSE,TRUE) -> TRUE | S35: =COUNTIF($A$2:$A841,$A35) -> 1 | X35: =IF(ISBLANK($U35),IF(ISBLANK($V35),FALSE,"ER - LAST ONLY"),TRUE) -> FALSE | Y35: FALSE | Z35: =IF($S35>4,TRUE,IFERROR(0/0,"")) | AA35: =IF(ISBLANK($O35),FALSE,TRUE) -> FALSE | AB35: FALSE | AC35: 439 | AD35: FALSE | AE35: =IFERROR(IF(EXACT($L35,$B35),(TIMEVALUE($M35)-TIMEVALUE($C35))*24*60,IFERROR(0/0,"")),IFERROR(0/0,"")) | AF35: =OR(AND(NOT($AG35),IFERROR(NOT($AG36),""),EXACT($A35,$A36),NOT(EXACT(CONCATENATE($B35,$C35),CONCATENATE($B36,$C36)))),AND(NOT($AG35),IFERROR(NOT($AG34),""),EXACT($A35,$A34),NOT(EXACT(CONCATENATE($B35,$C35),CONCATENATE($B34,$C34))))) -> FALSE | AG35: =IF($AH35>0,TRUE,FALSE) -> FALSE | AJ35: 2.2 | AK35: =IFS(AND($AJ35>=2,$AJ35<3),"Negative",AND($AJ35>=3,$AJ35<4),"Positive",AND($AJ35>=4,$AJ35<5),"Inconclusive",$AJ35=5,"MANUAL FILL",$AG35,"DELETED",TRUE,$K35) -> Negative | AM35: SpROSA145068 | AN35: ROSA363599 | AO35: =IFERROR(__xludf.DUMMYFUNCTION("IF($AG35, ""DELETED"",TRIM(JOIN("" "",D35:E35)))"),"") | AP35: =IF($AG35, "DELETED", TRIM(CONCATENATE(F35,I35,U35))) | AQ35: =IF($AG35, "DELETED", TRIM(CONCATENATE(G35,J35,V35))) | AR35: =IFERROR(__xludf.DUMMYFUNCTION("IF($AG35, ""DELETED"", TRIM(JOIN("" "",AP35,AQ35)))"),"") | AT35: =IF(OR($AG35,SUM($AU35:$AW35)=1),TRUE,FALSE) -> FALSE | AU35: =IF($AG35,IFERROR(0/0,""),IF(ISBLANK($F35),IF(ISBLANK($G35),IFERROR(0/0,""),2),1)) | AV35: =IF($AG35,IFERROR(0/0,""),IF(ISBLANK($I35),IF(ISBLANK($J35),IFERROR(0/0,""),2),1)) | AW35: =IF($AG35,IFERROR(0/0,""),IF(ISBLANK($U35),IF(ISBLANK($V35),IFERROR(0/0,""),2),1)) | AX35: =IF(AND($X35,$A36=$A35),1,IFERROR(0/0,"")) | BA35: =IF(AG35,IFERROR(0/0,""),IF(EXACT(UPPER(A35),A35),IFERROR(0/0,""),TRUE)) | BF35: =IF(COUNTIF(BJ$2:BJ841,BE35)>0,COUNTIF(BJ$2:BJ841,BE35),IFERROR(0/0,"")) | BG35: =IF($AG35,IFERROR(0/0,""),CONCATENATE($A35,"__",$B35,"_",$C35,"_",$D35,"_",$E35,"_",$K35,"_",$L35,"_",$M35,"_",$O35)) -> PA9635__44473_0.3___Null___ | BH35: =IF(ISBLANK(IFERROR(MATCH(LEFT(BG35, FIND("__",BG35)-1),BE$2:BE841,0),"")),IFERROR(0/0,""),TRUE) | BI35: FLB3083__44547_0.177592592592593___Negative_44547_0.401863425925926_ | BJ35: =IFERROR(LEFT(BI35, FIND("__",BI35)-1),"") -> FLB3083 | BK35: =IFERROR(AND(EXACT(BJ36,BJ35),NOT(EXACT(BJ35,BJ34))),"") -> FALSE | BL35: =IF(BK35,BJ35,IFERROR(0/0,"")) | BN35: =OR(BO35,BP35) -> TRUE | BO35: =ISBLANK($AR35) -> FALSE | BP35: =IF(TRIM($AR35)="",TRUE,FALSE) -> TRUE | BR35: =IF(EXACT(AK35,"Null"),2.2,IFERROR(0/0,""))
A36: PA9556 | B36: 44473 | C36: 0.30212963 | K36: Null | P36: =IFNA(IF(VLOOKUP($A36,'Add from APT'!$AA$2:$AC808,3,FALSE)>0,TRUE,FALSE),"ER - NOT IN APT") -> FALSE | Q36: =IF(ISLOGICAL(P36),IF(P36,"ER - REPS IN APT", IFNA(VLOOKUP($A36,RAW_APT!$A$3:$M808,7,FALSE),"ER - NOT IN APT")),P36) -> Collected | R36: =IF(EXACT($A36,$A35),FALSE,TRUE) -> TRUE | S36: =COUNTIF($A$2:$A842,$A36) -> 1 | T36: 0 | X36: =IF(ISBLANK($U36),IF(ISBLANK($V36),FALSE,"ER - LAST ONLY"),TRUE) -> FALSE | Y36: FALSE | Z36: =IF($S36>4,TRUE,IFERROR(0/0,"")) | AA36: =IF(ISBLANK($O36),FALSE,TRUE) -> FALSE | AB36: FALSE | AC36: 438 | AD36: FALSE | AE36: =IFERROR(IF(EXACT($L36,$B36),(TIMEVALUE($M36)-TIMEVALUE($C36))*24*60,IFERROR(0/0,"")),IFERROR(0/0,"")) | AF36: =OR(AND(NOT($AG36),IFERROR(NOT($AG37),""),EXACT($A36,$A37),NOT(EXACT(CONCATENATE($B36,$C36),CONCATENATE($B37,$C37)))),AND(NOT($AG36),IFERROR(NOT($AG35),""),EXACT($A36,$A35),NOT(EXACT(CONCATENATE($B36,$C36),CONCATENATE($B35,$C35))))) -> FALSE | AG36: =IF($AH36>0,TRUE,FALSE) -> FALSE | AJ36: 2.2 | AK36: =IFS(AND($AJ36>=2,$AJ36<3),"Negative",AND($AJ36>=3,$AJ36<4),"Positive",AND($AJ36>=4,$AJ36<5),"Inconclusive",$AJ36=5,"MANUAL FILL",$AG36,"DELETED",TRUE,$K36) -> Negative | AM36: SpROSA145068 | AN36: ROSA970910 | AO36: =IFERROR(__xludf.DUMMYFUNCTION("IF($AG36, ""DELETED"",TRIM(JOIN("" "",D36:E36)))"),"") | AP36: =IF($AG36, "DELETED", TRIM(CONCATENATE(F36,I36,U36))) | AQ36: =IF($AG36, "DELETED", TRIM(CONCATENATE(G36,J36,V36))) | AR36: =IFERROR(__xludf.DUMMYFUNCTION("IF($AG36, ""DELETED"", TRIM(JOIN("" "",AP36,AQ36)))"),"") | AT36: =IF(OR($AG36,SUM($AU36:$AW36)=1),TRUE,FALSE) -> FALSE | AU36: =IF($AG36,IFERROR(0/0,""),IF(ISBLANK($F36),IF(ISBLANK($G36),IFERROR(0/0,""),2),1)) | AV36: =IF($AG36,IFERROR(0/0,""),IF(ISBLANK($I36),IF(ISBLANK($J36),IFERROR(0/0,""),2),1)) | AW36: =IF($AG36,IFERROR(0/0,""),IF(ISBLANK($U36),IF(ISBLANK($V36),IFERROR(0/0,""),2),1)) | AX36: =IF(AND($X36,$A37=$A36),1,IFERROR(0/0,"")) | BA36: =IF(AG36,IFERROR(0/0,""),IF(EXACT(UPPER(A36),A36),IFERROR(0/0,""),TRUE)) | BF36: =IF(COUNTIF(BJ$2:BJ842,BE36)>0,COUNTIF(BJ$2:BJ842,BE36),IFERROR(0/0,"")) | BG36: =IF($AG36,IFERROR(0/0,""),CONCATENATE($A36,"__",$B36,"_",$C36,"_",$D36,"_",$E36,"_",$K36,"_",$L36,"_",$M36,"_",$O36)) -> PA9556__44473_0.30212962962963___Null___ | BH36: =IF(ISBLANK(IFERROR(MATCH(LEFT(BG36, FIND("__",BG36)-1),BE$2:BE842,0),"")),IFERROR(0/0,""),TRUE) | BI36: FLB3084__44546_0.296203703703704___Negative_44546_0.511284722222222_ | BJ36: =IFERROR(LEFT(BI36, FIND("__",BI36)-1),"") -> FLB3084 | BK36: =IFERROR(AND(EXACT(BJ37,BJ36),NOT(EXACT(BJ36,BJ35))),"") -> FALSE | BL36: =IF(BK36,BJ36,IFERROR(0/0,"")) | BN36: =OR(BO36,BP36) -> TRUE | BO36: =ISBLANK($AR36) -> FALSE | BP36: =IF(TRIM($AR36)="",TRUE,FALSE) -> TRUE | BR36: =IF(EXACT(AK36,"Null"),2.2,IFERROR(0/0,""))
A37: PA9514 | B37: 44473 | C37: 0.31230324 | K37: Null | P37: =IFNA(IF(VLOOKUP($A37,'Add from APT'!$AA$2:$AC808,3,FALSE)>0,TRUE,FALSE),"ER - NOT IN APT") -> FALSE | Q37: =IF(ISLOGICAL(P37),IF(P37,"ER - REPS IN APT", IFNA(VLOOKUP($A37,RAW_APT!$A$3:$M808,7,FALSE),"ER - NOT IN APT")),P37) -> Collected | R37: =IF(EXACT($A37,$A36),FALSE,TRUE) -> TRUE | S37: =COUNTIF($A$2:$A843,$A37) -> 1 | X37: =IF(ISBLANK($U37),IF(ISBLANK($V37),FALSE,"ER - LAST ONLY"),TRUE) -> FALSE | Y37: FALSE | Z37: =IF($S37>4,TRUE,IFERROR(0/0,"")) | AA37: =IF(ISBLANK($O37),FALSE,TRUE) -> FALSE | AB37: FALSE | AC37: 437 | AD37: FALSE | AE37: =IFERROR(IF(EXACT($L37,$B37),(TIMEVALUE($M37)-TIMEVALUE($C37))*24*60,IFERROR(0/0,"")),IFERROR(0/0,"")) | AF37: =OR(AND(NOT($AG37),IFERROR(NOT($AG38),""),EXACT($A37,$A38),NOT(EXACT(CONCATENATE($B37,$C37),CONCATENATE($B38,$C38)))),AND(NOT($AG37),IFERROR(NOT($AG36),""),EXACT($A37,$A36),NOT(EXACT(CONCATENATE($B37,$C37),CONCATENATE($B36,$C36))))) -> FALSE | AG37: =IF($AH37>0,TRUE,FALSE) -> FALSE | AJ37: 2.2 | AK37: =IFS(AND($AJ37>=2,$AJ37<3),"Negative",AND($AJ37>=3,$AJ37<4),"Positive",AND($AJ37>=4,$AJ37<5),"Inconclusive",$AJ37=5,"MANUAL FILL",$AG37,"DELETED",TRUE,$K37) -> Negative | AM37: SpROSA145068 | AN37: ROSA361260 | AO37: =IFERROR(__xludf.DUMMYFUNCTION("IF($AG37, ""DELETED"",TRIM(JOIN("" "",D37:E37)))"),"") | AP37: =IF($AG37, "DELETED", TRIM(CONCATENATE(F37,I37,U37))) | AQ37: =IF($AG37, "DELETED", TRIM(CONCATENATE(G37,J37,V37))) | AR37: =IFERROR(__xludf.DUMMYFUNCTION("IF($AG37, ""DELETED"", TRIM(JOIN("" "",AP37,AQ37)))"),"") | AT37: =IF(OR($AG37,SUM($AU37:$AW37)=1),TRUE,FALSE) -> FALSE | AU37: =IF($AG37,IFERROR(0/0,""),IF(ISBLANK($F37),IF(ISBLANK($G37),IFERROR(0/0,""),2),1)) | AV37: =IF($AG37,IFERROR(0/0,""),IF(ISBLANK($I37),IF(ISBLANK($J37),IFERROR(0/0,""),2),1)) | AW37: =IF($AG37,IFERROR(0/0,""),IF(ISBLANK($U37),IF(ISBLANK($V37),IFERROR(0/0,""),2),1)) | AX37: =IF(AND($X37,$A38=$A37),1,IFERROR(0/0,"")) | BA37: =IF(AG37,IFERROR(0/0,""),IF(EXACT(UPPER(A37),A37),IFERROR(0/0,""),TRUE)) | BF37: =IF(COUNTIF(BJ$2:BJ843,BE37)>0,COUNTIF(BJ$2:BJ843,BE37),IFERROR(0/0,"")) | BG37: =IF($AG37,IFERROR(0/0,""),CONCATENATE($A37,"__",$B37,"_",$C37,"_",$D37,"_",$E37,"_",$K37,"_",$L37,"_",$M37,"_",$O37)) -> PA9514__44473_0.312303240740741___Null___ | BH37: =IF(ISBLANK(IFERROR(MATCH(LEFT(BG37, FIND("__",BG37)-1),BE$2:BE843,0),"")),IFERROR(0/0,""),TRUE) | BI37: FLB3085__44545_0.248587962962963___Negative_44545_0.518958333333333_ | BJ37: =IFERROR(LEFT(BI37, FIND("__",BI37)-1),"") -> FLB3085 | BK37: =IFERROR(AND(EXACT(BJ38,BJ37),NOT(EXACT(BJ37,BJ36))),"") -> FALSE | BL37: =IF(BK37,BJ37,IFERROR(0/0,"")) | BN37: =OR(BO37,BP37) -> TRUE | BO37: =ISBLANK($AR37) -> FALSE | BP37: =IF(TRIM($AR37)="",TRUE,FALSE) -> TRUE | BR37: =IF(EXACT(AK37,"Null"),2.2,IFERROR(0/0,""))
A38: PA9456 | B38: 44473 | C38: 0.31467593 | K38: Null | P38: =IFNA(IF(VLOOKUP($A38,'Add from APT'!$AA$2:$AC808,3,FALSE)>0,TRUE,FALSE),"ER - NOT IN APT") -> FALSE | Q38: =IF(ISLOGICAL(P38),IF(P38,"ER - REPS IN APT", IFNA(VLOOKUP($A38,RAW_APT!$A$3:$M808,7,FALSE),"ER - NOT IN APT")),P38) -> Collected | R38: =IF(EXACT($A38,$A37),FALSE,TRUE) -> TRUE | S38: =COUNTIF($A$2:$A844,$A38) -> 1 | X38: =IF(ISBLANK($U38),IF(ISBLANK($V38),FALSE,"ER - LAST ONLY"),TRUE) -> FALSE | Y38: FALSE | Z38: =IF($S38>4,TRUE,IFERROR(0/0,"")) | AA38: =IF(ISBLANK($O38),FALSE,TRUE) -> FALSE | AB38: FALSE | AC38: 436 | AD38: FALSE | AE38: =IFERROR(IF(EXACT($L38,$B38),(TIMEVALUE($M38)-TIMEVALUE($C38))*24*60,IFERROR(0/0,"")),IFERROR(0/0,"")) | AF38: =OR(AND(NOT($AG38),IFERROR(NOT($AG39),""),EXACT($A38,$A39),NOT(EXACT(CONCATENATE($B38,$C38),CONCATENATE($B39,$C39)))),AND(NOT($AG38),IFERROR(NOT($AG37),""),EXACT($A38,$A37),NOT(EXACT(CONCATENATE($B38,$C38),CONCATENATE($B37,$C37))))) -> FALSE | AG38: =IF($AH38>0,TRUE,FALSE) -> FALSE | AJ38: 2.2 | AK38: =IFS(AND($AJ38>=2,$AJ38<3),"Negative",AND($AJ38>=3,$AJ38<4),"Positive",AND($AJ38>=4,$AJ38<5),"Inconclusive",$AJ38=5,"MANUAL FILL",$AG38,"DELETED",TRUE,$K38) -> Negative | AM38: SpROSA145068 | AN38: ROSA832181 | AO38: =IFERROR(__xludf.DUMMYFUNCTION("IF($AG38, ""DELETED"",TRIM(JOIN("" "",D38:E38)))"),"") | AP38: =IF($AG38, "DELETED", TRIM(CONCATENATE(F38,I38,U38))) | AQ38: =IF($AG38, "DELETED", TRIM(CONCATENATE(G38,J38,V38))) | AR38: =IFERROR(__xludf.DUMMYFUNCTION("IF($AG38, ""DELETED"", TRIM(JOIN("" "",AP38,AQ38)))"),"") | AT38: =IF(OR($AG38,SUM($AU38:$AW38)=1),TRUE,FALSE) -> FALSE | AU38: =IF($AG38,IFERROR(0/0,""),IF(ISBLANK($F38),IF(ISBLANK($G38),IFERROR(0/0,""),2),1)) | AV38: =IF($AG38,IFERROR(0/0,""),IF(ISBLANK($I38),IF(ISBLANK($J38),IFERROR(0/0,""),2),1)) | AW38: =IF($AG38,IFERROR(0/0,""),IF(ISBLANK($U38),IF(ISBLANK($V38),IFERROR(0/0,""),2),1)) | AX38: =IF(AND($X38,$A39=$A38),1,IFERROR(0/0,"")) | BA38: =IF(AG38,IFERROR(0/0,""),IF(EXACT(UPPER(A38),A38),IFERROR(0/0,""),TRUE)) | BF38: =IF(COUNTIF(BJ$2:BJ844,BE38)>0,COUNTIF(BJ$2:BJ844,BE38),IFERROR(0/0,"")) | BG38: =IF($AG38,IFERROR(0/0,""),CONCATENATE($A38,"__",$B38,"_",$C38,"_",$D38,"_",$E38,"_",$K38,"_",$L38,"_",$M38,"_",$O38)) -> PA9456__44473_0.314675925925926___Null___ | BH38: =IF(ISBLANK(IFERROR(MATCH(LEFT(BG38, FIND("__",BG38)-1),BE$2:BE844,0),"")),IFERROR(0/0,""),TRUE) | BI38: FLB3089__44545_0.39474537037037___Negative_44545_0.518958333333333_ | BJ38: =IFERROR(LEFT(BI38, FIND("__",BI38)-1),"") -> FLB3089 | BK38: =IFERROR(AND(EXACT(BJ39,BJ38),NOT(EXACT(BJ38,BJ37))),"") -> FALSE | BL38: =IF(BK38,BJ38,IFERROR(0/0,"")) | BN38: =OR(BO38,BP38) -> TRUE | BO38: =ISBLANK($AR38) -> FALSE | BP38: =IF(TRIM($AR38)="",TRUE,FALSE) -> TRUE | BR38: =IF(EXACT(AK38,"Null"),2.2,IFERROR(0/0,""))
A39: PA9611 | B39: 44473 | C39: 0.31491898 | K39: Null | P39: =IFNA(IF(VLOOKUP($A39,'Add from APT'!$AA$2:$AC808,3,FALSE)>0,TRUE,FALSE),"ER - NOT IN APT") -> FALSE | Q39: =IF(ISLOGICAL(P39),IF(P39,"ER - REPS IN APT", IFNA(VLOOKUP($A39,RAW_APT!$A$3:$M808,7,FALSE),"ER - NOT IN APT")),P39) -> Collected | R39: =IF(EXACT($A39,$A38),FALSE,TRUE) -> TRUE | S39: =COUNTIF($A$2:$A845,$A39) -> 1 | X39: =IF(ISBLANK($U39),IF(ISBLANK($V39),FALSE,"ER - LAST ONLY"),TRUE) -> FALSE | Y39: FALSE | Z39: =IF($S39>4,TRUE,IFERROR(0/0,"")) | AA39: =IF(ISBLANK($O39),FALSE,TRUE) -> FALSE | AB39: FALSE | AC39: 435 | AD39: FALSE | AE39: =IFERROR(IF(EXACT($L39,$B39),(TIMEVALUE($M39)-TIMEVALUE($C39))*24*60,IFERROR(0/0,"")),IFERROR(0/0,"")) | AF39: =OR(AND(NOT($AG39),IFERROR(NOT($AG40),""),EXACT($A39,$A40),NOT(EXACT(CONCATENATE($B39,$C39),CONCATENATE($B40,$C40)))),AND(NOT($AG39),IFERROR(NOT($AG38),""),EXACT($A39,$A38),NOT(EXACT(CONCATENATE($B39,$C39),CONCATENATE($B38,$C38))))) -> FALSE | AG39: =IF($AH39>0,TRUE,FALSE) -> FALSE | AJ39: 2.2 | AK39: =IFS(AND($AJ39>=2,$AJ39<3),"Negative",AND($AJ39>=3,$AJ39<4),"Positive",AND($AJ39>=4,$AJ39<5),"Inconclusive",$AJ39=5,"MANUAL FILL",$AG39,"DELETED",TRUE,$K39) -> Negative | AM39: SpROSA145068 | AN39: ROSA406630 | AO39: =IFERROR(__xludf.DUMMYFUNCTION("IF($AG39, ""DELETED"",TRIM(JOIN("" "",D39:E39)))"),"") | AP39: =IF($AG39, "DELETED", TRIM(CONCATENATE(F39,I39,U39))) | AQ39: =IF($AG39, "DELETED", TRIM(CONCATENATE(G39,J39,V39))) | AR39: =IFERROR(__xludf.DUMMYFUNCTION("IF($AG39, ""DELETED"", TRIM(JOIN("" "",AP39,AQ39)))"),"") | AT39: =IF(OR($AG39,SUM($AU39:$AW39)=1),TRUE,FALSE) -> FALSE | AU39: =IF($AG39,IFERROR(0/0,""),IF(ISBLANK($F39),IF(ISBLANK($G39),IFERROR(0/0,""),2),1)) | AV39: =IF($AG39,IFERROR(0/0,""),IF(ISBLANK($I39),IF(ISBLANK($J39),IFERROR(0/0,""),2),1)) | AW39: =IF($AG39,IFERROR(0/0,""),IF(ISBLANK($U39),IF(ISBLANK($V39),IFERROR(0/0,""),2),1)) | AX39: =IF(AND($X39,$A40=$A39),1,IFERROR(0/0,"")) | BA39: =IF(AG39,IFERROR(0/0,""),IF(EXACT(UPPER(A39),A39),IFERROR(0/0,""),TRUE)) | BF39: =IF(COUNTIF(BJ$2:BJ845,BE39)>0,COUNTIF(BJ$2:BJ845,BE39),IFERROR(0/0,"")) | BG39: =IF($AG39,IFERROR(0/0,""),CONCATENATE($A39,"__",$B39,"_",$C39,"_",$D39,"_",$E39,"_",$K39,"_",$L39,"_",$M39,"_",$O39)) -> PA9611__44473_0.314918981481482___Null___ | BH39: =IF(ISBLANK(IFERROR(MATCH(LEFT(BG39, FIND("__",BG39)-1),BE$2:BE845,0),"")),IFERROR(0/0,""),TRUE) | BI39: FLB3121__44529_0.252233796296296___Negative_44529_0.500277777777778_ | BJ39: =IFERROR(LEFT(BI39, FIND("__",BI39)-1),"") -> FLB3121 | BK39: =IFERROR(AND(EXACT(BJ40,BJ39),NOT(EXACT(BJ39,BJ38))),"") -> FALSE | BL39: =IF(BK39,BJ39,IFERROR(0/0,"")) | BN39: =OR(BO39,BP39) -> TRUE | BO39: =ISBLANK($AR39) -> FALSE | BP39: =IF(TRIM($AR39)="",TRUE,FALSE) -> TRUE | BR39: =IF(EXACT(AK39,"Null"),2.2,IFERROR(0/0,""))
A40: PA9609 | B40: 44473 | C40: 0.31525463 | K40: Null | P40: =IFNA(IF(VLOOKUP($A40,'Add from APT'!$AA$2:$AC808,3,FALSE)>0,TRUE,FALSE),"ER - NOT IN APT") -> FALSE | Q40: =IF(ISLOGICAL(P40),IF(P40,"ER - REPS IN APT", IFNA(VLOOKUP($A40,RAW_APT!$A$3:$M808,7,FALSE),"ER - NOT IN APT")),P40) -> Collected | R40: =IF(EXACT($A40,$A39),FALSE,TRUE) -> TRUE | S40: =COUNTIF($A$2:$A846,$A40) -> 1 | X40: =IF(ISBLANK($U40),IF(ISBLANK($V40),FALSE,"ER - LAST ONLY"),TRUE) -> FALSE | Y40: FALSE | Z40: =IF($S40>4,TRUE,IFERROR(0/0,"")) | AA40: =IF(ISBLANK($O40),FALSE,TRUE) -> FALSE | AB40: FALSE | AC40: 434 | AD40: FALSE | AE40: =IFERROR(IF(EXACT($L40,$B40),(TIMEVALUE($M40)-TIMEVALUE($C40))*24*60,IFERROR(0/0,"")),IFERROR(0/0,"")) | AF40: =OR(AND(NOT($AG40),IFERROR(NOT($AG41),""),EXACT($A40,$A41),NOT(EXACT(CONCATENATE($B40,$C40),CONCATENATE($B41,$C41)))),AND(NOT($AG40),IFERROR(NOT($AG39),""),EXACT($A40,$A39),NOT(EXACT(CONCATENATE($B40,$C40),CONCATENATE($B39,$C39))))) -> FALSE | AG40: =IF($AH40>0,TRUE,FALSE) -> FALSE | AJ40: 2.2 | AK40: =IFS(AND($AJ40>=2,$AJ40<3),"Negative",AND($AJ40>=3,$AJ40<4),"Positive",AND($AJ40>=4,$AJ40<5),"Inconclusive",$AJ40=5,"MANUAL FILL",$AG40,"DELETED",TRUE,$K40) -> Negative | AM40: SpROSA145068 | AN40: ROSA907715 | AO40: =IFERROR(__xludf.DUMMYFUNCTION("IF($AG40, ""DELETED"",TRIM(JOIN("" "",D40:E40)))"),"") | AP40: =IF($AG40, "DELETED", TRIM(CONCATENATE(F40,I40,U40))) | AQ40: =IF($AG40, "DELETED", TRIM(CONCATENATE(G40,J40,V40))) | AR40: =IFERROR(__xludf.DUMMYFUNCTION("IF($AG40, ""DELETED"", TRIM(JOIN("" "",AP40,AQ40)))"),"") | AT40: =IF(OR($AG40,SUM($AU40:$AW40)=1),TRUE,FALSE) -> FALSE | AU40: =IF($AG40,IFERROR(0/0,""),IF(ISBLANK($F40),IF(ISBLANK($G40),IFERROR(0/0,""),2),1)) | AV40: =IF($AG40,IFERROR(0/0,""),IF(ISBLANK($I40),IF(ISBLANK($J40),IFERROR(0/0,""),2),1)) | AW40: =IF($AG40,IFERROR(0/0,""),IF(ISBLANK($U40),IF(ISBLANK($V40),IFERROR(0/0,""),2),1)) | AX40: =IF(AND($X40,$A41=$A40),1,IFERROR(0/0,"")) | BA40: =IF(AG40,IFERROR(0/0,""),IF(EXACT(UPPER(A40),A40),IFERROR(0/0,""),TRUE)) | BF40: =IF(COUNTIF(BJ$2:BJ846,BE40)>0,COUNTIF(BJ$2:BJ846,BE40),IFERROR(0/0,"")) | BG40: =IF($AG40,IFERROR(0/0,""),CONCATENATE($A40,"__",$B40,"_",$C40,"_",$D40,"_",$E40,"_",$K40,"_",$L40,"_",$M40,"_",$O40)) -> PA9609__44473_0.31525462962963___Null___ | BH40: =IF(ISBLANK(IFERROR(MATCH(LEFT(BG40, FIND("__",BG40)-1),BE$2:BE846,0),"")),IFERROR(0/0,""),TRUE) | BI40: FLB3123__44529_0.300405092592593___Negative_44529_0.500277777777778_ | BJ40: =IFERROR(LEFT(BI40, FIND("__",BI40)-1),"") -> FLB3123 | BK40: =IFERROR(AND(EXACT(BJ41,BJ40),NOT(EXACT(BJ40,BJ39))),"") -> FALSE | BL40: =IF(BK40,BJ40,IFERROR(0/0,"")) | BN40: =OR(BO40,BP40) -> TRUE | BO40: =ISBLANK($AR40) -> FALSE | BP40: =IF(TRIM($AR40)="",TRUE,FALSE) -> TRUE | BR40: =IF(EXACT(AK40,"Null"),2.2,IFERROR(0/0,""))
A41: PA9475 | B41: 44473 | C41: 0.32320602 | K41: Null | P41: =IFNA(IF(VLOOKUP($A41,'Add from APT'!$AA$2:$AC808,3,FALSE)>0,TRUE,FALSE),"ER - NOT IN APT") -> FALSE | Q41: =IF(ISLOGICAL(P41),IF(P41,"ER - REPS IN APT", IFNA(VLOOKUP($A41,RAW_APT!$A$3:$M808,7,FALSE),"ER - NOT IN APT")),P41) -> Collected | R41: =IF(EXACT($A41,$A40),FALSE,TRUE) -> TRUE | S41: =COUNTIF($A$2:$A847,$A41) -> 1 | X41: =IF(ISBLANK($U41),IF(ISBLANK($V41),FALSE,"ER - LAST ONLY"),TRUE) -> FALSE | Y41: FALSE | Z41: =IF($S41>4,TRUE,IFERROR(0/0,"")) | AA41: =IF(ISBLANK($O41),FALSE,TRUE) -> FALSE | AB41: FALSE | AC41: 433 | AD41: FALSE | AE41: =IFERROR(IF(EXACT($L41,$B41),(TIMEVALUE($M41)-TIMEVALUE($C41))*24*60,IFERROR(0/0,"")),IFERROR(0/0,"")) | AF41: =OR(AND(NOT($AG41),IFERROR(NOT($AG42),""),EXACT($A41,$A42),NOT(EXACT(CONCATENATE($B41,$C41),CONCATENATE($B42,$C42)))),AND(NOT($AG41),IFERROR(NOT($AG40),""),EXACT($A41,$A40),NOT(EXACT(CONCATENATE($B41,$C41),CONCATENATE($B40,$C40))))) -> FALSE | AG41: =IF($AH41>0,TRUE,FALSE) -> FALSE | AJ41: 2.2 | AK41: =IFS(AND($AJ41>=2,$AJ41<3),"Negative",AND($AJ41>=3,$AJ41<4),"Positive",AND($AJ41>=4,$AJ41<5),"Inconclusive",$AJ41=5,"MANUAL FILL",$AG41,"DELETED",TRUE,$K41) -> Negative | AM41: SpROSA145068 | AN41: ROSA124991 | AO41: =IFERROR(__xludf.DUMMYFUNCTION("IF($AG41, ""DELETED"",TRIM(JOIN("" "",D41:E41)))"),"") | AP41: =IF($AG41, "DELETED", TRIM(CONCATENATE(F41,I41,U41))) | AQ41: =IF($AG41, "DELETED", TRIM(CONCATENATE(G41,J41,V41))) | AR41: =IFERROR(__xludf.DUMMYFUNCTION("IF($AG41, ""DELETED"", TRIM(JOIN("" "",AP41,AQ41)))"),"") | AT41: =IF(OR($AG41,SUM($AU41:$AW41)=1),TRUE,FALSE) -> FALSE | AU41: =IF($AG41,IFERROR(0/0,""),IF(ISBLANK($F41),IF(ISBLANK($G41),IFERROR(0/0,""),2),1)) | AV41: =IF($AG41,IFERROR(0/0,""),IF(ISBLANK($I41),IF(ISBLANK($J41),IFERROR(0/0,""),2),1)) | AW41: =IF($AG41,IFERROR(0/0,""),IF(ISBLANK($U41),IF(ISBLANK($V41),IFERROR(0/0,""),2),1)) | AX41: =IF(AND($X41,$A42=$A41),1,IFERROR(0/0,"")) | BA41: =IF(AG41,IFERROR(0/0,""),IF(EXACT(UPPER(A41),A41),IFERROR(0/0,""),TRUE)) | BF41: =IF(COUNTIF(BJ$2:BJ847,BE41)>0,COUNTIF(BJ$2:BJ847,BE41),IFERROR(0/0,"")) | BG41: =IF($AG41,IFERROR(0/0,""),CONCATENATE($A41,"__",$B41,"_",$C41,"_",$D41,"_",$E41,"_",$K41,"_",$L41,"_",$M41,"_",$O41)) -> PA9475__44473_0.323206018518519___Null___ | BH41: =IF(ISBLANK(IFERROR(MATCH(LEFT(BG41, FIND("__",BG41)-1),BE$2:BE847,0),"")),IFERROR(0/0,""),TRUE) | BI41: FLB3124__44531_0.283541666666667___Negative_44531_0.450740740740741_ | BJ41: =IFERROR(LEFT(BI41, FIND("__",BI41)-1),"") -> FLB3124 | BK41: =IFERROR(AND(EXACT(BJ42,BJ41),NOT(EXACT(BJ41,BJ40))),"") -> FALSE | BL41: =IF(BK41,BJ41,IFERROR(0/0,"")) | BN41: =OR(BO41,BP41) -> TRUE | BO41: =ISBLANK($AR41) -> FALSE | BP41: =IF(TRIM($AR41)="",TRUE,FALSE) -> TRUE | BR41: =IF(EXACT(AK41,"Null"),2.2,IFERROR(0/0,""))
A42: PA9660 | B42: 44473 | C42: 0.39603009 | K42: Null | L42: 44868 | M42: 0.53552083 | P42: =IFNA(IF(VLOOKUP($A42,'Add from APT'!$AA$2:$AC808,3,FALSE)>0,TRUE,FALSE),"ER - NOT IN APT") -> FALSE | Q42: =IF(ISLOGICAL(P42),IF(P42,"ER - REPS IN APT", IFNA(VLOOKUP($A42,RAW_APT!$A$3:$M808,7,FALSE),"ER - NOT IN APT")),P42) -> Collected | R42: =IF(EXACT($A42,$A41),FALSE,TRUE) -> TRUE | S42: =COUNTIF($A$2:$A848,$A42) -> 1 | T42: 0 | X42: =IF(ISBLANK($U42),IF(ISBLANK($V42),FALSE,"ER - LAST ONLY"),TRUE) -> FALSE | Y42: FALSE | Z42: =IF($S42>4,TRUE,IFERROR(0/0,"")) | AA42: =IF(ISBLANK($O42),FALSE,TRUE) -> FALSE | AB42: FALSE | AC42: 774 | AD42: TRUE | AE42: =IFERROR(IF(EXACT($L42,$B42),(TIMEVALUE($M42)-TIMEVALUE($C42))*24*60,IFERROR(0/0,"")),IFERROR(0/0,"")) | AF42: =OR(AND(NOT($AG42),IFERROR(NOT($AG43),""),EXACT($A42,$A43),NOT(EXACT(CONCATENATE($B42,$C42),CONCATENATE($B43,$C43)))),AND(NOT($AG42),IFERROR(NOT($AG41),""),EXACT($A42,$A41),NOT(EXACT(CONCATENATE($B42,$C42),CONCATENATE($B41,$C41))))) -> FALSE | AG42: =IF($AH42>0,TRUE,FALSE) -> FALSE | AJ42: 2.2 | AK42: =IFS(AND($AJ42>=2,$AJ42<3),"Negative",AND($AJ42>=3,$AJ42<4),"Positive",AND($AJ42>=4,$AJ42<5),"Inconclusive",$AJ42=5,"MANUAL FILL",$AG42,"DELETED",TRUE,$K42) -> Negative | AM42: SpROSA145068 | AN42: ROSA669439 | AO42: =IFERROR(__xludf.DUMMYFUNCTION("IF($AG42, ""DELETED"",TRIM(JOIN("" "",D42:E42)))"),"") | AP42: =IF($AG42, "DELETED", TRIM(CONCATENATE(F42,I42,U42))) | AQ42: =IF($AG42, "DELETED", TRIM(CONCATENATE(G42,J42,V42))) | AR42: =IFERROR(__xludf.DUMMYFUNCTION("IF($AG42, ""DELETED"", TRIM(JOIN("" "",AP42,AQ42)))"),"") | AT42: =IF(OR($AG42,SUM($AU42:$AW42)=1),TRUE,FALSE) -> FALSE | AU42: =IF($AG42,IFERROR(0/0,""),IF(ISBLANK($F42),IF(ISBLANK($G42),IFERROR(0/0,""),2),1)) | AV42: =IF($AG42,IFERROR(0/0,""),IF(ISBLANK($I42),IF(ISBLANK($J42),IFERROR(0/0,""),2),1)) | AW42: =IF($AG42,IFERROR(0/0,""),IF(ISBLANK($U42),IF(ISBLANK($V42),IFERROR(0/0,""),2),1)) | AX42: =IF(AND($X42,$A43=$A42),1,IFERROR(0/0,"")) | BA42: =IF(AG42,IFERROR(0/0,""),IF(EXACT(UPPER(A42),A42),IFERROR(0/0,""),TRUE)) | BF42: =IF(COUNTIF(BJ$2:BJ848,BE42)>0,COUNTIF(BJ$2:BJ848,BE42),IFERROR(0/0,"")) | BG42: =IF($AG42,IFERROR(0/0,""),CONCATENATE($A42,"__",$B42,"_",$C42,"_",$D42,"_",$E42,"_",$K42,"_",$L42,"_",$M42,"_",$O42)) -> PA9660__44473_0.396030092592593___Null_44868_0.535520833333333_ | BH42: =IF(ISBLANK(IFERROR(MATCH(LEFT(BG42, FIND("__",BG42)-1),BE$2:BE848,0),"")),IFERROR(0/0,""),TRUE) | BI42: FLB3126__44529_0.373298611111111___Negative_44529_0.500289351851852_ | BJ42: =IFERROR(LEFT(BI42, FIND("__",BI42)-1),"") -> FLB3126 | BK42: =IFERROR(AND(EXACT(BJ43,BJ42),NOT(EXACT(BJ42,BJ41))),"") -> FALSE | BL42: =IF(BK42,BJ42,IFERROR(0/0,"")) | BN42: =OR(BO42,BP42) -> TRUE | BO42: =ISBLANK($AR42) -> FALSE | BP42: =IF(TRIM($AR42)="",TRUE,FALSE) -> TRUE | BR42: =IF(EXACT(AK42,"Null"),2.2,IFERROR(0/0,""))
A43: PA9580 | B43: 44473 | C43: 0.43706019 | K43: Null | P43: =IFNA(IF(VLOOKUP($A43,'Add from APT'!$AA$2:$AC808,3,FALSE)>0,TRUE,FALSE),"ER - NOT IN APT") -> FALSE | Q43: =IF(ISLOGICAL(P43),IF(P43,"ER - REPS IN APT", IFNA(VLOOKUP($A43,RAW_APT!$A$3:$M808,7,FALSE),"ER - NOT IN APT")),P43) -> Collected | R43: =IF(EXACT($A43,$A42),FALSE,TRUE) -> TRUE | S43: =COUNTIF($A$2:$A849,$A43) -> 1 | X43: =IF(ISBLANK($U43),IF(ISBLANK($V43),FALSE,"ER - LAST ONLY"),TRUE) -> FALSE | Y43: FALSE | Z43: =IF($S43>4,TRUE,IFERROR(0/0,"")) | AA43: =IF(ISBLANK($O43),FALSE,TRUE) -> FALSE | AB43: FALSE | AC43: 432 | AD43: FALSE | AE43: =IFERROR(IF(EXACT($L43,$B43),(TIMEVALUE($M43)-TIMEVALUE($C43))*24*60,IFERROR(0/0,"")),IFERROR(0/0,"")) | AF43: =OR(AND(NOT($AG43),IFERROR(NOT($AG44),""),EXACT($A43,$A44),NOT(EXACT(CONCATENATE($B43,$C43),CONCATENATE($B44,$C44)))),AND(NOT($AG43),IFERROR(NOT($AG42),""),EXACT($A43,$A42),NOT(EXACT(CONCATENATE($B43,$C43),CONCATENATE($B42,$C42))))) -> FALSE | AG43: =IF($AH43>0,TRUE,FALSE) -> FALSE | AJ43: 2.2 | AK43: =IFS(AND($AJ43>=2,$AJ43<3),"Negative",AND($AJ43>=3,$AJ43<4),"Positive",AND($AJ43>=4,$AJ43<5),"Inconclusive",$AJ43=5,"MANUAL FILL",$AG43,"DELETED",TRUE,$K43) -> Negative | AM43: SpROSA145068 | AN43: ROSA216934 | AO43: =IFERROR(__xludf.DUMMYFUNCTION("IF($AG43, ""DELETED"",TRIM(JOIN("" "",D43:E43)))"),"") | AP43: =IF($AG43, "DELETED", TRIM(CONCATENATE(F43,I43,U43))) | AQ43: =IF($AG43, "DELETED", TRIM(CONCATENATE(G43,J43,V43))) | AR43: =IFERROR(__xludf.DUMMYFUNCTION("IF($AG43, ""DELETED"", TRIM(JOIN("" "",AP43,AQ43)))"),"") | AT43: =IF(OR($AG43,SUM($AU43:$AW43)=1),TRUE,FALSE) -> FALSE | AU43: =IF($AG43,IFERROR(0/0,""),IF(ISBLANK($F43),IF(ISBLANK($G43),IFERROR(0/0,""),2),1)) | AV43: =IF($AG43,IFERROR(0/0,""),IF(ISBLANK($I43),IF(ISBLANK($J43),IFERROR(0/0,""),2),1)) | AW43: =IF($AG43,IFERROR(0/0,""),IF(ISBLANK($U43),IF(ISBLANK($V43),IFERROR(0/0,""),2),1)) | AX43: =IF(AND($X43,$A44=$A43),1,IFERROR(0/0,"")) | BA43: =IF(AG43,IFERROR(0/0,""),IF(EXACT(UPPER(A43),A43),IFERROR(0/0,""),TRUE)) | BF43: =IF(COUNTIF(BJ$2:BJ849,BE43)>0,COUNTIF(BJ$2:BJ849,BE43),IFERROR(0/0,"")) | BG43: =IF($AG43,IFERROR(0/0,""),CONCATENATE($A43,"__",$B43,"_",$C43,"_",$D43,"_",$E43,"_",$K43,"_",$L43,"_",$M43,"_",$O43)) -> PA9580__44473_0.437060185185185___Null___ | BH43: =IF(ISBLANK(IFERROR(MATCH(LEFT(BG43, FIND("__",BG43)-1),BE$2:BE849,0),"")),IFERROR(0/0,""),TRUE) | BI43: FLB3127__44529_0.327314814814815___Negative_44529_0.500277777777778_ | BJ43: =IFERROR(LEFT(BI43, FIND("__",BI43)-1),"") -> FLB3127 | BK43: =IFERROR(AND(EXACT(BJ44,BJ43),NOT(EXACT(BJ43,BJ42))),"") -> FALSE | BL43: =IF(BK43,BJ43,IFERROR(0/0,"")) | BN43: =OR(BO43,BP43) -> TRUE | BO43: =ISBLANK($AR43) -> FALSE | BP43: =IF(TRIM($AR43)="",TRUE,FALSE) -> TRUE | BR43: =IF(EXACT(AK43,"Null"),2.2,IFERROR(0/0,""))
A44: PA9479 | B44: 44473 | C44: 0.46050926 | K44: Null | P44: =IFNA(IF(VLOOKUP($A44,'Add from APT'!$AA$2:$AC808,3,FALSE)>0,TRUE,FALSE),"ER - NOT IN APT") -> FALSE | Q44: =IF(ISLOGICAL(P44),IF(P44,"ER - REPS IN APT", IFNA(VLOOKUP($A44,RAW_APT!$A$3:$M808,7,FALSE),"ER - NOT IN APT")),P44) -> Collected | R44: =IF(EXACT($A44,$A43),FALSE,TRUE) -> TRUE | S44: =COUNTIF($A$2:$A850,$A44) -> 1 | X44: =IF(ISBLANK($U44),IF(ISBLANK($V44),FALSE,"ER - LAST ONLY"),TRUE) -> FALSE | Y44: FALSE | Z44: =IF($S44>4,TRUE,IFERROR(0/0,"")) | AA44: =IF(ISBLANK($O44),FALSE,TRUE) -> FALSE | AB44: FALSE | AC44: 431 | AD44: FALSE | AE44: =IFERROR(IF(EXACT($L44,$B44),(TIMEVALUE($M44)-TIMEVALUE($C44))*24*60,IFERROR(0/0,"")),IFERROR(0/0,"")) | AF44: =OR(AND(NOT($AG44),IFERROR(NOT($AG45),""),EXACT($A44,$A45),NOT(EXACT(CONCATENATE($B44,$C44),CONCATENATE($B45,$C45)))),AND(NOT($AG44),IFERROR(NOT($AG43),""),EXACT($A44,$A43),NOT(EXACT(CONCATENATE($B44,$C44),CONCATENATE($B43,$C43))))) -> FALSE | AG44: =IF($AH44>0,TRUE,FALSE) -> FALSE | AJ44: 2.2 | AK44: =IFS(AND($AJ44>=2,$AJ44<3),"Negative",AND($AJ44>=3,$AJ44<4),"Positive",AND($AJ44>=4,$AJ44<5),"Inconclusive",$AJ44=5,"MANUAL FILL",$AG44,"DELETED",TRUE,$K44) -> Negative | AM44: SpROSA573919 | AN44: ROSA532925 | AO44: =IFERROR(__xludf.DUMMYFUNCTION("IF($AG44, ""DELETED"",TRIM(JOIN("" "",D44:E44)))"),"") | AP44: =IF($AG44, "DELETED", TRIM(CONCATENATE(F44,I44,U44))) | AQ44: =IF($AG44, "DELETED", TRIM(CONCATENATE(G44,J44,V44))) | AR44: =IFERROR(__xludf.DUMMYFUNCTION("IF($AG44, ""DELETED"", TRIM(JOIN("" "",AP44,AQ44)))"),"") | AT44: =IF(OR($AG44,SUM($AU44:$AW44)=1),TRUE,FALSE) -> FALSE | AU44: =IF($AG44,IFERROR(0/0,""),IF(ISBLANK($F44),IF(ISBLANK($G44),IFERROR(0/0,""),2),1)) | AV44: =IF($AG44,IFERROR(0/0,""),IF(ISBLANK($I44),IF(ISBLANK($J44),IFERROR(0/0,""),2),1)) | AW44: =IF($AG44,IFERROR(0/0,""),IF(ISBLANK($U44),IF(ISBLANK($V44),IFERROR(0/0,""),2),1)) | AX44: =IF(AND($X44,$A45=$A44),1,IFERROR(0/0,"")) | BA44: =IF(AG44,IFERROR(0/0,""),IF(EXACT(UPPER(A44),A44),IFERROR(0/0,""),TRUE)) | BF44: =IF(COUNTIF(BJ$2:BJ850,BE44)>0,COUNTIF(BJ$2:BJ850,BE44),IFERROR(0/0,"")) | BG44: =IF($AG44,IFERROR(0/0,""),CONCATENATE($A44,"__",$B44,"_",$C44,"_",$D44,"_",$E44,"_",$K44,"_",$L44,"_",$M44,"_",$O44)) -> PA9479__44473_0.460509259259259___Null___ | BH44: =IF(ISBLANK(IFERROR(MATCH(LEFT(BG44, FIND("__",BG44)-1),BE$2:BE850,0),"")),IFERROR(0/0,""),TRUE) | BI44: FLB3128__44530_0.31900462962963___Negative_44532_0.454270833333333_ | BJ44: =IFERROR(LEFT(BI44, FIND("__",BI44)-1),"") -> FLB3128 | BK44: =IFERROR(AND(EXACT(BJ45,BJ44),NOT(EXACT(BJ44,BJ43))),"") -> FALSE | BL44: =IF(BK44,BJ44,IFERROR(0/0,"")) | BN44: =OR(BO44,BP44) -> TRUE | BO44: =ISBLANK($AR44) -> FALSE | BP44: =IF(TRIM($AR44)="",TRUE,FALSE) -> TRUE | BR44: =IF(EXACT(AK44,"Null"),2.2,IFERROR(0/0,""))
A45: PA9555 | B45: 44473 | C45: 0.4840162 | K45: Null | P45: =IFNA(IF(VLOOKUP($A45,'Add from APT'!$AA$2:$AC808,3,FALSE)>0,TRUE,FALSE),"ER - NOT IN APT") -> FALSE | Q45: =IF(ISLOGICAL(P45),IF(P45,"ER - REPS IN APT", IFNA(VLOOKUP($A45,RAW_APT!$A$3:$M808,7,FALSE),"ER - NOT IN APT")),P45) -> Collected | R45: =IF(EXACT($A45,$A44),FALSE,TRUE) -> TRUE | S45: =COUNTIF($A$2:$A851,$A45) -> 1 | X45: =IF(ISBLANK($U45),IF(ISBLANK($V45),FALSE,"ER - LAST ONLY"),TRUE) -> FALSE | Y45: FALSE | Z45: =IF($S45>4,TRUE,IFERROR(0/0,"")) | AA45: =IF(ISBLANK($O45),FALSE,TRUE) -> FALSE | AB45: FALSE | AC45: 430 | AD45: FALSE | AE45: =IFERROR(IF(EXACT($L45,$B45),(TIMEVALUE($M45)-TIMEVALUE($C45))*24*60,IFERROR(0/0,"")),IFERROR(0/0,"")) | AF45: =OR(AND(NOT($AG45),IFERROR(NOT($AG46),""),EXACT($A45,$A46),NOT(EXACT(CONCATENATE($B45,$C45),CONCATENATE($B46,$C46)))),AND(NOT($AG45),IFERROR(NOT($AG44),""),EXACT($A45,$A44),NOT(EXACT(CONCATENATE($B45,$C45),CONCATENATE($B44,$C44))))) -> FALSE | AG45: =IF($AH45>0,TRUE,FALSE) -> FALSE | AJ45: 2.2 | AK45: =IFS(AND($AJ45>=2,$AJ45<3),"Negative",AND($AJ45>=3,$AJ45<4),"Positive",AND($AJ45>=4,$AJ45<5),"Inconclusive",$AJ45=5,"MANUAL FILL",$AG45,"DELETED",TRUE,$K45) -> Negative | AM45: SpROSA145068 | AN45: ROSA750622 | AO45: =IFERROR(__xludf.DUMMYFUNCTION("IF($AG45, ""DELETED"",TRIM(JOIN("" "",D45:E45)))"),"") | AP45: =IF($AG45, "DELETED", TRIM(CONCATENATE(F45,I45,U45))) | AQ45: =IF($AG45, "DELETED", TRIM(CONCATENATE(G45,J45,V45))) | AR45: =IFERROR(__xludf.DUMMYFUNCTION("IF($AG45, ""DELETED"", TRIM(JOIN("" "",AP45,AQ45)))"),"") | AT45: =IF(OR($AG45,SUM($AU45:$AW45)=1),TRUE,FALSE) -> FALSE | AU45: =IF($AG45,IFERROR(0/0,""),IF(ISBLANK($F45),IF(ISBLANK($G45),IFERROR(0/0,""),2),1)) | AV45: =IF($AG45,IFERROR(0/0,""),IF(ISBLANK($I45),IF(ISBLANK($J45),IFERROR(0/0,""),2),1)) | AW45: =IF($AG45,IFERROR(0/0,""),IF(ISBLANK($U45),IF(ISBLANK($V45),IFERROR(0/0,""),2),1)) | AX45: =IF(AND($X45,$A46=$A45),1,IFERROR(0/0,"")) | BA45: =IF(AG45,IFERROR(0/0,""),IF(EXACT(UPPER(A45),A45),IFERROR(0/0,""),TRUE)) | BF45: =IF(COUNTIF(BJ$2:BJ851,BE45)>0,COUNTIF(BJ$2:BJ851,BE45),IFERROR(0/0,"")) | BG45: =IF($AG45,IFERROR(0/0,""),CONCATENATE($A45,"__",$B45,"_",$C45,"_",$D45,"_",$E45,"_",$K45,"_",$L45,"_",$M45,"_",$O45)) -> PA9555__44473_0.484016203703704___Null___ | BH45: =IF(ISBLANK(IFERROR(MATCH(LEFT(BG45, FIND("__",BG45)-1),BE$2:BE851,0),"")),IFERROR(0/0,""),TRUE) | BI45: FLB3129__44536_0.325856481481482___Negative_44536_0.506469907407407_ | BJ45: =IFERROR(LEFT(BI45, FIND("__",BI45)-1),"") -> FLB3129 | BK45: =IFERROR(AND(EXACT(BJ46,BJ45),NOT(EXACT(BJ45,BJ44))),"") -> FALSE | BL45: =IF(BK45,BJ45,IFERROR(0/0,"")) | BN45: =OR(BO45,BP45) -> TRUE | BO45: =ISBLANK($AR45) -> FALSE | BP45: =IF(TRIM($AR45)="",TRUE,FALSE) -> TRUE | BR45: =IF(EXACT(AK45,"Null"),2.2,IFERROR(0/0,""))
A46: PA9559 | B46: 44473 | C46: 0.53351852 | K46: Null | L46: 44868 | M46: 0.53552083 | P46: =IFNA(IF(VLOOKUP($A46,'Add from APT'!$AA$2:$AC808,3,FALSE)>0,TRUE,FALSE),"ER - NOT IN APT") -> FALSE | Q46: =IF(ISLOGICAL(P46),IF(P46,"ER - REPS IN APT", IFNA(VLOOKUP($A46,RAW_APT!$A$3:$M808,7,FALSE),"ER - NOT IN APT")),P46) -> Collected | R46: =IF(EXACT($A46,$A45),FALSE,TRUE) -> TRUE | S46: =COUNTIF($A$2:$A852,$A46) -> 1 | T46: 0 | X46: =IF(ISBLANK($U46),IF(ISBLANK($V46),FALSE,"ER - LAST ONLY"),TRUE) -> FALSE | Y46: FALSE | Z46: =IF($S46>4,TRUE,IFERROR(0/0,"")) | AA46: =IF(ISBLANK($O46),FALSE,TRUE) -> FALSE | AB46: FALSE | AC46: 773 | AD46: TRUE | AE46: =IFERROR(IF(EXACT($L46,$B46),(TIMEVALUE($M46)-TIMEVALUE($C46))*24*60,IFERROR(0/0,"")),IFERROR(0/0,"")) | AF46: =OR(AND(NOT($AG46),IFERROR(NOT($AG47),""),EXACT($A46,$A47),NOT(EXACT(CONCATENATE($B46,$C46),CONCATENATE($B47,$C47)))),AND(NOT($AG46),IFERROR(NOT($AG45),""),EXACT($A46,$A45),NOT(EXACT(CONCATENATE($B46,$C46),CONCATENATE($B45,$C45))))) -> FALSE | AG46: =IF($AH46>0,TRUE,FALSE) -> FALSE | AJ46: 2.2 | AK46: =IFS(AND($AJ46>=2,$AJ46<3),"Negative",AND($AJ46>=3,$AJ46<4),"Positive",AND($AJ46>=4,$AJ46<5),"Inconclusive",$AJ46=5,"MANUAL FILL",$AG46,"DELETED",TRUE,$K46) -> Negative | AM46: SpROSA573919 | AN46: ROSA680449 | AO46: =IFERROR(__xludf.DUMMYFUNCTION("IF($AG46, ""DELETED"",TRIM(JOIN("" "",D46:E46)))"),"") | AP46: =IF($AG46, "DELETED", TRIM(CONCATENATE(F46,I46,U46))) | AQ46: =IF($AG46, "DELETED", TRIM(CONCATENATE(G46,J46,V46))) | AR46: =IFERROR(__xludf.DUMMYFUNCTION("IF($AG46, ""DELETED"", TRIM(JOIN("" "",AP46,AQ46)))"),"") | AT46: =IF(OR($AG46,SUM($AU46:$AW46)=1),TRUE,FALSE) -> FALSE | AU46: =IF($AG46,IFERROR(0/0,""),IF(ISBLANK($F46),IF(ISBLANK($G46),IFERROR(0/0,""),2),1)) | AV46: =IF($AG46,IFERROR(0/0,""),IF(ISBLANK($I46),IF(ISBLANK($J46),IFERROR(0/0,""),2),1)) | AW46: =IF($AG46,IFERROR(0/0,""),IF(ISBLANK($U46),IF(ISBLANK($V46),IFERROR(0/0,""),2),1)) | AX46: =IF(AND($X46,$A47=$A46),1,IFERROR(0/0,"")) | BA46: =IF(AG46,IFERROR(0/0,""),IF(EXACT(UPPER(A46),A46),IFERROR(0/0,""),TRUE)) | BF46: =IF(COUNTIF(BJ$2:BJ852,BE46)>0,COUNTIF(BJ$2:BJ852,BE46),IFERROR(0/0,"")) | BG46: =IF($AG46,IFERROR(0/0,""),CONCATENATE($A46,"__",$B46,"_",$C46,"_",$D46,"_",$E46,"_",$K46,"_",$L46,"_",$M46,"_",$O46)) -> PA9559__44473_0.533518518518519___Null_44868_0.535520833333333_ | BH46: =IF(ISBLANK(IFERROR(MATCH(LEFT(BG46, FIND("__",BG46)-1),BE$2:BE852,0),"")),IFERROR(0/0,""),TRUE) | BI46: FLB3130__44529_0.381631944444444___Negative_44529_0.500289351851852_ | BJ46: =IFERROR(LEFT(BI46, FIND("__",BI46)-1),"") -> FLB3130 | BK46: =IFERROR(AND(EXACT(BJ47,BJ46),NOT(EXACT(BJ46,BJ45))),"") -> FALSE | BL46: =IF(BK46,BJ46,IFERROR(0/0,"")) | BN46: =OR(BO46,BP46) -> TRUE | BO46: =ISBLANK($AR46) -> FALSE | BP46: =IF(TRIM($AR46)="",TRUE,FALSE) -> TRUE | BR46: =IF(EXACT(AK46,"Null"),2.2,IFERROR(0/0,""))
A47: PA9489 | B47: 44473 | C47: 0.71674769 | K47: Null | L47: 44868 | M47: 0.53552083 | P47: =IFNA(IF(VLOOKUP($A47,'Add from APT'!$AA$2:$AC808,3,FALSE)>0,TRUE,FALSE),"ER - NOT IN APT") -> FALSE | Q47: =IF(ISLOGICAL(P47),IF(P47,"ER - REPS IN APT", IFNA(VLOOKUP($A47,RAW_APT!$A$3:$M808,7,FALSE),"ER - NOT IN APT")),P47) -> Collected | R47: =IF(EXACT($A47,$A46),FALSE,TRUE) -> TRUE | S47: =COUNTIF($A$2:$A853,$A47) -> 1 | T47: 0 | X47: =IF(ISBLANK($U47),IF(ISBLANK($V47),FALSE,"ER - LAST ONLY"),TRUE) -> FALSE | Y47: FALSE | Z47: =IF($S47>4,TRUE,IFERROR(0/0,"")) | AA47: =IF(ISBLANK($O47),FALSE,TRUE) -> FALSE | AB47: FALSE | AC47: 772 | AD47: TRUE | AE47: =IFERROR(IF(EXACT($L47,$B47),(TIMEVALUE($M47)-TIMEVALUE($C47))*24*60,IFERROR(0/0,"")),IFERROR(0/0,"")) | AF47: =OR(AND(NOT($AG47),IFERROR(NOT($AG48),""),EXACT($A47,$A48),NOT(EXACT(CONCATENATE($B47,$C47),CONCATENATE($B48,$C48)))),AND(NOT($AG47),IFERROR(NOT($AG46),""),EXACT($A47,$A46),NOT(EXACT(CONCATENATE($B47,$C47),CONCATENATE($B46,$C46))))) -> FALSE | AG47: =IF($AH47>0,TRUE,FALSE) -> FALSE | AJ47: 2.2 | AK47: =IFS(AND($AJ47>=2,$AJ47<3),"Negative",AND($AJ47>=3,$AJ47<4),"Positive",AND($AJ47>=4,$AJ47<5),"Inconclusive",$AJ47=5,"MANUAL FILL",$AG47,"DELETED",TRUE,$K47) -> Negative | AM47: SpROSA145068 | AN47: ROSA921794 | AO47: =IFERROR(__xludf.DUMMYFUNCTION("IF($AG47, ""DELETED"",TRIM(JOIN("" "",D47:E47)))"),"") | AP47: =IF($AG47, "DELETED", TRIM(CONCATENATE(F47,I47,U47))) | AQ47: =IF($AG47, "DELETED", TRIM(CONCATENATE(G47,J47,V47))) | AR47: =IFERROR(__xludf.DUMMYFUNCTION("IF($AG47, ""DELETED"", TRIM(JOIN("" "",AP47,AQ47)))"),"") | AT47: =IF(OR($AG47,SUM($AU47:$AW47)=1),TRUE,FALSE) -> FALSE | AU47: =IF($AG47,IFERROR(0/0,""),IF(ISBLANK($F47),IF(ISBLANK($G47),IFERROR(0/0,""),2),1)) | AV47: =IF($AG47,IFERROR(0/0,""),IF(ISBLANK($I47),IF(ISBLANK($J47),IFERROR(0/0,""),2),1)) | AW47: =IF($AG47,IFERROR(0/0,""),IF(ISBLANK($U47),IF(ISBLANK($V47),IFERROR(0/0,""),2),1)) | AX47: =IF(AND($X47,$A48=$A47),1,IFERROR(0/0,"")) | BA47: =IF(AG47,IFERROR(0/0,""),IF(EXACT(UPPER(A47),A47),IFERROR(0/0,""),TRUE)) | BF47: =IF(COUNTIF(BJ$2:BJ853,BE47)>0,COUNTIF(BJ$2:BJ853,BE47),IFERROR(0/0,"")) | BG47: =IF($AG47,IFERROR(0/0,""),CONCATENATE($A47,"__",$B47,"_",$C47,"_",$D47,"_",$E47,"_",$K47,"_",$L47,"_",$M47,"_",$O47)) -> PA9489__44473_0.716747685185185___Null_44868_0.535520833333333_ | BH47: =IF(ISBLANK(IFERROR(MATCH(LEFT(BG47, FIND("__",BG47)-1),BE$2:BE853,0),"")),IFERROR(0/0,""),TRUE) | BI47: FLB3131__44540_0.226724537037037___Negative_44540_0.486412037037037_ | BJ47: =IFERROR(LEFT(BI47, FIND("__",BI47)-1),"") -> FLB3131 | BK47: =IFERROR(AND(EXACT(BJ48,BJ47),NOT(EXACT(BJ47,BJ46))),"") -> FALSE | BL47: =IF(BK47,BJ47,IFERROR(0/0,"")) | BN47: =OR(BO47,BP47) -> TRUE | BO47: =ISBLANK($AR47) -> FALSE | BP47: =IF(TRIM($AR47)="",TRUE,FALSE) -> TRUE | BR47: =IF(EXACT(AK47,"Null"),2.2,IFERROR(0/0,""))
A48: PA9434 | B48: 44473 | C48: 0.71751157 | K48: Null | L48: 44868 | M48: 0.53552083 | P48: =IFNA(IF(VLOOKUP($A48,'Add from APT'!$AA$2:$AC808,3,FALSE)>0,TRUE,FALSE),"ER - NOT IN APT") -> FALSE | Q48: =IF(ISLOGICAL(P48),IF(P48,"ER - REPS IN APT", IFNA(VLOOKUP($A48,RAW_APT!$A$3:$M808,7,FALSE),"ER - NOT IN APT")),P48) -> Collected | R48: =IF(EXACT($A48,$A47),FALSE,TRUE) -> TRUE | S48: =COUNTIF($A$2:$A854,$A48) -> 1 | T48: 0 | X48: =IF(ISBLANK($U48),IF(ISBLANK($V48),FALSE,"ER - LAST ONLY"),TRUE) -> FALSE | Y48: FALSE | Z48: =IF($S48>4,TRUE,IFERROR(0/0,"")) | AA48: =IF(ISBLANK($O48),FALSE,TRUE) -> FALSE | AB48: FALSE | AC48: 771 | AD48: TRUE | AE48: =IFERROR(IF(EXACT($L48,$B48),(TIMEVALUE($M48)-TIMEVALUE($C48))*24*60,IFERROR(0/0,"")),IFERROR(0/0,"")) | AF48: =OR(AND(NOT($AG48),IFERROR(NOT($AG49),""),EXACT($A48,$A49),NOT(EXACT(CONCATENATE($B48,$C48),CONCATENATE($B49,$C49)))),AND(NOT($AG48),IFERROR(NOT($AG47),""),EXACT($A48,$A47),NOT(EXACT(CONCATENATE($B48,$C48),CONCATENATE($B47,$C47))))) -> FALSE | AG48: =IF($AH48>0,TRUE,FALSE) -> FALSE | AJ48: 2.2 | AK48: =IFS(AND($AJ48>=2,$AJ48<3),"Negative",AND($AJ48>=3,$AJ48<4),"Positive",AND($AJ48>=4,$AJ48<5),"Inconclusive",$AJ48=5,"MANUAL FILL",$AG48,"DELETED",TRUE,$K48) -> Negative | AM48: SpROSA145068 | AN48: ROSA331190 | AO48: =IFERROR(__xludf.DUMMYFUNCTION("IF($AG48, ""DELETED"",TRIM(JOIN("" "",D48:E48)))"),"") | AP48: =IF($AG48, "DELETED", TRIM(CONCATENATE(F48,I48,U48))) | AQ48: =IF($AG48, "DELETED", TRIM(CONCATENATE(G48,J48,V48))) | AR48: =IFERROR(__xludf.DUMMYFUNCTION("IF($AG48, ""DELETED"", TRIM(JOIN("" "",AP48,AQ48)))"),"") | AT48: =IF(OR($AG48,SUM($AU48:$AW48)=1),TRUE,FALSE) -> FALSE | AU48: =IF($AG48,IFERROR(0/0,""),IF(ISBLANK($F48),IF(ISBLANK($G48),IFERROR(0/0,""),2),1)) | AV48: =IF($AG48,IFERROR(0/0,""),IF(ISBLANK($I48),IF(ISBLANK($J48),IFERROR(0/0,""),2),1)) | AW48: =IF($AG48,IFERROR(0/0,""),IF(ISBLANK($U48),IF(ISBLANK($V48),IFERROR(0/0,""),2),1)) | AX48: =IF(AND($X48,$A49=$A48),1,IFERROR(0/0,"")) | BA48: =IF(AG48,IFERROR(0/0,""),IF(EXACT(UPPER(A48),A48),IFERROR(0/0,""),TRUE)) | BF48: =IF(COUNTIF(BJ$2:BJ854,BE48)>0,COUNTIF(BJ$2:BJ854,BE48),IFERROR(0/0,"")) | BG48: =IF($AG48,IFERROR(0/0,""),CONCATENATE($A48,"__",$B48,"_",$C48,"_",$D48,"_",$E48,"_",$K48,"_",$L48,"_",$M48,"_",$O48)) -> PA9434__44473_0.717511574074074___Null_44868_0.535520833333333_ | BH48: =IF(ISBLANK(IFERROR(MATCH(LEFT(BG48, FIND("__",BG48)-1),BE$2:BE854,0),"")),IFERROR(0/0,""),TRUE) | BI48: FLB3132__44529_0.337268518518519___Negative_44529_0.500289351851852_ | BJ48: =IFERROR(LEFT(BI48, FIND("__",BI48)-1),"") -> FLB3132 | BK48: =IFERROR(AND(EXACT(BJ49,BJ48),NOT(EXACT(BJ48,BJ47))),"") -> FALSE | BL48: =IF(BK48,BJ48,IFERROR(0/0,"")) | BN48: =OR(BO48,BP48) -> TRUE | BO48: =ISBLANK($AR48) -> FALSE | BP48: =IF(TRIM($AR48)="",TRUE,FALSE) -> TRUE | BR48: =IF(EXACT(AK48,"Null"),2.2,IFERROR(0/0,""))
A49: PA9524X | B49: 44473 | C49: 0.7190625 | K49: Null | L49: 44868 | M49: 0.53552083 | P49: =IFNA(IF(VLOOKUP($A49,'Add from APT'!$AA$2:$AC808,3,FALSE)>0,TRUE,FALSE),"ER - NOT IN APT") -> ER - NOT IN APT | Q49: =IF(ISLOGICAL(P49),IF(P49,"ER - REPS IN APT", IFNA(VLOOKUP($A49,RAW_APT!$A$3:$M808,7,FALSE),"ER - NOT IN APT")),P49) -> ER - NOT IN APT | R49: =IF(EXACT($A49,$A48),FALSE,TRUE) -> TRUE | S49: =COUNTIF($A$2:$A855,$A49) -> 1 | T49: 0 | X49: =IF(ISBLANK($U49),IF(ISBLANK($V49),FALSE,"ER - LAST ONLY"),TRUE) -> FALSE | Y49: FALSE | Z49: =IF($S49>4,TRUE,IFERROR(0/0,"")) | AA49: =IF(ISBLANK($O49),FALSE,TRUE) -> FALSE | AB49: FALSE | AC49: 441 | AD49: TRUE | AE49: =IFERROR(IF(EXACT($L49,$B49),(TIMEVALUE($M49)-TIMEVALUE($C49))*24*60,IFERROR(0/0,"")),IFERROR(0/0,"")) | AF49: =OR(AND(NOT($AG49),IFERROR(NOT($AG50),""),EXACT($A49,$A50),NOT(EXACT(CONCATENATE($B49,$C49),CONCATENATE($B50,$C50)))),AND(NOT($AG49),IFERROR(NOT($AG48),""),EXACT($A49,$A48),NOT(EXACT(CONCATENATE($B49,$C49),CONCATENATE($B48,$C48))))) -> FALSE | AG49: =IF($AH49>0,TRUE,FALSE) -> FALSE | AI49: 1.3 | AJ49: 2.2 | AK49: =IFS(AND($AJ49>=2,$AJ49<3),"Negative",AND($AJ49>=3,$AJ49<4),"Positive",AND($AJ49>=4,$AJ49<5),"Inconclusive",$AJ49=5,"MANUAL FILL",$AG49,"DELETED",TRUE,$K49) -> Negative | AM49: SpROSA145068 | AN49: ROSA812088 | AO49: =IFERROR(__xludf.DUMMYFUNCTION("IF($AG49, ""DELETED"",TRIM(JOIN("" "",D49:E49)))"),"") | AP49: =IF($AG49, "DELETED", TRIM(CONCATENATE(F49,I49,U49))) | AQ49: =IF($AG49, "DELETED", TRIM(CONCATENATE(G49,J49,V49))) | AR49: =IFERROR(__xludf.DUMMYFUNCTION("IF($AG49, ""DELETED"", TRIM(JOIN("" "",AP49,AQ49)))"),"") | AT49: =IF(OR($AG49,SUM($AU49:$AW49)=1),TRUE,FALSE) -> FALSE | AU49: =IF($AG49,IFERROR(0/0,""),IF(ISBLANK($F49),IF(ISBLANK($G49),IFERROR(0/0,""),2),1)) | AV49: =IF($AG49,IFERROR(0/0,""),IF(ISBLANK($I49),IF(ISBLANK($J49),IFERROR(0/0,""),2),1)) | AW49: =IF($AG49,IFERROR(0/0,""),IF(ISBLANK($U49),IF(ISBLANK($V49),IFERROR(0/0,""),2),1)) | AX49: =IF(AND($X49,$A50=$A49),1,IFERROR(0/0,"")) | BA49: =IF(AG49,IFERROR(0/0,""),IF(EXACT(UPPER(A49),A49),IFERROR(0/0,""),TRUE)) | BF49: =IF(COUNTIF(BJ$2:BJ855,BE49)>0,COUNTIF(BJ$2:BJ855,BE49),IFERROR(0/0,"")) | BG49: =IF($AG49,IFERROR(0/0,""),CONCATENATE($A49,"__",$B49,"_",$C49,"_",$D49,"_",$E49,"_",$K49,"_",$L49,"_",$M49,"_",$O49)) -> PA9524X__44473_0.7190625___Null_44868_0.535520833333333_ | BH49: =IF(ISBLANK(IFERROR(MATCH(LEFT(BG49, FIND("__",BG49)-1),BE$2:BE855,0),"")),IFERROR(0/0,""),TRUE) | BI49: FLB3133__44529_0.380555555555556___Negative_44529_0.500289351851852_ | BJ49: =IFERROR(LEFT(BI49, FIND("__",BI49)-1),"") -> FLB3133 | BK49: =IFERROR(AND(EXACT(BJ50,BJ49),NOT(EXACT(BJ49,BJ48))),"") -> FALSE | BL49: =IF(BK49,BJ49,IFERROR(0/0,"")) | BN49: =OR(BO49,BP49) -> TRUE | BO49: =ISBLANK($AR49) -> FALSE | BP49: =IF(TRIM($AR49)="",TRUE,FALSE) -> TRUE | BR49: =IF(EXACT(AK49,"Null"),2.2,IFERROR(0/0,""))
A50: PA9524 | B50: 44473 | C50: 0.71962963 | K50: Null | L50: 44868 | M50: 0.53552083 | P50: =IFNA(IF(VLOOKUP($A50,'Add from APT'!$AA$2:$AC808,3,FALSE)>0,TRUE,FALSE),"ER - NOT IN APT") -> TRUE | Q50: =IF(ISLOGICAL(P50),IF(P50,"ER - REPS IN APT", IFNA(VLOOKUP($A50,RAW_APT!$A$3:$M808,7,FALSE),"ER - NOT IN APT")),P50) -> ER - REPS IN APT | R50: =IF(EXACT($A50,$A49),FALSE,TRUE) -> TRUE | S50: =COUNTIF($A$2:$A856,$A50) -> 1 | T50: 0 | X50: =IF(ISBLANK($U50),IF(ISBLANK($V50),FALSE,"ER - LAST ONLY"),TRUE) -> FALSE | Y50: FALSE | Z50: =IF($S50>4,TRUE,IFERROR(0/0,"")) | AA50: =IF(ISBLANK($O50),FALSE,TRUE) -> FALSE | AB50: FALSE | AC50: 440 | AD50: TRUE | AE50: =IFERROR(IF(EXACT($L50,$B50),(TIMEVALUE($M50)-TIMEVALUE($C50))*24*60,IFERROR(0/0,"")),IFERROR(0/0,"")) | AF50: =OR(AND(NOT($AG50),IFERROR(NOT($AG51),""),EXACT($A50,$A51),NOT(EXACT(CONCATENATE($B50,$C50),CONCATENATE($B51,$C51)))),AND(NOT($AG50),IFERROR(NOT($AG49),""),EXACT($A50,$A49),NOT(EXACT(CONCATENATE($B50,$C50),CONCATENATE($B49,$C49))))) -> FALSE | AG50: =IF($AH50>0,TRUE,FALSE) -> FALSE | AJ50: 2.2 | AK50: =IFS(AND($AJ50>=2,$AJ50<3),"Negative",AND($AJ50>=3,$AJ50<4),"Positive",AND($AJ50>=4,$AJ50<5),"Inconclusive",$AJ50=5,"MANUAL FILL",$AG50,"DELETED",TRUE,$K50) -> Negative | AM50: SpROSA145068 | AN50: ROSA768218 | AO50: =IFERROR(__xludf.DUMMYFUNCTION("IF($AG50, ""DELETED"",TRIM(JOIN("" "",D50:E50)))"),"") | AP50: =IF($AG50, "DELETED", TRIM(CONCATENATE(F50,I50,U50))) | AQ50: =IF($AG50, "DELETED", TRIM(CONCATENATE(G50,J50,V50))) | AR50: =IFERROR(__xludf.DUMMYFUNCTION("IF($AG50, ""DELETED"", TRIM(JOIN("" "",AP50,AQ50)))"),"") | AT50: =IF(OR($AG50,SUM($AU50:$AW50)=1),TRUE,FALSE) -> FALSE | AU50: =IF($AG50,IFERROR(0/0,""),IF(ISBLANK($F50),IF(ISBLANK($G50),IFERROR(0/0,""),2),1)) | AV50: =IF($AG50,IFERROR(0/0,""),IF(ISBLANK($I50),IF(ISBLANK($J50),IFERROR(0/0,""),2),1)) | AW50: =IF($AG50,IFERROR(0/0,""),IF(ISBLANK($U50),IF(ISBLANK($V50),IFERROR(0/0,""),2),1)) | AX50: =IF(AND($X50,$A51=$A50),1,IFERROR(0/0,"")) | BA50: =IF(AG50,IFERROR(0/0,""),IF(EXACT(UPPER(A50),A50),IFERROR(0/0,""),TRUE)) | BF50: =IF(COUNTIF(BJ$2:BJ856,BE50)>0,COUNTIF(BJ$2:BJ856,BE50),IFERROR(0/0,"")) | BG50: =IF($AG50,IFERROR(0/0,""),CONCATENATE($A50,"__",$B50,"_",$C50,"_",$D50,"_",$E50,"_",$K50,"_",$L50,"_",$M50,"_",$O50)) -> PA9524__44473_0.71962962962963___Null_44868_0.535520833333333_ | BH50: =IF(ISBLANK(IFERROR(MATCH(LEFT(BG50, FIND("__",BG50)-1),BE$2:BE856,0),"")),IFERROR(0/0,""),TRUE) | BI50: FLB3137__44536_0.340555555555556___Negative_44536_0.506469907407407_ | BJ50: =IFERROR(LEFT(BI50, FIND("__",BI50)-1),"") -> FLB3137 | BK50: =IFERROR(AND(EXACT(BJ51,BJ50),NOT(EXACT(BJ50,BJ49))),"") -> FALSE | BL50: =IF(BK50,BJ50,IFERROR(0/0,"")) | BN50: =OR(BO50,BP50) -> TRUE | BO50: =ISBLANK($AR50) -> FALSE | BP50: =IF(TRIM($AR50)="",TRUE,FALSE) -> TRUE | BR50: =IF(EXACT(AK50,"Null"),2.2,IFERROR(0/0,""))
A51: PA9522 | B51: 44473 | C51: 0.72232639 | K51: Null | L51: 44868 | M51: 0.53552083 | P51: =IFNA(IF(VLOOKUP($A51,'Add from APT'!$AA$2:$AC808,3,FALSE)>0,TRUE,FALSE),"ER - NOT IN APT") -> FALSE | Q51: =IF(ISLOGICAL(P51),IF(P51,"ER - REPS IN APT", IFNA(VLOOKUP($A51,RAW_APT!$A$3:$M808,7,FALSE),"ER - NOT IN APT")),P51) -> Collected | R51: =IF(EXACT($A51,$A50),FALSE,TRUE) -> TRUE | S51: =COUNTIF($A$2:$A857,$A51) -> 1 | T51: 0 | X51: =IF(ISBLANK($U51),IF(ISBLANK($V51),FALSE,"ER - LAST ONLY"),TRUE) -> FALSE | Y51: FALSE | Z51: =IF($S51>4,TRUE,IFERROR(0/0,"")) | AA51: =IF(ISBLANK($O51),FALSE,TRUE) -> FALSE | AB51: FALSE | AC51: 770 | AD51: TRUE | AE51: =IFERROR(IF(EXACT($L51,$B51),(TIMEVALUE($M51)-TIMEVALUE($C51))*24*60,IFERROR(0/0,"")),IFERROR(0/0,"")) | AF51: =OR(AND(NOT($AG51),IFERROR(NOT($AG52),""),EXACT($A51,$A52),NOT(EXACT(CONCATENATE($B51,$C51),CONCATENATE($B52,$C52)))),AND(NOT($AG51),IFERROR(NOT($AG50),""),EXACT($A51,$A50),NOT(EXACT(CONCATENATE($B51,$C51),CONCATENATE($B50,$C50))))) -> FALSE | AG51: =IF($AH51>0,TRUE,FALSE) -> FALSE | AI51: 6 | AJ51: 2.2 | AK51: =IFS(AND($AJ51>=2,$AJ51<3),"Negative",AND($AJ51>=3,$AJ51<4),"Positive",AND($AJ51>=4,$AJ51<5),"Inconclusive",$AJ51=5,"MANUAL FILL",$AG51,"DELETED",TRUE,$K51) -> Negative | AM51: SpROSA145068 | AN51: ROSA152847 | AO51: =IFERROR(__xludf.DUMMYFUNCTION("IF($AG51, ""DELETED"",TRIM(JOIN("" "",D51:E51)))"),"") | AP51: =IF($AG51, "DELETED", TRIM(CONCATENATE(F51,I51,U51))) | AQ51: =IF($AG51, "DELETED", TRIM(CONCATENATE(G51,J51,V51))) | AR51: =IFERROR(__xludf.DUMMYFUNCTION("IF($AG51, ""DELETED"", TRIM(JOIN("" "",AP51,AQ51)))"),"") | AT51: =IF(OR($AG51,SUM($AU51:$AW51)=1),TRUE,FALSE) -> FALSE | AU51: =IF($AG51,IFERROR(0/0,""),IF(ISBLANK($F51),IF(ISBLANK($G51),IFERROR(0/0,""),2),1)) | AV51: =IF($AG51,IFERROR(0/0,""),IF(ISBLANK($I51),IF(ISBLANK($J51),IFERROR(0/0,""),2),1)) | AW51: =IF($AG51,IFERROR(0/0,""),IF(ISBLANK($U51),IF(ISBLANK($V51),IFERROR(0/0,""),2),1)) | AX51: =IF(AND($X51,$A52=$A51),1,IFERROR(0/0,"")) | BA51: =IF(AG51,IFERROR(0/0,""),IF(EXACT(UPPER(A51),A51),IFERROR(0/0,""),TRUE)) | BF51: =IF(COUNTIF(BJ$2:BJ857,BE51)>0,COUNTIF(BJ$2:BJ857,BE51),IFERROR(0/0,"")) | BG51: =IF($AG51,IFERROR(0/0,""),CONCATENATE($A51,"__",$B51,"_",$C51,"_",$D51,"_",$E51,"_",$K51,"_",$L51,"_",$M51,"_",$O51)) -> PA9522__44473_0.722326388888889___Null_44868_0.535520833333333_ | BH51: =IF(ISBLANK(IFERROR(MATCH(LEFT(BG51, FIND("__",BG51)-1),BE$2:BE857,0),"")),IFERROR(0/0,""),TRUE) | BI51: FLB3138__44536_0.326145833333333___Negative_44536_0.506469907407407_ | BJ51: =IFERROR(LEFT(BI51, FIND("__",BI51)-1),"") -> FLB3138 | BK51: =IFERROR(AND(EXACT(BJ52,BJ51),NOT(EXACT(BJ51,BJ50))),"") -> FALSE | BL51: =IF(BK51,BJ51,IFERROR(0/0,"")) | BN51: =OR(BO51,BP51) -> TRUE | BO51: =ISBLANK($AR51) -> FALSE | BP51: =IF(TRIM($AR51)="",TRUE,FALSE) -> TRUE | BR51: =IF(EXACT(AK51,"Null"),2.2,IFERROR(0/0,""))
A52: PA9467 | B52: 44473 | C52: 0.74178241 | K52: Null | P52: =IFNA(IF(VLOOKUP($A52,'Add from APT'!$AA$2:$AC808,3,FALSE)>0,TRUE,FALSE),"ER - NOT IN APT") -> FALSE | Q52: =IF(ISLOGICAL(P52),IF(P52,"ER - REPS IN APT", IFNA(VLOOKUP($A52,RAW_APT!$A$3:$M808,7,FALSE),"ER - NOT IN APT")),P52) -> Collected | R52: =IF(EXACT($A52,$A51),FALSE,TRUE) -> TRUE | S52: =COUNTIF($A$2:$A858,$A52) -> 1 | X52: =IF(ISBLANK($U52),IF(ISBLANK($V52),FALSE,"ER - LAST ONLY"),TRUE) -> FALSE | Y52: FALSE | Z52: =IF($S52>4,TRUE,IFERROR(0/0,"")) | AA52: =IF(ISBLANK($O52),FALSE,TRUE) -> FALSE | AB52: FALSE | AC52: 429 | AD52: FALSE | AE52: =IFERROR(IF(EXACT($L52,$B52),(TIMEVALUE($M52)-TIMEVALUE($C52))*24*60,IFERROR(0/0,"")),IFERROR(0/0,"")) | AF52: =OR(AND(NOT($AG52),IFERROR(NOT($AG53),""),EXACT($A52,$A53),NOT(EXACT(CONCATENATE($B52,$C52),CONCATENATE($B53,$C53)))),AND(NOT($AG52),IFERROR(NOT($AG51),""),EXACT($A52,$A51),NOT(EXACT(CONCATENATE($B52,$C52),CONCATENATE($B51,$C51))))) -> FALSE | AG52: =IF($AH52>0,TRUE,FALSE) -> FALSE | AJ52: 2.2 | AK52: =IFS(AND($AJ52>=2,$AJ52<3),"Negative",AND($AJ52>=3,$AJ52<4),"Positive",AND($AJ52>=4,$AJ52<5),"Inconclusive",$AJ52=5,"MANUAL FILL",$AG52,"DELETED",TRUE,$K52) -> Negative | AM52: SpROSA145068 | AN52: ROSA718413 | AO52: =IFERROR(__xludf.DUMMYFUNCTION("IF($AG52, ""DELETED"",TRIM(JOIN("" "",D52:E52)))"),"") | AP52: =IF($AG52, "DELETED", TRIM(CONCATENATE(F52,I52,U52))) | AQ52: =IF($AG52, "DELETED", TRIM(CONCATENATE(G52,J52,V52))) | AR52: =IFERROR(__xludf.DUMMYFUNCTION("IF($AG52, ""DELETED"", TRIM(JOIN("" "",AP52,AQ52)))"),"") | AT52: =IF(OR($AG52,SUM($AU52:$AW52)=1),TRUE,FALSE) -> FALSE | AU52: =IF($AG52,IFERROR(0/0,""),IF(ISBLANK($F52),IF(ISBLANK($G52),IFERROR(0/0,""),2),1)) | AV52: =IF($AG52,IFERROR(0/0,""),IF(ISBLANK($I52),IF(ISBLANK($J52),IFERROR(0/0,""),2),1)) | AW52: =IF($AG52,IFERROR(0/0,""),IF(ISBLANK($U52),IF(ISBLANK($V52),IFERROR(0/0,""),2),1)) | AX52: =IF(AND($X52,$A53=$A52),1,IFERROR(0/0,"")) | BA52: =IF(AG52,IFERROR(0/0,""),IF(EXACT(UPPER(A52),A52),IFERROR(0/0,""),TRUE)) | BF52: =IF(COUNTIF(BJ$2:BJ858,BE52)>0,COUNTIF(BJ$2:BJ858,BE52),IFERROR(0/0,"")) | BG52: =IF($AG52,IFERROR(0/0,""),CONCATENATE($A52,"__",$B52,"_",$C52,"_",$D52,"_",$E52,"_",$K52,"_",$L52,"_",$M52,"_",$O52)) -> PA9467__44473_0.741782407407407___Null___ | BH52: =IF(ISBLANK(IFERROR(MATCH(LEFT(BG52, FIND("__",BG52)-1),BE$2:BE858,0),"")),IFERROR(0/0,""),TRUE) | BI52: FLB3139__44543_0.275300925925926___Negative_44543_0.509803240740741_ | BJ52: =IFERROR(LEFT(BI52, FIND("__",BI52)-1),"") -> FLB3139 | BK52: =IFERROR(AND(EXACT(BJ53,BJ52),NOT(EXACT(BJ52,BJ51))),"") -> FALSE | BL52: =IF(BK52,BJ52,IFERROR(0/0,"")) | BN52: =OR(BO52,BP52) -> TRUE | BO52: =ISBLANK($AR52) -> FALSE | BP52: =IF(TRIM($AR52)="",TRUE,FALSE) -> TRUE | BR52: =IF(EXACT(AK52,"Null"),2.2,IFERROR(0/0,""))
A53: PA9432 | B53: 44473 | C53: 0.74578704 | K53: Null | P53: =IFNA(IF(VLOOKUP($A53,'Add from APT'!$AA$2:$AC808,3,FALSE)>0,TRUE,FALSE),"ER - NOT IN APT") -> FALSE | Q53: =IF(ISLOGICAL(P53),IF(P53,"ER - REPS IN APT", IFNA(VLOOKUP($A53,RAW_APT!$A$3:$M808,7,FALSE),"ER - NOT IN APT")),P53) -> Collected | R53: =IF(EXACT($A53,$A52),FALSE,TRUE) -> TRUE | S53: =COUNTIF($A$2:$A859,$A53) -> 1 | X53: =IF(ISBLANK($U53),IF(ISBLANK($V53),FALSE,"ER - LAST ONLY"),TRUE) -> FALSE | Y53: FALSE | Z53: =IF($S53>4,TRUE,IFERROR(0/0,"")) | AA53: =IF(ISBLANK($O53),FALSE,TRUE) -> FALSE | AB53: FALSE | AC53: 428 | AD53: FALSE | AE53: =IFERROR(IF(EXACT($L53,$B53),(TIMEVALUE($M53)-TIMEVALUE($C53))*24*60,IFERROR(0/0,"")),IFERROR(0/0,"")) | AF53: =OR(AND(NOT($AG53),IFERROR(NOT($AG54),""),EXACT($A53,$A54),NOT(EXACT(CONCATENATE($B53,$C53),CONCATENATE($B54,$C54)))),AND(NOT($AG53),IFERROR(NOT($AG52),""),EXACT($A53,$A52),NOT(EXACT(CONCATENATE($B53,$C53),CONCATENATE($B52,$C52))))) -> FALSE | AG53: =IF($AH53>0,TRUE,FALSE) -> FALSE | AJ53: 2.2 | AK53: =IFS(AND($AJ53>=2,$AJ53<3),"Negative",AND($AJ53>=3,$AJ53<4),"Positive",AND($AJ53>=4,$AJ53<5),"Inconclusive",$AJ53=5,"MANUAL FILL",$AG53,"DELETED",TRUE,$K53) -> Negative | AM53: SpROSA145068 | AN53: ROSA893930 | AO53: =IFERROR(__xludf.DUMMYFUNCTION("IF($AG53, ""DELETED"",TRIM(JOIN("" "",D53:E53)))"),"") | AP53: =IF($AG53, "DELETED", TRIM(CONCATENATE(F53,I53,U53))) | AQ53: =IF($AG53, "DELETED", TRIM(CONCATENATE(G53,J53,V53))) | AR53: =IFERROR(__xludf.DUMMYFUNCTION("IF($AG53, ""DELETED"", TRIM(JOIN("" "",AP53,AQ53)))"),"") | AT53: =IF(OR($AG53,SUM($AU53:$AW53)=1),TRUE,FALSE) -> FALSE | AU53: =IF($AG53,IFERROR(0/0,""),IF(ISBLANK($F53),IF(ISBLANK($G53),IFERROR(0/0,""),2),1)) | AV53: =IF($AG53,IFERROR(0/0,""),IF(ISBLANK($I53),IF(ISBLANK($J53),IFERROR(0/0,""),2),1)) | AW53: =IF($AG53,IFERROR(0/0,""),IF(ISBLANK($U53),IF(ISBLANK($V53),IFERROR(0/0,""),2),1)) | AX53: =IF(AND($X53,$A54=$A53),1,IFERROR(0/0,"")) | BA53: =IF(AG53,IFERROR(0/0,""),IF(EXACT(UPPER(A53),A53),IFERROR(0/0,""),TRUE)) | BF53: =IF(COUNTIF(BJ$2:BJ859,BE53)>0,COUNTIF(BJ$2:BJ859,BE53),IFERROR(0/0,"")) | BG53: =IF($AG53,IFERROR(0/0,""),CONCATENATE($A53,"__",$B53,"_",$C53,"_",$D53,"_",$E53,"_",$K53,"_",$L53,"_",$M53,"_",$O53)) -> PA9432__44473_0.745787037037037___Null___ | BH53: =IF(ISBLANK(IFERROR(MATCH(LEFT(BG53, FIND("__",BG53)-1),BE$2:BE859,0),"")),IFERROR(0/0,""),TRUE) | BI53: FLB3140__44529_0.330289351851852___Negative_44529_0.500277777777778_ | BJ53: =IFERROR(LEFT(BI53, FIND("__",BI53)-1),"") -> FLB3140 | BK53: =IFERROR(AND(EXACT(BJ54,BJ53),NOT(EXACT(BJ53,BJ52))),"") -> FALSE | BL53: =IF(BK53,BJ53,IFERROR(0/0,"")) | BN53: =OR(BO53,BP53) -> TRUE | BO53: =ISBLANK($AR53) -> FALSE | BP53: =IF(TRIM($AR53)="",TRUE,FALSE) -> TRUE | BR53: =IF(EXACT(AK53,"Null"),2.2,IFERROR(0/0,""))
A54: PA9457 | B54: 44473 | C54: 0.74935185 | K54: Null | L54: 44868 | M54: 0.53552083 | P54: =IFNA(IF(VLOOKUP($A54,'Add from APT'!$AA$2:$AC808,3,FALSE)>0,TRUE,FALSE),"ER - NOT IN APT") -> FALSE | Q54: =IF(ISLOGICAL(P54),IF(P54,"ER - REPS IN APT", IFNA(VLOOKUP($A54,RAW_APT!$A$3:$M808,7,FALSE),"ER - NOT IN APT")),P54) -> Collected | R54: =IF(EXACT($A54,$A53),FALSE,TRUE) -> TRUE | S54: =COUNTIF($A$2:$A860,$A54) -> 1 | T54: 0 | X54: =IF(ISBLANK($U54),IF(ISBLANK($V54),FALSE,"ER - LAST ONLY"),TRUE) -> FALSE | Y54: FALSE | Z54: =IF($S54>4,TRUE,IFERROR(0/0,"")) | AA54: =IF(ISBLANK($O54),FALSE,TRUE) -> FALSE | AB54: FALSE | AC54: 769 | AD54: TRUE | AE54: =IFERROR(IF(EXACT($L54,$B54),(TIMEVALUE($M54)-TIMEVALUE($C54))*24*60,IFERROR(0/0,"")),IFERROR(0/0,"")) | AF54: =OR(AND(NOT($AG54),IFERROR(NOT($AG55),""),EXACT($A54,$A55),NOT(EXACT(CONCATENATE($B54,$C54),CONCATENATE($B55,$C55)))),AND(NOT($AG54),IFERROR(NOT($AG53),""),EXACT($A54,$A53),NOT(EXACT(CONCATENATE($B54,$C54),CONCATENATE($B53,$C53))))) -> FALSE | AG54: =IF($AH54>0,TRUE,FALSE) -> FALSE | AJ54: 2.2 | AK54: =IFS(AND($AJ54>=2,$AJ54<3),"Negative",AND($AJ54>=3,$AJ54<4),"Positive",AND($AJ54>=4,$AJ54<5),"Inconclusive",$AJ54=5,"MANUAL FILL",$AG54,"DELETED",TRUE,$K54) -> Negative | AM54: SpROSA145068 | AN54: ROSA777342 | AO54: =IFERROR(__xludf.DUMMYFUNCTION("IF($AG54, ""DELETED"",TRIM(JOIN("" "",D54:E54)))"),"") | AP54: =IF($AG54, "DELETED", TRIM(CONCATENATE(F54,I54,U54))) | AQ54: =IF($AG54, "DELETED", TRIM(CONCATENATE(G54,J54,V54))) | AR54: =IFERROR(__xludf.DUMMYFUNCTION("IF($AG54, ""DELETED"", TRIM(JOIN("" "",AP54,AQ54)))"),"") | AT54: =IF(OR($AG54,SUM($AU54:$AW54)=1),TRUE,FALSE) -> FALSE | AU54: =IF($AG54,IFERROR(0/0,""),IF(ISBLANK($F54),IF(ISBLANK($G54),IFERROR(0/0,""),2),1)) | AV54: =IF($AG54,IFERROR(0/0,""),IF(ISBLANK($I54),IF(ISBLANK($J54),IFERROR(0/0,""),2),1)) | AW54: =IF($AG54,IFERROR(0/0,""),IF(ISBLANK($U54),IF(ISBLANK($V54),IFERROR(0/0,""),2),1)) | AX54: =IF(AND($X54,$A55=$A54),1,IFERROR(0/0,"")) | BA54: =IF(AG54,IFERROR(0/0,""),IF(EXACT(UPPER(A54),A54),IFERROR(0/0,""),TRUE)) | BF54: =IF(COUNTIF(BJ$2:BJ860,BE54)>0,COUNTIF(BJ$2:BJ860,BE54),IFERROR(0/0,"")) | BG54: =IF($AG54,IFERROR(0/0,""),CONCATENATE($A54,"__",$B54,"_",$C54,"_",$D54,"_",$E54,"_",$K54,"_",$L54,"_",$M54,"_",$O54)) -> PA9457__44473_0.749351851851852___Null_44868_0.535520833333333_ | BH54: =IF(ISBLANK(IFERROR(MATCH(LEFT(BG54, FIND("__",BG54)-1),BE$2:BE860,0),"")),IFERROR(0/0,""),TRUE) | BI54: FLB3141__44536_0.330127314814815___Negative_44536_0.506469907407407_ | BJ54: =IFERROR(LEFT(BI54, FIND("__",BI54)-1),"") -> FLB3141 | BK54: =IFERROR(AND(EXACT(BJ55,BJ54),NOT(EXACT(BJ54,BJ53))),"") -> FALSE | BL54: =IF(BK54,BJ54,IFERROR(0/0,"")) | BN54: =OR(BO54,BP54) -> TRUE | BO54: =ISBLANK($AR54) -> FALSE | BP54: =IF(TRIM($AR54)="",TRUE,FALSE) -> TRUE | BR54: =IF(EXACT(AK54,"Null"),2.2,IFERROR(0/0,""))
A55: PA9573 | B55: 44474 | C55: 0.2202662 | K55: Null | L55: 44868 | M55: 0.53552083 | P55: =IFNA(IF(VLOOKUP($A55,'Add from APT'!$AA$2:$AC808,3,FALSE)>0,TRUE,FALSE),"ER - NOT IN APT") -> FALSE | Q55: =IF(ISLOGICAL(P55),IF(P55,"ER - REPS IN APT", IFNA(VLOOKUP($A55,RAW_APT!$A$3:$M808,7,FALSE),"ER - NOT IN APT")),P55) -> Collected | R55: =IF(EXACT($A55,$A54),FALSE,TRUE) -> TRUE | S55: =COUNTIF($A$2:$A861,$A55) -> 1 | T55: 0 | X55: =IF(ISBLANK($U55),IF(ISBLANK($V55),FALSE,"ER - LAST ONLY"),TRUE) -> FALSE | Y55: FALSE | Z55: =IF($S55>4,TRUE,IFERROR(0/0,"")) | AA55: =IF(ISBLANK($O55),FALSE,TRUE) -> FALSE | AB55: FALSE | AC55: 768 | AD55: TRUE | AE55: =IFERROR(IF(EXACT($L55,$B55),(TIMEVALUE($M55)-TIMEVALUE($C55))*24*60,IFERROR(0/0,"")),IFERROR(0/0,"")) | AF55: =OR(AND(NOT($AG55),IFERROR(NOT($AG56),""),EXACT($A55,$A56),NOT(EXACT(CONCATENATE($B55,$C55),CONCATENATE($B56,$C56)))),AND(NOT($AG55),IFERROR(NOT($AG54),""),EXACT($A55,$A54),NOT(EXACT(CONCATENATE($B55,$C55),CONCATENATE($B54,$C54))))) -> FALSE | AG55: =IF($AH55>0,TRUE,FALSE) -> FALSE | AJ55: 2.2 | AK55: =IFS(AND($AJ55>=2,$AJ55<3),"Negative",AND($AJ55>=3,$AJ55<4),"Positive",AND($AJ55>=4,$AJ55<5),"Inconclusive",$AJ55=5,"MANUAL FILL",$AG55,"DELETED",TRUE,$K55) -> Negative | AM55: SpROSA145068 | AN55: ROSA395016 | AO55: =IFERROR(__xludf.DUMMYFUNCTION("IF($AG55, ""DELETED"",TRIM(JOIN("" "",D55:E55)))"),"") | AP55: =IF($AG55, "DELETED", TRIM(CONCATENATE(F55,I55,U55))) | AQ55: =IF($AG55, "DELETED", TRIM(CONCATENATE(G55,J55,V55))) | AR55: =IFERROR(__xludf.DUMMYFUNCTION("IF($AG55, ""DELETED"", TRIM(JOIN("" "",AP55,AQ55)))"),"") | AT55: =IF(OR($AG55,SUM($AU55:$AW55)=1),TRUE,FALSE) -> FALSE | AU55: =IF($AG55,IFERROR(0/0,""),IF(ISBLANK($F55),IF(ISBLANK($G55),IFERROR(0/0,""),2),1)) | AV55: =IF($AG55,IFERROR(0/0,""),IF(ISBLANK($I55),IF(ISBLANK($J55),IFERROR(0/0,""),2),1)) | AW55: =IF($AG55,IFERROR(0/0,""),IF(ISBLANK($U55),IF(ISBLANK($V55),IFERROR(0/0,""),2),1)) | AX55: =IF(AND($X55,$A56=$A55),1,IFERROR(0/0,"")) | BA55: =IF(AG55,IFERROR(0/0,""),IF(EXACT(UPPER(A55),A55),IFERROR(0/0,""),TRUE)) | BF55: =IF(COUNTIF(BJ$2:BJ861,BE55)>0,COUNTIF(BJ$2:BJ861,BE55),IFERROR(0/0,"")) | BG55: =IF($AG55,IFERROR(0/0,""),CONCATENATE($A55,"__",$B55,"_",$C55,"_",$D55,"_",$E55,"_",$K55,"_",$L55,"_",$M55,"_",$O55)) -> PA9573__44474_0.220266203703704___Null_44868_0.535520833333333_ | BH55: =IF(ISBLANK(IFERROR(MATCH(LEFT(BG55, FIND("__",BG55)-1),BE$2:BE861,0),"")),IFERROR(0/0,""),TRUE) | BI55: FLB3142__44529_0.334270833333333___Negative_44529_0.500277777777778_ | BJ55: =IFERROR(LEFT(BI55, FIND("__",BI55)-1),"") -> FLB3142 | BK55: =IFERROR(AND(EXACT(BJ56,BJ55),NOT(EXACT(BJ55,BJ54))),"") -> FALSE | BL55: =IF(BK55,BJ55,IFERROR(0/0,"")) | BN55: =OR(BO55,BP55) -> TRUE | BO55: =ISBLANK($AR55) -> FALSE | BP55: =IF(TRIM($AR55)="",TRUE,FALSE) -> TRUE | BR55: =IF(EXACT(AK55,"Null"),2.2,IFERROR(0/0,""))
A56: PA9616 | B56: 44474 | C56: 0.29966435 | K56: Null | P56: =IFNA(IF(VLOOKUP($A56,'Add from APT'!$AA$2:$AC808,3,FALSE)>0,TRUE,FALSE),"ER - NOT IN APT") -> FALSE | Q56: =IF(ISLOGICAL(P56),IF(P56,"ER - REPS IN APT", IFNA(VLOOKUP($A56,RAW_APT!$A$3:$M808,7,FALSE),"ER - NOT IN APT")),P56) -> Collected | R56: =IF(EXACT($A56,$A55),FALSE,TRUE) -> TRUE | S56: =COUNTIF($A$2:$A862,$A56) -> 1 | X56: =IF(ISBLANK($U56),IF(ISBLANK($V56),FALSE,"ER - LAST ONLY"),TRUE) -> FALSE | Y56: FALSE | Z56: =IF($S56>4,TRUE,IFERROR(0/0,"")) | AA56: =IF(ISBLANK($O56),FALSE,TRUE) -> FALSE | AB56: FALSE | AC56: 427 | AD56: FALSE | AE56: =IFERROR(IF(EXACT($L56,$B56),(TIMEVALUE($M56)-TIMEVALUE($C56))*24*60,IFERROR(0/0,"")),IFERROR(0/0,"")) | AF56: =OR(AND(NOT($AG56),IFERROR(NOT($AG57),""),EXACT($A56,$A57),NOT(EXACT(CONCATENATE($B56,$C56),CONCATENATE($B57,$C57)))),AND(NOT($AG56),IFERROR(NOT($AG55),""),EXACT($A56,$A55),NOT(EXACT(CONCATENATE($B56,$C56),CONCATENATE($B55,$C55))))) -> FALSE | AG56: =IF($AH56>0,TRUE,FALSE) -> FALSE | AJ56: 2.2 | AK56: =IFS(AND($AJ56>=2,$AJ56<3),"Negative",AND($AJ56>=3,$AJ56<4),"Positive",AND($AJ56>=4,$AJ56<5),"Inconclusive",$AJ56=5,"MANUAL FILL",$AG56,"DELETED",TRUE,$K56) -> Negative | AM56: SpROSA145068 | AN56: ROSA766378 | AO56: =IFERROR(__xludf.DUMMYFUNCTION("IF($AG56, ""DELETED"",TRIM(JOIN("" "",D56:E56)))"),"") | AP56: =IF($AG56, "DELETED", TRIM(CONCATENATE(F56,I56,U56))) | AQ56: =IF($AG56, "DELETED", TRIM(CONCATENATE(G56,J56,V56))) | AR56: =IFERROR(__xludf.DUMMYFUNCTION("IF($AG56, ""DELETED"", TRIM(JOIN("" "",AP56,AQ56)))"),"") | AT56: =IF(OR($AG56,SUM($AU56:$AW56)=1),TRUE,FALSE) -> FALSE | AU56: =IF($AG56,IFERROR(0/0,""),IF(ISBLANK($F56),IF(ISBLANK($G56),IFERROR(0/0,""),2),1)) | AV56: =IF($AG56,IFERROR(0/0,""),IF(ISBLANK($I56),IF(ISBLANK($J56),IFERROR(0/0,""),2),1)) | AW56: =IF($AG56,IFERROR(0/0,""),IF(ISBLANK($U56),IF(ISBLANK($V56),IFERROR(0/0,""),2),1)) | AX56: =IF(AND($X56,$A57=$A56),1,IFERROR(0/0,"")) | BA56: =IF(AG56,IFERROR(0/0,""),IF(EXACT(UPPER(A56),A56),IFERROR(0/0,""),TRUE)) | BF56: =IF(COUNTIF(BJ$2:BJ862,BE56)>0,COUNTIF(BJ$2:BJ862,BE56),IFERROR(0/0,"")) | BG56: =IF($AG56,IFERROR(0/0,""),CONCATENATE($A56,"__",$B56,"_",$C56,"_",$D56,"_",$E56,"_",$K56,"_",$L56,"_",$M56,"_",$O56)) -> PA9616__44474_0.299664351851852___Null___ | BH56: =IF(ISBLANK(IFERROR(MATCH(LEFT(BG56, FIND("__",BG56)-1),BE$2:BE862,0),"")),IFERROR(0/0,""),TRUE) | BI56: FLB3143__44529_0.312662037037037___Negative_44529_0.500277777777778_ | BJ56: =IFERROR(LEFT(BI56, FIND("__",BI56)-1),"") -> FLB3143 | BK56: =IFERROR(AND(EXACT(BJ57,BJ56),NOT(EXACT(BJ56,BJ55))),"") -> FALSE | BL56: =IF(BK56,BJ56,IFERROR(0/0,"")) | BN56: =OR(BO56,BP56) -> TRUE | BO56: =ISBLANK($AR56) -> FALSE | BP56: =IF(TRIM($AR56)="",TRUE,FALSE) -> TRUE | BR56: =IF(EXACT(AK56,"Null"),2.2,IFERROR(0/0,""))
A57: PA9473 | B57: 44474 | C57: 0.33340278 | K57: Null | P57: =IFNA(IF(VLOOKUP($A57,'Add from APT'!$AA$2:$AC808,3,FALSE)>0,TRUE,FALSE),"ER - NOT IN APT") -> FALSE | Q57: =IF(ISLOGICAL(P57),IF(P57,"ER - REPS IN APT", IFNA(VLOOKUP($A57,RAW_APT!$A$3:$M808,7,FALSE),"ER - NOT IN APT")),P57) -> Collected | R57: =IF(EXACT($A57,$A56),FALSE,TRUE) -> TRUE | S57: =COUNTIF($A$2:$A863,$A57) -> 1 | X57: =IF(ISBLANK($U57),IF(ISBLANK($V57),FALSE,"ER - LAST ONLY"),TRUE) -> FALSE | Y57: FALSE | Z57: =IF($S57>4,TRUE,IFERROR(0/0,"")) | AA57: =IF(ISBLANK($O57),FALSE,TRUE) -> FALSE | AB57: FALSE | AC57: 426 | AD57: FALSE | AE57: =IFERROR(IF(EXACT($L57,$B57),(TIMEVALUE($M57)-TIMEVALUE($C57))*24*60,IFERROR(0/0,"")),IFERROR(0/0,"")) | AF57: =OR(AND(NOT($AG57),IFERROR(NOT($AG58),""),EXACT($A57,$A58),NOT(EXACT(CONCATENATE($B57,$C57),CONCATENATE($B58,$C58)))),AND(NOT($AG57),IFERROR(NOT($AG56),""),EXACT($A57,$A56),NOT(EXACT(CONCATENATE($B57,$C57),CONCATENATE($B56,$C56))))) -> FALSE | AG57: =IF($AH57>0,TRUE,FALSE) -> FALSE | AJ57: 2.2 | AK57: =IFS(AND($AJ57>=2,$AJ57<3),"Negative",AND($AJ57>=3,$AJ57<4),"Positive",AND($AJ57>=4,$AJ57<5),"Inconclusive",$AJ57=5,"MANUAL FILL",$AG57,"DELETED",TRUE,$K57) -> Negative | AM57: SpROSA145068 | AN57: ROSA136445 | AO57: =IFERROR(__xludf.DUMMYFUNCTION("IF($AG57, ""DELETED"",TRIM(JOIN("" "",D57:E57)))"),"") | AP57: =IF($AG57, "DELETED", TRIM(CONCATENATE(F57,I57,U57))) | AQ57: =IF($AG57, "DELETED", TRIM(CONCATENATE(G57,J57,V57))) | AR57: =IFERROR(__xludf.DUMMYFUNCTION("IF($AG57, ""DELETED"", TRIM(JOIN("" "",AP57,AQ57)))"),"") | AT57: =IF(OR($AG57,SUM($AU57:$AW57)=1),TRUE,FALSE) -> FALSE | AU57: =IF($AG57,IFERROR(0/0,""),IF(ISBLANK($F57),IF(ISBLANK($G57),IFERROR(0/0,""),2),1)) | AV57: =IF($AG57,IFERROR(0/0,""),IF(ISBLANK($I57),IF(ISBLANK($J57),IFERROR(0/0,""),2),1)) | AW57: =IF($AG57,IFERROR(0/0,""),IF(ISBLANK($U57),IF(ISBLANK($V57),IFERROR(0/0,""),2),1)) | AX57: =IF(AND($X57,$A58=$A57),1,IFERROR(0/0,"")) | BA57: =IF(AG57,IFERROR(0/0,""),IF(EXACT(UPPER(A57),A57),IFERROR(0/0,""),TRUE)) | BF57: =IF(COUNTIF(BJ$2:BJ863,BE57)>0,COUNTIF(BJ$2:BJ863,BE57),IFERROR(0/0,"")) | BG57: =IF($AG57,IFERROR(0/0,""),CONCATENATE($A57,"__",$B57,"_",$C57,"_",$D57,"_",$E57,"_",$K57,"_",$L57,"_",$M57,"_",$O57)) -> PA9473__44474_0.333402777777778___Null___ | BH57: =IF(ISBLANK(IFERROR(MATCH(LEFT(BG57, FIND("__",BG57)-1),BE$2:BE863,0),"")),IFERROR(0/0,""),TRUE) | BI57: FLB3144__44536_0.26599537037037___Negative_44536_0.506469907407407_ | BJ57: =IFERROR(LEFT(BI57, FIND("__",BI57)-1),"") -> FLB3144 | BK57: =IFERROR(AND(EXACT(BJ58,BJ57),NOT(EXACT(BJ57,BJ56))),"") -> FALSE | BL57: =IF(BK57,BJ57,IFERROR(0/0,"")) | BN57: =OR(BO57,BP57) -> TRUE | BO57: =ISBLANK($AR57) -> FALSE | BP57: =IF(TRIM($AR57)="",TRUE,FALSE) -> TRUE | BR57: =IF(EXACT(AK57,"Null"),2.2,IFERROR(0/0,""))
A58: PA9439 | B58: 44474 | C58: 0.34259259 | K58: Null | P58: =IFNA(IF(VLOOKUP($A58,'Add from APT'!$AA$2:$AC808,3,FALSE)>0,TRUE,FALSE),"ER - NOT IN APT") -> FALSE | Q58: =IF(ISLOGICAL(P58),IF(P58,"ER - REPS IN APT", IFNA(VLOOKUP($A58,RAW_APT!$A$3:$M808,7,FALSE),"ER - NOT IN APT")),P58) -> Collected | R58: =IF(EXACT($A58,$A57),FALSE,TRUE) -> TRUE | S58: =COUNTIF($A$2:$A864,$A58) -> 1 | X58: =IF(ISBLANK($U58),IF(ISBLANK($V58),FALSE,"ER - LAST ONLY"),TRUE) -> FALSE | Y58: FALSE | Z58: =IF($S58>4,TRUE,IFERROR(0/0,"")) | AA58: =IF(ISBLANK($O58),FALSE,TRUE) -> FALSE | AB58: FALSE | AC58: 425 | AD58: FALSE | AE58: =IFERROR(IF(EXACT($L58,$B58),(TIMEVALUE($M58)-TIMEVALUE($C58))*24*60,IFERROR(0/0,"")),IFERROR(0/0,"")) | AF58: =OR(AND(NOT($AG58),IFERROR(NOT($AG59),""),EXACT($A58,$A59),NOT(EXACT(CONCATENATE($B58,$C58),CONCATENATE($B59,$C59)))),AND(NOT($AG58),IFERROR(NOT($AG57),""),EXACT($A58,$A57),NOT(EXACT(CONCATENATE($B58,$C58),CONCATENATE($B57,$C57))))) -> FALSE | AG58: =IF($AH58>0,TRUE,FALSE) -> FALSE | AJ58: 2.2 | AK58: =IFS(AND($AJ58>=2,$AJ58<3),"Negative",AND($AJ58>=3,$AJ58<4),"Positive",AND($AJ58>=4,$AJ58<5),"Inconclusive",$AJ58=5,"MANUAL FILL",$AG58,"DELETED",TRUE,$K58) -> Negative | AM58: SpROSA145068 | AN58: ROSA535692 | AO58: =IFERROR(__xludf.DUMMYFUNCTION("IF($AG58, ""DELETED"",TRIM(JOIN("" "",D58:E58)))"),"") | AP58: =IF($AG58, "DELETED", TRIM(CONCATENATE(F58,I58,U58))) | AQ58: =IF($AG58, "DELETED", TRIM(CONCATENATE(G58,J58,V58))) | AR58: =IFERROR(__xludf.DUMMYFUNCTION("IF($AG58, ""DELETED"", TRIM(JOIN("" "",AP58,AQ58)))"),"") | AT58: =IF(OR($AG58,SUM($AU58:$AW58)=1),TRUE,FALSE) -> FALSE | AU58: =IF($AG58,IFERROR(0/0,""),IF(ISBLANK($F58),IF(ISBLANK($G58),IFERROR(0/0,""),2),1)) | AV58: =IF($AG58,IFERROR(0/0,""),IF(ISBLANK($I58),IF(ISBLANK($J58),IFERROR(0/0,""),2),1)) | AW58: =IF($AG58,IFERROR(0/0,""),IF(ISBLANK($U58),IF(ISBLANK($V58),IFERROR(0/0,""),2),1)) | AX58: =IF(AND($X58,$A59=$A58),1,IFERROR(0/0,"")) | BA58: =IF(AG58,IFERROR(0/0,""),IF(EXACT(UPPER(A58),A58),IFERROR(0/0,""),TRUE)) | BF58: =IF(COUNTIF(BJ$2:BJ864,BE58)>0,COUNTIF(BJ$2:BJ864,BE58),IFERROR(0/0,"")) | BG58: =IF($AG58,IFERROR(0/0,""),CONCATENATE($A58,"__",$B58,"_",$C58,"_",$D58,"_",$E58,"_",$K58,"_",$L58,"_",$M58,"_",$O58)) -> PA9439__44474_0.342592592592593___Null___ | BH58: =IF(ISBLANK(IFERROR(MATCH(LEFT(BG58, FIND("__",BG58)-1),BE$2:BE864,0),"")),IFERROR(0/0,""),TRUE) | BI58: FLB3145__44544_0.231527777777778___Negative_44544_0.472662037037037_ | BJ58: =IFERROR(LEFT(BI58, FIND("__",BI58)-1),"") -> FLB3145 | BK58: =IFERROR(AND(EXACT(BJ59,BJ58),NOT(EXACT(BJ58,BJ57))),"") -> FALSE | BL58: =IF(BK58,BJ58,IFERROR(0/0,"")) | BN58: =OR(BO58,BP58) -> TRUE | BO58: =ISBLANK($AR58) -> FALSE | BP58: =IF(TRIM($AR58)="",TRUE,FALSE) -> TRUE | BR58: =IF(EXACT(AK58,"Null"),2.2,IFERROR(0/0,""))
A59: PA9465 | B59: 44474 | C59: 0.40921296 | K59: Null | L59: 44868 | M59: 0.53552083 | P59: =IFNA(IF(VLOOKUP($A59,'Add from APT'!$AA$2:$AC808,3,FALSE)>0,TRUE,FALSE),"ER - NOT IN APT") -> FALSE | Q59: =IF(ISLOGICAL(P59),IF(P59,"ER - REPS IN APT", IFNA(VLOOKUP($A59,RAW_APT!$A$3:$M808,7,FALSE),"ER - NOT IN APT")),P59) -> Collected | R59: =IF(EXACT($A59,$A58),FALSE,TRUE) -> TRUE | S59: =COUNTIF($A$2:$A865,$A59) -> 1 | T59: 0 | X59: =IF(ISBLANK($U59),IF(ISBLANK($V59),FALSE,"ER - LAST ONLY"),TRUE) -> FALSE | Y59: FALSE | Z59: =IF($S59>4,TRUE,IFERROR(0/0,"")) | AA59: =IF(ISBLANK($O59),FALSE,TRUE) -> FALSE | AB59: FALSE | AC59: 767 | AD59: TRUE | AE59: =IFERROR(IF(EXACT($L59,$B59),(TIMEVALUE($M59)-TIMEVALUE($C59))*24*60,IFERROR(0/0,"")),IFERROR(0/0,"")) | AF59: =OR(AND(NOT($AG59),IFERROR(NOT($AG60),""),EXACT($A59,$A60),NOT(EXACT(CONCATENATE($B59,$C59),CONCATENATE($B60,$C60)))),AND(NOT($AG59),IFERROR(NOT($AG58),""),EXACT($A59,$A58),NOT(EXACT(CONCATENATE($B59,$C59),CONCATENATE($B58,$C58))))) -> FALSE | AG59: =IF($AH59>0,TRUE,FALSE) -> FALSE | AJ59: 2.2 | AK59: =IFS(AND($AJ59>=2,$AJ59<3),"Negative",AND($AJ59>=3,$AJ59<4),"Positive",AND($AJ59>=4,$AJ59<5),"Inconclusive",$AJ59=5,"MANUAL FILL",$AG59,"DELETED",TRUE,$K59) -> Negative | AM59: SpROSA145068 | AN59: ROSA929320 | AO59: =IFERROR(__xludf.DUMMYFUNCTION("IF($AG59, ""DELETED"",TRIM(JOIN("" "",D59:E59)))"),"") | AP59: =IF($AG59, "DELETED", TRIM(CONCATENATE(F59,I59,U59))) | AQ59: =IF($AG59, "DELETED", TRIM(CONCATENATE(G59,J59,V59))) | AR59: =IFERROR(__xludf.DUMMYFUNCTION("IF($AG59, ""DELETED"", TRIM(JOIN("" "",AP59,AQ59)))"),"") | AT59: =IF(OR($AG59,SUM($AU59:$AW59)=1),TRUE,FALSE) -> FALSE | AU59: =IF($AG59,IFERROR(0/0,""),IF(ISBLANK($F59),IF(ISBLANK($G59),IFERROR(0/0,""),2),1)) | AV59: =IF($AG59,IFERROR(0/0,""),IF(ISBLANK($I59),IF(ISBLANK($J59),IFERROR(0/0,""),2),1)) | AW59: =IF($AG59,IFERROR(0/0,""),IF(ISBLANK($U59),IF(ISBLANK($V59),IFERROR(0/0,""),2),1)) | AX59: =IF(AND($X59,$A60=$A59),1,IFERROR(0/0,"")) | BA59: =IF(AG59,IFERROR(0/0,""),IF(EXACT(UPPER(A59),A59),IFERROR(0/0,""),TRUE)) | BF59: =IF(COUNTIF(BJ$2:BJ865,BE59)>0,COUNTIF(BJ$2:BJ865,BE59),IFERROR(0/0,"")) | BG59: =IF($AG59,IFERROR(0/0,""),CONCATENATE($A59,"__",$B59,"_",$C59,"_",$D59,"_",$E59,"_",$K59,"_",$L59,"_",$M59,"_",$O59)) -> PA9465__44474_0.409212962962963___Null_44868_0.535520833333333_ | BH59: =IF(ISBLANK(IFERROR(MATCH(LEFT(BG59, FIND("__",BG59)-1),BE$2:BE865,0),"")),IFERROR(0/0,""),TRUE) | BI59: FLB3147__44529_0.299259259259259___Negative_44529_0.500277777777778_ | BJ59: =IFERROR(LEFT(BI59, FIND("__",BI59)-1),"") -> FLB3147 | BK59: =IFERROR(AND(EXACT(BJ60,BJ59),NOT(EXACT(BJ59,BJ58))),"") -> FALSE | BL59: =IF(BK59,BJ59,IFERROR(0/0,"")) | BN59: =OR(BO59,BP59) -> TRUE | BO59: =ISBLANK($AR59) -> FALSE | BP59: =IF(TRIM($AR59)="",TRUE,FALSE) -> TRUE | BR59: =IF(EXACT(AK59,"Null"),2.2,IFERROR(0/0,""))
A60: PA9466 | B60: 44474 | C60: 0.50810185 | K60: Null | P60: =IFNA(IF(VLOOKUP($A60,'Add from APT'!$AA$2:$AC808,3,FALSE)>0,TRUE,FALSE),"ER - NOT IN APT") -> FALSE | Q60: =IF(ISLOGICAL(P60),IF(P60,"ER - REPS IN APT", IFNA(VLOOKUP($A60,RAW_APT!$A$3:$M808,7,FALSE),"ER - NOT IN APT")),P60) -> Collected | R60: =IF(EXACT($A60,$A59),FALSE,TRUE) -> TRUE | S60: =COUNTIF($A$2:$A866,$A60) -> 1 | X60: =IF(ISBLANK($U60),IF(ISBLANK($V60),FALSE,"ER - LAST ONLY"),TRUE) -> FALSE | Y60: FALSE | Z60: =IF($S60>4,TRUE,IFERROR(0/0,"")) | AA60: =IF(ISBLANK($O60),FALSE,TRUE) -> FALSE | AB60: FALSE | AC60: 424 | AD60: FALSE | AE60: =IFERROR(IF(EXACT($L60,$B60),(TIMEVALUE($M60)-TIMEVALUE($C60))*24*60,IFERROR(0/0,"")),IFERROR(0/0,"")) | AF60: =OR(AND(NOT($AG60),IFERROR(NOT($AG61),""),EXACT($A60,$A61),NOT(EXACT(CONCATENATE($B60,$C60),CONCATENATE($B61,$C61)))),AND(NOT($AG60),IFERROR(NOT($AG59),""),EXACT($A60,$A59),NOT(EXACT(CONCATENATE($B60,$C60),CONCATENATE($B59,$C59))))) -> FALSE | AG60: =IF($AH60>0,TRUE,FALSE) -> FALSE | AJ60: 2.2 | AK60: =IFS(AND($AJ60>=2,$AJ60<3),"Negative",AND($AJ60>=3,$AJ60<4),"Positive",AND($AJ60>=4,$AJ60<5),"Inconclusive",$AJ60=5,"MANUAL FILL",$AG60,"DELETED",TRUE,$K60) -> Negative | AM60: SpROSA145068 | AN60: ROSA590735 | AO60: =IFERROR(__xludf.DUMMYFUNCTION("IF($AG60, ""DELETED"",TRIM(JOIN("" "",D60:E60)))"),"") | AP60: =IF($AG60, "DELETED", TRIM(CONCATENATE(F60,I60,U60))) | AQ60: =IF($AG60, "DELETED", TRIM(CONCATENATE(G60,J60,V60))) | AR60: =IFERROR(__xludf.DUMMYFUNCTION("IF($AG60, ""DELETED"", TRIM(JOIN("" "",AP60,AQ60)))"),"") | AT60: =IF(OR($AG60,SUM($AU60:$AW60)=1),TRUE,FALSE) -> FALSE | AU60: =IF($AG60,IFERROR(0/0,""),IF(ISBLANK($F60),IF(ISBLANK($G60),IFERROR(0/0,""),2),1)) | AV60: =IF($AG60,IFERROR(0/0,""),IF(ISBLANK($I60),IF(ISBLANK($J60),IFERROR(0/0,""),2),1)) | AW60: =IF($AG60,IFERROR(0/0,""),IF(ISBLANK($U60),IF(ISBLANK($V60),IFERROR(0/0,""),2),1)) | AX60: =IF(AND($X60,$A61=$A60),1,IFERROR(0/0,"")) | BA60: =IF(AG60,IFERROR(0/0,""),IF(EXACT(UPPER(A60),A60),IFERROR(0/0,""),TRUE)) | BF60: =IF(COUNTIF(BJ$2:BJ866,BE60)>0,COUNTIF(BJ$2:BJ866,BE60),IFERROR(0/0,"")) | BG60: =IF($AG60,IFERROR(0/0,""),CONCATENATE($A60,"__",$B60,"_",$C60,"_",$D60,"_",$E60,"_",$K60,"_",$L60,"_",$M60,"_",$O60)) -> PA9466__44474_0.508101851851852___Null___ | BH60: =IF(ISBLANK(IFERROR(MATCH(LEFT(BG60, FIND("__",BG60)-1),BE$2:BE866,0),"")),IFERROR(0/0,""),TRUE) | BI60: FLB3148__44536_0.326909722222222___Negative_44536_0.506469907407407_ | BJ60: =IFERROR(LEFT(BI60, FIND("__",BI60)-1),"") -> FLB3148 | BK60: =IFERROR(AND(EXACT(BJ61,BJ60),NOT(EXACT(BJ60,BJ59))),"") -> FALSE | BL60: =IF(BK60,BJ60,IFERROR(0/0,"")) | BN60: =OR(BO60,BP60) -> TRUE | BO60: =ISBLANK($AR60) -> FALSE | BP60: =IF(TRIM($AR60)="",TRUE,FALSE) -> TRUE | BR60: =IF(EXACT(AK60,"Null"),2.2,IFERROR(0/0,""))
A61: PA9403 | B61: 44474 | C61: 0.62135417 | K61: Null | L61: 44868 | M61: 0.53552083 | P61: =IFNA(IF(VLOOKUP($A61,'Add from APT'!$AA$2:$AC808,3,FALSE)>0,TRUE,FALSE),"ER - NOT IN APT") -> FALSE | Q61: =IF(ISLOGICAL(P61),IF(P61,"ER - REPS IN APT", IFNA(VLOOKUP($A61,RAW_APT!$A$3:$M808,7,FALSE),"ER - NOT IN APT")),P61) -> Collected | R61: =IF(EXACT($A61,$A60),FALSE,TRUE) -> TRUE | S61: =COUNTIF($A$2:$A867,$A61) -> 1 | T61: 0 | X61: =IF(ISBLANK($U61),IF(ISBLANK($V61),FALSE,"ER - LAST ONLY"),TRUE) -> FALSE | Y61: FALSE | Z61: =IF($S61>4,TRUE,IFERROR(0/0,"")) | AA61: =IF(ISBLANK($O61),FALSE,TRUE) -> FALSE | AB61: FALSE | AC61: 766 | AD61: TRUE | AE61: =IFERROR(IF(EXACT($L61,$B61),(TIMEVALUE($M61)-TIMEVALUE($C61))*24*60,IFERROR(0/0,"")),IFERROR(0/0,"")) | AF61: =OR(AND(NOT($AG61),IFERROR(NOT($AG62),""),EXACT($A61,$A62),NOT(EXACT(CONCATENATE($B61,$C61),CONCATENATE($B62,$C62)))),AND(NOT($AG61),IFERROR(NOT($AG60),""),EXACT($A61,$A60),NOT(EXACT(CONCATENATE($B61,$C61),CONCATENATE($B60,$C60))))) -> FALSE | AG61: =IF($AH61>0,TRUE,FALSE) -> FALSE | AJ61: 2.2 | AK61: =IFS(AND($AJ61>=2,$AJ61<3),"Negative",AND($AJ61>=3,$AJ61<4),"Positive",AND($AJ61>=4,$AJ61<5),"Inconclusive",$AJ61=5,"MANUAL FILL",$AG61,"DELETED",TRUE,$K61) -> Negative | AM61: SpROSA145068 | AN61: ROSA770367 | AO61: =IFERROR(__xludf.DUMMYFUNCTION("IF($AG61, ""DELETED"",TRIM(JOIN("" "",D61:E61)))"),"") | AP61: =IF($AG61, "DELETED", TRIM(CONCATENATE(F61,I61,U61))) | AQ61: =IF($AG61, "DELETED", TRIM(CONCATENATE(G61,J61,V61))) | AR61: =IFERROR(__xludf.DUMMYFUNCTION("IF($AG61, ""DELETED"", TRIM(JOIN("" "",AP61,AQ61)))"),"") | AT61: =IF(OR($AG61,SUM($AU61:$AW61)=1),TRUE,FALSE) -> FALSE | AU61: =IF($AG61,IFERROR(0/0,""),IF(ISBLANK($F61),IF(ISBLANK($G61),IFERROR(0/0,""),2),1)) | AV61: =IF($AG61,IFERROR(0/0,""),IF(ISBLANK($I61),IF(ISBLANK($J61),IFERROR(0/0,""),2),1)) | AW61: =IF($AG61,IFERROR(0/0,""),IF(ISBLANK($U61),IF(ISBLANK($V61),IFERROR(0/0,""),2),1)) | AX61: =IF(AND($X61,$A62=$A61),1,IFERROR(0/0,"")) | BA61: =IF(AG61,IFERROR(0/0,""),IF(EXACT(UPPER(A61),A61),IFERROR(0/0,""),TRUE)) | BF61: =IF(COUNTIF(BJ$2:BJ867,BE61)>0,COUNTIF(BJ$2:BJ867,BE61),IFERROR(0/0,"")) | BG61: =IF($AG61,IFERROR(0/0,""),CONCATENATE($A61,"__",$B61,"_",$C61,"_",$D61,"_",$E61,"_",$K61,"_",$L61,"_",$M61,"_",$O61)) -> PA9403__44474_0.621354166666667___Null_44868_0.535520833333333_ | BH61: =IF(ISBLANK(IFERROR(MATCH(LEFT(BG61, FIND("__",BG61)-1),BE$2:BE867,0),"")),IFERROR(0/0,""),TRUE) | BI61: FLB3149__44540_0.231076388888889___Negative_44540_0.486412037037037_ | BJ61: =IFERROR(LEFT(BI61, FIND("__",BI61)-1),"") -> FLB3149 | BK61: =IFERROR(AND(EXACT(BJ62,BJ61),NOT(EXACT(BJ61,BJ60))),"") -> FALSE | BL61: =IF(BK61,BJ61,IFERROR(0/0,"")) | BN61: =OR(BO61,BP61) -> TRUE | BO61: =ISBLANK($AR61) -> FALSE | BP61: =IF(TRIM($AR61)="",TRUE,FALSE) -> TRUE | BR61: =IF(EXACT(AK61,"Null"),2.2,IFERROR(0/0,""))
