Workbook

Sheet RSR Weekly
A1: Week Start Date | B1: Week End Date | C1: =CONCATENATE("Weekly Participants ",SUM(C2:C1000)) -> Weekly Participants 785 | D1: =CONCATENATE("Weekly Tubes Run ",SUM(D2:D1000)) -> Weekly Tubes Run 785 | E1: =CONCATENATE("Weekly Positive Tubes ",SUM(E2:E1000)) -> Weekly Positive Tubes 1 | F1: =CONCATENATE("Weekly Inconclusive Tubes ",SUM(F2:F1000)) -> Weekly Inconclusive Tubes 0 | G1: % Positive | I1: Day of the Week Start
A2: ='RSR Table - No PHI'!L2 -> 44473 | B2: =A2+6 -> 44479 | C2: ='RSR Table - No PHI'!E2 -> 87 | D2: ='RSR Table - No PHI'!D2 -> 87 | E2: ='RSR Table - No PHI'!G2+'RSR Table - No PHI'!F2 -> 0 | F2: ='RSR Table - No PHI'!I2 -> 0 | G2: =IFERROR(E2/D2,IFERROR(0/0,"")) -> 0 | I2: =TEXT(A2,"ddd") -> Mon
A3: ='RSR Table - No PHI'!L3 -> 44480 | B3: =A3+6 -> 44486 | C3: ='RSR Table - No PHI'!E3 -> 79 | D3: ='RSR Table - No PHI'!D3 -> 79 | E3: ='RSR Table - No PHI'!G3+'RSR Table - No PHI'!F3 -> 0 | F3: ='RSR Table - No PHI'!I3 -> 0 | G3: =IFERROR(E3/D3,IFERROR(0/0,"")) -> 0 | I3: =TEXT(A3,"ddd") -> Mon
A4: ='RSR Table - No PHI'!L4 -> 44487 | B4: =A4+6 -> 44493 | C4: ='RSR Table - No PHI'!E4 -> 67 | D4: ='RSR Table - No PHI'!D4 -> 67 | E4: ='RSR Table - No PHI'!G4+'RSR Table - No PHI'!F4 -> 0 | F4: ='RSR Table - No PHI'!I4 -> 0 | G4: =IFERROR(E4/D4,IFERROR(0/0,"")) -> 0 | I4: =TEXT(A4,"ddd") -> Mon
A5: ='RSR Table - No PHI'!L5 -> 44494 | B5: =A5+6 -> 44500 | C5: ='RSR Table - No PHI'!E5 -> 60 | D5: ='RSR Table - No PHI'!D5 -> 60 | E5: ='RSR Table - No PHI'!G5+'RSR Table - No PHI'!F5 -> 0 | F5: ='RSR Table - No PHI'!I5 -> 0 | G5: =IFERROR(E5/D5,IFERROR(0/0,"")) -> 0 | I5: =TEXT(A5,"ddd") -> Mon
A6: ='RSR Table - No PHI'!L6 -> 44501 | B6: =A6+6 -> 44507 | C6: ='RSR Table - No PHI'!E6 -> 72 | D6: ='RSR Table - No PHI'!D6 -> 72 | E6: ='RSR Table - No PHI'!G6+'RSR Table - No PHI'!F6 -> 0 | F6: ='RSR Table - No PHI'!I6 -> 0 | G6: =IFERROR(E6/D6,IFERROR(0/0,"")) -> 0 | I6: =TEXT(A6,"ddd") -> Mon
A7: ='RSR Table - No PHI'!L7 -> 44508 | B7: =A7+6 -> 44514 | C7: ='RSR Table - No PHI'!E7 -> 62 | D7: ='RSR Table - No PHI'!D7 -> 62 | E7: ='RSR Table - No PHI'!G7+'RSR Table - No PHI'!F7 -> 0 | F7: ='RSR Table - No PHI'!I7 -> 0 | G7: =IFERROR(E7/D7,IFERROR(0/0,"")) -> 0 | I7: =TEXT(A7,"ddd") -> Mon
A8: ='RSR Table - No PHI'!L8 -> 44515 | B8: =A8+6 -> 44521 | C8: ='RSR Table - No PHI'!E8 -> 75 | D8: ='RSR Table - No PHI'!D8 -> 75 | E8: ='RSR Table - No PHI'!G8+'RSR Table - No PHI'!F8 -> 0 | F8: ='RSR Table - No PHI'!I8 -> 0 | G8: =IFERROR(E8/D8,IFERROR(0/0,"")) -> 0 | I8: =TEXT(A8,"ddd") -> Mon
A9: ='RSR Table - No PHI'!L9 -> 44522 | B9: =A9+6 -> 44528 | C9: ='RSR Table - No PHI'!E9 -> 35 | D9: ='RSR Table - No PHI'!D9 -> 35 | E9: ='RSR Table - No PHI'!G9+'RSR Table - No PHI'!F9 -> 0 | F9: ='RSR Table - No PHI'!I9 -> 0 | G9: =IFERROR(E9/D9,IFERROR(0/0,"")) -> 0 | I9: =TEXT(A9,"ddd") -> Mon
A10: ='RSR Table - No PHI'!L10 -> 44529 | B10: =A10+6 -> 44535 | C10: ='RSR Table - No PHI'!E10 -> 65 | D10: ='RSR Table - No PHI'!D10 -> 65 | E10: ='RSR Table - No PHI'!G10+'RSR Table - No PHI'!F10 -> 0 | F10: ='RSR Table - No PHI'!I10 -> 0 | G10: =IFERROR(E10/D10,IFERROR(0/0,"")) -> 0 | I10: =TEXT(A10,"ddd") -> Mon
A11: ='RSR Table - No PHI'!L11 -> 44536 | B11: =A11+6 -> 44542 | C11: ='RSR Table - No PHI'!E11 -> 87 | D11: ='RSR Table - No PHI'!D11 -> 87 | E11: ='RSR Table - No PHI'!G11+'RSR Table - No PHI'!F11 -> 0 | F11: ='RSR Table - No PHI'!I11 -> 0 | G11: =IFERROR(E11/D11,IFERROR(0/0,"")) -> 0 | I11: =TEXT(A11,"ddd") -> Mon
A12: ='RSR Table - No PHI'!L12 -> 44543 | B12: =A12+6 -> 44549 | C12: ='RSR Table - No PHI'!E12 -> 96 | D12: ='RSR Table - No PHI'!D12 -> 96 | E12: ='RSR Table - No PHI'!G12+'RSR Table - No PHI'!F12 -> 1 | F12: ='RSR Table - No PHI'!I12 -> 0 | G12: =IFERROR(E12/D12,IFERROR(0/0,"")) -> 0.010416667 | I12: =TEXT(A12,"ddd") -> Mon
A13: ='RSR Table - No PHI'!L13 | B13: ='RSR Table - No PHI'!M13
A14: ='RSR Table - No PHI'!L14 | B14: ='RSR Table - No PHI'!M14

Sheet RSR Table - No PHI
A1: Timestamp | C1: Site or Organization | D1: Sample Tubes Run (Pools) | E1: Participants Tested | F1: Unknown Positives | G1: Known Positives | H1: Inconclusives on 1st Run | I1: Inconclusives Final | J1: Use App for Collection? | K1: Comments | L1: Date Start | M1: Date End
A2: 44477.424 | C2: Productions (Davie Fire) | D2: 87 | E2: 87 | F2: 0 | G2: 0 | H2: 0 | I2: 0 | J2: No | K2: Week of 10/4-10/8 | L2: 44473 | M2: 44477 | O2: =TEXT(L2,"ddd") -> Mon
A3: 44484.352 | C3: Production Company | D3: 79 | E3: 79 | F3: 0 | G3: 0 | H3: 0 | I3: 0 | J3: Yes | K3: 10/11/21-10/15/21 | L3: 44480 | M3: 44484 | O3: =TEXT(L3,"ddd") -> Mon
A4: 44491.469 | C4: Production Company | D4: 67 | E4: 67 | F4: 0 | G4: 0 | H4: 0 | I4: 0 | J4: Yes | K4: Production Company 10/18/21-10/22/21 Run by Davie Fire | L4: 44487 | M4: 44491 | O4: =TEXT(L4,"ddd") -> Mon
A5: 44498.393 | C5: Production Company | D5: 60 | E5: 60 | F5: 0 | G5: 0 | H5: 0 | I5: 0 | J5: Yes | K5: Production Company 10/25/21-10/29/21 run by Davie Fire | L5: 44494 | M5: 44498 | O5: =TEXT(L5,"ddd") -> Mon
A6: 44505.632 | C6: Production Company | D6: 72 | E6: 72 | F6: 0 | G6: 0 | H6: 0 | I6: 0 | J6: Yes | K6: 11/1/21-11/5/21 Production company run by Davie Fire | L6: 44501 | M6: 44505 | O6: =TEXT(L6,"ddd") -> Mon
A7: 44512.521 | C7: Production Company | D7: 62 | E7: 62 | F7: 0 | G7: 0 | H7: 0 | I7: 0 | J7: Yes | K7: 11/8-11/12 Production Crew done by Davie Fire | L7: 44508 | M7: 44512 | O7: =TEXT(L7,"ddd") -> Mon
A8: 44519.464 | C8: Production Company | D8: 75 | E8: 75 | F8: 0 | G8: 0 | H8: 0 | I8: 0 | J8: Yes | K8: Production Company 11/15-11/19 Done by Davie Fire | L8: 44515 | M8: 44519 | O8: =TEXT(L8,"ddd") -> Mon
A9: 44526.208 | C9: Production Company | D9: 35 | E9: 35 | F9: 0 | G9: 0 | H9: 0 | I9: 0 | J9: Yes | K9: 11/22-11/26 Production Company via Davie Fire | L9: 44522 | M9: 44526 | O9: =TEXT(L9,"ddd") -> Mon
A10: 44533.503 | C10: Production Crew | D10: 65 | E10: 65 | F10: 0 | G10: 0 | H10: 0 | I10: 0 | J10: Yes | K10: Production Crew tested via Davie Fire 11/29-12/3 | L10: 44529 | M10: 44533 | O10: =TEXT(L10,"ddd") -> Mon
A11: 44540.448 | C11: Production Company | D11: 87 | E11: 87 | F11: 0 | G11: 0 | H11: 0 | I11: 0 | J11: Yes | K11: Production Company by Davie Fire 12/6-12/10 | L11: 44536 | M11: 44540 | O11: =TEXT(L11,"ddd") -> Mon
A12: 44547.409 | C12: Production Company via Davie Fire | D12: 96 | E12: 96 | F12: 1 | G12: 0 | H12: 1 | I12: 0 | J12: Yes | K12: 12/13-12/17 | L12: 44543 | M12: 44547 | O12: =TEXT(L12,"ddd") -> Mon
C14: TOTALS | D14: =SUM(D2:D12) -> 785 | E14: =SUM(E2:E12) -> 785 | F14: =SUM(F2:F12) -> 1 | G14: =SUM(G2:G12) -> 0 | H14: =SUM(H2:H12) -> 1 | I14: =SUM(I2:I12) -> 0

Sheet RAW Form Responses 1
A1: Timestamp | B1: Email Address | C1: Org | D1: Pools | E1: People | F1: Unknown Positives | G1: Known Positives | H1: Inconclusives 1st | I1: Inconclusives Final | J1: Use App | K1: Comments
A2: Timestamp | B2: Email Address | C2: Site or Organization | D2: Number of sample tubes run (pools) | E2: Number of people tested (estimate if don't know exactly) | F2: Number of unknown positives found | G2: Number of known positives confirmed (with previous positive results) | H2: Number of inconclusives on first run | I2: Number of inconclusives in final results | J2: Did you use the app for collection? | K2: Comments | L2: Date Start | M2: Date End | O2: Corrected? | P2: Correction Notes
A3: 44477.424 | C3: XXX Productions (Davie Fire) | D3: 87 | E3: 87 | F3: 0 | G3: 0 | H3: 0 | I3: 0 | J3: No | K3: Week of 10/4-10/8 | L3: 44473 | M3: 44477 | O3: TRUE | P3: Date Start and Date End filled in from info in Comments field
A4: 44484.352 | C4: XXX Production Company | D4: 79 | E4: 79 | F4: 0 | G4: 0 | H4: 0 | I4: 0 | J4: Yes | K4: 10/11/21-10/15/21 | L4: 44480 | M4: 44484 | O4: TRUE | P4: Date Start and Date End filled in from info in Comments field
A5: 44491.469 | C5: Production Company | D5: 67 | E5: 67 | F5: 0 | G5: 0 | H5: 0 | I5: 0 | J5: Yes | K5: Production Company 10/18/21-10/22/21 Run by Davie Fire | L5: 44487 | M5: 44491 | O5: TRUE | P5: Date Start and Date End filled in from info in Comments field
A6: 44498.393 | C6: Production Company | D6: 60 | E6: 60 | F6: 0 | G6: 0 | H6: 0 | I6: 0 | J6: Yes | K6: Production Company 10/25/21-10/29/21 run by Davie Fire | L6: 44494 | M6: 44498 | O6: TRUE | P6: Date Start and Date End filled in from info in Comments field
A7: 44505.632 | C7: Production Company | D7: 72 | E7: 72 | F7: 0 | G7: 0 | H7: 0 | I7: 0 | J7: Yes | K7: 11/1/21-11/5/21 Production company run by Davie Fire | L7: 44501 | M7: 44505 | O7: TRUE | P7: Date Start and Date End filled in from info in Comments field
A8: 44512.521 | C8: Production Company | D8: 62 | E8: 62 | F8: 0 | G8: 0 | H8: 0 | I8: 0 | J8: Yes | K8: 11/8-11/12 Production Crew done by Davie Fire | L8: 44508 | M8: 44512 | O8: TRUE | P8: Date Start and Date End filled in from info in Comments field
A9: 44519.464 | C9: Production Company | D9: 75 | E9: 75 | F9: 0 | G9: 0 | H9: 0 | I9: 0 | J9: Yes | K9: Production Company 11/15-11/19 Done by Davie Fire | L9: 44515 | M9: 44519 | O9: TRUE | P9: Date Start and Date End filled in from info in Comments field
A10: 44526.208 | C10: Production Company | D10: 35 | E10: 35 | F10: 0 | G10: 0 | H10: 0 | I10: 0 | J10: Yes | K10: 11/22-11/26 Production Company via Davie Fire | L10: 44522 | M10: 44526 | O10: TRUE | P10: Date Start and Date End filled in from info in Comments field
A11: 44533.503 | C11: Production Crew | D11: 65 | E11: 65 | F11: 0 | G11: 0 | H11: 0 | I11: 0 | J11: Yes | K11: Production Crew tested via Davie Fire 11/29-12/3 | L11: 44529 | M11: 44533 | O11: TRUE | P11: Date Start and Date End filled in from info in Comments field
A12: 44540.448 | C12: Production Company | D12: 87 | E12: 87 | F12: 0 | G12: 0 | H12: 0 | I12: 0 | J12: Yes | K12: Production Company by Davie Fire 12/6-12/10 | L12: 44536 | M12: 44540 | O12: TRUE | P12: Date Start and Date End filled in from info in Comments field
A13: 44547.409 | C13: Production Company via Davie Fire | D13: 96 | E13: 96 | F13: 1 | G13: 0 | H13: 1 | I13: 0 | J13: Yes | K13: 12/13-12/17 | L13: 44543 | M13: 44547 | O13: TRUE | P13: Date Start and Date End filled in from info in Comments field
